{"wallet":"0xc8ce48c7e901c049e64c51b852f7f66feca7dd74","rank":374369,"lifetime":{"months_active":20,"first":"2023-07","last":"2025-10","tx_sum":220,"uniq_sum":72,"trade_sum":0,"nft_sum":17,"gas_sum":0.001775,"avg_balance_eth_mean":0.001374,"streak_best_days":12,"gas_sum_filled":0.001775},"months":{"2023-07":{"txs":0,"uniq":0,"trade":0,"nft":0,"gas":0,"bal":0,"days":0,"spread":0,"streak":0,"rank_m":243153,"pct_m":0.258524},"2023-08":{"txs":7,"uniq":7,"trade":0,"nft":0,"gas":0.00056,"bal":0.001335,"days":5,"spread":0.16129,"streak":5,"rank_m":91367,"pct_m":0.097142,"gas_method":"exact"},"2023-09":{"txs":9,"uniq":8,"trade":0,"nft":0,"gas":0.000356,"bal":0.006291,"days":5,"spread":0.166667,"streak":3,"rank_m":44593,"pct_m":0.047411,"gas_method":"exact"},"2023-10":{"txs":6,"uniq":5,"trade":0,"nft":2,"gas":0.000013,"bal":0.005566,"days":4,"spread":0.129032,"streak":1,"rank_m":52222,"pct_m":0.055522,"gas_method":"exact"},"2023-11":{"txs":1,"uniq":1,"trade":0,"nft":1,"gas":0.000014,"bal":0.003526,"days":1,"spread":0.033333,"streak":1,"rank_m":107885,"pct_m":0.114704,"gas_method":"estimated"},"2023-12":{"txs":0,"uniq":0,"trade":0,"nft":0,"gas":0,"bal":0.003526,"days":0,"spread":0,"streak":0,"rank_m":201282,"pct_m":0.214006},"2024-01":{"txs":2,"uniq":2,"trade":0,"nft":0,"gas":0.000154,"bal":0.001681,"days":1,"spread":0.032258,"streak":1,"rank_m":127132,"pct_m":0.135168,"gas_method":"exact"},"2024-02":{"txs":4,"uniq":3,"trade":0,"nft":1,"gas":0.000055,"bal":0.00078,"days":3,"spread":0.103448,"streak":1,"rank_m":201781,"pct_m":0.214536,"gas_method":"estimated"},"2024-03":{"txs":0,"uniq":0,"trade":0,"nft":0,"gas":0,"bal":0.00078,"days":0,"spread":0,"streak":0,"rank_m":387809,"pct_m":0.412324},"2024-04":{"txs":2,"uniq":2,"trade":0,"nft":1,"gas":0.000005,"bal":0.000121,"days":2,"spread":0.066667,"streak":1,"rank_m":433336,"pct_m":0.46073,"gas_method":"estimated"},"2024-05":{"txs":6,"uniq":4,"trade":0,"nft":2,"gas":0.000005,"bal":0.001532,"days":3,"spread":0.096774,"streak":1,"rank_m":360540,"pct_m":0.383332,"gas_method":"estimated"},"2024-06":{"txs":0,"uniq":0,"trade":0,"nft":0,"gas":0,"bal":0.001532,"days":0,"spread":0,"streak":0,"rank_m":518575,"pct_m":0.551357},"2024-07":{"txs":1,"uniq":1,"trade":0,"nft":1,"gas":0,"bal":0.001054,"days":1,"spread":0.032258,"streak":1,"rank_m":433381,"pct_m":0.460777,"gas_method":"estimated"},"2024-08":{"txs":1,"uniq":1,"trade":0,"nft":1,"gas":0,"bal":0.001052,"days":1,"spread":0.032258,"streak":1,"rank_m":443312,"pct_m":0.471336,"gas_method":"estimated"},"2024-09":{"txs":23,"uniq":7,"trade":0,"nft":5,"gas":0.000001,"bal":0.000919,"days":14,"spread":0.466667,"streak":4,"rank_m":167572,"pct_m":0.178164,"gas_method":"estimated"},"2024-10":{"txs":52,"uniq":7,"trade":0,"nft":3,"gas":0,"bal":0.000723,"days":23,"spread":0.741935,"streak":9,"rank_m":106185,"pct_m":0.112897,"gas_method":"exact"},"2024-11":{"txs":52,"uniq":2,"trade":0,"nft":0,"gas":0.000062,"bal":0.000736,"days":26,"spread":0.866667,"streak":12,"rank_m":184771,"pct_m":0.196451,"gas_method":"exact"},"2024-12":{"txs":5,"uniq":2,"trade":0,"nft":0,"gas":0.000066,"bal":0.000705,"days":3,"spread":0.096774,"streak":2,"rank_m":457869,"pct_m":0.486813,"gas_method":"exact"},"2025-01":{"txs":9,"uniq":6,"trade":0,"nft":0,"gas":0.000234,"bal":0.000841,"days":1,"spread":0.032258,"streak":1,"rank_m":386853,"pct_m":0.411308,"gas_method":"exact"},"2025-02":{"txs":4,"uniq":2,"trade":0,"nft":0,"gas":0.000014,"bal":0.001384,"days":3,"spread":0.107143,"streak":1,"rank_m":409612,"pct_m":0.435506,"gas_method":"exact"},"2025-03":{"txs":1,"uniq":1,"trade":0,"nft":0,"gas":0.000008,"bal":0.002268,"days":1,"spread":0.032258,"streak":1,"rank_m":438916,"pct_m":0.466662,"gas_method":"exact"},"2025-04":{"txs":12,"uniq":3,"trade":0,"nft":0,"gas":0.000066,"bal":0.000307,"days":1,"spread":0.033333,"streak":1,"rank_m":376678,"pct_m":0.40049,"gas_method":"exact"},"2025-05":{"txs":19,"uniq":4,"trade":0,"nft":0,"gas":0.000134,"bal":0.000451,"days":5,"spread":0.16129,"streak":2,"rank_m":371801,"pct_m":0.395304,"gas_method":"estimated"},"2025-06":{"txs":0,"uniq":0,"trade":0,"nft":0,"gas":0,"bal":0.000451,"days":0,"spread":0,"streak":0,"rank_m":717503,"pct_m":0.762861},"2025-07":{"txs":4,"uniq":4,"trade":0,"nft":0,"gas":0.000028,"bal":0.000229,"days":1,"spread":0.032258,"streak":1,"rank_m":570656,"pct_m":0.606731,"gas_method":"estimated"},"2025-08":{"txs":0,"uniq":0,"trade":0,"nft":0,"gas":0,"bal":0.000229,"days":0,"spread":0,"streak":0,"rank_m":752646,"pct_m":0.800226},"2025-09":{"txs":0,"uniq":0,"trade":0,"nft":0,"gas":0,"bal":0.000229,"days":0,"spread":0,"streak":0,"rank_m":739767,"pct_m":0.786532},"2025-10":{"txs":0,"uniq":0,"trade":0,"nft":0,"gas":0,"bal":0.000229,"days":0,"spread":0,"streak":0,"rank_m":666898,"pct_m":0.709057}}}