{"wallet":"0xc893ff17028fe95157c9cc2730c407275d60469a","rank":230411,"lifetime":{"months_active":19,"first":"2023-07","last":"2025-10","tx_sum":174,"uniq_sum":114,"trade_sum":3,"nft_sum":64,"gas_sum":0.003629,"avg_balance_eth_mean":0.013983,"streak_best_days":5,"gas_sum_filled":0.003629},"months":{"2023-07":{"txs":0,"uniq":0,"trade":0,"nft":0,"gas":0,"bal":0,"days":0,"spread":0,"streak":0,"rank_m":243955,"pct_m":0.259376},"2023-08":{"txs":10,"uniq":8,"trade":1,"nft":6,"gas":0.002115,"bal":0.009528,"days":7,"spread":0.225806,"streak":3,"rank_m":44620,"pct_m":0.04744,"gas_method":"exact"},"2023-09":{"txs":0,"uniq":0,"trade":0,"nft":0,"gas":0,"bal":0.009528,"days":0,"spread":0,"streak":0,"rank_m":153845,"pct_m":0.16357},"2023-10":{"txs":0,"uniq":0,"trade":0,"nft":0,"gas":0,"bal":0.009528,"days":0,"spread":0,"streak":0,"rank_m":158375,"pct_m":0.168386},"2023-11":{"txs":0,"uniq":0,"trade":0,"nft":0,"gas":0,"bal":0.009528,"days":0,"spread":0,"streak":0,"rank_m":168654,"pct_m":0.179315},"2023-12":{"txs":0,"uniq":0,"trade":0,"nft":0,"gas":0,"bal":0.009528,"days":0,"spread":0,"streak":0,"rank_m":194327,"pct_m":0.206611},"2024-01":{"txs":4,"uniq":4,"trade":0,"nft":1,"gas":0.000029,"bal":0.001041,"days":4,"spread":0.129032,"streak":1,"rank_m":100623,"pct_m":0.106983,"gas_method":"exact"},"2024-02":{"txs":33,"uniq":32,"trade":0,"nft":31,"gas":0.000401,"bal":0.001328,"days":3,"spread":0.103448,"streak":1,"rank_m":93526,"pct_m":0.099437,"gas_method":"estimated"},"2024-03":{"txs":20,"uniq":8,"trade":0,"nft":1,"gas":0.000365,"bal":0.003905,"days":6,"spread":0.193548,"streak":5,"rank_m":144699,"pct_m":0.153845,"gas_method":"estimated"},"2024-04":{"txs":7,"uniq":6,"trade":0,"nft":1,"gas":0.000016,"bal":0.010293,"days":4,"spread":0.133333,"streak":1,"rank_m":285370,"pct_m":0.303409,"gas_method":"estimated"},"2024-05":{"txs":23,"uniq":13,"trade":0,"nft":7,"gas":0.000001,"bal":0.096583,"days":11,"spread":0.354839,"streak":4,"rank_m":51684,"pct_m":0.05495,"gas_method":"exact"},"2024-06":{"txs":4,"uniq":4,"trade":0,"nft":3,"gas":0,"bal":0.01015,"days":3,"spread":0.1,"streak":1,"rank_m":256671,"pct_m":0.272896,"gas_method":"estimated"},"2024-07":{"txs":1,"uniq":1,"trade":0,"nft":2,"gas":0,"bal":0.00451,"days":1,"spread":0.032258,"streak":1,"rank_m":372118,"pct_m":0.395641,"gas_method":"estimated"},"2024-08":{"txs":4,"uniq":3,"trade":1,"nft":2,"gas":0.000001,"bal":0.003998,"days":4,"spread":0.129032,"streak":1,"rank_m":227475,"pct_m":0.241854,"gas_method":"exact"},"2024-09":{"txs":3,"uniq":3,"trade":1,"nft":2,"gas":0,"bal":0.000866,"days":3,"spread":0.1,"streak":1,"rank_m":308022,"pct_m":0.327493,"gas_method":"estimated"},"2024-10":{"txs":1,"uniq":1,"trade":0,"nft":2,"gas":0,"bal":0.000072,"days":1,"spread":0.032258,"streak":1,"rank_m":503527,"pct_m":0.535358,"gas_method":"estimated"},"2024-11":{"txs":7,"uniq":4,"trade":0,"nft":1,"gas":0.000014,"bal":0.000206,"days":6,"spread":0.2,"streak":2,"rank_m":329152,"pct_m":0.349959,"gas_method":"exact"},"2024-12":{"txs":21,"uniq":11,"trade":0,"nft":3,"gas":0.000397,"bal":0.01051,"days":14,"spread":0.451613,"streak":4,"rank_m":109482,"pct_m":0.116402,"gas_method":"exact"},"2025-01":{"txs":2,"uniq":2,"trade":0,"nft":1,"gas":0.000052,"bal":0.039257,"days":2,"spread":0.064516,"streak":1,"rank_m":336250,"pct_m":0.357506,"gas_method":"exact"},"2025-02":{"txs":1,"uniq":1,"trade":0,"nft":0,"gas":0.000007,"bal":0.014834,"days":1,"spread":0.035714,"streak":1,"rank_m":415879,"pct_m":0.442169,"gas_method":"exact"},"2025-03":{"txs":0,"uniq":0,"trade":0,"nft":0,"gas":0,"bal":0.014834,"days":0,"spread":0,"streak":0,"rank_m":513936,"pct_m":0.546425},"2025-04":{"txs":1,"uniq":1,"trade":0,"nft":0,"gas":0.000006,"bal":0.01363,"days":1,"spread":0.033333,"streak":1,"rank_m":424019,"pct_m":0.450824,"gas_method":"exact"},"2025-05":{"txs":1,"uniq":1,"trade":0,"nft":0,"gas":0.000007,"bal":0.009629,"days":1,"spread":0.032258,"streak":1,"rank_m":313309,"pct_m":0.333115,"gas_method":"estimated"},"2025-06":{"txs":0,"uniq":0,"trade":0,"nft":0,"gas":0,"bal":0.009629,"days":0,"spread":0,"streak":0,"rank_m":480248,"pct_m":0.510607},"2025-07":{"txs":0,"uniq":0,"trade":0,"nft":0,"gas":0,"bal":0.009629,"days":0,"spread":0,"streak":0,"rank_m":504714,"pct_m":0.53662},"2025-08":{"txs":0,"uniq":0,"trade":0,"nft":0,"gas":0,"bal":0.009629,"days":0,"spread":0,"streak":0,"rank_m":474936,"pct_m":0.504959},"2025-09":{"txs":20,"uniq":9,"trade":0,"nft":1,"gas":0.000141,"bal":0.038408,"days":8,"spread":0.266667,"streak":2,"rank_m":50040,"pct_m":0.053202,"gas_method":"estimated"},"2025-10":{"txs":11,"uniq":2,"trade":0,"nft":0,"gas":0.000077,"bal":0.040936,"days":8,"spread":0.258065,"streak":3,"rank_m":47515,"pct_m":0.050518,"gas_method":"estimated"}}}