{"wallet":"0xc8a492342cb6e8fe37e0a77db860de5f1a69bdb2","rank":17968,"lifetime":{"months_active":25,"first":"2023-07","last":"2025-10","tx_sum":3404,"uniq_sum":455,"trade_sum":1,"nft_sum":65,"gas_sum":0.074828,"avg_balance_eth_mean":0.018208,"streak_best_days":100,"gas_sum_filled":0.074828},"months":{"2023-07":{"txs":0,"uniq":0,"trade":0,"nft":0,"gas":0,"bal":0,"days":0,"spread":0,"streak":0,"rank_m":243722,"pct_m":0.259129},"2023-08":{"txs":858,"uniq":43,"trade":0,"nft":26,"gas":0.057683,"bal":0.133214,"days":26,"spread":0.83871,"streak":25,"rank_m":1209,"pct_m":0.001284,"gas_method":"exact"},"2023-09":{"txs":232,"uniq":20,"trade":0,"nft":4,"gas":0.004499,"bal":0.110011,"days":28,"spread":0.933333,"streak":22,"rank_m":1771,"pct_m":0.001882,"gas_method":"exact"},"2023-10":{"txs":250,"uniq":15,"trade":0,"nft":4,"gas":0.000829,"bal":0.003725,"days":31,"spread":1,"streak":31,"rank_m":7957,"pct_m":0.008459,"gas_method":"exact"},"2023-11":{"txs":179,"uniq":18,"trade":0,"nft":3,"gas":0.002073,"bal":0.085958,"days":22,"spread":0.733333,"streak":12,"rank_m":773,"pct_m":0.000821,"gas_method":"exact"},"2023-12":{"txs":198,"uniq":26,"trade":0,"nft":8,"gas":0.00107,"bal":0.029021,"days":22,"spread":0.709677,"streak":8,"rank_m":955,"pct_m":0.001014,"gas_method":"exact"},"2024-01":{"txs":207,"uniq":24,"trade":0,"nft":4,"gas":0.003729,"bal":0.012201,"days":26,"spread":0.83871,"streak":21,"rank_m":2238,"pct_m":0.002378,"gas_method":"exact"},"2024-02":{"txs":171,"uniq":21,"trade":1,"nft":1,"gas":0.001534,"bal":0.021148,"days":22,"spread":0.758621,"streak":7,"rank_m":2795,"pct_m":0.002971,"gas_method":"exact"},"2024-03":{"txs":139,"uniq":39,"trade":0,"nft":1,"gas":0.000707,"bal":0.006659,"days":28,"spread":0.903226,"streak":18,"rank_m":23021,"pct_m":0.024475,"gas_method":"exact"},"2024-04":{"txs":231,"uniq":20,"trade":0,"nft":2,"gas":0.000097,"bal":0.012927,"days":30,"spread":1,"streak":30,"rank_m":29441,"pct_m":0.031301,"gas_method":"exact"},"2024-05":{"txs":208,"uniq":20,"trade":0,"nft":4,"gas":0.0001,"bal":0.022741,"days":31,"spread":1,"streak":31,"rank_m":8225,"pct_m":0.008744,"gas_method":"exact"},"2024-06":{"txs":150,"uniq":14,"trade":0,"nft":1,"gas":0.000002,"bal":0.007771,"days":29,"spread":0.966667,"streak":21,"rank_m":31458,"pct_m":0.033446,"gas_method":"exact"},"2024-07":{"txs":160,"uniq":20,"trade":0,"nft":3,"gas":0.000008,"bal":0.016795,"days":31,"spread":1,"streak":31,"rank_m":7733,"pct_m":0.008221,"gas_method":"exact"},"2024-08":{"txs":124,"uniq":11,"trade":0,"nft":2,"gas":0.000004,"bal":0.005791,"days":31,"spread":1,"streak":31,"rank_m":33768,"pct_m":0.035902,"gas_method":"exact"},"2024-09":{"txs":77,"uniq":9,"trade":0,"nft":0,"gas":0.000003,"bal":0.005187,"days":23,"spread":0.766667,"streak":17,"rank_m":39589,"pct_m":0.042091,"gas_method":"exact"},"2024-10":{"txs":41,"uniq":11,"trade":0,"nft":0,"gas":0.000023,"bal":0.004879,"days":4,"spread":0.129032,"streak":1,"rank_m":146653,"pct_m":0.155923,"gas_method":"exact"},"2024-11":{"txs":26,"uniq":8,"trade":0,"nft":2,"gas":0.00006,"bal":0.002746,"days":5,"spread":0.166667,"streak":4,"rank_m":157671,"pct_m":0.167638,"gas_method":"exact"},"2024-12":{"txs":79,"uniq":69,"trade":0,"nft":0,"gas":0.00172,"bal":0.002637,"days":5,"spread":0.16129,"streak":3,"rank_m":115711,"pct_m":0.123025,"gas_method":"exact"},"2025-01":{"txs":10,"uniq":7,"trade":0,"nft":0,"gas":0.000234,"bal":0.004495,"days":3,"spread":0.096774,"streak":2,"rank_m":280081,"pct_m":0.297786,"gas_method":"exact"},"2025-02":{"txs":4,"uniq":3,"trade":0,"nft":0,"gas":0.000028,"bal":0.005108,"days":1,"spread":0.035714,"streak":1,"rank_m":364833,"pct_m":0.387896,"gas_method":"exact"},"2025-03":{"txs":4,"uniq":3,"trade":0,"nft":0,"gas":0.000032,"bal":0.005102,"days":1,"spread":0.032258,"streak":1,"rank_m":342622,"pct_m":0.364281,"gas_method":"exact"},"2025-04":{"txs":1,"uniq":1,"trade":0,"nft":0,"gas":0.000006,"bal":0.004297,"days":1,"spread":0.033333,"streak":1,"rank_m":461805,"pct_m":0.490998,"gas_method":"exact"},"2025-05":{"txs":8,"uniq":6,"trade":0,"nft":0,"gas":0.000056,"bal":0.001254,"days":3,"spread":0.096774,"streak":1,"rank_m":335567,"pct_m":0.35678,"gas_method":"estimated"},"2025-06":{"txs":4,"uniq":4,"trade":0,"nft":0,"gas":0.000028,"bal":0.001493,"days":1,"spread":0.033333,"streak":1,"rank_m":451560,"pct_m":0.480106,"gas_method":"estimated"},"2025-07":{"txs":41,"uniq":41,"trade":0,"nft":0,"gas":0.000289,"bal":0.001411,"days":2,"spread":0.064516,"streak":1,"rank_m":317574,"pct_m":0.337649,"gas_method":"estimated"},"2025-08":{"txs":2,"uniq":2,"trade":0,"nft":0,"gas":0.000014,"bal":0.001082,"days":1,"spread":0.032258,"streak":1,"rank_m":483140,"pct_m":0.513682,"gas_method":"estimated"},"2025-09":{"txs":0,"uniq":0,"trade":0,"nft":0,"gas":0,"bal":0.001082,"days":0,"spread":0,"streak":0,"rank_m":637615,"pct_m":0.677923},"2025-10":{"txs":0,"uniq":0,"trade":0,"nft":0,"gas":0,"bal":0.001082,"days":0,"spread":0,"streak":0,"rank_m":554200,"pct_m":0.589234}}}