{"wallet":"0xc8dc1412e9da4cac5433e91f72832dad76de7b84","rank":27567,"lifetime":{"months_active":21,"first":"2023-07","last":"2025-10","tx_sum":1599,"uniq_sum":563,"trade_sum":34,"nft_sum":264,"gas_sum":0.010791,"avg_balance_eth_mean":0.002567,"streak_best_days":38,"gas_sum_filled":0.010791},"months":{"2023-07":{"txs":0,"uniq":0,"trade":0,"nft":0,"gas":0,"bal":0,"days":0,"spread":0,"streak":0,"rank_m":242975,"pct_m":0.258334},"2023-08":{"txs":0,"uniq":0,"trade":0,"nft":0,"gas":0,"bal":0,"days":0,"spread":0,"streak":0,"rank_m":332897,"pct_m":0.353941},"2023-09":{"txs":0,"uniq":0,"trade":0,"nft":0,"gas":0,"bal":0,"days":0,"spread":0,"streak":0,"rank_m":352408,"pct_m":0.374685},"2023-10":{"txs":0,"uniq":0,"trade":0,"nft":0,"gas":0,"bal":0,"days":0,"spread":0,"streak":0,"rank_m":370675,"pct_m":0.394107},"2023-11":{"txs":0,"uniq":0,"trade":0,"nft":0,"gas":0,"bal":0,"days":0,"spread":0,"streak":0,"rank_m":387142,"pct_m":0.411615},"2023-12":{"txs":0,"uniq":0,"trade":0,"nft":0,"gas":0,"bal":0,"days":0,"spread":0,"streak":0,"rank_m":408047,"pct_m":0.433842},"2024-01":{"txs":0,"uniq":0,"trade":0,"nft":0,"gas":0,"bal":0,"days":0,"spread":0,"streak":0,"rank_m":425304,"pct_m":0.45219},"2024-02":{"txs":20,"uniq":7,"trade":0,"nft":4,"gas":0.000079,"bal":0.000429,"days":5,"spread":0.172414,"streak":3,"rank_m":123940,"pct_m":0.131774,"gas_method":"estimated"},"2024-03":{"txs":20,"uniq":9,"trade":0,"nft":4,"gas":0.000118,"bal":0.001272,"days":4,"spread":0.129032,"streak":3,"rank_m":176900,"pct_m":0.188082,"gas_method":"estimated"},"2024-04":{"txs":98,"uniq":33,"trade":2,"nft":22,"gas":0.000242,"bal":0.00208,"days":23,"spread":0.766667,"streak":11,"rank_m":38747,"pct_m":0.041195,"gas_method":"exact"},"2024-05":{"txs":115,"uniq":43,"trade":6,"nft":31,"gas":0.000009,"bal":0.002489,"days":27,"spread":0.870968,"streak":16,"rank_m":26345,"pct_m":0.028009,"gas_method":"exact"},"2024-06":{"txs":201,"uniq":46,"trade":0,"nft":34,"gas":0.000013,"bal":0.001208,"days":29,"spread":0.966667,"streak":22,"rank_m":28186,"pct_m":0.029967,"gas_method":"exact"},"2024-07":{"txs":90,"uniq":30,"trade":2,"nft":23,"gas":0.000005,"bal":0.002278,"days":25,"spread":0.806452,"streak":18,"rank_m":19940,"pct_m":0.0212,"gas_method":"exact"},"2024-08":{"txs":39,"uniq":15,"trade":2,"nft":15,"gas":0.000001,"bal":0.001345,"days":12,"spread":0.387097,"streak":3,"rank_m":73173,"pct_m":0.077798,"gas_method":"exact"},"2024-09":{"txs":84,"uniq":33,"trade":1,"nft":34,"gas":0.000002,"bal":0.001812,"days":15,"spread":0.5,"streak":5,"rank_m":26013,"pct_m":0.027656,"gas_method":"exact"},"2024-10":{"txs":95,"uniq":29,"trade":3,"nft":29,"gas":0.00001,"bal":0.003853,"days":25,"spread":0.806452,"streak":6,"rank_m":18501,"pct_m":0.01967,"gas_method":"exact"},"2024-11":{"txs":84,"uniq":33,"trade":3,"nft":5,"gas":0.000191,"bal":0.003668,"days":24,"spread":0.8,"streak":10,"rank_m":30551,"pct_m":0.032481,"gas_method":"exact"},"2024-12":{"txs":167,"uniq":61,"trade":4,"nft":14,"gas":0.003616,"bal":0.003452,"days":27,"spread":0.870968,"streak":14,"rank_m":23382,"pct_m":0.024859,"gas_method":"exact"},"2025-01":{"txs":123,"uniq":30,"trade":2,"nft":8,"gas":0.003169,"bal":0.007052,"days":27,"spread":0.870968,"streak":13,"rank_m":15824,"pct_m":0.016823,"gas_method":"exact"},"2025-02":{"txs":129,"uniq":37,"trade":5,"nft":9,"gas":0.000908,"bal":0.018235,"days":25,"spread":0.892857,"streak":10,"rank_m":4927,"pct_m":0.005237,"gas_method":"exact"},"2025-03":{"txs":124,"uniq":42,"trade":2,"nft":14,"gas":0.00098,"bal":0.003788,"days":22,"spread":0.709677,"streak":8,"rank_m":20188,"pct_m":0.021463,"gas_method":"exact"},"2025-04":{"txs":29,"uniq":18,"trade":1,"nft":4,"gas":0.000175,"bal":0.005035,"days":13,"spread":0.433333,"streak":4,"rank_m":34923,"pct_m":0.03713,"gas_method":"exact"},"2025-05":{"txs":25,"uniq":15,"trade":1,"nft":2,"gas":0.000176,"bal":0.003336,"days":13,"spread":0.419355,"streak":4,"rank_m":73001,"pct_m":0.077615,"gas_method":"estimated"},"2025-06":{"txs":24,"uniq":13,"trade":0,"nft":1,"gas":0.000169,"bal":0.002532,"days":7,"spread":0.233333,"streak":1,"rank_m":211860,"pct_m":0.225252,"gas_method":"estimated"},"2025-07":{"txs":37,"uniq":18,"trade":0,"nft":5,"gas":0.00026,"bal":0.001374,"days":10,"spread":0.322581,"streak":6,"rank_m":156210,"pct_m":0.166084,"gas_method":"estimated"},"2025-08":{"txs":61,"uniq":29,"trade":0,"nft":4,"gas":0.000429,"bal":0.001572,"days":17,"spread":0.548387,"streak":4,"rank_m":95460,"pct_m":0.101494,"gas_method":"estimated"},"2025-09":{"txs":31,"uniq":20,"trade":0,"nft":1,"gas":0.000218,"bal":0.001172,"days":13,"spread":0.433333,"streak":4,"rank_m":151119,"pct_m":0.160671,"gas_method":"estimated"},"2025-10":{"txs":3,"uniq":2,"trade":0,"nft":1,"gas":0.000021,"bal":0.003907,"days":2,"spread":0.064516,"streak":1,"rank_m":203924,"pct_m":0.216815,"gas_method":"estimated"}}}