{"wallet":"0xc816d3383b211bdb1e878e0632fad0336d6d5ff1","rank":155653,"lifetime":{"months_active":23,"first":"2023-07","last":"2025-10","tx_sum":365,"uniq_sum":169,"trade_sum":12,"nft_sum":34,"gas_sum":0.00221,"avg_balance_eth_mean":0.000832,"streak_best_days":11,"gas_sum_filled":0.00221},"months":{"2023-07":{"txs":0,"uniq":0,"trade":0,"nft":0,"gas":0,"bal":0,"days":0,"spread":0,"streak":0,"rank_m":245690,"pct_m":0.261221},"2023-08":{"txs":0,"uniq":0,"trade":0,"nft":0,"gas":0,"bal":0,"days":0,"spread":0,"streak":0,"rank_m":335310,"pct_m":0.356507},"2023-09":{"txs":1,"uniq":1,"trade":0,"nft":0,"gas":0.00007,"bal":0.000169,"days":1,"spread":0.033333,"streak":1,"rank_m":130575,"pct_m":0.138829,"gas_method":"exact"},"2023-10":{"txs":4,"uniq":1,"trade":0,"nft":1,"gas":0.000164,"bal":0.000906,"days":1,"spread":0.032258,"streak":1,"rank_m":95794,"pct_m":0.101849,"gas_method":"exact"},"2023-11":{"txs":4,"uniq":2,"trade":0,"nft":0,"gas":0.000046,"bal":0.000729,"days":2,"spread":0.066667,"streak":1,"rank_m":130535,"pct_m":0.138786,"gas_method":"estimated"},"2023-12":{"txs":0,"uniq":0,"trade":0,"nft":0,"gas":0,"bal":0.000729,"days":0,"spread":0,"streak":0,"rank_m":216477,"pct_m":0.230161},"2024-01":{"txs":1,"uniq":1,"trade":0,"nft":0,"gas":0.00002,"bal":0.000419,"days":1,"spread":0.032258,"streak":1,"rank_m":193133,"pct_m":0.205341,"gas_method":"estimated"},"2024-02":{"txs":0,"uniq":0,"trade":0,"nft":0,"gas":0,"bal":0.000419,"days":0,"spread":0,"streak":0,"rank_m":302712,"pct_m":0.321848},"2024-03":{"txs":46,"uniq":22,"trade":7,"nft":1,"gas":0.0005,"bal":0.0004,"days":12,"spread":0.387097,"streak":4,"rank_m":57743,"pct_m":0.061392,"gas_method":"exact"},"2024-04":{"txs":48,"uniq":13,"trade":0,"nft":4,"gas":0.000016,"bal":0.005653,"days":14,"spread":0.466667,"streak":5,"rank_m":95394,"pct_m":0.101424,"gas_method":"exact"},"2024-05":{"txs":17,"uniq":7,"trade":0,"nft":3,"gas":0.000091,"bal":0.001023,"days":8,"spread":0.258065,"streak":2,"rank_m":183546,"pct_m":0.195148,"gas_method":"exact"},"2024-06":{"txs":9,"uniq":5,"trade":0,"nft":5,"gas":0,"bal":0.000351,"days":5,"spread":0.166667,"streak":1,"rank_m":334113,"pct_m":0.355234,"gas_method":"estimated"},"2024-07":{"txs":13,"uniq":8,"trade":0,"nft":4,"gas":0.000002,"bal":0.000644,"days":6,"spread":0.193548,"streak":2,"rank_m":177039,"pct_m":0.18823,"gas_method":"exact"},"2024-08":{"txs":12,"uniq":6,"trade":0,"nft":4,"gas":0.000001,"bal":0.000897,"days":7,"spread":0.225806,"streak":2,"rank_m":280629,"pct_m":0.298369,"gas_method":"estimated"},"2024-09":{"txs":2,"uniq":1,"trade":0,"nft":1,"gas":0,"bal":0.000785,"days":1,"spread":0.033333,"streak":1,"rank_m":405232,"pct_m":0.430849,"gas_method":"estimated"},"2024-10":{"txs":10,"uniq":9,"trade":0,"nft":5,"gas":0.000001,"bal":0.000576,"days":5,"spread":0.16129,"streak":1,"rank_m":307586,"pct_m":0.32703,"gas_method":"estimated"},"2024-11":{"txs":3,"uniq":3,"trade":1,"nft":0,"gas":0.000007,"bal":0.000266,"days":3,"spread":0.1,"streak":1,"rank_m":386602,"pct_m":0.411041,"gas_method":"exact"},"2024-12":{"txs":0,"uniq":0,"trade":0,"nft":0,"gas":0,"bal":0.000266,"days":0,"spread":0,"streak":0,"rank_m":678055,"pct_m":0.720919},"2025-01":{"txs":7,"uniq":5,"trade":0,"nft":0,"gas":0.000156,"bal":0.001357,"days":3,"spread":0.096774,"streak":2,"rank_m":354848,"pct_m":0.37728,"gas_method":"exact"},"2025-02":{"txs":28,"uniq":12,"trade":0,"nft":0,"gas":0.000183,"bal":0.002541,"days":11,"spread":0.392857,"streak":2,"rank_m":106359,"pct_m":0.113082,"gas_method":"exact"},"2025-03":{"txs":30,"uniq":12,"trade":2,"nft":1,"gas":0.000229,"bal":0.000355,"days":10,"spread":0.322581,"streak":6,"rank_m":130015,"pct_m":0.138233,"gas_method":"exact"},"2025-04":{"txs":29,"uniq":17,"trade":0,"nft":0,"gas":0.000015,"bal":0.0011,"days":10,"spread":0.333333,"streak":2,"rank_m":195765,"pct_m":0.20814,"gas_method":"exact"},"2025-05":{"txs":7,"uniq":5,"trade":0,"nft":0,"gas":0.000049,"bal":0.000426,"days":5,"spread":0.16129,"streak":1,"rank_m":420960,"pct_m":0.447571,"gas_method":"estimated"},"2025-06":{"txs":36,"uniq":12,"trade":0,"nft":0,"gas":0.000253,"bal":0.001033,"days":16,"spread":0.533333,"streak":11,"rank_m":249479,"pct_m":0.265249,"gas_method":"estimated"},"2025-07":{"txs":29,"uniq":10,"trade":1,"nft":1,"gas":0.000204,"bal":0.000541,"days":9,"spread":0.290323,"streak":2,"rank_m":255910,"pct_m":0.272087,"gas_method":"estimated"},"2025-08":{"txs":12,"uniq":7,"trade":0,"nft":1,"gas":0.000084,"bal":0.001553,"days":4,"spread":0.129032,"streak":1,"rank_m":284755,"pct_m":0.302756,"gas_method":"estimated"},"2025-09":{"txs":10,"uniq":6,"trade":1,"nft":2,"gas":0.00007,"bal":0.000127,"days":5,"spread":0.166667,"streak":2,"rank_m":362881,"pct_m":0.385821,"gas_method":"estimated"},"2025-10":{"txs":7,"uniq":4,"trade":0,"nft":1,"gas":0.000049,"bal":0.000039,"days":3,"spread":0.096774,"streak":1,"rank_m":346650,"pct_m":0.368563,"gas_method":"estimated"}}}