{"wallet":"0xc88114f142c416d3103a7f2c6d3977cc92dab29c","rank":196751,"lifetime":{"months_active":24,"first":"2023-07","last":"2025-10","tx_sum":235,"uniq_sum":131,"trade_sum":16,"nft_sum":14,"gas_sum":0.002302,"avg_balance_eth_mean":0.009907,"streak_best_days":0,"gas_sum_filled":0.002302},"months":{"2023-07":{"txs":0,"uniq":0,"trade":0,"nft":0,"gas":0,"bal":0,"days":0,"spread":0,"streak":0,"rank_m":244203,"pct_m":0.25964},"2023-08":{"txs":2,"uniq":1,"trade":0,"nft":1,"gas":0.000052,"bal":0.000434,"days":1,"spread":0.032258,"streak":0,"rank_m":161776,"pct_m":0.172002,"gas_method":"exact"},"2023-09":{"txs":5,"uniq":5,"trade":1,"nft":0,"gas":0.00004,"bal":0.001341,"days":4,"spread":0.133333,"streak":0,"rank_m":96947,"pct_m":0.103075,"gas_method":"exact"},"2023-10":{"txs":5,"uniq":5,"trade":0,"nft":0,"gas":0.000051,"bal":0.000436,"days":4,"spread":0.129032,"streak":0,"rank_m":141708,"pct_m":0.150665,"gas_method":"estimated"},"2023-11":{"txs":6,"uniq":5,"trade":2,"nft":0,"gas":0.000074,"bal":0.000517,"days":4,"spread":0.133333,"streak":0,"rank_m":92320,"pct_m":0.098155,"gas_method":"exact"},"2023-12":{"txs":6,"uniq":4,"trade":3,"nft":1,"gas":0.0002,"bal":0.000534,"days":5,"spread":0.16129,"streak":0,"rank_m":127068,"pct_m":0.1351,"gas_method":"estimated"},"2024-01":{"txs":9,"uniq":8,"trade":3,"nft":2,"gas":0.000223,"bal":0.004047,"days":4,"spread":0.129032,"streak":0,"rank_m":76041,"pct_m":0.080847,"gas_method":"exact"},"2024-02":{"txs":3,"uniq":3,"trade":0,"nft":2,"gas":0.000053,"bal":0.002887,"days":3,"spread":0.103448,"streak":0,"rank_m":200580,"pct_m":0.213259,"gas_method":"estimated"},"2024-03":{"txs":5,"uniq":4,"trade":4,"nft":1,"gas":0.000131,"bal":0.001752,"days":3,"spread":0.096774,"streak":0,"rank_m":261876,"pct_m":0.27843,"gas_method":"estimated"},"2024-04":{"txs":11,"uniq":10,"trade":2,"nft":1,"gas":0.000036,"bal":0.011285,"days":4,"spread":0.133333,"streak":0,"rank_m":249651,"pct_m":0.265432,"gas_method":"estimated"},"2024-05":{"txs":9,"uniq":8,"trade":1,"nft":0,"gas":0.00001,"bal":0.015807,"days":3,"spread":0.096774,"streak":0,"rank_m":242964,"pct_m":0.258323,"gas_method":"estimated"},"2024-06":{"txs":6,"uniq":4,"trade":0,"nft":1,"gas":0,"bal":0.010728,"days":1,"spread":0.033333,"streak":0,"rank_m":358887,"pct_m":0.381574,"gas_method":"estimated"},"2024-07":{"txs":0,"uniq":0,"trade":0,"nft":0,"gas":0,"bal":0.010728,"days":0,"spread":0,"streak":0,"rank_m":458156,"pct_m":0.487119},"2024-08":{"txs":0,"uniq":0,"trade":0,"nft":0,"gas":0,"bal":0.010728,"days":0,"spread":0,"streak":0,"rank_m":465168,"pct_m":0.494574},"2024-09":{"txs":0,"uniq":0,"trade":0,"nft":0,"gas":0,"bal":0.010728,"days":0,"spread":0,"streak":0,"rank_m":429833,"pct_m":0.457005},"2024-10":{"txs":6,"uniq":3,"trade":0,"nft":0,"gas":0.000001,"bal":0.012096,"days":2,"spread":0.064516,"streak":0,"rank_m":362165,"pct_m":0.385059,"gas_method":"estimated"},"2024-11":{"txs":9,"uniq":6,"trade":0,"nft":0,"gas":0.000021,"bal":0.011962,"days":1,"spread":0.033333,"streak":0,"rank_m":349300,"pct_m":0.371381,"gas_method":"exact"},"2024-12":{"txs":20,"uniq":13,"trade":0,"nft":0,"gas":0.000441,"bal":0.0068,"days":3,"spread":0.096774,"streak":0,"rank_m":293145,"pct_m":0.311676,"gas_method":"exact"},"2025-01":{"txs":3,"uniq":2,"trade":0,"nft":0,"gas":0.000078,"bal":0.017322,"days":2,"spread":0.064516,"streak":0,"rank_m":431402,"pct_m":0.458673,"gas_method":"exact"},"2025-02":{"txs":1,"uniq":1,"trade":0,"nft":0,"gas":0.000007,"bal":0.020707,"days":1,"spread":0.035714,"streak":0,"rank_m":461089,"pct_m":0.490237,"gas_method":"exact"},"2025-03":{"txs":9,"uniq":5,"trade":0,"nft":0,"gas":0.000063,"bal":0.014149,"days":6,"spread":0.193548,"streak":0,"rank_m":234866,"pct_m":0.249713,"gas_method":"exact"},"2025-04":{"txs":13,"uniq":5,"trade":0,"nft":0,"gas":0.000066,"bal":0.018655,"days":12,"spread":0.4,"streak":0,"rank_m":164564,"pct_m":0.174966,"gas_method":"exact"},"2025-05":{"txs":19,"uniq":8,"trade":0,"nft":0,"gas":0.000134,"bal":0.018661,"days":11,"spread":0.354839,"streak":0,"rank_m":95872,"pct_m":0.101932,"gas_method":"estimated"},"2025-06":{"txs":14,"uniq":4,"trade":0,"nft":0,"gas":0.000099,"bal":0.026104,"days":13,"spread":0.433333,"streak":0,"rank_m":156837,"pct_m":0.166751,"gas_method":"estimated"},"2025-07":{"txs":14,"uniq":5,"trade":0,"nft":1,"gas":0.000099,"bal":0.005569,"days":14,"spread":0.451613,"streak":0,"rank_m":233161,"pct_m":0.2479,"gas_method":"estimated"},"2025-08":{"txs":19,"uniq":7,"trade":0,"nft":1,"gas":0.000134,"bal":0.017401,"days":13,"spread":0.419355,"streak":0,"rank_m":117196,"pct_m":0.124604,"gas_method":"estimated"},"2025-09":{"txs":26,"uniq":8,"trade":0,"nft":2,"gas":0.000183,"bal":0.004558,"days":18,"spread":0.6,"streak":0,"rank_m":161588,"pct_m":0.171802,"gas_method":"estimated"},"2025-10":{"txs":15,"uniq":7,"trade":0,"nft":1,"gas":0.000106,"bal":0.021452,"days":11,"spread":0.354839,"streak":0,"rank_m":55761,"pct_m":0.059285,"gas_method":"estimated"}}}