{"wallet":"0xc88c9d37c2fb140a9ecd3a68f305db1e0757769a","rank":203074,"lifetime":{"months_active":19,"first":"2023-07","last":"2025-10","tx_sum":312,"uniq_sum":71,"trade_sum":12,"nft_sum":16,"gas_sum":0.001749,"avg_balance_eth_mean":0.007835,"streak_best_days":13,"gas_sum_filled":0.001749},"months":{"2023-07":{"txs":0,"uniq":0,"trade":0,"nft":0,"gas":0,"bal":0,"days":0,"spread":0,"streak":0,"rank_m":244045,"pct_m":0.259472},"2023-08":{"txs":1,"uniq":1,"trade":0,"nft":0,"gas":0.000098,"bal":0.000012,"days":1,"spread":0.032258,"streak":1,"rank_m":154955,"pct_m":0.16475,"gas_method":"exact"},"2023-09":{"txs":0,"uniq":0,"trade":0,"nft":0,"gas":0,"bal":0.000012,"days":0,"spread":0,"streak":0,"rank_m":210409,"pct_m":0.22371},"2023-10":{"txs":0,"uniq":0,"trade":0,"nft":0,"gas":0,"bal":0.000012,"days":0,"spread":0,"streak":0,"rank_m":223662,"pct_m":0.2378},"2023-11":{"txs":0,"uniq":0,"trade":0,"nft":0,"gas":0,"bal":0.000012,"days":0,"spread":0,"streak":0,"rank_m":238668,"pct_m":0.253755},"2023-12":{"txs":0,"uniq":0,"trade":0,"nft":0,"gas":0,"bal":0.000012,"days":0,"spread":0,"streak":0,"rank_m":266128,"pct_m":0.282951},"2024-01":{"txs":0,"uniq":0,"trade":0,"nft":0,"gas":0,"bal":0.000012,"days":0,"spread":0,"streak":0,"rank_m":280972,"pct_m":0.298733},"2024-02":{"txs":0,"uniq":0,"trade":0,"nft":0,"gas":0,"bal":0.000012,"days":0,"spread":0,"streak":0,"rank_m":344264,"pct_m":0.366027},"2024-03":{"txs":1,"uniq":1,"trade":0,"nft":0,"gas":0.000036,"bal":0.000059,"days":1,"spread":0.032258,"streak":1,"rank_m":373780,"pct_m":0.397409,"gas_method":"estimated"},"2024-04":{"txs":70,"uniq":17,"trade":9,"nft":5,"gas":0.000314,"bal":0.001428,"days":7,"spread":0.233333,"streak":5,"rank_m":141733,"pct_m":0.150692,"gas_method":"estimated"},"2024-05":{"txs":17,"uniq":10,"trade":0,"nft":1,"gas":0.000025,"bal":0.01208,"days":8,"spread":0.258065,"streak":2,"rank_m":160406,"pct_m":0.170545,"gas_method":"estimated"},"2024-06":{"txs":3,"uniq":2,"trade":0,"nft":0,"gas":0,"bal":0.011706,"days":1,"spread":0.033333,"streak":1,"rank_m":356759,"pct_m":0.379311,"gas_method":"estimated"},"2024-07":{"txs":1,"uniq":1,"trade":0,"nft":1,"gas":0,"bal":0.011688,"days":1,"spread":0.032258,"streak":1,"rank_m":337584,"pct_m":0.358924,"gas_method":"estimated"},"2024-08":{"txs":5,"uniq":5,"trade":0,"nft":6,"gas":0.000001,"bal":0.011204,"days":4,"spread":0.129032,"streak":3,"rank_m":194882,"pct_m":0.207201,"gas_method":"estimated"},"2024-09":{"txs":3,"uniq":2,"trade":0,"nft":1,"gas":0,"bal":0.010493,"days":2,"spread":0.066667,"streak":1,"rank_m":256925,"pct_m":0.273166,"gas_method":"estimated"},"2024-10":{"txs":7,"uniq":5,"trade":0,"nft":2,"gas":0.000001,"bal":0.012303,"days":4,"spread":0.129032,"streak":1,"rank_m":217253,"pct_m":0.230986,"gas_method":"estimated"},"2024-11":{"txs":2,"uniq":1,"trade":0,"nft":0,"gas":0.000005,"bal":0.015147,"days":1,"spread":0.033333,"streak":1,"rank_m":397368,"pct_m":0.422488,"gas_method":"exact"},"2024-12":{"txs":1,"uniq":0,"trade":0,"nft":0,"gas":0.000022,"bal":0.015074,"days":1,"spread":0.032258,"streak":1,"rank_m":491913,"pct_m":0.52301,"gas_method":"exact"},"2025-01":{"txs":4,"uniq":2,"trade":0,"nft":0,"gas":0.000104,"bal":0.015083,"days":1,"spread":0.032258,"streak":1,"rank_m":390279,"pct_m":0.414951,"gas_method":"exact"},"2025-02":{"txs":0,"uniq":0,"trade":0,"nft":0,"gas":0,"bal":0.015083,"days":0,"spread":0,"streak":0,"rank_m":537641,"pct_m":0.571628},"2025-03":{"txs":83,"uniq":1,"trade":0,"nft":0,"gas":0.000348,"bal":0.015434,"days":4,"spread":0.129032,"streak":3,"rank_m":113599,"pct_m":0.120779,"gas_method":"exact"},"2025-04":{"txs":6,"uniq":3,"trade":0,"nft":0,"gas":0.000036,"bal":0.016748,"days":3,"spread":0.1,"streak":1,"rank_m":255139,"pct_m":0.271267,"gas_method":"exact"},"2025-05":{"txs":54,"uniq":4,"trade":0,"nft":0,"gas":0.00038,"bal":0.013166,"days":15,"spread":0.483871,"streak":13,"rank_m":54779,"pct_m":0.058241,"gas_method":"estimated"},"2025-06":{"txs":9,"uniq":5,"trade":0,"nft":0,"gas":0.000063,"bal":0.010826,"days":3,"spread":0.1,"streak":1,"rank_m":233988,"pct_m":0.248779,"gas_method":"estimated"},"2025-07":{"txs":28,"uniq":4,"trade":0,"nft":0,"gas":0.000197,"bal":0.010376,"days":8,"spread":0.258065,"streak":2,"rank_m":180979,"pct_m":0.192419,"gas_method":"estimated"},"2025-08":{"txs":12,"uniq":4,"trade":0,"nft":0,"gas":0.000084,"bal":0.00982,"days":3,"spread":0.096774,"streak":1,"rank_m":243795,"pct_m":0.259206,"gas_method":"estimated"},"2025-09":{"txs":5,"uniq":3,"trade":3,"nft":0,"gas":0.000035,"bal":0.005787,"days":2,"spread":0.066667,"streak":1,"rank_m":258889,"pct_m":0.275254,"gas_method":"estimated"},"2025-10":{"txs":0,"uniq":0,"trade":0,"nft":0,"gas":0,"bal":0.005787,"days":0,"spread":0,"streak":0,"rank_m":413521,"pct_m":0.439662}}}