{"wallet":"0xc82f87301a294f0941bc4789560744cde2916108","rank":687767,"lifetime":{"months_active":15,"first":"2023-07","last":"2025-10","tx_sum":163,"uniq_sum":53,"trade_sum":0,"nft_sum":13,"gas_sum":0.001504,"avg_balance_eth_mean":0.001891,"streak_best_days":4,"gas_sum_filled":0.001504},"months":{"2023-07":{"txs":0,"uniq":0,"trade":0,"nft":0,"gas":0,"bal":0,"days":0,"spread":0,"streak":0,"rank_m":245366,"pct_m":0.260876},"2023-08":{"txs":6,"uniq":3,"trade":0,"nft":3,"gas":0.000421,"bal":0.000441,"days":2,"spread":0.064516,"streak":2,"rank_m":111389,"pct_m":0.11843,"gas_method":"exact"},"2023-09":{"txs":3,"uniq":1,"trade":0,"nft":1,"gas":0.000091,"bal":0.000877,"days":2,"spread":0.066667,"streak":1,"rank_m":119789,"pct_m":0.127361,"gas_method":"estimated"},"2023-10":{"txs":0,"uniq":0,"trade":0,"nft":0,"gas":0,"bal":0.000877,"days":0,"spread":0,"streak":0,"rank_m":182668,"pct_m":0.194215},"2023-11":{"txs":0,"uniq":0,"trade":0,"nft":0,"gas":0,"bal":0.000877,"days":0,"spread":0,"streak":0,"rank_m":188784,"pct_m":0.200717},"2023-12":{"txs":0,"uniq":0,"trade":0,"nft":0,"gas":0,"bal":0.000877,"days":0,"spread":0,"streak":0,"rank_m":211565,"pct_m":0.224939},"2024-01":{"txs":0,"uniq":0,"trade":0,"nft":0,"gas":0,"bal":0.000877,"days":0,"spread":0,"streak":0,"rank_m":222321,"pct_m":0.236375},"2024-02":{"txs":0,"uniq":0,"trade":0,"nft":0,"gas":0,"bal":0.000877,"days":0,"spread":0,"streak":0,"rank_m":293555,"pct_m":0.312112},"2024-03":{"txs":0,"uniq":0,"trade":0,"nft":0,"gas":0,"bal":0.000877,"days":0,"spread":0,"streak":0,"rank_m":386976,"pct_m":0.411439},"2024-04":{"txs":0,"uniq":0,"trade":0,"nft":0,"gas":0,"bal":0.000877,"days":0,"spread":0,"streak":0,"rank_m":476704,"pct_m":0.506839},"2024-05":{"txs":0,"uniq":0,"trade":0,"nft":0,"gas":0,"bal":0.000877,"days":0,"spread":0,"streak":0,"rank_m":505757,"pct_m":0.537729},"2024-06":{"txs":0,"uniq":0,"trade":0,"nft":0,"gas":0,"bal":0.000877,"days":0,"spread":0,"streak":0,"rank_m":528849,"pct_m":0.562281},"2024-07":{"txs":0,"uniq":0,"trade":0,"nft":0,"gas":0,"bal":0.000877,"days":0,"spread":0,"streak":0,"rank_m":545095,"pct_m":0.579554},"2024-08":{"txs":2,"uniq":2,"trade":0,"nft":3,"gas":0,"bal":0.000224,"days":2,"spread":0.064516,"streak":1,"rank_m":441057,"pct_m":0.468939,"gas_method":"estimated"},"2024-09":{"txs":5,"uniq":4,"trade":0,"nft":3,"gas":0,"bal":0.000113,"days":3,"spread":0.1,"streak":1,"rank_m":363152,"pct_m":0.386109,"gas_method":"estimated"},"2024-10":{"txs":5,"uniq":3,"trade":0,"nft":1,"gas":0,"bal":0.000001,"days":1,"spread":0.032258,"streak":1,"rank_m":504538,"pct_m":0.536433,"gas_method":"estimated"},"2024-11":{"txs":4,"uniq":2,"trade":0,"nft":1,"gas":0.000005,"bal":0.00002,"days":2,"spread":0.066667,"streak":1,"rank_m":444988,"pct_m":0.473118,"gas_method":"exact"},"2024-12":{"txs":1,"uniq":1,"trade":0,"nft":0,"gas":0.000022,"bal":0.000045,"days":1,"spread":0.032258,"streak":1,"rank_m":587838,"pct_m":0.624999,"gas_method":"exact"},"2025-01":{"txs":0,"uniq":0,"trade":0,"nft":0,"gas":0,"bal":0.000045,"days":0,"spread":0,"streak":0,"rank_m":710671,"pct_m":0.755597},"2025-02":{"txs":2,"uniq":2,"trade":0,"nft":0,"gas":0.000014,"bal":0.000035,"days":1,"spread":0.035714,"streak":1,"rank_m":516165,"pct_m":0.548795,"gas_method":"exact"},"2025-03":{"txs":1,"uniq":1,"trade":0,"nft":0,"gas":0.000008,"bal":0,"days":1,"spread":0.032258,"streak":1,"rank_m":543404,"pct_m":0.577756,"gas_method":"exact"},"2025-04":{"txs":0,"uniq":0,"trade":0,"nft":0,"gas":0,"bal":0,"days":0,"spread":0,"streak":0,"rank_m":837494,"pct_m":0.890438},"2025-05":{"txs":9,"uniq":4,"trade":0,"nft":0,"gas":0.000063,"bal":0.000463,"days":2,"spread":0.064516,"streak":1,"rank_m":451787,"pct_m":0.480347,"gas_method":"estimated"},"2025-06":{"txs":35,"uniq":13,"trade":0,"nft":0,"gas":0.000246,"bal":0.007778,"days":11,"spread":0.366667,"streak":3,"rank_m":116872,"pct_m":0.124259,"gas_method":"estimated"},"2025-07":{"txs":41,"uniq":8,"trade":0,"nft":1,"gas":0.000289,"bal":0.008046,"days":10,"spread":0.322581,"streak":4,"rank_m":93660,"pct_m":0.09958,"gas_method":"estimated"},"2025-08":{"txs":23,"uniq":3,"trade":0,"nft":0,"gas":0.000162,"bal":0.01068,"days":10,"spread":0.322581,"streak":2,"rank_m":163485,"pct_m":0.173819,"gas_method":"estimated"},"2025-09":{"txs":15,"uniq":3,"trade":0,"nft":0,"gas":0.000106,"bal":0.005995,"days":6,"spread":0.2,"streak":2,"rank_m":243117,"pct_m":0.258485,"gas_method":"estimated"},"2025-10":{"txs":11,"uniq":3,"trade":0,"nft":0,"gas":0.000077,"bal":0.009422,"days":4,"spread":0.129032,"streak":2,"rank_m":122456,"pct_m":0.130196,"gas_method":"estimated"}}}