{"wallet":"0xc8cde18b7bf06e963816c076b2d68a31797baade","rank":227107,"lifetime":{"months_active":21,"first":"2023-07","last":"2025-10","tx_sum":234,"uniq_sum":138,"trade_sum":9,"nft_sum":107,"gas_sum":0.00701,"avg_balance_eth_mean":0.000966,"streak_best_days":4,"gas_sum_filled":0.00701},"months":{"2023-07":{"txs":3,"uniq":1,"trade":0,"nft":1,"gas":0.000397,"bal":0.001921,"days":1,"spread":0.032258,"streak":1,"rank_m":23774,"pct_m":0.025276,"gas_method":"exact"},"2023-08":{"txs":23,"uniq":18,"trade":0,"nft":13,"gas":0.003939,"bal":0.002853,"days":10,"spread":0.322581,"streak":3,"rank_m":36095,"pct_m":0.038376,"gas_method":"exact"},"2023-09":{"txs":0,"uniq":0,"trade":0,"nft":0,"gas":0,"bal":0.002853,"days":0,"spread":0,"streak":0,"rank_m":162471,"pct_m":0.172741},"2023-10":{"txs":0,"uniq":0,"trade":0,"nft":0,"gas":0,"bal":0.002853,"days":0,"spread":0,"streak":0,"rank_m":164071,"pct_m":0.174442},"2023-11":{"txs":3,"uniq":2,"trade":0,"nft":2,"gas":0.000116,"bal":0.000278,"days":2,"spread":0.066667,"streak":1,"rank_m":121729,"pct_m":0.129423,"gas_method":"estimated"},"2023-12":{"txs":4,"uniq":3,"trade":0,"nft":2,"gas":0.00029,"bal":0.000401,"days":1,"spread":0.032258,"streak":1,"rank_m":141018,"pct_m":0.149932,"gas_method":"estimated"},"2024-01":{"txs":1,"uniq":1,"trade":0,"nft":0,"gas":0.000067,"bal":0.000437,"days":1,"spread":0.032258,"streak":1,"rank_m":192766,"pct_m":0.204951,"gas_method":"estimated"},"2024-02":{"txs":12,"uniq":7,"trade":0,"nft":7,"gas":0.000457,"bal":0.000134,"days":7,"spread":0.241379,"streak":3,"rank_m":135723,"pct_m":0.144302,"gas_method":"estimated"},"2024-03":{"txs":23,"uniq":15,"trade":0,"nft":11,"gas":0.001063,"bal":0.004695,"days":10,"spread":0.322581,"streak":3,"rank_m":56842,"pct_m":0.060434,"gas_method":"exact"},"2024-04":{"txs":17,"uniq":10,"trade":0,"nft":11,"gas":0.00012,"bal":0.001504,"days":8,"spread":0.266667,"streak":2,"rank_m":243442,"pct_m":0.258831,"gas_method":"estimated"},"2024-05":{"txs":28,"uniq":15,"trade":6,"nft":6,"gas":0.000065,"bal":0.001059,"days":12,"spread":0.387097,"streak":3,"rank_m":151935,"pct_m":0.161539,"gas_method":"estimated"},"2024-06":{"txs":25,"uniq":12,"trade":0,"nft":10,"gas":0,"bal":0.001007,"days":13,"spread":0.433333,"streak":3,"rank_m":112931,"pct_m":0.120069,"gas_method":"exact"},"2024-07":{"txs":14,"uniq":7,"trade":0,"nft":10,"gas":0.000002,"bal":0.000231,"days":6,"spread":0.193548,"streak":4,"rank_m":174196,"pct_m":0.185207,"gas_method":"exact"},"2024-08":{"txs":16,"uniq":11,"trade":0,"nft":15,"gas":0.000004,"bal":0.000892,"days":5,"spread":0.16129,"streak":2,"rank_m":248041,"pct_m":0.263721,"gas_method":"estimated"},"2024-09":{"txs":14,"uniq":12,"trade":0,"nft":3,"gas":0,"bal":0.00083,"days":4,"spread":0.133333,"streak":2,"rank_m":149246,"pct_m":0.15868,"gas_method":"exact"},"2024-10":{"txs":10,"uniq":4,"trade":0,"nft":4,"gas":0.000002,"bal":0.000707,"days":3,"spread":0.096774,"streak":1,"rank_m":353206,"pct_m":0.375534,"gas_method":"estimated"},"2024-11":{"txs":0,"uniq":0,"trade":0,"nft":0,"gas":0,"bal":0.000707,"days":0,"spread":0,"streak":0,"rank_m":603948,"pct_m":0.642127},"2024-12":{"txs":6,"uniq":4,"trade":3,"nft":0,"gas":0.000132,"bal":0.001088,"days":2,"spread":0.064516,"streak":1,"rank_m":374965,"pct_m":0.398668,"gas_method":"exact"},"2025-01":{"txs":6,"uniq":5,"trade":0,"nft":0,"gas":0.000156,"bal":0.000209,"days":3,"spread":0.096774,"streak":3,"rank_m":396133,"pct_m":0.421175,"gas_method":"exact"},"2025-02":{"txs":0,"uniq":0,"trade":0,"nft":0,"gas":0,"bal":0.000209,"days":0,"spread":0,"streak":0,"rank_m":704211,"pct_m":0.748729},"2025-03":{"txs":0,"uniq":0,"trade":0,"nft":0,"gas":0,"bal":0.000209,"days":0,"spread":0,"streak":0,"rank_m":711968,"pct_m":0.756976},"2025-04":{"txs":4,"uniq":3,"trade":0,"nft":0,"gas":0.000024,"bal":0.000209,"days":1,"spread":0.033333,"streak":1,"rank_m":457604,"pct_m":0.486532,"gas_method":"exact"},"2025-05":{"txs":0,"uniq":0,"trade":0,"nft":0,"gas":0,"bal":0.000209,"days":0,"spread":0,"streak":0,"rank_m":754068,"pct_m":0.801738},"2025-06":{"txs":1,"uniq":1,"trade":0,"nft":0,"gas":0.000007,"bal":0.00014,"days":1,"spread":0.033333,"streak":1,"rank_m":630401,"pct_m":0.670253,"gas_method":"estimated"},"2025-07":{"txs":2,"uniq":2,"trade":0,"nft":0,"gas":0.000014,"bal":0.000372,"days":1,"spread":0.032258,"streak":1,"rank_m":575588,"pct_m":0.611974,"gas_method":"estimated"},"2025-08":{"txs":1,"uniq":1,"trade":0,"nft":0,"gas":0.000007,"bal":0.00011,"days":1,"spread":0.032258,"streak":1,"rank_m":637368,"pct_m":0.67766,"gas_method":"estimated"},"2025-09":{"txs":0,"uniq":0,"trade":0,"nft":0,"gas":0,"bal":0.00011,"days":0,"spread":0,"streak":0,"rank_m":798481,"pct_m":0.848958},"2025-10":{"txs":21,"uniq":4,"trade":0,"nft":12,"gas":0.000148,"bal":0.000812,"days":2,"spread":0.064516,"streak":2,"rank_m":197265,"pct_m":0.209735,"gas_method":"estimated"}}}