{"wallet":"0xc8fe8b4165f4a00e6413e55d6e28838269ef710c","rank":607537,"lifetime":{"months_active":20,"first":"2023-07","last":"2025-10","tx_sum":107,"uniq_sum":62,"trade_sum":0,"nft_sum":35,"gas_sum":0.000936,"avg_balance_eth_mean":0.021448,"streak_best_days":3,"gas_sum_filled":0.000936},"months":{"2023-07":{"txs":0,"uniq":0,"trade":0,"nft":0,"gas":0,"bal":0,"days":0,"spread":0,"streak":0,"rank_m":242490,"pct_m":0.257819},"2023-08":{"txs":1,"uniq":0,"trade":0,"nft":0,"gas":0.00008,"bal":0.004,"days":1,"spread":0.032258,"streak":1,"rank_m":140444,"pct_m":0.149322,"gas_method":"estimated"},"2023-09":{"txs":0,"uniq":0,"trade":0,"nft":0,"gas":0,"bal":0.004,"days":0,"spread":0,"streak":0,"rank_m":156823,"pct_m":0.166736},"2023-10":{"txs":0,"uniq":0,"trade":0,"nft":0,"gas":0,"bal":0.004,"days":0,"spread":0,"streak":0,"rank_m":162178,"pct_m":0.172429},"2023-11":{"txs":0,"uniq":0,"trade":0,"nft":0,"gas":0,"bal":0.004,"days":0,"spread":0,"streak":0,"rank_m":173822,"pct_m":0.18481},"2023-12":{"txs":3,"uniq":2,"trade":0,"nft":2,"gas":0.000064,"bal":0.004313,"days":2,"spread":0.064516,"streak":1,"rank_m":93062,"pct_m":0.098944,"gas_method":"estimated"},"2024-01":{"txs":0,"uniq":0,"trade":0,"nft":0,"gas":0,"bal":0.004313,"days":0,"spread":0,"streak":0,"rank_m":209259,"pct_m":0.222487},"2024-02":{"txs":6,"uniq":4,"trade":0,"nft":2,"gas":0.000068,"bal":0.009288,"days":3,"spread":0.103448,"streak":1,"rank_m":118962,"pct_m":0.126481,"gas_method":"estimated"},"2024-03":{"txs":34,"uniq":6,"trade":0,"nft":2,"gas":0.000576,"bal":0.039248,"days":6,"spread":0.193548,"streak":3,"rank_m":85264,"pct_m":0.090653,"gas_method":"estimated"},"2024-04":{"txs":13,"uniq":10,"trade":0,"nft":9,"gas":0.000046,"bal":0.03768,"days":6,"spread":0.2,"streak":1,"rank_m":155707,"pct_m":0.165549,"gas_method":"exact"},"2024-05":{"txs":16,"uniq":10,"trade":0,"nft":6,"gas":0.000011,"bal":0.033587,"days":5,"spread":0.16129,"streak":1,"rank_m":142340,"pct_m":0.151337,"gas_method":"estimated"},"2024-06":{"txs":9,"uniq":8,"trade":0,"nft":4,"gas":0,"bal":0.030251,"days":5,"spread":0.166667,"streak":1,"rank_m":144593,"pct_m":0.153733,"gas_method":"estimated"},"2024-07":{"txs":4,"uniq":3,"trade":0,"nft":3,"gas":0,"bal":0.028519,"days":2,"spread":0.064516,"streak":1,"rank_m":225514,"pct_m":0.239769,"gas_method":"estimated"},"2024-08":{"txs":3,"uniq":3,"trade":0,"nft":3,"gas":0,"bal":0.027931,"days":3,"spread":0.096774,"streak":1,"rank_m":238843,"pct_m":0.253941,"gas_method":"estimated"},"2024-09":{"txs":3,"uniq":2,"trade":0,"nft":2,"gas":0,"bal":0.027626,"days":2,"spread":0.066667,"streak":1,"rank_m":210267,"pct_m":0.223559,"gas_method":"estimated"},"2024-10":{"txs":6,"uniq":6,"trade":0,"nft":1,"gas":0,"bal":0.027088,"days":5,"spread":0.16129,"streak":2,"rank_m":168147,"pct_m":0.178776,"gas_method":"estimated"},"2024-11":{"txs":1,"uniq":1,"trade":0,"nft":0,"gas":0.000002,"bal":0.026523,"days":1,"spread":0.033333,"streak":1,"rank_m":402913,"pct_m":0.428383,"gas_method":"exact"},"2024-12":{"txs":1,"uniq":1,"trade":0,"nft":0,"gas":0.000022,"bal":0.026498,"days":1,"spread":0.032258,"streak":1,"rank_m":467541,"pct_m":0.497097,"gas_method":"exact"},"2025-01":{"txs":1,"uniq":1,"trade":0,"nft":0,"gas":0.000026,"bal":0.026407,"days":1,"spread":0.032258,"streak":1,"rank_m":440056,"pct_m":0.467874,"gas_method":"exact"},"2025-02":{"txs":1,"uniq":1,"trade":0,"nft":0,"gas":0.000007,"bal":0.026302,"days":1,"spread":0.035714,"streak":1,"rank_m":403268,"pct_m":0.428761,"gas_method":"exact"},"2025-03":{"txs":0,"uniq":0,"trade":0,"nft":0,"gas":0,"bal":0.026302,"days":0,"spread":0,"streak":0,"rank_m":495504,"pct_m":0.526828},"2025-04":{"txs":1,"uniq":1,"trade":0,"nft":0,"gas":0.000006,"bal":0.026211,"days":1,"spread":0.033333,"streak":1,"rank_m":407867,"pct_m":0.43365,"gas_method":"exact"},"2025-05":{"txs":1,"uniq":1,"trade":0,"nft":0,"gas":0.000007,"bal":0.026161,"days":1,"spread":0.032258,"streak":1,"rank_m":247532,"pct_m":0.263179,"gas_method":"estimated"},"2025-06":{"txs":0,"uniq":0,"trade":0,"nft":0,"gas":0,"bal":0.026161,"days":0,"spread":0,"streak":0,"rank_m":396654,"pct_m":0.421729},"2025-07":{"txs":1,"uniq":1,"trade":0,"nft":1,"gas":0.000007,"bal":0.026109,"days":1,"spread":0.032258,"streak":1,"rank_m":274234,"pct_m":0.291569,"gas_method":"estimated"},"2025-08":{"txs":1,"uniq":1,"trade":0,"nft":0,"gas":0.000007,"bal":0.026058,"days":1,"spread":0.032258,"streak":1,"rank_m":277299,"pct_m":0.294828,"gas_method":"estimated"},"2025-09":{"txs":1,"uniq":0,"trade":0,"nft":0,"gas":0.000007,"bal":0.025978,"days":1,"spread":0.033333,"streak":1,"rank_m":308735,"pct_m":0.328252,"gas_method":"estimated"},"2025-10":{"txs":0,"uniq":0,"trade":0,"nft":0,"gas":0,"bal":0.025978,"days":0,"spread":0,"streak":0,"rank_m":285072,"pct_m":0.303093}}}