{"wallet":"0xc841ce5fd20b8d52436d526502ce2387d31a92f3","rank":22739,"lifetime":{"months_active":25,"first":"2023-07","last":"2025-10","tx_sum":1389,"uniq_sum":150,"trade_sum":6,"nft_sum":37,"gas_sum":0.019045,"avg_balance_eth_mean":0.014354,"streak_best_days":61,"gas_sum_filled":0.019045},"months":{"2023-07":{"txs":4,"uniq":2,"trade":0,"nft":1,"gas":0.000113,"bal":0.001501,"days":2,"spread":0.064516,"streak":1,"rank_m":16751,"pct_m":0.017809,"gas_method":"exact"},"2023-08":{"txs":1,"uniq":3,"trade":0,"nft":1,"gas":0.000146,"bal":0.007477,"days":1,"spread":0.032258,"streak":1,"rank_m":120807,"pct_m":0.128443,"gas_method":"exact"},"2023-09":{"txs":0,"uniq":0,"trade":0,"nft":0,"gas":0,"bal":0.007477,"days":0,"spread":0,"streak":0,"rank_m":154461,"pct_m":0.164225},"2023-10":{"txs":3,"uniq":2,"trade":0,"nft":0,"gas":0.00002,"bal":0.057684,"days":2,"spread":0.064516,"streak":1,"rank_m":72838,"pct_m":0.077442,"gas_method":"estimated"},"2023-11":{"txs":1,"uniq":1,"trade":0,"nft":0,"gas":0.000012,"bal":0.005605,"days":1,"spread":0.033333,"streak":1,"rank_m":115123,"pct_m":0.1224,"gas_method":"estimated"},"2023-12":{"txs":4,"uniq":4,"trade":0,"nft":0,"gas":0.000087,"bal":0.003472,"days":2,"spread":0.064516,"streak":1,"rank_m":103710,"pct_m":0.110265,"gas_method":"estimated"},"2024-01":{"txs":10,"uniq":5,"trade":2,"nft":0,"gas":0.000306,"bal":0.003138,"days":5,"spread":0.16129,"streak":2,"rank_m":39942,"pct_m":0.042466,"gas_method":"exact"},"2024-02":{"txs":1,"uniq":1,"trade":0,"nft":1,"gas":0.000011,"bal":0.00275,"days":1,"spread":0.034483,"streak":1,"rank_m":211541,"pct_m":0.224913,"gas_method":"estimated"},"2024-03":{"txs":9,"uniq":5,"trade":4,"nft":1,"gas":0.000155,"bal":0.014365,"days":5,"spread":0.16129,"streak":1,"rank_m":133686,"pct_m":0.142136,"gas_method":"estimated"},"2024-04":{"txs":8,"uniq":5,"trade":0,"nft":2,"gas":0.000017,"bal":0.030483,"days":5,"spread":0.166667,"streak":2,"rank_m":217952,"pct_m":0.231729,"gas_method":"estimated"},"2024-05":{"txs":7,"uniq":4,"trade":0,"nft":2,"gas":0.000005,"bal":0.027741,"days":4,"spread":0.129032,"streak":1,"rank_m":236088,"pct_m":0.251012,"gas_method":"estimated"},"2024-06":{"txs":11,"uniq":6,"trade":0,"nft":2,"gas":0,"bal":0.016527,"days":5,"spread":0.166667,"streak":2,"rank_m":156800,"pct_m":0.166711,"gas_method":"estimated"},"2024-07":{"txs":64,"uniq":5,"trade":0,"nft":0,"gas":0.000001,"bal":0.000105,"days":27,"spread":0.870968,"streak":14,"rank_m":161498,"pct_m":0.171706,"gas_method":"exact"},"2024-08":{"txs":82,"uniq":16,"trade":0,"nft":12,"gas":0,"bal":0.000708,"days":31,"spread":1,"streak":31,"rank_m":66233,"pct_m":0.070419,"gas_method":"exact"},"2024-09":{"txs":44,"uniq":11,"trade":0,"nft":8,"gas":0,"bal":0.003843,"days":18,"spread":0.6,"streak":16,"rank_m":35248,"pct_m":0.037475,"gas_method":"exact"},"2024-10":{"txs":224,"uniq":12,"trade":0,"nft":6,"gas":0.000001,"bal":0.009658,"days":14,"spread":0.451613,"streak":3,"rank_m":37682,"pct_m":0.040063,"gas_method":"exact"},"2024-11":{"txs":58,"uniq":14,"trade":0,"nft":0,"gas":0.000133,"bal":0.005077,"days":13,"spread":0.433333,"streak":3,"rank_m":85734,"pct_m":0.091153,"gas_method":"exact"},"2024-12":{"txs":795,"uniq":6,"trade":0,"nft":0,"gas":0.017507,"bal":0.005217,"days":5,"spread":0.16129,"streak":1,"rank_m":150864,"pct_m":0.1604,"gas_method":"exact"},"2025-01":{"txs":5,"uniq":4,"trade":0,"nft":0,"gas":0.00013,"bal":0.004907,"days":4,"spread":0.129032,"streak":1,"rank_m":355449,"pct_m":0.377919,"gas_method":"exact"},"2025-02":{"txs":18,"uniq":14,"trade":0,"nft":0,"gas":0.00012,"bal":0.005191,"days":6,"spread":0.214286,"streak":2,"rank_m":122537,"pct_m":0.130282,"gas_method":"exact"},"2025-03":{"txs":7,"uniq":7,"trade":0,"nft":0,"gas":0.000055,"bal":0.005171,"days":2,"spread":0.064516,"streak":1,"rank_m":262641,"pct_m":0.279244,"gas_method":"exact"},"2025-04":{"txs":5,"uniq":4,"trade":0,"nft":0,"gas":0.00003,"bal":0.006321,"days":4,"spread":0.133333,"streak":2,"rank_m":254121,"pct_m":0.270185,"gas_method":"exact"},"2025-05":{"txs":11,"uniq":7,"trade":0,"nft":0,"gas":0.000077,"bal":0.085646,"days":7,"spread":0.225806,"streak":3,"rank_m":44245,"pct_m":0.047041,"gas_method":"estimated"},"2025-06":{"txs":10,"uniq":7,"trade":0,"nft":0,"gas":0.00007,"bal":0.06714,"days":6,"spread":0.2,"streak":2,"rank_m":98194,"pct_m":0.104401,"gas_method":"estimated"},"2025-07":{"txs":4,"uniq":3,"trade":0,"nft":0,"gas":0.000028,"bal":0.010383,"days":3,"spread":0.096774,"streak":1,"rank_m":295905,"pct_m":0.31461,"gas_method":"estimated"},"2025-08":{"txs":0,"uniq":0,"trade":0,"nft":0,"gas":0,"bal":0.010383,"days":0,"spread":0,"streak":0,"rank_m":466416,"pct_m":0.495901},"2025-09":{"txs":3,"uniq":2,"trade":0,"nft":1,"gas":0.000021,"bal":0.001974,"days":2,"spread":0.066667,"streak":1,"rank_m":353032,"pct_m":0.375349,"gas_method":"estimated"},"2025-10":{"txs":0,"uniq":0,"trade":0,"nft":0,"gas":0,"bal":0.001974,"days":0,"spread":0,"streak":0,"rank_m":505048,"pct_m":0.536975}}}