{"wallet":"0xc89cc745a54a121d844f0163c84f127aab2fea99","rank":294018,"lifetime":{"months_active":10,"first":"2023-07","last":"2025-10","tx_sum":237,"uniq_sum":83,"trade_sum":0,"nft_sum":41,"gas_sum":0.003124,"avg_balance_eth_mean":0.028455,"streak_best_days":14,"gas_sum_filled":0.003124},"months":{"2023-07":{"txs":3,"uniq":2,"trade":0,"nft":1,"gas":0.000472,"bal":0.000351,"days":1,"spread":0.032258,"streak":1,"rank_m":27928,"pct_m":0.029692,"gas_method":"estimated"},"2023-08":{"txs":20,"uniq":20,"trade":0,"nft":17,"gas":0.001239,"bal":0.012298,"days":6,"spread":0.193548,"streak":1,"rank_m":45037,"pct_m":0.047883,"gas_method":"exact"},"2023-09":{"txs":27,"uniq":8,"trade":0,"nft":4,"gas":0.000059,"bal":0.487581,"days":3,"spread":0.1,"streak":1,"rank_m":33580,"pct_m":0.035702,"gas_method":"exact"},"2023-10":{"txs":20,"uniq":10,"trade":0,"nft":5,"gas":0.000099,"bal":0.003928,"days":14,"spread":0.451613,"streak":13,"rank_m":18862,"pct_m":0.020053,"gas_method":"exact"},"2023-11":{"txs":21,"uniq":7,"trade":0,"nft":2,"gas":0.000448,"bal":0.040526,"days":4,"spread":0.133333,"streak":3,"rank_m":17461,"pct_m":0.018564,"gas_method":"estimated"},"2023-12":{"txs":66,"uniq":9,"trade":0,"nft":3,"gas":0.000162,"bal":0.148494,"days":8,"spread":0.258065,"streak":3,"rank_m":4713,"pct_m":0.00501,"gas_method":"exact"},"2024-01":{"txs":19,"uniq":10,"trade":0,"nft":1,"gas":0.000368,"bal":0.025058,"days":8,"spread":0.258065,"streak":5,"rank_m":14280,"pct_m":0.015182,"gas_method":"exact"},"2024-02":{"txs":0,"uniq":0,"trade":0,"nft":0,"gas":0,"bal":0.025058,"days":0,"spread":0,"streak":0,"rank_m":260694,"pct_m":0.277173},"2024-03":{"txs":0,"uniq":0,"trade":0,"nft":0,"gas":0,"bal":0.025058,"days":0,"spread":0,"streak":0,"rank_m":336435,"pct_m":0.357703},"2024-04":{"txs":57,"uniq":15,"trade":0,"nft":6,"gas":0.000222,"bal":0.006268,"days":4,"spread":0.133333,"streak":4,"rank_m":153242,"pct_m":0.162929,"gas_method":"estimated"},"2024-05":{"txs":2,"uniq":1,"trade":0,"nft":2,"gas":0.000003,"bal":0.001286,"days":2,"spread":0.064516,"streak":1,"rank_m":410908,"pct_m":0.436884,"gas_method":"estimated"},"2024-06":{"txs":0,"uniq":0,"trade":0,"nft":0,"gas":0,"bal":0.001286,"days":0,"spread":0,"streak":0,"rank_m":521847,"pct_m":0.554836},"2024-07":{"txs":0,"uniq":0,"trade":0,"nft":0,"gas":0,"bal":0.001286,"days":0,"spread":0,"streak":0,"rank_m":535220,"pct_m":0.569054},"2024-08":{"txs":0,"uniq":0,"trade":0,"nft":0,"gas":0,"bal":0.001286,"days":0,"spread":0,"streak":0,"rank_m":549129,"pct_m":0.583843},"2024-09":{"txs":0,"uniq":0,"trade":0,"nft":0,"gas":0,"bal":0.001286,"days":0,"spread":0,"streak":0,"rank_m":531046,"pct_m":0.564617},"2024-10":{"txs":0,"uniq":0,"trade":0,"nft":0,"gas":0,"bal":0.001286,"days":0,"spread":0,"streak":0,"rank_m":578192,"pct_m":0.614743},"2024-11":{"txs":0,"uniq":0,"trade":0,"nft":0,"gas":0,"bal":0.001286,"days":0,"spread":0,"streak":0,"rank_m":582647,"pct_m":0.61948},"2024-12":{"txs":0,"uniq":0,"trade":0,"nft":0,"gas":0,"bal":0.001286,"days":0,"spread":0,"streak":0,"rank_m":637464,"pct_m":0.677762},"2025-01":{"txs":2,"uniq":1,"trade":0,"nft":0,"gas":0.000052,"bal":0.001182,"days":1,"spread":0.032258,"streak":1,"rank_m":498331,"pct_m":0.529833,"gas_method":"exact"},"2025-02":{"txs":0,"uniq":0,"trade":0,"nft":0,"gas":0,"bal":0.001182,"days":0,"spread":0,"streak":0,"rank_m":641942,"pct_m":0.682523},"2025-03":{"txs":0,"uniq":0,"trade":0,"nft":0,"gas":0,"bal":0.001182,"days":0,"spread":0,"streak":0,"rank_m":635073,"pct_m":0.67522},"2025-04":{"txs":0,"uniq":0,"trade":0,"nft":0,"gas":0,"bal":0.001182,"days":0,"spread":0,"streak":0,"rank_m":663777,"pct_m":0.705739},"2025-05":{"txs":0,"uniq":0,"trade":0,"nft":0,"gas":0,"bal":0.001182,"days":0,"spread":0,"streak":0,"rank_m":647921,"pct_m":0.68888},"2025-06":{"txs":0,"uniq":0,"trade":0,"nft":0,"gas":0,"bal":0.001182,"days":0,"spread":0,"streak":0,"rank_m":649847,"pct_m":0.690928},"2025-07":{"txs":0,"uniq":0,"trade":0,"nft":0,"gas":0,"bal":0.001182,"days":0,"spread":0,"streak":0,"rank_m":668486,"pct_m":0.710745},"2025-08":{"txs":0,"uniq":0,"trade":0,"nft":0,"gas":0,"bal":0.001182,"days":0,"spread":0,"streak":0,"rank_m":646885,"pct_m":0.687779},"2025-09":{"txs":0,"uniq":0,"trade":0,"nft":0,"gas":0,"bal":0.001182,"days":0,"spread":0,"streak":0,"rank_m":632562,"pct_m":0.67255},"2025-10":{"txs":0,"uniq":0,"trade":0,"nft":0,"gas":0,"bal":0.001182,"days":0,"spread":0,"streak":0,"rank_m":547483,"pct_m":0.582093}}}