{"wallet":"0xc8f1ca8678ac1f20731b57bb4a57816d5d51c4d3","rank":16384,"lifetime":{"months_active":23,"first":"2023-07","last":"2025-10","tx_sum":1196,"uniq_sum":286,"trade_sum":93,"nft_sum":68,"gas_sum":0.008699,"avg_balance_eth_mean":0.052814,"streak_best_days":11,"gas_sum_filled":0.008699},"months":{"2023-07":{"txs":0,"uniq":0,"trade":0,"nft":0,"gas":0,"bal":0,"days":0,"spread":0,"streak":0,"rank_m":242686,"pct_m":0.258027},"2023-08":{"txs":0,"uniq":0,"trade":0,"nft":0,"gas":0,"bal":0,"days":0,"spread":0,"streak":0,"rank_m":332646,"pct_m":0.353674},"2023-09":{"txs":0,"uniq":0,"trade":0,"nft":0,"gas":0,"bal":0,"days":0,"spread":0,"streak":0,"rank_m":352121,"pct_m":0.37438},"2023-10":{"txs":0,"uniq":0,"trade":0,"nft":0,"gas":0,"bal":0,"days":0,"spread":0,"streak":0,"rank_m":370389,"pct_m":0.393803},"2023-11":{"txs":0,"uniq":0,"trade":0,"nft":0,"gas":0,"bal":0,"days":0,"spread":0,"streak":0,"rank_m":386867,"pct_m":0.411323},"2023-12":{"txs":23,"uniq":9,"trade":2,"nft":6,"gas":0.001264,"bal":0.001859,"days":4,"spread":0.129032,"streak":1,"rank_m":30031,"pct_m":0.031928,"gas_method":"exact"},"2024-01":{"txs":5,"uniq":2,"trade":0,"nft":2,"gas":0.000108,"bal":0.004108,"days":2,"spread":0.064516,"streak":1,"rank_m":102165,"pct_m":0.108623,"gas_method":"estimated"},"2024-02":{"txs":91,"uniq":50,"trade":2,"nft":41,"gas":0.001107,"bal":0.001535,"days":17,"spread":0.586207,"streak":11,"rank_m":34304,"pct_m":0.036472,"gas_method":"estimated"},"2024-03":{"txs":35,"uniq":24,"trade":0,"nft":6,"gas":0.000737,"bal":0.004521,"days":9,"spread":0.290323,"streak":3,"rank_m":48676,"pct_m":0.051752,"gas_method":"exact"},"2024-04":{"txs":15,"uniq":5,"trade":1,"nft":0,"gas":0.000012,"bal":0.00895,"days":7,"spread":0.233333,"streak":3,"rank_m":164438,"pct_m":0.174832,"gas_method":"exact"},"2024-05":{"txs":4,"uniq":4,"trade":0,"nft":1,"gas":0.000003,"bal":0.007905,"days":3,"spread":0.096774,"streak":1,"rank_m":315454,"pct_m":0.335395,"gas_method":"estimated"},"2024-06":{"txs":172,"uniq":34,"trade":31,"nft":5,"gas":0.000011,"bal":0.007852,"days":17,"spread":0.566667,"streak":6,"rank_m":10280,"pct_m":0.010929,"gas_method":"exact"},"2024-07":{"txs":49,"uniq":18,"trade":10,"nft":2,"gas":0.000011,"bal":0.067718,"days":10,"spread":0.322581,"streak":3,"rank_m":7758,"pct_m":0.008247,"gas_method":"exact"},"2024-08":{"txs":35,"uniq":16,"trade":3,"nft":4,"gas":0.000003,"bal":0.046495,"days":6,"spread":0.193548,"streak":4,"rank_m":33788,"pct_m":0.035923,"gas_method":"estimated"},"2024-09":{"txs":14,"uniq":7,"trade":16,"nft":0,"gas":0.000001,"bal":0.016172,"days":7,"spread":0.233333,"streak":3,"rank_m":49700,"pct_m":0.052841,"gas_method":"estimated"},"2024-10":{"txs":11,"uniq":8,"trade":6,"nft":0,"gas":0.000001,"bal":0.016141,"days":4,"spread":0.129032,"streak":1,"rank_m":129179,"pct_m":0.137344,"gas_method":"estimated"},"2024-11":{"txs":22,"uniq":13,"trade":16,"nft":0,"gas":0.000051,"bal":0.484787,"days":8,"spread":0.266667,"streak":3,"rank_m":45317,"pct_m":0.048181,"gas_method":"exact"},"2024-12":{"txs":20,"uniq":11,"trade":4,"nft":0,"gas":0.000441,"bal":0.504772,"days":6,"spread":0.193548,"streak":3,"rank_m":86844,"pct_m":0.092333,"gas_method":"exact"},"2025-01":{"txs":2,"uniq":2,"trade":0,"nft":0,"gas":0.000052,"bal":0.058054,"days":2,"spread":0.064516,"streak":1,"rank_m":384145,"pct_m":0.408429,"gas_method":"exact"},"2025-02":{"txs":6,"uniq":4,"trade":0,"nft":0,"gas":0.000042,"bal":0.05805,"days":3,"spread":0.107143,"streak":1,"rank_m":235256,"pct_m":0.250127,"gas_method":"exact"},"2025-03":{"txs":5,"uniq":4,"trade":0,"nft":0,"gas":0.00004,"bal":0.058047,"days":1,"spread":0.032258,"streak":1,"rank_m":263262,"pct_m":0.279904,"gas_method":"exact"},"2025-04":{"txs":20,"uniq":8,"trade":0,"nft":0,"gas":0.000121,"bal":0.058029,"days":4,"spread":0.133333,"streak":1,"rank_m":99570,"pct_m":0.105864,"gas_method":"exact"},"2025-05":{"txs":568,"uniq":24,"trade":0,"nft":0,"gas":0.003998,"bal":0.06839,"days":9,"spread":0.290323,"streak":4,"rank_m":12798,"pct_m":0.013606,"gas_method":"estimated"},"2025-06":{"txs":75,"uniq":22,"trade":2,"nft":1,"gas":0.000528,"bal":0.002414,"days":12,"spread":0.4,"streak":4,"rank_m":90486,"pct_m":0.096205,"gas_method":"estimated"},"2025-07":{"txs":11,"uniq":8,"trade":0,"nft":0,"gas":0.000077,"bal":0.002127,"days":3,"spread":0.096774,"streak":1,"rank_m":359033,"pct_m":0.381729,"gas_method":"estimated"},"2025-08":{"txs":7,"uniq":7,"trade":0,"nft":0,"gas":0.000049,"bal":0.000851,"days":2,"spread":0.064516,"streak":1,"rank_m":421803,"pct_m":0.448467,"gas_method":"estimated"},"2025-09":{"txs":4,"uniq":4,"trade":0,"nft":0,"gas":0.000028,"bal":0.00001,"days":2,"spread":0.066667,"streak":1,"rank_m":609127,"pct_m":0.647634,"gas_method":"estimated"},"2025-10":{"txs":2,"uniq":2,"trade":0,"nft":0,"gas":0.000014,"bal":0.000009,"days":1,"spread":0.032258,"streak":1,"rank_m":541940,"pct_m":0.576199,"gas_method":"estimated"}}}