{"wallet":"0xc88ce8857dfb6acba77ff7f0f0c21a8ca8394081","rank":649241,"lifetime":{"months_active":13,"first":"2023-07","last":"2025-10","tx_sum":110,"uniq_sum":53,"trade_sum":20,"nft_sum":3,"gas_sum":0.001715,"avg_balance_eth_mean":0.00211,"streak_best_days":0,"gas_sum_filled":0.001715},"months":{"2023-07":{"txs":0,"uniq":0,"trade":0,"nft":0,"gas":0,"bal":0,"days":0,"spread":0,"streak":0,"rank_m":244042,"pct_m":0.259469},"2023-08":{"txs":0,"uniq":0,"trade":0,"nft":0,"gas":0,"bal":0,"days":0,"spread":0,"streak":0,"rank_m":333851,"pct_m":0.354955},"2023-09":{"txs":11,"uniq":4,"trade":0,"nft":0,"gas":0.000826,"bal":0.000036,"days":2,"spread":0.066667,"streak":0,"rank_m":123744,"pct_m":0.131566,"gas_method":"exact"},"2023-10":{"txs":4,"uniq":3,"trade":0,"nft":0,"gas":0.000203,"bal":0.001559,"days":1,"spread":0.032258,"streak":0,"rank_m":126677,"pct_m":0.134684,"gas_method":"exact"},"2023-11":{"txs":0,"uniq":0,"trade":0,"nft":0,"gas":0,"bal":0.001559,"days":0,"spread":0,"streak":0,"rank_m":180136,"pct_m":0.191523},"2023-12":{"txs":0,"uniq":0,"trade":0,"nft":0,"gas":0,"bal":0.001559,"days":0,"spread":0,"streak":0,"rank_m":206681,"pct_m":0.219746},"2024-01":{"txs":0,"uniq":0,"trade":0,"nft":0,"gas":0,"bal":0.001559,"days":0,"spread":0,"streak":0,"rank_m":216780,"pct_m":0.230483},"2024-02":{"txs":0,"uniq":0,"trade":0,"nft":0,"gas":0,"bal":0.001559,"days":0,"spread":0,"streak":0,"rank_m":289038,"pct_m":0.307309},"2024-03":{"txs":0,"uniq":0,"trade":0,"nft":0,"gas":0,"bal":0.001559,"days":0,"spread":0,"streak":0,"rank_m":381684,"pct_m":0.405812},"2024-04":{"txs":7,"uniq":4,"trade":1,"nft":0,"gas":0.000058,"bal":0.000603,"days":2,"spread":0.066667,"streak":0,"rank_m":400479,"pct_m":0.425795,"gas_method":"estimated"},"2024-05":{"txs":1,"uniq":1,"trade":0,"nft":1,"gas":0.000003,"bal":0.000235,"days":1,"spread":0.032258,"streak":0,"rank_m":488615,"pct_m":0.519503,"gas_method":"estimated"},"2024-06":{"txs":8,"uniq":5,"trade":0,"nft":0,"gas":0.000001,"bal":0.000127,"days":1,"spread":0.033333,"streak":0,"rank_m":488497,"pct_m":0.519378,"gas_method":"estimated"},"2024-07":{"txs":7,"uniq":5,"trade":0,"nft":2,"gas":0.000003,"bal":0.000067,"days":2,"spread":0.064516,"streak":0,"rank_m":446351,"pct_m":0.474567,"gas_method":"estimated"},"2024-08":{"txs":4,"uniq":2,"trade":3,"nft":0,"gas":0.000001,"bal":0.000075,"days":2,"spread":0.064516,"streak":0,"rank_m":455393,"pct_m":0.484181,"gas_method":"estimated"},"2024-09":{"txs":20,"uniq":10,"trade":3,"nft":0,"gas":0.000003,"bal":0.000127,"days":5,"spread":0.166667,"streak":0,"rank_m":294635,"pct_m":0.31326,"gas_method":"estimated"},"2024-10":{"txs":0,"uniq":0,"trade":0,"nft":0,"gas":0,"bal":0.000127,"days":0,"spread":0,"streak":0,"rank_m":638955,"pct_m":0.679347},"2024-11":{"txs":4,"uniq":2,"trade":3,"nft":0,"gas":0.000009,"bal":0.000078,"days":1,"spread":0.033333,"streak":0,"rank_m":459599,"pct_m":0.488653,"gas_method":"exact"},"2024-12":{"txs":6,"uniq":3,"trade":3,"nft":0,"gas":0.000132,"bal":0.00007,"days":3,"spread":0.096774,"streak":0,"rank_m":462227,"pct_m":0.491447,"gas_method":"exact"},"2025-01":{"txs":11,"uniq":5,"trade":0,"nft":0,"gas":0.000286,"bal":0.000078,"days":1,"spread":0.032258,"streak":0,"rank_m":476100,"pct_m":0.506197,"gas_method":"exact"},"2025-02":{"txs":0,"uniq":0,"trade":0,"nft":0,"gas":0,"bal":0.000078,"days":0,"spread":0,"streak":0,"rank_m":728022,"pct_m":0.774045},"2025-03":{"txs":0,"uniq":0,"trade":0,"nft":0,"gas":0,"bal":0.000078,"days":0,"spread":0,"streak":0,"rank_m":741762,"pct_m":0.788654},"2025-04":{"txs":0,"uniq":0,"trade":0,"nft":0,"gas":0,"bal":0.000078,"days":0,"spread":0,"streak":0,"rank_m":771643,"pct_m":0.820424},"2025-05":{"txs":7,"uniq":3,"trade":4,"nft":0,"gas":0.000049,"bal":0.000045,"days":2,"spread":0.064516,"streak":0,"rank_m":501742,"pct_m":0.53346,"gas_method":"estimated"},"2025-06":{"txs":0,"uniq":0,"trade":0,"nft":0,"gas":0,"bal":0.000045,"days":0,"spread":0,"streak":0,"rank_m":818109,"pct_m":0.869827},"2025-07":{"txs":20,"uniq":6,"trade":3,"nft":0,"gas":0.000141,"bal":0.011943,"days":3,"spread":0.096774,"streak":0,"rank_m":202869,"pct_m":0.215693,"gas_method":"estimated"},"2025-08":{"txs":0,"uniq":0,"trade":0,"nft":0,"gas":0,"bal":0.011943,"days":0,"spread":0,"streak":0,"rank_m":451143,"pct_m":0.479662},"2025-09":{"txs":0,"uniq":0,"trade":0,"nft":0,"gas":0,"bal":0.011943,"days":0,"spread":0,"streak":0,"rank_m":445354,"pct_m":0.473507},"2025-10":{"txs":0,"uniq":0,"trade":0,"nft":0,"gas":0,"bal":0.011943,"days":0,"spread":0,"streak":0,"rank_m":338894,"pct_m":0.360317}}}