{"wallet":"0xc826e8d81735e297404adf92f640cd1575e56e87","rank":263686,"lifetime":{"months_active":17,"first":"2023-07","last":"2025-10","tx_sum":198,"uniq_sum":98,"trade_sum":5,"nft_sum":35,"gas_sum":0.006631,"avg_balance_eth_mean":0.005954,"streak_best_days":4,"gas_sum_filled":0.006631},"months":{"2023-07":{"txs":3,"uniq":2,"trade":0,"nft":1,"gas":0.000855,"bal":0.000156,"days":1,"spread":0.032258,"streak":1,"rank_m":37411,"pct_m":0.039775,"gas_method":"estimated"},"2023-08":{"txs":42,"uniq":26,"trade":0,"nft":19,"gas":0.004057,"bal":0.004981,"days":11,"spread":0.354839,"streak":4,"rank_m":22764,"pct_m":0.024202,"gas_method":"exact"},"2023-09":{"txs":0,"uniq":0,"trade":0,"nft":0,"gas":0,"bal":0.004981,"days":0,"spread":0,"streak":0,"rank_m":155649,"pct_m":0.165488},"2023-10":{"txs":0,"uniq":0,"trade":0,"nft":0,"gas":0,"bal":0.004981,"days":0,"spread":0,"streak":0,"rank_m":161326,"pct_m":0.171524},"2023-11":{"txs":0,"uniq":0,"trade":0,"nft":0,"gas":0,"bal":0.004981,"days":0,"spread":0,"streak":0,"rank_m":172701,"pct_m":0.183618},"2023-12":{"txs":1,"uniq":1,"trade":0,"nft":3,"gas":0.000072,"bal":0.003125,"days":1,"spread":0.032258,"streak":1,"rank_m":119664,"pct_m":0.127228,"gas_method":"estimated"},"2024-01":{"txs":3,"uniq":3,"trade":1,"nft":2,"gas":0.000202,"bal":0.003002,"days":2,"spread":0.064516,"streak":1,"rank_m":98002,"pct_m":0.104196,"gas_method":"estimated"},"2024-02":{"txs":10,"uniq":7,"trade":0,"nft":3,"gas":0.000381,"bal":0.00199,"days":5,"spread":0.172414,"streak":2,"rank_m":108013,"pct_m":0.11484,"gas_method":"estimated"},"2024-03":{"txs":0,"uniq":0,"trade":0,"nft":0,"gas":0,"bal":0.00199,"days":0,"spread":0,"streak":0,"rank_m":378605,"pct_m":0.402539},"2024-04":{"txs":2,"uniq":2,"trade":0,"nft":2,"gas":0.000014,"bal":0.002269,"days":2,"spread":0.066667,"streak":1,"rank_m":382101,"pct_m":0.406256,"gas_method":"estimated"},"2024-05":{"txs":2,"uniq":2,"trade":0,"nft":2,"gas":0.000005,"bal":0.001402,"days":2,"spread":0.064516,"streak":1,"rank_m":400887,"pct_m":0.426229,"gas_method":"estimated"},"2024-06":{"txs":2,"uniq":2,"trade":0,"nft":0,"gas":0,"bal":0.002434,"days":2,"spread":0.066667,"streak":1,"rank_m":417707,"pct_m":0.444112,"gas_method":"estimated"},"2024-07":{"txs":0,"uniq":0,"trade":0,"nft":0,"gas":0,"bal":0.002434,"days":0,"spread":0,"streak":0,"rank_m":517642,"pct_m":0.550365},"2024-08":{"txs":2,"uniq":2,"trade":0,"nft":2,"gas":0.000001,"bal":0.006752,"days":1,"spread":0.032258,"streak":1,"rank_m":346669,"pct_m":0.368584,"gas_method":"estimated"},"2024-09":{"txs":1,"uniq":1,"trade":0,"nft":1,"gas":0,"bal":0.006711,"days":1,"spread":0.033333,"streak":1,"rank_m":321134,"pct_m":0.341434,"gas_method":"estimated"},"2024-10":{"txs":0,"uniq":0,"trade":0,"nft":0,"gas":0,"bal":0.006711,"days":0,"spread":0,"streak":0,"rank_m":503744,"pct_m":0.535589},"2024-11":{"txs":0,"uniq":0,"trade":0,"nft":0,"gas":0,"bal":0.006711,"days":0,"spread":0,"streak":0,"rank_m":531003,"pct_m":0.564571},"2024-12":{"txs":9,"uniq":7,"trade":0,"nft":0,"gas":0.000198,"bal":0.007828,"days":3,"spread":0.096774,"streak":1,"rank_m":325646,"pct_m":0.346232,"gas_method":"exact"},"2025-01":{"txs":0,"uniq":0,"trade":0,"nft":0,"gas":0,"bal":0.007828,"days":0,"spread":0,"streak":0,"rank_m":572677,"pct_m":0.608879},"2025-02":{"txs":0,"uniq":0,"trade":0,"nft":0,"gas":0,"bal":0.007828,"days":0,"spread":0,"streak":0,"rank_m":566869,"pct_m":0.602704},"2025-03":{"txs":0,"uniq":0,"trade":0,"nft":0,"gas":0,"bal":0.007828,"days":0,"spread":0,"streak":0,"rank_m":548470,"pct_m":0.583142},"2025-04":{"txs":6,"uniq":3,"trade":0,"nft":0,"gas":0.000036,"bal":0.008044,"days":2,"spread":0.066667,"streak":1,"rank_m":298288,"pct_m":0.317144,"gas_method":"exact"},"2025-05":{"txs":0,"uniq":0,"trade":0,"nft":0,"gas":0,"bal":0.008044,"days":0,"spread":0,"streak":0,"rank_m":495359,"pct_m":0.526673},"2025-06":{"txs":17,"uniq":6,"trade":2,"nft":0,"gas":0.00012,"bal":0.006791,"days":6,"spread":0.2,"streak":2,"rank_m":156173,"pct_m":0.166045,"gas_method":"estimated"},"2025-07":{"txs":28,"uniq":8,"trade":2,"nft":0,"gas":0.000197,"bal":0.008007,"days":9,"spread":0.290323,"streak":2,"rank_m":107700,"pct_m":0.114508,"gas_method":"estimated"},"2025-08":{"txs":19,"uniq":9,"trade":0,"nft":0,"gas":0.000134,"bal":0.008097,"days":9,"spread":0.290323,"streak":2,"rank_m":154983,"pct_m":0.16478,"gas_method":"estimated"},"2025-09":{"txs":31,"uniq":13,"trade":0,"nft":0,"gas":0.000218,"bal":0.013051,"days":9,"spread":0.3,"streak":3,"rank_m":72809,"pct_m":0.077411,"gas_method":"estimated"},"2025-10":{"txs":20,"uniq":4,"trade":0,"nft":0,"gas":0.000141,"bal":0.017771,"days":7,"spread":0.225806,"streak":3,"rank_m":52633,"pct_m":0.055959,"gas_method":"estimated"}}}