{"wallet":"0xc86dc68b6a57d45864d1f8bbe72fefaf070ba899","rank":124408,"lifetime":{"months_active":27,"first":"2023-07","last":"2025-10","tx_sum":380,"uniq_sum":191,"trade_sum":1,"nft_sum":78,"gas_sum":0.007001,"avg_balance_eth_mean":0.00067,"streak_best_days":81,"gas_sum_filled":0.007001},"months":{"2023-07":{"txs":7,"uniq":6,"trade":0,"nft":0,"gas":0.000244,"bal":0.002619,"days":2,"spread":0.064516,"streak":2,"rank_m":9321,"pct_m":0.009909,"gas_method":"exact"},"2023-08":{"txs":27,"uniq":25,"trade":0,"nft":11,"gas":0.002804,"bal":0.005721,"days":17,"spread":0.548387,"streak":4,"rank_m":25038,"pct_m":0.02662,"gas_method":"exact"},"2023-09":{"txs":44,"uniq":16,"trade":0,"nft":3,"gas":0.001387,"bal":0.000766,"days":23,"spread":0.766667,"streak":19,"rank_m":25839,"pct_m":0.027471,"gas_method":"exact"},"2023-10":{"txs":60,"uniq":23,"trade":1,"nft":9,"gas":0.000765,"bal":0.002279,"days":31,"spread":1,"streak":31,"rank_m":8069,"pct_m":0.008578,"gas_method":"exact"},"2023-11":{"txs":37,"uniq":8,"trade":0,"nft":1,"gas":0.000233,"bal":0.002304,"days":30,"spread":1,"streak":30,"rank_m":18836,"pct_m":0.020026,"gas_method":"exact"},"2023-12":{"txs":10,"uniq":6,"trade":0,"nft":2,"gas":0.000053,"bal":0.000221,"days":8,"spread":0.258065,"streak":1,"rank_m":67367,"pct_m":0.071625,"gas_method":"exact"},"2024-01":{"txs":12,"uniq":8,"trade":0,"nft":1,"gas":0.000038,"bal":0.000392,"days":5,"spread":0.16129,"streak":1,"rank_m":87923,"pct_m":0.09348,"gas_method":"exact"},"2024-02":{"txs":36,"uniq":11,"trade":0,"nft":16,"gas":0.000438,"bal":0.001399,"days":6,"spread":0.206897,"streak":2,"rank_m":74627,"pct_m":0.079344,"gas_method":"estimated"},"2024-03":{"txs":23,"uniq":13,"trade":0,"nft":6,"gas":0.000419,"bal":0.00061,"days":7,"spread":0.225806,"streak":3,"rank_m":163459,"pct_m":0.173791,"gas_method":"estimated"},"2024-04":{"txs":28,"uniq":11,"trade":0,"nft":4,"gas":0.000063,"bal":0.000094,"days":7,"spread":0.233333,"streak":4,"rank_m":286667,"pct_m":0.304788,"gas_method":"estimated"},"2024-05":{"txs":6,"uniq":3,"trade":0,"nft":5,"gas":0.000004,"bal":0.000047,"days":4,"spread":0.129032,"streak":1,"rank_m":397813,"pct_m":0.422961,"gas_method":"estimated"},"2024-06":{"txs":3,"uniq":1,"trade":0,"nft":5,"gas":0,"bal":0.000085,"days":3,"spread":0.1,"streak":2,"rank_m":410587,"pct_m":0.436542,"gas_method":"estimated"},"2024-07":{"txs":2,"uniq":2,"trade":0,"nft":4,"gas":0,"bal":0.000161,"days":2,"spread":0.064516,"streak":1,"rank_m":422066,"pct_m":0.448747,"gas_method":"estimated"},"2024-08":{"txs":5,"uniq":4,"trade":0,"nft":3,"gas":0,"bal":0.000109,"days":3,"spread":0.096774,"streak":2,"rank_m":400857,"pct_m":0.426197,"gas_method":"estimated"},"2024-09":{"txs":8,"uniq":6,"trade":0,"nft":3,"gas":0,"bal":0.000253,"days":2,"spread":0.066667,"streak":1,"rank_m":338374,"pct_m":0.359764,"gas_method":"estimated"},"2024-10":{"txs":7,"uniq":5,"trade":0,"nft":2,"gas":0,"bal":0.000265,"days":4,"spread":0.129032,"streak":2,"rank_m":372639,"pct_m":0.396195,"gas_method":"estimated"},"2024-11":{"txs":4,"uniq":3,"trade":0,"nft":0,"gas":0.000007,"bal":0.00004,"days":3,"spread":0.1,"streak":1,"rank_m":454410,"pct_m":0.483136,"gas_method":"exact"},"2024-12":{"txs":16,"uniq":11,"trade":0,"nft":0,"gas":0.000243,"bal":0.000176,"days":6,"spread":0.193548,"streak":1,"rank_m":346282,"pct_m":0.368172,"gas_method":"exact"},"2025-01":{"txs":2,"uniq":1,"trade":0,"nft":0,"gas":0.000026,"bal":0.000134,"days":2,"spread":0.064516,"streak":1,"rank_m":542932,"pct_m":0.577254,"gas_method":"exact"},"2025-02":{"txs":2,"uniq":2,"trade":0,"nft":0,"gas":0.000014,"bal":0.000364,"days":2,"spread":0.071429,"streak":1,"rank_m":471401,"pct_m":0.501201,"gas_method":"exact"},"2025-03":{"txs":6,"uniq":3,"trade":0,"nft":1,"gas":0.000032,"bal":0.000066,"days":3,"spread":0.096774,"streak":2,"rank_m":356990,"pct_m":0.379557,"gas_method":"exact"},"2025-04":{"txs":8,"uniq":3,"trade":0,"nft":0,"gas":0.000042,"bal":0.000031,"days":2,"spread":0.066667,"streak":1,"rank_m":426298,"pct_m":0.453247,"gas_method":"exact"},"2025-05":{"txs":5,"uniq":3,"trade":0,"nft":0,"gas":0.000035,"bal":0.000188,"days":2,"spread":0.064516,"streak":1,"rank_m":542843,"pct_m":0.577159,"gas_method":"estimated"},"2025-06":{"txs":3,"uniq":3,"trade":0,"nft":0,"gas":0.000021,"bal":0.00015,"days":2,"spread":0.066667,"streak":1,"rank_m":589942,"pct_m":0.627236,"gas_method":"estimated"},"2025-07":{"txs":2,"uniq":2,"trade":0,"nft":0,"gas":0.000014,"bal":0.000148,"days":2,"spread":0.064516,"streak":1,"rank_m":608621,"pct_m":0.647096,"gas_method":"estimated"},"2025-08":{"txs":4,"uniq":3,"trade":0,"nft":2,"gas":0.000028,"bal":0.000079,"days":2,"spread":0.064516,"streak":1,"rank_m":489419,"pct_m":0.520358,"gas_method":"estimated"},"2025-09":{"txs":13,"uniq":9,"trade":0,"nft":0,"gas":0.000091,"bal":0.000032,"days":3,"spread":0.1,"streak":1,"rank_m":536050,"pct_m":0.569937,"gas_method":"estimated"},"2025-10":{"txs":0,"uniq":0,"trade":0,"nft":0,"gas":0,"bal":0.000032,"days":0,"spread":0,"streak":0,"rank_m":798148,"pct_m":0.848604}}}