{"wallet":"0xc883dea78f05a6fe299472ab978e6939060a645e","rank":300247,"lifetime":{"months_active":19,"first":"2023-07","last":"2025-10","tx_sum":242,"uniq_sum":138,"trade_sum":3,"nft_sum":27,"gas_sum":0.001103,"avg_balance_eth_mean":0.003645,"streak_best_days":3,"gas_sum_filled":0.001103},"months":{"2023-07":{"txs":0,"uniq":0,"trade":0,"nft":0,"gas":0,"bal":0,"days":0,"spread":0,"streak":0,"rank_m":244173,"pct_m":0.259608},"2023-08":{"txs":1,"uniq":1,"trade":0,"nft":0,"gas":0.000093,"bal":0.000036,"days":1,"spread":0.032258,"streak":1,"rank_m":154383,"pct_m":0.164142,"gas_method":"exact"},"2023-09":{"txs":0,"uniq":0,"trade":0,"nft":0,"gas":0,"bal":0.000036,"days":0,"spread":0,"streak":0,"rank_m":206685,"pct_m":0.21975},"2023-10":{"txs":0,"uniq":0,"trade":0,"nft":0,"gas":0,"bal":0.000036,"days":0,"spread":0,"streak":0,"rank_m":218978,"pct_m":0.23282},"2023-11":{"txs":0,"uniq":0,"trade":0,"nft":0,"gas":0,"bal":0.000036,"days":0,"spread":0,"streak":0,"rank_m":232616,"pct_m":0.24732},"2023-12":{"txs":0,"uniq":0,"trade":0,"nft":0,"gas":0,"bal":0.000036,"days":0,"spread":0,"streak":0,"rank_m":259820,"pct_m":0.276244},"2024-01":{"txs":2,"uniq":1,"trade":0,"nft":0,"gas":0.000048,"bal":0.001519,"days":1,"spread":0.032258,"streak":1,"rank_m":171221,"pct_m":0.182044,"gas_method":"estimated"},"2024-02":{"txs":2,"uniq":1,"trade":0,"nft":0,"gas":0.000102,"bal":0.001267,"days":1,"spread":0.034483,"streak":1,"rank_m":208733,"pct_m":0.221928,"gas_method":"exact"},"2024-03":{"txs":1,"uniq":1,"trade":0,"nft":0,"gas":0.00002,"bal":0.001227,"days":1,"spread":0.032258,"streak":1,"rank_m":339336,"pct_m":0.360787,"gas_method":"estimated"},"2024-04":{"txs":25,"uniq":14,"trade":0,"nft":10,"gas":0.000063,"bal":0.002966,"days":4,"spread":0.133333,"streak":2,"rank_m":221868,"pct_m":0.235893,"gas_method":"estimated"},"2024-05":{"txs":0,"uniq":0,"trade":0,"nft":0,"gas":0,"bal":0.002966,"days":0,"spread":0,"streak":0,"rank_m":486026,"pct_m":0.51675},"2024-06":{"txs":0,"uniq":0,"trade":0,"nft":0,"gas":0,"bal":0.002966,"days":0,"spread":0,"streak":0,"rank_m":503972,"pct_m":0.535831},"2024-07":{"txs":0,"uniq":0,"trade":0,"nft":0,"gas":0,"bal":0.002966,"days":0,"spread":0,"streak":0,"rank_m":511449,"pct_m":0.543781},"2024-08":{"txs":34,"uniq":17,"trade":0,"nft":2,"gas":0.000003,"bal":0.00875,"days":1,"spread":0.032258,"streak":1,"rank_m":199441,"pct_m":0.212048,"gas_method":"estimated"},"2024-09":{"txs":42,"uniq":26,"trade":0,"nft":6,"gas":0.000002,"bal":0.00972,"days":3,"spread":0.1,"streak":1,"rank_m":90508,"pct_m":0.096229,"gas_method":"estimated"},"2024-10":{"txs":45,"uniq":21,"trade":0,"nft":9,"gas":0,"bal":0.008709,"days":6,"spread":0.193548,"streak":3,"rank_m":56025,"pct_m":0.059566,"gas_method":"exact"},"2024-11":{"txs":32,"uniq":18,"trade":0,"nft":0,"gas":0.000074,"bal":0.004752,"days":6,"spread":0.2,"streak":2,"rank_m":139962,"pct_m":0.148809,"gas_method":"exact"},"2024-12":{"txs":2,"uniq":2,"trade":0,"nft":0,"gas":0.000044,"bal":0.002528,"days":1,"spread":0.032258,"streak":1,"rank_m":502011,"pct_m":0.533746,"gas_method":"exact"},"2025-01":{"txs":14,"uniq":9,"trade":0,"nft":0,"gas":0.000364,"bal":0.002516,"days":1,"spread":0.032258,"streak":1,"rank_m":312037,"pct_m":0.331762,"gas_method":"exact"},"2025-02":{"txs":13,"uniq":8,"trade":3,"nft":0,"gas":0.000091,"bal":0.002497,"days":3,"spread":0.107143,"streak":1,"rank_m":189438,"pct_m":0.201413,"gas_method":"exact"},"2025-03":{"txs":5,"uniq":5,"trade":0,"nft":0,"gas":0.00004,"bal":0.002391,"days":3,"spread":0.096774,"streak":2,"rank_m":285964,"pct_m":0.304041,"gas_method":"exact"},"2025-04":{"txs":9,"uniq":2,"trade":0,"nft":0,"gas":0.000054,"bal":0.002037,"days":5,"spread":0.166667,"streak":2,"rank_m":259202,"pct_m":0.275587,"gas_method":"exact"},"2025-05":{"txs":3,"uniq":1,"trade":0,"nft":0,"gas":0.000021,"bal":0.001799,"days":3,"spread":0.096774,"streak":1,"rank_m":399887,"pct_m":0.425166,"gas_method":"estimated"},"2025-06":{"txs":7,"uniq":6,"trade":0,"nft":0,"gas":0.000049,"bal":0.009932,"days":4,"spread":0.133333,"streak":3,"rank_m":200666,"pct_m":0.213351,"gas_method":"estimated"},"2025-07":{"txs":3,"uniq":3,"trade":0,"nft":0,"gas":0.000021,"bal":0.011933,"days":1,"spread":0.032258,"streak":1,"rank_m":314057,"pct_m":0.33391,"gas_method":"estimated"},"2025-08":{"txs":1,"uniq":1,"trade":0,"nft":0,"gas":0.000007,"bal":0.00722,"days":1,"spread":0.032258,"streak":1,"rank_m":364173,"pct_m":0.387194,"gas_method":"estimated"},"2025-09":{"txs":0,"uniq":0,"trade":0,"nft":0,"gas":0,"bal":0.00722,"days":0,"spread":0,"streak":0,"rank_m":495963,"pct_m":0.527316},"2025-10":{"txs":1,"uniq":1,"trade":0,"nft":0,"gas":0.000007,"bal":0.004,"days":1,"spread":0.032258,"streak":1,"rank_m":291989,"pct_m":0.310447,"gas_method":"estimated"}}}