{"wallet":"0xc8763b39629e7043267f1e89c24381a82c5bc7ce","rank":199091,"lifetime":{"months_active":14,"first":"2023-07","last":"2025-10","tx_sum":302,"uniq_sum":146,"trade_sum":5,"nft_sum":31,"gas_sum":0.002694,"avg_balance_eth_mean":0.005226,"streak_best_days":6,"gas_sum_filled":0.002694},"months":{"2023-07":{"txs":0,"uniq":0,"trade":0,"nft":0,"gas":0,"bal":0,"days":0,"spread":0,"streak":0,"rank_m":244365,"pct_m":0.259812},"2023-08":{"txs":0,"uniq":0,"trade":0,"nft":0,"gas":0,"bal":0,"days":0,"spread":0,"streak":0,"rank_m":334138,"pct_m":0.35526},"2023-09":{"txs":0,"uniq":0,"trade":0,"nft":0,"gas":0,"bal":0,"days":0,"spread":0,"streak":0,"rank_m":353798,"pct_m":0.376163},"2023-10":{"txs":0,"uniq":0,"trade":0,"nft":0,"gas":0,"bal":0,"days":0,"spread":0,"streak":0,"rank_m":372046,"pct_m":0.395565},"2023-11":{"txs":0,"uniq":0,"trade":0,"nft":0,"gas":0,"bal":0,"days":0,"spread":0,"streak":0,"rank_m":388500,"pct_m":0.413059},"2023-12":{"txs":0,"uniq":0,"trade":0,"nft":0,"gas":0,"bal":0,"days":0,"spread":0,"streak":0,"rank_m":409310,"pct_m":0.435185},"2024-01":{"txs":0,"uniq":0,"trade":0,"nft":0,"gas":0,"bal":0,"days":0,"spread":0,"streak":0,"rank_m":426588,"pct_m":0.453555},"2024-02":{"txs":6,"uniq":4,"trade":0,"nft":8,"gas":0.000022,"bal":0.000428,"days":4,"spread":0.137931,"streak":1,"rank_m":170224,"pct_m":0.180984,"gas_method":"estimated"},"2024-03":{"txs":34,"uniq":10,"trade":0,"nft":5,"gas":0.001327,"bal":0.001488,"days":15,"spread":0.483871,"streak":4,"rank_m":71747,"pct_m":0.076282,"gas_method":"exact"},"2024-04":{"txs":13,"uniq":7,"trade":4,"nft":3,"gas":0.000009,"bal":0.001761,"days":4,"spread":0.133333,"streak":2,"rank_m":262797,"pct_m":0.279409,"gas_method":"estimated"},"2024-05":{"txs":19,"uniq":11,"trade":0,"nft":5,"gas":0.000021,"bal":0.007269,"days":9,"spread":0.290323,"streak":3,"rank_m":99609,"pct_m":0.105905,"gas_method":"exact"},"2024-06":{"txs":32,"uniq":21,"trade":0,"nft":4,"gas":0.000001,"bal":0.031871,"days":7,"spread":0.233333,"streak":2,"rank_m":45907,"pct_m":0.048808,"gas_method":"exact"},"2024-07":{"txs":25,"uniq":13,"trade":0,"nft":2,"gas":0.000007,"bal":0.031126,"days":6,"spread":0.193548,"streak":1,"rank_m":66423,"pct_m":0.070621,"gas_method":"exact"},"2024-08":{"txs":11,"uniq":9,"trade":0,"nft":0,"gas":0.000002,"bal":0.014138,"days":3,"spread":0.096774,"streak":1,"rank_m":196322,"pct_m":0.208732,"gas_method":"exact"},"2024-09":{"txs":3,"uniq":2,"trade":0,"nft":1,"gas":0,"bal":0.027956,"days":3,"spread":0.1,"streak":1,"rank_m":208491,"pct_m":0.22167,"gas_method":"estimated"},"2024-10":{"txs":20,"uniq":14,"trade":1,"nft":3,"gas":0,"bal":0.005521,"days":6,"spread":0.193548,"streak":2,"rank_m":121298,"pct_m":0.128965,"gas_method":"estimated"},"2024-11":{"txs":76,"uniq":23,"trade":0,"nft":0,"gas":0.000161,"bal":0.014927,"days":17,"spread":0.566667,"streak":6,"rank_m":37288,"pct_m":0.039644,"gas_method":"exact"},"2024-12":{"txs":36,"uniq":17,"trade":0,"nft":0,"gas":0.000772,"bal":0.00506,"days":9,"spread":0.290323,"streak":3,"rank_m":130472,"pct_m":0.138719,"gas_method":"exact"},"2025-01":{"txs":10,"uniq":5,"trade":0,"nft":0,"gas":0.00026,"bal":0.000068,"days":2,"spread":0.064516,"streak":1,"rank_m":419563,"pct_m":0.446086,"gas_method":"exact"},"2025-02":{"txs":14,"uniq":7,"trade":0,"nft":0,"gas":0.000091,"bal":0.000988,"days":5,"spread":0.178571,"streak":1,"rank_m":236266,"pct_m":0.251201,"gas_method":"exact"},"2025-03":{"txs":0,"uniq":0,"trade":0,"nft":0,"gas":0,"bal":0.000988,"days":0,"spread":0,"streak":0,"rank_m":643982,"pct_m":0.684692},"2025-04":{"txs":0,"uniq":0,"trade":0,"nft":0,"gas":0,"bal":0.000988,"days":0,"spread":0,"streak":0,"rank_m":671716,"pct_m":0.714179},"2025-05":{"txs":3,"uniq":3,"trade":0,"nft":0,"gas":0.000021,"bal":0.000295,"days":2,"spread":0.064516,"streak":1,"rank_m":524456,"pct_m":0.55761,"gas_method":"estimated"},"2025-06":{"txs":0,"uniq":0,"trade":0,"nft":0,"gas":0,"bal":0.000295,"days":0,"spread":0,"streak":0,"rank_m":736670,"pct_m":0.78324},"2025-07":{"txs":0,"uniq":0,"trade":0,"nft":0,"gas":0,"bal":0.000295,"days":0,"spread":0,"streak":0,"rank_m":759596,"pct_m":0.807615},"2025-08":{"txs":0,"uniq":0,"trade":0,"nft":0,"gas":0,"bal":0.000295,"days":0,"spread":0,"streak":0,"rank_m":737188,"pct_m":0.78379},"2025-09":{"txs":0,"uniq":0,"trade":0,"nft":0,"gas":0,"bal":0.000295,"days":0,"spread":0,"streak":0,"rank_m":725837,"pct_m":0.771722},"2025-10":{"txs":0,"uniq":0,"trade":0,"nft":0,"gas":0,"bal":0.000295,"days":0,"spread":0,"streak":0,"rank_m":649640,"pct_m":0.690708}}}