{"wallet":"0xc83533a213b2a4977c4455be8320673494e21f1a","rank":78338,"lifetime":{"months_active":25,"first":"2023-07","last":"2025-10","tx_sum":330,"uniq_sum":160,"trade_sum":5,"nft_sum":35,"gas_sum":0.003867,"avg_balance_eth_mean":0.059661,"streak_best_days":7,"gas_sum_filled":0.003867},"months":{"2023-07":{"txs":0,"uniq":0,"trade":0,"nft":0,"gas":0,"bal":0,"days":0,"spread":0,"streak":0,"rank_m":245283,"pct_m":0.260788},"2023-08":{"txs":6,"uniq":3,"trade":0,"nft":0,"gas":0.000452,"bal":0.000024,"days":2,"spread":0.064516,"streak":2,"rank_m":126288,"pct_m":0.134271,"gas_method":"exact"},"2023-09":{"txs":0,"uniq":0,"trade":0,"nft":0,"gas":0,"bal":0.000024,"days":0,"spread":0,"streak":0,"rank_m":208375,"pct_m":0.221547},"2023-10":{"txs":2,"uniq":1,"trade":0,"nft":2,"gas":0.000013,"bal":0.000278,"days":2,"spread":0.064516,"streak":1,"rank_m":127493,"pct_m":0.135552,"gas_method":"estimated"},"2023-11":{"txs":4,"uniq":2,"trade":0,"nft":2,"gas":0.000046,"bal":0.002182,"days":3,"spread":0.1,"streak":2,"rank_m":77724,"pct_m":0.082636,"gas_method":"estimated"},"2023-12":{"txs":38,"uniq":16,"trade":0,"nft":7,"gas":0.000133,"bal":0.007542,"days":15,"spread":0.483871,"streak":6,"rank_m":6685,"pct_m":0.007107,"gas_method":"exact"},"2024-01":{"txs":16,"uniq":10,"trade":0,"nft":3,"gas":0.000341,"bal":0.006015,"days":7,"spread":0.225806,"streak":3,"rank_m":21965,"pct_m":0.023353,"gas_method":"exact"},"2024-02":{"txs":7,"uniq":5,"trade":0,"nft":4,"gas":0.000079,"bal":0.004344,"days":3,"spread":0.103448,"streak":1,"rank_m":120249,"pct_m":0.12785,"gas_method":"estimated"},"2024-03":{"txs":0,"uniq":0,"trade":0,"nft":0,"gas":0,"bal":0.004344,"days":0,"spread":0,"streak":0,"rank_m":366095,"pct_m":0.389238},"2024-04":{"txs":3,"uniq":2,"trade":0,"nft":1,"gas":0.000006,"bal":0.005452,"days":2,"spread":0.066667,"streak":1,"rank_m":363292,"pct_m":0.386257,"gas_method":"estimated"},"2024-05":{"txs":13,"uniq":8,"trade":0,"nft":2,"gas":0.000009,"bal":0.004164,"days":4,"spread":0.129032,"streak":2,"rank_m":249572,"pct_m":0.265348,"gas_method":"estimated"},"2024-06":{"txs":4,"uniq":3,"trade":0,"nft":2,"gas":0,"bal":0.000557,"days":2,"spread":0.066667,"streak":1,"rank_m":406661,"pct_m":0.432368,"gas_method":"estimated"},"2024-07":{"txs":1,"uniq":1,"trade":0,"nft":1,"gas":0.000003,"bal":0.000223,"days":1,"spread":0.032258,"streak":1,"rank_m":395041,"pct_m":0.420014,"gas_method":"exact"},"2024-08":{"txs":3,"uniq":3,"trade":0,"nft":2,"gas":0,"bal":0.000816,"days":1,"spread":0.032258,"streak":1,"rank_m":419240,"pct_m":0.445742,"gas_method":"estimated"},"2024-09":{"txs":1,"uniq":1,"trade":0,"nft":1,"gas":0,"bal":0.003176,"days":1,"spread":0.033333,"streak":1,"rank_m":353858,"pct_m":0.376227,"gas_method":"estimated"},"2024-10":{"txs":22,"uniq":6,"trade":0,"nft":3,"gas":0.000004,"bal":0.00584,"days":9,"spread":0.290323,"streak":2,"rank_m":103974,"pct_m":0.110546,"gas_method":"exact"},"2024-11":{"txs":3,"uniq":2,"trade":0,"nft":1,"gas":0.000007,"bal":0.005289,"days":3,"spread":0.1,"streak":1,"rank_m":342212,"pct_m":0.363845,"gas_method":"exact"},"2024-12":{"txs":14,"uniq":8,"trade":0,"nft":0,"gas":0.000309,"bal":0.005245,"days":6,"spread":0.193548,"streak":2,"rank_m":251683,"pct_m":0.267593,"gas_method":"exact"},"2025-01":{"txs":60,"uniq":18,"trade":2,"nft":1,"gas":0.001559,"bal":0.01387,"days":19,"spread":0.612903,"streak":6,"rank_m":23720,"pct_m":0.025218,"gas_method":"exact"},"2025-02":{"txs":30,"uniq":12,"trade":0,"nft":1,"gas":0.000197,"bal":0.043342,"days":12,"spread":0.428571,"streak":6,"rank_m":27400,"pct_m":0.029131,"gas_method":"exact"},"2025-03":{"txs":17,"uniq":9,"trade":2,"nft":0,"gas":0.000119,"bal":0.008142,"days":6,"spread":0.193548,"streak":3,"rank_m":89418,"pct_m":0.09507,"gas_method":"exact"},"2025-04":{"txs":8,"uniq":7,"trade":0,"nft":0,"gas":0.000042,"bal":0.006477,"days":4,"spread":0.133333,"streak":2,"rank_m":193473,"pct_m":0.205703,"gas_method":"exact"},"2025-05":{"txs":9,"uniq":6,"trade":0,"nft":0,"gas":0.000063,"bal":0.083015,"days":3,"spread":0.096774,"streak":1,"rank_m":82566,"pct_m":0.087785,"gas_method":"estimated"},"2025-06":{"txs":6,"uniq":5,"trade":0,"nft":0,"gas":0.000042,"bal":0.138372,"days":3,"spread":0.1,"streak":1,"rank_m":140137,"pct_m":0.148995,"gas_method":"estimated"},"2025-07":{"txs":10,"uniq":6,"trade":0,"nft":1,"gas":0.00007,"bal":0.332436,"days":4,"spread":0.129032,"streak":1,"rank_m":108394,"pct_m":0.115245,"gas_method":"estimated"},"2025-08":{"txs":19,"uniq":12,"trade":0,"nft":1,"gas":0.000134,"bal":0.82021,"days":5,"spread":0.16129,"streak":1,"rank_m":49049,"pct_m":0.052149,"gas_method":"estimated"},"2025-09":{"txs":12,"uniq":6,"trade":1,"nft":0,"gas":0.000084,"bal":0.166574,"days":3,"spread":0.1,"streak":2,"rank_m":68269,"pct_m":0.072584,"gas_method":"estimated"},"2025-10":{"txs":22,"uniq":8,"trade":0,"nft":0,"gas":0.000155,"bal":0.002566,"days":2,"spread":0.064516,"streak":1,"rank_m":210763,"pct_m":0.224086,"gas_method":"estimated"}}}