{"wallet":"0xc822cb0cdcfa04efaaf4fc58d3a94df87cde2297","rank":19039,"lifetime":{"months_active":22,"first":"2023-07","last":"2025-10","tx_sum":1289,"uniq_sum":277,"trade_sum":37,"nft_sum":138,"gas_sum":0.005132,"avg_balance_eth_mean":0.014163,"streak_best_days":31,"gas_sum_filled":0.005132},"months":{"2023-07":{"txs":0,"uniq":0,"trade":0,"nft":0,"gas":0,"bal":0,"days":0,"spread":0,"streak":0,"rank_m":245525,"pct_m":0.261046},"2023-08":{"txs":0,"uniq":0,"trade":0,"nft":0,"gas":0,"bal":0,"days":0,"spread":0,"streak":0,"rank_m":335162,"pct_m":0.356349},"2023-09":{"txs":0,"uniq":0,"trade":0,"nft":0,"gas":0,"bal":0,"days":0,"spread":0,"streak":0,"rank_m":354933,"pct_m":0.37737},"2023-10":{"txs":0,"uniq":0,"trade":0,"nft":0,"gas":0,"bal":0,"days":0,"spread":0,"streak":0,"rank_m":373153,"pct_m":0.396742},"2023-11":{"txs":0,"uniq":0,"trade":0,"nft":0,"gas":0,"bal":0,"days":0,"spread":0,"streak":0,"rank_m":389616,"pct_m":0.414246},"2023-12":{"txs":22,"uniq":19,"trade":2,"nft":26,"gas":0.000489,"bal":0.002016,"days":5,"spread":0.16129,"streak":2,"rank_m":35568,"pct_m":0.037815,"gas_method":"estimated"},"2024-01":{"txs":9,"uniq":6,"trade":0,"nft":2,"gas":0.000076,"bal":0.00457,"days":4,"spread":0.129032,"streak":1,"rank_m":59062,"pct_m":0.062795,"gas_method":"exact"},"2024-02":{"txs":15,"uniq":12,"trade":0,"nft":7,"gas":0.000175,"bal":0.005414,"days":7,"spread":0.241379,"streak":2,"rank_m":53118,"pct_m":0.056475,"gas_method":"estimated"},"2024-03":{"txs":17,"uniq":13,"trade":3,"nft":8,"gas":0.000111,"bal":0.006288,"days":6,"spread":0.193548,"streak":1,"rank_m":94402,"pct_m":0.100369,"gas_method":"exact"},"2024-04":{"txs":46,"uniq":16,"trade":20,"nft":8,"gas":0.001256,"bal":0.010591,"days":10,"spread":0.333333,"streak":4,"rank_m":47959,"pct_m":0.05099,"gas_method":"exact"},"2024-05":{"txs":7,"uniq":7,"trade":0,"nft":4,"gas":0.000005,"bal":0.009811,"days":4,"spread":0.129032,"streak":2,"rank_m":217973,"pct_m":0.231752,"gas_method":"estimated"},"2024-06":{"txs":49,"uniq":27,"trade":10,"nft":11,"gas":0,"bal":0.014145,"days":8,"spread":0.266667,"streak":2,"rank_m":29589,"pct_m":0.031458,"gas_method":"exact"},"2024-07":{"txs":402,"uniq":33,"trade":0,"nft":28,"gas":0.000044,"bal":0.023403,"days":25,"spread":0.806452,"streak":12,"rank_m":8294,"pct_m":0.008817,"gas_method":"estimated"},"2024-08":{"txs":129,"uniq":32,"trade":0,"nft":31,"gas":0.000026,"bal":0.022316,"days":13,"spread":0.419355,"streak":3,"rank_m":9056,"pct_m":0.009627,"gas_method":"exact"},"2024-09":{"txs":206,"uniq":11,"trade":0,"nft":5,"gas":0.000024,"bal":0.026263,"days":20,"spread":0.666667,"streak":10,"rank_m":5948,"pct_m":0.006323,"gas_method":"exact"},"2024-10":{"txs":15,"uniq":14,"trade":0,"nft":4,"gas":0.000001,"bal":0.011858,"days":7,"spread":0.225806,"streak":2,"rank_m":105991,"pct_m":0.11269,"gas_method":"estimated"},"2024-11":{"txs":6,"uniq":5,"trade":0,"nft":0,"gas":0.000014,"bal":0.010084,"days":3,"spread":0.1,"streak":1,"rank_m":305608,"pct_m":0.324927,"gas_method":"exact"},"2024-12":{"txs":25,"uniq":20,"trade":2,"nft":1,"gas":0.000551,"bal":0.011463,"days":9,"spread":0.290323,"streak":2,"rank_m":98367,"pct_m":0.104584,"gas_method":"exact"},"2025-01":{"txs":4,"uniq":4,"trade":0,"nft":0,"gas":0.000104,"bal":0.008439,"days":2,"spread":0.064516,"streak":1,"rank_m":375426,"pct_m":0.399159,"gas_method":"exact"},"2025-02":{"txs":28,"uniq":14,"trade":0,"nft":0,"gas":0.000197,"bal":0.010085,"days":9,"spread":0.321429,"streak":2,"rank_m":70396,"pct_m":0.074845,"gas_method":"exact"},"2025-03":{"txs":27,"uniq":5,"trade":0,"nft":0,"gas":0.000213,"bal":0.01011,"days":23,"spread":0.741935,"streak":10,"rank_m":68652,"pct_m":0.072991,"gas_method":"exact"},"2025-04":{"txs":20,"uniq":5,"trade":0,"nft":0,"gas":0.000001,"bal":0.003472,"days":17,"spread":0.566667,"streak":5,"rank_m":232381,"pct_m":0.247071,"gas_method":"exact"},"2025-05":{"txs":14,"uniq":6,"trade":0,"nft":0,"gas":0.000099,"bal":0.011467,"days":9,"spread":0.290323,"streak":3,"rank_m":86218,"pct_m":0.091667,"gas_method":"estimated"},"2025-06":{"txs":0,"uniq":0,"trade":0,"nft":0,"gas":0,"bal":0.011467,"days":0,"spread":0,"streak":0,"rank_m":461006,"pct_m":0.490149},"2025-07":{"txs":198,"uniq":18,"trade":0,"nft":2,"gas":0.001394,"bal":0.025848,"days":28,"spread":0.903226,"streak":28,"rank_m":7776,"pct_m":0.008267,"gas_method":"estimated"},"2025-08":{"txs":23,"uniq":3,"trade":0,"nft":0,"gas":0.000162,"bal":0.047764,"days":19,"spread":0.612903,"streak":6,"rank_m":52663,"pct_m":0.055991,"gas_method":"estimated"},"2025-09":{"txs":20,"uniq":5,"trade":0,"nft":1,"gas":0.000141,"bal":0.09493,"days":12,"spread":0.4,"streak":3,"rank_m":40085,"pct_m":0.042618,"gas_method":"estimated"},"2025-10":{"txs":7,"uniq":2,"trade":0,"nft":0,"gas":0.000049,"bal":0.014754,"days":6,"spread":0.193548,"streak":3,"rank_m":93014,"pct_m":0.098893,"gas_method":"estimated"}}}