{"wallet":"0xc88851f604a99e25043a19a6d48f3446f7220b34","rank":143829,"lifetime":{"months_active":27,"first":"2023-07","last":"2025-10","tx_sum":226,"uniq_sum":133,"trade_sum":18,"nft_sum":12,"gas_sum":0.003945,"avg_balance_eth_mean":0.031597,"streak_best_days":2,"gas_sum_filled":0.003945},"months":{"2023-07":{"txs":0,"uniq":0,"trade":0,"nft":0,"gas":0,"bal":0,"days":0,"spread":0,"streak":0,"rank_m":244116,"pct_m":0.259547},"2023-08":{"txs":1,"uniq":1,"trade":0,"nft":0,"gas":0.000026,"bal":0.003029,"days":1,"spread":0.032258,"streak":1,"rank_m":141509,"pct_m":0.150454,"gas_method":"exact"},"2023-09":{"txs":29,"uniq":11,"trade":12,"nft":0,"gas":0.001297,"bal":0.022814,"days":3,"spread":0.1,"streak":1,"rank_m":32225,"pct_m":0.034261,"gas_method":"estimated"},"2023-10":{"txs":6,"uniq":5,"trade":0,"nft":0,"gas":0.000071,"bal":0.055517,"days":3,"spread":0.096774,"streak":1,"rank_m":54011,"pct_m":0.057424,"gas_method":"estimated"},"2023-11":{"txs":8,"uniq":5,"trade":0,"nft":1,"gas":0.000164,"bal":0.057128,"days":3,"spread":0.1,"streak":1,"rank_m":37480,"pct_m":0.039848,"gas_method":"estimated"},"2023-12":{"txs":10,"uniq":7,"trade":0,"nft":0,"gas":0.001036,"bal":0.058534,"days":3,"spread":0.096774,"streak":1,"rank_m":34854,"pct_m":0.037056,"gas_method":"exact"},"2024-01":{"txs":9,"uniq":7,"trade":0,"nft":1,"gas":0.000105,"bal":0.02818,"days":5,"spread":0.16129,"streak":2,"rank_m":35535,"pct_m":0.03778,"gas_method":"exact"},"2024-02":{"txs":11,"uniq":5,"trade":0,"nft":2,"gas":0.000222,"bal":0.019475,"days":3,"spread":0.103448,"streak":2,"rank_m":79406,"pct_m":0.084425,"gas_method":"estimated"},"2024-03":{"txs":2,"uniq":2,"trade":0,"nft":0,"gas":0.00006,"bal":0.052078,"days":2,"spread":0.064516,"streak":1,"rank_m":231462,"pct_m":0.246093,"gas_method":"estimated"},"2024-04":{"txs":1,"uniq":1,"trade":0,"nft":0,"gas":0.000004,"bal":0.044807,"days":1,"spread":0.033333,"streak":1,"rank_m":348682,"pct_m":0.370724,"gas_method":"estimated"},"2024-05":{"txs":4,"uniq":4,"trade":0,"nft":0,"gas":0.000005,"bal":0.030535,"days":2,"spread":0.064516,"streak":1,"rank_m":296167,"pct_m":0.314889,"gas_method":"estimated"},"2024-06":{"txs":1,"uniq":1,"trade":0,"nft":1,"gas":0,"bal":0.010857,"days":1,"spread":0.033333,"streak":1,"rank_m":355551,"pct_m":0.378027,"gas_method":"estimated"},"2024-07":{"txs":5,"uniq":4,"trade":1,"nft":1,"gas":0.000001,"bal":0.030215,"days":2,"spread":0.064516,"streak":1,"rank_m":185208,"pct_m":0.196915,"gas_method":"estimated"},"2024-08":{"txs":12,"uniq":8,"trade":2,"nft":2,"gas":0.000002,"bal":0.035997,"days":4,"spread":0.129032,"streak":2,"rank_m":104025,"pct_m":0.1106,"gas_method":"estimated"},"2024-09":{"txs":7,"uniq":5,"trade":1,"nft":2,"gas":0,"bal":0.026354,"days":3,"spread":0.1,"streak":1,"rank_m":125069,"pct_m":0.132975,"gas_method":"estimated"},"2024-10":{"txs":10,"uniq":4,"trade":0,"nft":1,"gas":0.000001,"bal":0.014747,"days":3,"spread":0.096774,"streak":1,"rank_m":230977,"pct_m":0.245578,"gas_method":"estimated"},"2024-11":{"txs":7,"uniq":2,"trade":0,"nft":0,"gas":0.000016,"bal":0.068031,"days":2,"spread":0.066667,"streak":2,"rank_m":277568,"pct_m":0.295114,"gas_method":"exact"},"2024-12":{"txs":8,"uniq":6,"trade":0,"nft":0,"gas":0.000176,"bal":0.05707,"days":3,"spread":0.096774,"streak":1,"rank_m":299722,"pct_m":0.318669,"gas_method":"exact"},"2025-01":{"txs":5,"uniq":3,"trade":0,"nft":0,"gas":0.00013,"bal":0.046481,"days":3,"spread":0.096774,"streak":1,"rank_m":320081,"pct_m":0.340315,"gas_method":"exact"},"2025-02":{"txs":8,"uniq":5,"trade":1,"nft":0,"gas":0.000049,"bal":0.045835,"days":2,"spread":0.071429,"streak":1,"rank_m":190086,"pct_m":0.202102,"gas_method":"exact"},"2025-03":{"txs":9,"uniq":5,"trade":0,"nft":0,"gas":0.000071,"bal":0.018215,"days":2,"spread":0.064516,"streak":1,"rank_m":218476,"pct_m":0.232287,"gas_method":"exact"},"2025-04":{"txs":4,"uniq":3,"trade":0,"nft":0,"gas":0.000024,"bal":0.030053,"days":1,"spread":0.033333,"streak":1,"rank_m":313849,"pct_m":0.333689,"gas_method":"exact"},"2025-05":{"txs":16,"uniq":11,"trade":1,"nft":0,"gas":0.000113,"bal":0.021607,"days":5,"spread":0.16129,"streak":2,"rank_m":50407,"pct_m":0.053593,"gas_method":"estimated"},"2025-06":{"txs":27,"uniq":14,"trade":0,"nft":0,"gas":0.00019,"bal":0.023822,"days":4,"spread":0.133333,"streak":1,"rank_m":108588,"pct_m":0.115452,"gas_method":"estimated"},"2025-07":{"txs":9,"uniq":6,"trade":0,"nft":0,"gas":0.000063,"bal":0.044786,"days":3,"spread":0.096774,"streak":1,"rank_m":169945,"pct_m":0.180687,"gas_method":"estimated"},"2025-08":{"txs":11,"uniq":5,"trade":0,"nft":0,"gas":0.000077,"bal":0.015583,"days":3,"spread":0.096774,"streak":1,"rank_m":201820,"pct_m":0.214578,"gas_method":"estimated"},"2025-09":{"txs":2,"uniq":1,"trade":0,"nft":1,"gas":0.000014,"bal":0.012055,"days":1,"spread":0.033333,"streak":1,"rank_m":284273,"pct_m":0.302243,"gas_method":"estimated"},"2025-10":{"txs":4,"uniq":2,"trade":0,"nft":0,"gas":0.000028,"bal":0.010922,"days":1,"spread":0.032258,"streak":1,"rank_m":187106,"pct_m":0.198933,"gas_method":"estimated"}}}