{"wallet":"0xc8460e5b130775c584395c9a76e2526d8985e78d","rank":567955,"lifetime":{"months_active":15,"first":"2023-07","last":"2025-10","tx_sum":156,"uniq_sum":71,"trade_sum":1,"nft_sum":15,"gas_sum":0.006308,"avg_balance_eth_mean":0.004812,"streak_best_days":2,"gas_sum_filled":0.006308},"months":{"2023-07":{"txs":0,"uniq":0,"trade":0,"nft":0,"gas":0,"bal":0,"days":0,"spread":0,"streak":0,"rank_m":245047,"pct_m":0.260537},"2023-08":{"txs":12,"uniq":8,"trade":0,"nft":6,"gas":0.000666,"bal":0.001365,"days":6,"spread":0.193548,"streak":1,"rank_m":81078,"pct_m":0.086203,"gas_method":"exact"},"2023-09":{"txs":6,"uniq":5,"trade":0,"nft":0,"gas":0.000157,"bal":0.001121,"days":2,"spread":0.066667,"streak":1,"rank_m":86230,"pct_m":0.09168,"gas_method":"exact"},"2023-10":{"txs":0,"uniq":0,"trade":0,"nft":0,"gas":0,"bal":0.001121,"days":0,"spread":0,"streak":0,"rank_m":176970,"pct_m":0.188157},"2023-11":{"txs":96,"uniq":27,"trade":1,"nft":5,"gas":0.004406,"bal":0.001294,"days":2,"spread":0.066667,"streak":2,"rank_m":45729,"pct_m":0.048619,"gas_method":"estimated"},"2023-12":{"txs":2,"uniq":2,"trade":0,"nft":0,"gas":0.000172,"bal":0.003132,"days":1,"spread":0.032258,"streak":1,"rank_m":134630,"pct_m":0.14314,"gas_method":"estimated"},"2024-01":{"txs":1,"uniq":1,"trade":0,"nft":1,"gas":0.000041,"bal":0.00314,"days":1,"spread":0.032258,"streak":1,"rank_m":127332,"pct_m":0.135381,"gas_method":"exact"},"2024-02":{"txs":10,"uniq":10,"trade":0,"nft":1,"gas":0.000452,"bal":0.004661,"days":4,"spread":0.137931,"streak":1,"rank_m":107763,"pct_m":0.114574,"gas_method":"estimated"},"2024-03":{"txs":2,"uniq":2,"trade":0,"nft":1,"gas":0.000136,"bal":0.007078,"days":1,"spread":0.032258,"streak":1,"rank_m":265678,"pct_m":0.282473,"gas_method":"estimated"},"2024-04":{"txs":12,"uniq":6,"trade":0,"nft":0,"gas":0.0001,"bal":0.006766,"days":3,"spread":0.1,"streak":2,"rank_m":297360,"pct_m":0.316157,"gas_method":"estimated"},"2024-05":{"txs":1,"uniq":1,"trade":0,"nft":1,"gas":0.000003,"bal":0.007101,"days":1,"spread":0.032258,"streak":1,"rank_m":384078,"pct_m":0.408358,"gas_method":"estimated"},"2024-06":{"txs":0,"uniq":0,"trade":0,"nft":0,"gas":0,"bal":0.007101,"days":0,"spread":0,"streak":0,"rank_m":476576,"pct_m":0.506703},"2024-07":{"txs":0,"uniq":0,"trade":0,"nft":0,"gas":0,"bal":0.007101,"days":0,"spread":0,"streak":0,"rank_m":477949,"pct_m":0.508163},"2024-08":{"txs":0,"uniq":0,"trade":0,"nft":0,"gas":0,"bal":0.007101,"days":0,"spread":0,"streak":0,"rank_m":485421,"pct_m":0.516107},"2024-09":{"txs":0,"uniq":0,"trade":0,"nft":0,"gas":0,"bal":0.007101,"days":0,"spread":0,"streak":0,"rank_m":452864,"pct_m":0.481492},"2024-10":{"txs":0,"uniq":0,"trade":0,"nft":0,"gas":0,"bal":0.007101,"days":0,"spread":0,"streak":0,"rank_m":501023,"pct_m":0.532696},"2024-11":{"txs":1,"uniq":0,"trade":0,"nft":0,"gas":0.000009,"bal":0.005492,"days":1,"spread":0.033333,"streak":1,"rank_m":478419,"pct_m":0.508663,"gas_method":"estimated"},"2024-12":{"txs":5,"uniq":5,"trade":0,"nft":0,"gas":0.00011,"bal":0.005642,"days":2,"spread":0.064516,"streak":1,"rank_m":397837,"pct_m":0.422986,"gas_method":"exact"},"2025-01":{"txs":0,"uniq":0,"trade":0,"nft":0,"gas":0,"bal":0.005642,"days":0,"spread":0,"streak":0,"rank_m":582781,"pct_m":0.619622},"2025-02":{"txs":1,"uniq":1,"trade":0,"nft":0,"gas":0.000007,"bal":0.004895,"days":1,"spread":0.035714,"streak":1,"rank_m":451716,"pct_m":0.480271,"gas_method":"exact"},"2025-03":{"txs":0,"uniq":0,"trade":0,"nft":0,"gas":0,"bal":0.004895,"days":0,"spread":0,"streak":0,"rank_m":572030,"pct_m":0.608191},"2025-04":{"txs":0,"uniq":0,"trade":0,"nft":0,"gas":0,"bal":0.004895,"days":0,"spread":0,"streak":0,"rank_m":607490,"pct_m":0.645893},"2025-05":{"txs":0,"uniq":0,"trade":0,"nft":0,"gas":0,"bal":0.004895,"days":0,"spread":0,"streak":0,"rank_m":540828,"pct_m":0.575017},"2025-06":{"txs":0,"uniq":0,"trade":0,"nft":0,"gas":0,"bal":0.004895,"days":0,"spread":0,"streak":0,"rank_m":545943,"pct_m":0.580455},"2025-07":{"txs":1,"uniq":0,"trade":0,"nft":0,"gas":0.000007,"bal":0.005169,"days":1,"spread":0.032258,"streak":1,"rank_m":461745,"pct_m":0.490934,"gas_method":"estimated"},"2025-08":{"txs":0,"uniq":0,"trade":0,"nft":0,"gas":0,"bal":0.005169,"days":0,"spread":0,"streak":0,"rank_m":536497,"pct_m":0.570412},"2025-09":{"txs":2,"uniq":0,"trade":0,"nft":0,"gas":0.000014,"bal":0,"days":2,"spread":0.066667,"streak":1,"rank_m":755511,"pct_m":0.803272,"gas_method":"estimated"},"2025-10":{"txs":4,"uniq":3,"trade":0,"nft":0,"gas":0.000028,"bal":0.010854,"days":1,"spread":0.032258,"streak":1,"rank_m":177099,"pct_m":0.188294,"gas_method":"estimated"}}}