{"wallet":"0xc8564a31fc12b94975420814c414f56151515023","rank":260636,"lifetime":{"months_active":17,"first":"2023-07","last":"2025-10","tx_sum":227,"uniq_sum":70,"trade_sum":34,"nft_sum":16,"gas_sum":0.002223,"avg_balance_eth_mean":0.007571,"streak_best_days":4,"gas_sum_filled":0.002223},"months":{"2023-07":{"txs":0,"uniq":0,"trade":0,"nft":0,"gas":0,"bal":0,"days":0,"spread":0,"streak":0,"rank_m":244831,"pct_m":0.260308},"2023-08":{"txs":0,"uniq":0,"trade":0,"nft":0,"gas":0,"bal":0,"days":0,"spread":0,"streak":0,"rank_m":334557,"pct_m":0.355706},"2023-09":{"txs":0,"uniq":0,"trade":0,"nft":0,"gas":0,"bal":0,"days":0,"spread":0,"streak":0,"rank_m":354264,"pct_m":0.376659},"2023-10":{"txs":0,"uniq":0,"trade":0,"nft":0,"gas":0,"bal":0,"days":0,"spread":0,"streak":0,"rank_m":372485,"pct_m":0.396032},"2023-11":{"txs":0,"uniq":0,"trade":0,"nft":0,"gas":0,"bal":0,"days":0,"spread":0,"streak":0,"rank_m":388940,"pct_m":0.413527},"2023-12":{"txs":0,"uniq":0,"trade":0,"nft":0,"gas":0,"bal":0,"days":0,"spread":0,"streak":0,"rank_m":409736,"pct_m":0.435638},"2024-01":{"txs":65,"uniq":19,"trade":6,"nft":6,"gas":0.000771,"bal":0.005201,"days":13,"spread":0.419355,"streak":4,"rank_m":6216,"pct_m":0.006608,"gas_method":"exact"},"2024-02":{"txs":18,"uniq":2,"trade":0,"nft":2,"gas":0.000249,"bal":0.007614,"days":8,"spread":0.275862,"streak":2,"rank_m":61464,"pct_m":0.065349,"gas_method":"exact"},"2024-03":{"txs":14,"uniq":3,"trade":0,"nft":2,"gas":0.000358,"bal":0.009393,"days":8,"spread":0.258065,"streak":2,"rank_m":144801,"pct_m":0.153954,"gas_method":"estimated"},"2024-04":{"txs":62,"uniq":18,"trade":12,"nft":4,"gas":0.000196,"bal":0.01031,"days":16,"spread":0.533333,"streak":4,"rank_m":55321,"pct_m":0.058817,"gas_method":"estimated"},"2024-05":{"txs":16,"uniq":5,"trade":2,"nft":1,"gas":0.000003,"bal":0.006186,"days":7,"spread":0.225806,"streak":2,"rank_m":143983,"pct_m":0.153084,"gas_method":"exact"},"2024-06":{"txs":2,"uniq":1,"trade":0,"nft":0,"gas":0,"bal":0.008896,"days":1,"spread":0.033333,"streak":1,"rank_m":387737,"pct_m":0.412248,"gas_method":"estimated"},"2024-07":{"txs":4,"uniq":1,"trade":2,"nft":0,"gas":0.000001,"bal":0.01333,"days":3,"spread":0.096774,"streak":1,"rank_m":227536,"pct_m":0.241919,"gas_method":"estimated"},"2024-08":{"txs":2,"uniq":1,"trade":0,"nft":0,"gas":0.000002,"bal":0.013263,"days":1,"spread":0.032258,"streak":1,"rank_m":322043,"pct_m":0.342401,"gas_method":"exact"},"2024-09":{"txs":0,"uniq":0,"trade":0,"nft":0,"gas":0,"bal":0.013263,"days":0,"spread":0,"streak":0,"rank_m":418000,"pct_m":0.444424},"2024-10":{"txs":2,"uniq":0,"trade":0,"nft":0,"gas":0,"bal":0.013252,"days":2,"spread":0.064516,"streak":1,"rank_m":368795,"pct_m":0.392108,"gas_method":"estimated"},"2024-11":{"txs":0,"uniq":0,"trade":0,"nft":0,"gas":0,"bal":0.013252,"days":0,"spread":0,"streak":0,"rank_m":508559,"pct_m":0.540708},"2024-12":{"txs":9,"uniq":6,"trade":2,"nft":0,"gas":0.000198,"bal":0.013255,"days":3,"spread":0.096774,"streak":2,"rank_m":239769,"pct_m":0.254926,"gas_method":"exact"},"2025-01":{"txs":11,"uniq":4,"trade":4,"nft":0,"gas":0.000286,"bal":0.013233,"days":5,"spread":0.16129,"streak":2,"rank_m":181107,"pct_m":0.192555,"gas_method":"exact"},"2025-02":{"txs":4,"uniq":2,"trade":4,"nft":0,"gas":0.000028,"bal":0.01309,"days":2,"spread":0.071429,"streak":1,"rank_m":269281,"pct_m":0.286303,"gas_method":"exact"},"2025-03":{"txs":6,"uniq":4,"trade":0,"nft":0,"gas":0.000047,"bal":0.011621,"days":3,"spread":0.096774,"streak":2,"rank_m":230048,"pct_m":0.24459,"gas_method":"exact"},"2025-04":{"txs":0,"uniq":0,"trade":0,"nft":0,"gas":0,"bal":0.011621,"days":0,"spread":0,"streak":0,"rank_m":565917,"pct_m":0.601692},"2025-05":{"txs":0,"uniq":0,"trade":0,"nft":0,"gas":0,"bal":0.011621,"days":0,"spread":0,"streak":0,"rank_m":458347,"pct_m":0.487322},"2025-06":{"txs":3,"uniq":2,"trade":0,"nft":0,"gas":0.000021,"bal":0.005922,"days":1,"spread":0.033333,"streak":1,"rank_m":361015,"pct_m":0.383837,"gas_method":"estimated"},"2025-07":{"txs":2,"uniq":1,"trade":2,"nft":0,"gas":0.000014,"bal":0.005894,"days":1,"spread":0.032258,"streak":1,"rank_m":336017,"pct_m":0.357258,"gas_method":"estimated"},"2025-08":{"txs":0,"uniq":0,"trade":0,"nft":0,"gas":0,"bal":0.005894,"days":0,"spread":0,"streak":0,"rank_m":522977,"pct_m":0.556037},"2025-09":{"txs":1,"uniq":1,"trade":0,"nft":0,"gas":0.000007,"bal":0.00588,"days":1,"spread":0.033333,"streak":1,"rank_m":375285,"pct_m":0.399009,"gas_method":"estimated"},"2025-10":{"txs":6,"uniq":0,"trade":0,"nft":1,"gas":0.000042,"bal":0,"days":1,"spread":0.032258,"streak":1,"rank_m":466387,"pct_m":0.49587,"gas_method":"estimated"}}}