{"wallet":"0xc8495a23f97b9dac28ae4aa4f19061858fccdde5","rank":752102,"lifetime":{"months_active":14,"first":"2023-07","last":"2025-10","tx_sum":115,"uniq_sum":48,"trade_sum":0,"nft_sum":20,"gas_sum":0.000506,"avg_balance_eth_mean":0.002712,"streak_best_days":5,"gas_sum_filled":0.000506},"months":{"2023-07":{"txs":0,"uniq":0,"trade":0,"nft":0,"gas":0,"bal":0,"days":0,"spread":0,"streak":0,"rank_m":245004,"pct_m":0.260492},"2023-08":{"txs":1,"uniq":1,"trade":0,"nft":1,"gas":0.000109,"bal":0.000557,"days":1,"spread":0.032258,"streak":1,"rank_m":143466,"pct_m":0.152535,"gas_method":"exact"},"2023-09":{"txs":0,"uniq":0,"trade":0,"nft":0,"gas":0,"bal":0.000557,"days":0,"spread":0,"streak":0,"rank_m":187789,"pct_m":0.19966},"2023-10":{"txs":2,"uniq":1,"trade":0,"nft":1,"gas":0.000062,"bal":0.000527,"days":1,"spread":0.032258,"streak":1,"rank_m":108682,"pct_m":0.115552,"gas_method":"exact"},"2023-11":{"txs":0,"uniq":0,"trade":0,"nft":0,"gas":0,"bal":0.000527,"days":0,"spread":0,"streak":0,"rank_m":201435,"pct_m":0.214168},"2023-12":{"txs":0,"uniq":0,"trade":0,"nft":0,"gas":0,"bal":0.000527,"days":0,"spread":0,"streak":0,"rank_m":224430,"pct_m":0.238617},"2024-01":{"txs":0,"uniq":0,"trade":0,"nft":0,"gas":0,"bal":0.000527,"days":0,"spread":0,"streak":0,"rank_m":231916,"pct_m":0.246576},"2024-02":{"txs":4,"uniq":2,"trade":0,"nft":0,"gas":0.000042,"bal":0.000341,"days":1,"spread":0.034483,"streak":1,"rank_m":251973,"pct_m":0.267901,"gas_method":"estimated"},"2024-03":{"txs":7,"uniq":5,"trade":0,"nft":0,"gas":0.000109,"bal":0.000234,"days":2,"spread":0.064516,"streak":2,"rank_m":307709,"pct_m":0.327161,"gas_method":"estimated"},"2024-04":{"txs":3,"uniq":2,"trade":0,"nft":1,"gas":0.000006,"bal":0.000151,"days":1,"spread":0.033333,"streak":1,"rank_m":436655,"pct_m":0.464258,"gas_method":"estimated"},"2024-05":{"txs":34,"uniq":9,"trade":0,"nft":2,"gas":0.000022,"bal":0.000001,"days":1,"spread":0.032258,"streak":1,"rank_m":383814,"pct_m":0.408077,"gas_method":"estimated"},"2024-06":{"txs":18,"uniq":7,"trade":0,"nft":4,"gas":0,"bal":0.000183,"days":6,"spread":0.2,"streak":5,"rank_m":271657,"pct_m":0.28883,"gas_method":"estimated"},"2024-07":{"txs":17,"uniq":3,"trade":0,"nft":5,"gas":0.000026,"bal":0.000534,"days":9,"spread":0.290323,"streak":3,"rank_m":164732,"pct_m":0.175145,"gas_method":"exact"},"2024-08":{"txs":7,"uniq":5,"trade":0,"nft":3,"gas":0.000031,"bal":0.000492,"days":6,"spread":0.193548,"streak":2,"rank_m":239542,"pct_m":0.254684,"gas_method":"exact"},"2024-09":{"txs":1,"uniq":1,"trade":0,"nft":0,"gas":0,"bal":0.00038,"days":1,"spread":0.033333,"streak":1,"rank_m":477026,"pct_m":0.507182,"gas_method":"estimated"},"2024-10":{"txs":1,"uniq":1,"trade":0,"nft":2,"gas":0,"bal":0.000396,"days":1,"spread":0.032258,"streak":1,"rank_m":471729,"pct_m":0.50155,"gas_method":"estimated"},"2024-11":{"txs":10,"uniq":6,"trade":0,"nft":1,"gas":0.000023,"bal":0.003519,"days":3,"spread":0.1,"streak":1,"rank_m":272513,"pct_m":0.28974,"gas_method":"exact"},"2024-12":{"txs":1,"uniq":1,"trade":0,"nft":0,"gas":0.000022,"bal":0.005278,"days":1,"spread":0.032258,"streak":1,"rank_m":509079,"pct_m":0.541261,"gas_method":"exact"},"2025-01":{"txs":0,"uniq":0,"trade":0,"nft":0,"gas":0,"bal":0.005278,"days":0,"spread":0,"streak":0,"rank_m":584984,"pct_m":0.621964},"2025-02":{"txs":0,"uniq":0,"trade":0,"nft":0,"gas":0,"bal":0.005278,"days":0,"spread":0,"streak":0,"rank_m":585327,"pct_m":0.622329},"2025-03":{"txs":0,"uniq":0,"trade":0,"nft":0,"gas":0,"bal":0.005278,"days":0,"spread":0,"streak":0,"rank_m":568376,"pct_m":0.604306},"2025-04":{"txs":9,"uniq":4,"trade":0,"nft":0,"gas":0.000054,"bal":0.006484,"days":2,"spread":0.066667,"streak":2,"rank_m":232140,"pct_m":0.246814,"gas_method":"exact"},"2025-05":{"txs":0,"uniq":0,"trade":0,"nft":0,"gas":0,"bal":0.006484,"days":0,"spread":0,"streak":0,"rank_m":513948,"pct_m":0.546438},"2025-06":{"txs":0,"uniq":0,"trade":0,"nft":0,"gas":0,"bal":0.006484,"days":0,"spread":0,"streak":0,"rank_m":518063,"pct_m":0.550813},"2025-07":{"txs":0,"uniq":0,"trade":0,"nft":0,"gas":0,"bal":0.006484,"days":0,"spread":0,"streak":0,"rank_m":542101,"pct_m":0.57637},"2025-08":{"txs":0,"uniq":0,"trade":0,"nft":0,"gas":0,"bal":0.006484,"days":0,"spread":0,"streak":0,"rank_m":513795,"pct_m":0.546275},"2025-09":{"txs":0,"uniq":0,"trade":0,"nft":0,"gas":0,"bal":0.006484,"days":0,"spread":0,"streak":0,"rank_m":506069,"pct_m":0.538061},"2025-10":{"txs":0,"uniq":0,"trade":0,"nft":0,"gas":0,"bal":0.006484,"days":0,"spread":0,"streak":0,"rank_m":402379,"pct_m":0.427815}}}