{"wallet":"0xc88f24518aa81d7360d65e1dd61239de08a88fec","rank":48245,"lifetime":{"months_active":17,"first":"2023-07","last":"2025-10","tx_sum":488,"uniq_sum":321,"trade_sum":15,"nft_sum":192,"gas_sum":0.01203,"avg_balance_eth_mean":0.059103,"streak_best_days":7,"gas_sum_filled":0.01203},"months":{"2023-07":{"txs":0,"uniq":0,"trade":0,"nft":0,"gas":0,"bal":0,"days":0,"spread":0,"streak":0,"rank_m":244020,"pct_m":0.259445},"2023-08":{"txs":92,"uniq":68,"trade":4,"nft":78,"gas":0.00969,"bal":0.038023,"days":17,"spread":0.548387,"streak":7,"rank_m":2747,"pct_m":0.00292,"gas_method":"exact"},"2023-09":{"txs":0,"uniq":0,"trade":0,"nft":0,"gas":0,"bal":0.038023,"days":0,"spread":0,"streak":0,"rank_m":151949,"pct_m":0.161554},"2023-10":{"txs":0,"uniq":0,"trade":0,"nft":0,"gas":0,"bal":0.038023,"days":0,"spread":0,"streak":0,"rank_m":154478,"pct_m":0.164243},"2023-11":{"txs":0,"uniq":0,"trade":0,"nft":0,"gas":0,"bal":0.038023,"days":0,"spread":0,"streak":0,"rank_m":162318,"pct_m":0.172578},"2023-12":{"txs":0,"uniq":0,"trade":0,"nft":0,"gas":0,"bal":0.038023,"days":0,"spread":0,"streak":0,"rank_m":187133,"pct_m":0.198962},"2024-01":{"txs":4,"uniq":2,"trade":0,"nft":2,"gas":0.000178,"bal":0.004541,"days":2,"spread":0.064516,"streak":1,"rank_m":103086,"pct_m":0.109602,"gas_method":"estimated"},"2024-02":{"txs":1,"uniq":1,"trade":0,"nft":1,"gas":0.000025,"bal":0.002038,"days":1,"spread":0.034483,"streak":1,"rank_m":219376,"pct_m":0.233243,"gas_method":"estimated"},"2024-03":{"txs":5,"uniq":5,"trade":3,"nft":3,"gas":0.000188,"bal":0.001558,"days":2,"spread":0.064516,"streak":1,"rank_m":232975,"pct_m":0.247702,"gas_method":"estimated"},"2024-04":{"txs":0,"uniq":0,"trade":0,"nft":0,"gas":0,"bal":0.001558,"days":0,"spread":0,"streak":0,"rank_m":471318,"pct_m":0.501113},"2024-05":{"txs":1,"uniq":1,"trade":0,"nft":3,"gas":0.000002,"bal":0.000332,"days":1,"spread":0.032258,"streak":1,"rank_m":442070,"pct_m":0.470016,"gas_method":"estimated"},"2024-06":{"txs":20,"uniq":12,"trade":4,"nft":1,"gas":0.000001,"bal":0.003094,"days":1,"spread":0.033333,"streak":1,"rank_m":224114,"pct_m":0.238281,"gas_method":"estimated"},"2024-07":{"txs":79,"uniq":47,"trade":2,"nft":55,"gas":0.000018,"bal":0.022211,"days":5,"spread":0.16129,"streak":2,"rank_m":30093,"pct_m":0.031994,"gas_method":"estimated"},"2024-08":{"txs":42,"uniq":32,"trade":0,"nft":35,"gas":0.000009,"bal":0.010608,"days":11,"spread":0.354839,"streak":3,"rank_m":23450,"pct_m":0.024931,"gas_method":"exact"},"2024-09":{"txs":11,"uniq":7,"trade":0,"nft":6,"gas":0.000001,"bal":0.035625,"days":2,"spread":0.066667,"streak":1,"rank_m":120489,"pct_m":0.128105,"gas_method":"estimated"},"2024-10":{"txs":94,"uniq":51,"trade":1,"nft":7,"gas":0.000012,"bal":0.061751,"days":8,"spread":0.258065,"streak":2,"rank_m":24236,"pct_m":0.025767,"gas_method":"estimated"},"2024-11":{"txs":2,"uniq":2,"trade":0,"nft":0,"gas":0.000005,"bal":0.075927,"days":1,"spread":0.033333,"streak":1,"rank_m":365466,"pct_m":0.388569,"gas_method":"exact"},"2024-12":{"txs":17,"uniq":8,"trade":0,"nft":0,"gas":0.000375,"bal":0.06065,"days":3,"spread":0.096774,"streak":1,"rank_m":233855,"pct_m":0.248638,"gas_method":"exact"},"2025-01":{"txs":36,"uniq":17,"trade":1,"nft":0,"gas":0.000935,"bal":0.116459,"days":3,"spread":0.096774,"streak":2,"rank_m":68550,"pct_m":0.072883,"gas_method":"exact"},"2025-02":{"txs":2,"uniq":2,"trade":0,"nft":1,"gas":0.000014,"bal":0.161396,"days":1,"spread":0.035714,"streak":1,"rank_m":299168,"pct_m":0.31808,"gas_method":"exact"},"2025-03":{"txs":0,"uniq":0,"trade":0,"nft":0,"gas":0,"bal":0.161396,"days":0,"spread":0,"streak":0,"rank_m":468652,"pct_m":0.498278},"2025-04":{"txs":0,"uniq":0,"trade":0,"nft":0,"gas":0,"bal":0.161396,"days":0,"spread":0,"streak":0,"rank_m":509075,"pct_m":0.541257},"2025-05":{"txs":6,"uniq":3,"trade":0,"nft":0,"gas":0.000042,"bal":0.154241,"days":2,"spread":0.064516,"streak":2,"rank_m":92912,"pct_m":0.098785,"gas_method":"estimated"},"2025-06":{"txs":0,"uniq":0,"trade":0,"nft":0,"gas":0,"bal":0.154241,"days":0,"spread":0,"streak":0,"rank_m":333320,"pct_m":0.354391},"2025-07":{"txs":59,"uniq":51,"trade":0,"nft":0,"gas":0.000415,"bal":0.087984,"days":1,"spread":0.032258,"streak":1,"rank_m":72437,"pct_m":0.077015,"gas_method":"estimated"},"2025-08":{"txs":0,"uniq":0,"trade":0,"nft":0,"gas":0,"bal":0.087984,"days":0,"spread":0,"streak":0,"rank_m":351241,"pct_m":0.373445},"2025-09":{"txs":0,"uniq":0,"trade":0,"nft":0,"gas":0,"bal":0.087984,"days":0,"spread":0,"streak":0,"rank_m":353251,"pct_m":0.375582},"2025-10":{"txs":17,"uniq":12,"trade":0,"nft":0,"gas":0.00012,"bal":0.011788,"days":1,"spread":0.032258,"streak":1,"rank_m":111536,"pct_m":0.118586,"gas_method":"estimated"}}}