{"wallet":"0xc8b8a3057fb946f202b2926081f2c0bd17c5f3e7","rank":310333,"lifetime":{"months_active":9,"first":"2023-07","last":"2025-10","tx_sum":620,"uniq_sum":37,"trade_sum":127,"nft_sum":0,"gas_sum":0.000327,"avg_balance_eth_mean":0.003686,"streak_best_days":34,"gas_sum_filled":0.000327},"months":{"2023-07":{"txs":0,"uniq":0,"trade":0,"nft":0,"gas":0,"bal":0,"days":0,"spread":0,"streak":0,"rank_m":243452,"pct_m":0.258841},"2023-08":{"txs":0,"uniq":0,"trade":0,"nft":0,"gas":0,"bal":0,"days":0,"spread":0,"streak":0,"rank_m":333331,"pct_m":0.354402},"2023-09":{"txs":0,"uniq":0,"trade":0,"nft":0,"gas":0,"bal":0,"days":0,"spread":0,"streak":0,"rank_m":352892,"pct_m":0.3752},"2023-10":{"txs":0,"uniq":0,"trade":0,"nft":0,"gas":0,"bal":0,"days":0,"spread":0,"streak":0,"rank_m":371150,"pct_m":0.394612},"2023-11":{"txs":7,"uniq":2,"trade":0,"nft":0,"gas":0.000007,"bal":0.000003,"days":4,"spread":0.133333,"streak":2,"rank_m":140157,"pct_m":0.149016,"gas_method":"estimated"},"2023-12":{"txs":4,"uniq":1,"trade":0,"nft":0,"gas":0.000007,"bal":0.000974,"days":2,"spread":0.064516,"streak":1,"rank_m":152391,"pct_m":0.162024,"gas_method":"estimated"},"2024-01":{"txs":1,"uniq":1,"trade":0,"nft":0,"gas":0.000016,"bal":0.001032,"days":1,"spread":0.032258,"streak":1,"rank_m":161666,"pct_m":0.171885,"gas_method":"exact"},"2024-02":{"txs":6,"uniq":3,"trade":0,"nft":0,"gas":0.000006,"bal":0.000645,"days":3,"spread":0.103448,"streak":2,"rank_m":201093,"pct_m":0.213805,"gas_method":"estimated"},"2024-03":{"txs":31,"uniq":2,"trade":0,"nft":0,"gas":0.000045,"bal":0.002312,"days":7,"spread":0.225806,"streak":4,"rank_m":191805,"pct_m":0.203929,"gas_method":"estimated"},"2024-04":{"txs":236,"uniq":9,"trade":40,"nft":0,"gas":0.0001,"bal":0.01149,"days":29,"spread":0.966667,"streak":17,"rank_m":21702,"pct_m":0.023073,"gas_method":"exact"},"2024-05":{"txs":208,"uniq":10,"trade":82,"nft":0,"gas":0.000143,"bal":0.015316,"days":27,"spread":0.870968,"streak":17,"rank_m":7452,"pct_m":0.007922,"gas_method":"exact"},"2024-06":{"txs":79,"uniq":4,"trade":5,"nft":0,"gas":0,"bal":0.005993,"days":15,"spread":0.5,"streak":7,"rank_m":88514,"pct_m":0.094109,"gas_method":"estimated"},"2024-07":{"txs":48,"uniq":5,"trade":0,"nft":0,"gas":0.000003,"bal":0.004091,"days":12,"spread":0.387097,"streak":5,"rank_m":107906,"pct_m":0.114727,"gas_method":"exact"},"2024-08":{"txs":0,"uniq":0,"trade":0,"nft":0,"gas":0,"bal":0.004091,"days":0,"spread":0,"streak":0,"rank_m":510214,"pct_m":0.542468},"2024-09":{"txs":0,"uniq":0,"trade":0,"nft":0,"gas":0,"bal":0.004091,"days":0,"spread":0,"streak":0,"rank_m":481535,"pct_m":0.511976},"2024-10":{"txs":0,"uniq":0,"trade":0,"nft":0,"gas":0,"bal":0.004091,"days":0,"spread":0,"streak":0,"rank_m":529795,"pct_m":0.563286},"2024-11":{"txs":0,"uniq":0,"trade":0,"nft":0,"gas":0,"bal":0.004091,"days":0,"spread":0,"streak":0,"rank_m":547897,"pct_m":0.582533},"2024-12":{"txs":0,"uniq":0,"trade":0,"nft":0,"gas":0,"bal":0.004091,"days":0,"spread":0,"streak":0,"rank_m":607226,"pct_m":0.645612},"2025-01":{"txs":0,"uniq":0,"trade":0,"nft":0,"gas":0,"bal":0.004091,"days":0,"spread":0,"streak":0,"rank_m":593276,"pct_m":0.630781},"2025-02":{"txs":0,"uniq":0,"trade":0,"nft":0,"gas":0,"bal":0.004091,"days":0,"spread":0,"streak":0,"rank_m":596742,"pct_m":0.634466},"2025-03":{"txs":0,"uniq":0,"trade":0,"nft":0,"gas":0,"bal":0.004091,"days":0,"spread":0,"streak":0,"rank_m":580504,"pct_m":0.617201},"2025-04":{"txs":0,"uniq":0,"trade":0,"nft":0,"gas":0,"bal":0.004091,"days":0,"spread":0,"streak":0,"rank_m":615320,"pct_m":0.654218},"2025-05":{"txs":0,"uniq":0,"trade":0,"nft":0,"gas":0,"bal":0.004091,"days":0,"spread":0,"streak":0,"rank_m":556179,"pct_m":0.591338},"2025-06":{"txs":0,"uniq":0,"trade":0,"nft":0,"gas":0,"bal":0.004091,"days":0,"spread":0,"streak":0,"rank_m":562319,"pct_m":0.597867},"2025-07":{"txs":0,"uniq":0,"trade":0,"nft":0,"gas":0,"bal":0.004091,"days":0,"spread":0,"streak":0,"rank_m":583647,"pct_m":0.620543},"2025-08":{"txs":0,"uniq":0,"trade":0,"nft":0,"gas":0,"bal":0.004091,"days":0,"spread":0,"streak":0,"rank_m":558579,"pct_m":0.59389},"2025-09":{"txs":0,"uniq":0,"trade":0,"nft":0,"gas":0,"bal":0.004091,"days":0,"spread":0,"streak":0,"rank_m":548613,"pct_m":0.583294},"2025-10":{"txs":0,"uniq":0,"trade":0,"nft":0,"gas":0,"bal":0.004091,"days":0,"spread":0,"streak":0,"rank_m":447911,"pct_m":0.476226}}}