{"wallet":"0xc8295d5fa5fc96c6b3f7d83a0e08f2344ce8ede7","rank":42548,"lifetime":{"months_active":27,"first":"2023-07","last":"2025-10","tx_sum":1237,"uniq_sum":295,"trade_sum":44,"nft_sum":30,"gas_sum":0.011699,"avg_balance_eth_mean":0.01464,"streak_best_days":0,"gas_sum_filled":0.011699},"months":{"2023-07":{"txs":0,"uniq":0,"trade":0,"nft":0,"gas":0,"bal":0,"days":0,"spread":0,"streak":0,"rank_m":245444,"pct_m":0.260959},"2023-08":{"txs":2,"uniq":1,"trade":0,"nft":0,"gas":0.000262,"bal":0.004799,"days":2,"spread":0.064516,"streak":0,"rank_m":152633,"pct_m":0.162281,"gas_method":"exact"},"2023-09":{"txs":5,"uniq":1,"trade":0,"nft":2,"gas":0.000137,"bal":0.023695,"days":3,"spread":0.1,"streak":0,"rank_m":96349,"pct_m":0.102439,"gas_method":"exact"},"2023-10":{"txs":30,"uniq":12,"trade":7,"nft":2,"gas":0.00024,"bal":0.023095,"days":2,"spread":0.064516,"streak":0,"rank_m":57526,"pct_m":0.061162,"gas_method":"estimated"},"2023-11":{"txs":31,"uniq":14,"trade":0,"nft":11,"gas":0.000202,"bal":0.019786,"days":6,"spread":0.2,"streak":0,"rank_m":33868,"pct_m":0.036008,"gas_method":"exact"},"2023-12":{"txs":62,"uniq":21,"trade":13,"nft":5,"gas":0.001609,"bal":0.020768,"days":7,"spread":0.225806,"streak":0,"rank_m":31458,"pct_m":0.033446,"gas_method":"estimated"},"2024-01":{"txs":24,"uniq":4,"trade":0,"nft":1,"gas":0.000273,"bal":0.015943,"days":5,"spread":0.16129,"streak":0,"rank_m":67759,"pct_m":0.072042,"gas_method":"exact"},"2024-02":{"txs":38,"uniq":12,"trade":6,"nft":0,"gas":0.000082,"bal":0.015152,"days":7,"spread":0.241379,"streak":0,"rank_m":48309,"pct_m":0.051362,"gas_method":"exact"},"2024-03":{"txs":48,"uniq":12,"trade":12,"nft":0,"gas":0.001968,"bal":0.008913,"days":7,"spread":0.225806,"streak":0,"rank_m":81353,"pct_m":0.086495,"gas_method":"exact"},"2024-04":{"txs":22,"uniq":9,"trade":6,"nft":0,"gas":0.000056,"bal":0.005028,"days":6,"spread":0.2,"streak":0,"rank_m":240996,"pct_m":0.25623,"gas_method":"estimated"},"2024-05":{"txs":37,"uniq":13,"trade":0,"nft":2,"gas":0.000051,"bal":0.004468,"days":10,"spread":0.322581,"streak":0,"rank_m":159904,"pct_m":0.170012,"gas_method":"exact"},"2024-06":{"txs":39,"uniq":15,"trade":0,"nft":1,"gas":0.000001,"bal":0.01059,"days":8,"spread":0.266667,"streak":0,"rank_m":163694,"pct_m":0.174041,"gas_method":"estimated"},"2024-07":{"txs":77,"uniq":22,"trade":0,"nft":4,"gas":0.00001,"bal":0.006396,"days":7,"spread":0.225806,"streak":0,"rank_m":141340,"pct_m":0.150274,"gas_method":"estimated"},"2024-08":{"txs":99,"uniq":25,"trade":0,"nft":1,"gas":0.000009,"bal":0.00792,"days":7,"spread":0.225806,"streak":0,"rank_m":158944,"pct_m":0.168991,"gas_method":"estimated"},"2024-09":{"txs":70,"uniq":13,"trade":0,"nft":0,"gas":0.000003,"bal":0.020673,"days":7,"spread":0.233333,"streak":0,"rank_m":123362,"pct_m":0.13116,"gas_method":"estimated"},"2024-10":{"txs":60,"uniq":12,"trade":0,"nft":1,"gas":0.000004,"bal":0.023645,"days":4,"spread":0.129032,"streak":0,"rank_m":157058,"pct_m":0.166986,"gas_method":"estimated"},"2024-11":{"txs":65,"uniq":12,"trade":0,"nft":0,"gas":0.000149,"bal":0.012165,"days":5,"spread":0.166667,"streak":0,"rank_m":157321,"pct_m":0.167265,"gas_method":"exact"},"2024-12":{"txs":112,"uniq":13,"trade":0,"nft":0,"gas":0.002469,"bal":0.019338,"days":6,"spread":0.193548,"streak":0,"rank_m":137831,"pct_m":0.146543,"gas_method":"exact"},"2025-01":{"txs":65,"uniq":12,"trade":0,"nft":0,"gas":0.001689,"bal":0.027935,"days":6,"spread":0.193548,"streak":0,"rank_m":125283,"pct_m":0.133202,"gas_method":"exact"},"2025-02":{"txs":51,"uniq":10,"trade":0,"nft":0,"gas":0.000359,"bal":0.031564,"days":6,"spread":0.214286,"streak":0,"rank_m":101452,"pct_m":0.107865,"gas_method":"exact"},"2025-03":{"txs":64,"uniq":10,"trade":0,"nft":0,"gas":0.000506,"bal":0.015097,"days":5,"spread":0.16129,"streak":0,"rank_m":117960,"pct_m":0.125416,"gas_method":"exact"},"2025-04":{"txs":42,"uniq":9,"trade":0,"nft":0,"gas":0.000254,"bal":0.018427,"days":4,"spread":0.133333,"streak":0,"rank_m":127756,"pct_m":0.135831,"gas_method":"exact"},"2025-05":{"txs":57,"uniq":11,"trade":0,"nft":0,"gas":0.000401,"bal":0.016917,"days":4,"spread":0.129032,"streak":0,"rank_m":107935,"pct_m":0.114757,"gas_method":"estimated"},"2025-06":{"txs":48,"uniq":10,"trade":0,"nft":0,"gas":0.000338,"bal":0.01079,"days":3,"spread":0.1,"streak":0,"rank_m":201647,"pct_m":0.214394,"gas_method":"estimated"},"2025-07":{"txs":41,"uniq":8,"trade":0,"nft":0,"gas":0.000289,"bal":0.010921,"days":4,"spread":0.129032,"streak":0,"rank_m":221793,"pct_m":0.235813,"gas_method":"estimated"},"2025-08":{"txs":23,"uniq":8,"trade":0,"nft":0,"gas":0.000162,"bal":0.016858,"days":2,"spread":0.064516,"streak":0,"rank_m":216412,"pct_m":0.230092,"gas_method":"estimated"},"2025-09":{"txs":21,"uniq":5,"trade":0,"nft":0,"gas":0.000148,"bal":0.00865,"days":2,"spread":0.066667,"streak":0,"rank_m":287464,"pct_m":0.305636,"gas_method":"estimated"},"2025-10":{"txs":4,"uniq":1,"trade":0,"nft":0,"gas":0.000028,"bal":0.010392,"days":1,"spread":0.032258,"streak":0,"rank_m":253758,"pct_m":0.269799,"gas_method":"estimated"}}}