{"wallet":"0xc823a7a1d11beeb493a457e257c855b52c1101d1","rank":625507,"lifetime":{"months_active":8,"first":"2023-07","last":"2025-10","tx_sum":155,"uniq_sum":48,"trade_sum":0,"nft_sum":4,"gas_sum":0.003368,"avg_balance_eth_mean":0.001362,"streak_best_days":30,"gas_sum_filled":0.003368},"months":{"2023-07":{"txs":0,"uniq":0,"trade":0,"nft":0,"gas":0,"bal":0,"days":0,"spread":0,"streak":0,"rank_m":245512,"pct_m":0.261032},"2023-08":{"txs":0,"uniq":0,"trade":0,"nft":0,"gas":0,"bal":0,"days":0,"spread":0,"streak":0,"rank_m":335152,"pct_m":0.356339},"2023-09":{"txs":0,"uniq":0,"trade":0,"nft":0,"gas":0,"bal":0,"days":0,"spread":0,"streak":0,"rank_m":354922,"pct_m":0.377358},"2023-10":{"txs":0,"uniq":0,"trade":0,"nft":0,"gas":0,"bal":0,"days":0,"spread":0,"streak":0,"rank_m":373142,"pct_m":0.39673},"2023-11":{"txs":0,"uniq":0,"trade":0,"nft":0,"gas":0,"bal":0,"days":0,"spread":0,"streak":0,"rank_m":389603,"pct_m":0.414232},"2023-12":{"txs":24,"uniq":8,"trade":0,"nft":2,"gas":0.000802,"bal":0.001421,"days":8,"spread":0.258065,"streak":7,"rank_m":49406,"pct_m":0.052528,"gas_method":"estimated"},"2024-01":{"txs":85,"uniq":14,"trade":0,"nft":1,"gas":0.002106,"bal":0.008368,"days":25,"spread":0.806452,"streak":23,"rank_m":6829,"pct_m":0.00726,"gas_method":"exact"},"2024-02":{"txs":14,"uniq":10,"trade":0,"nft":1,"gas":0.000098,"bal":0.007895,"days":11,"spread":0.37931,"streak":2,"rank_m":46766,"pct_m":0.049721,"gas_method":"exact"},"2024-03":{"txs":6,"uniq":4,"trade":0,"nft":0,"gas":0.000204,"bal":0.003798,"days":5,"spread":0.16129,"streak":1,"rank_m":204395,"pct_m":0.217315,"gas_method":"exact"},"2024-04":{"txs":4,"uniq":2,"trade":0,"nft":0,"gas":0.000013,"bal":0.006035,"days":3,"spread":0.1,"streak":1,"rank_m":363397,"pct_m":0.386369,"gas_method":"estimated"},"2024-05":{"txs":7,"uniq":3,"trade":0,"nft":0,"gas":0.000008,"bal":0.001691,"days":1,"spread":0.032258,"streak":1,"rank_m":412569,"pct_m":0.43865,"gas_method":"estimated"},"2024-06":{"txs":0,"uniq":0,"trade":0,"nft":0,"gas":0,"bal":0.001691,"days":0,"spread":0,"streak":0,"rank_m":516779,"pct_m":0.549448},"2024-07":{"txs":0,"uniq":0,"trade":0,"nft":0,"gas":0,"bal":0.001691,"days":0,"spread":0,"streak":0,"rank_m":528033,"pct_m":0.561413},"2024-08":{"txs":0,"uniq":0,"trade":0,"nft":0,"gas":0,"bal":0.001691,"days":0,"spread":0,"streak":0,"rank_m":541052,"pct_m":0.575255},"2024-09":{"txs":0,"uniq":0,"trade":0,"nft":0,"gas":0,"bal":0.001691,"days":0,"spread":0,"streak":0,"rank_m":519358,"pct_m":0.55219},"2024-10":{"txs":0,"uniq":0,"trade":0,"nft":0,"gas":0,"bal":0.001691,"days":0,"spread":0,"streak":0,"rank_m":566575,"pct_m":0.602392},"2024-11":{"txs":2,"uniq":1,"trade":0,"nft":0,"gas":0.000005,"bal":0.00033,"days":1,"spread":0.033333,"streak":1,"rank_m":480124,"pct_m":0.510475,"gas_method":"exact"},"2024-12":{"txs":13,"uniq":6,"trade":0,"nft":0,"gas":0.000132,"bal":0.000012,"days":2,"spread":0.064516,"streak":1,"rank_m":461490,"pct_m":0.490663,"gas_method":"exact"},"2025-01":{"txs":0,"uniq":0,"trade":0,"nft":0,"gas":0,"bal":0.000012,"days":0,"spread":0,"streak":0,"rank_m":722965,"pct_m":0.768668},"2025-02":{"txs":0,"uniq":0,"trade":0,"nft":0,"gas":0,"bal":0.000012,"days":0,"spread":0,"streak":0,"rank_m":750119,"pct_m":0.797539},"2025-03":{"txs":0,"uniq":0,"trade":0,"nft":0,"gas":0,"bal":0.000012,"days":0,"spread":0,"streak":0,"rank_m":768857,"pct_m":0.817461},"2025-04":{"txs":0,"uniq":0,"trade":0,"nft":0,"gas":0,"bal":0.000012,"days":0,"spread":0,"streak":0,"rank_m":803830,"pct_m":0.854645},"2025-05":{"txs":0,"uniq":0,"trade":0,"nft":0,"gas":0,"bal":0.000012,"days":0,"spread":0,"streak":0,"rank_m":825445,"pct_m":0.877627},"2025-06":{"txs":0,"uniq":0,"trade":0,"nft":0,"gas":0,"bal":0.000012,"days":0,"spread":0,"streak":0,"rank_m":839188,"pct_m":0.892239},"2025-07":{"txs":0,"uniq":0,"trade":0,"nft":0,"gas":0,"bal":0.000012,"days":0,"spread":0,"streak":0,"rank_m":863321,"pct_m":0.917897},"2025-08":{"txs":0,"uniq":0,"trade":0,"nft":0,"gas":0,"bal":0.000012,"days":0,"spread":0,"streak":0,"rank_m":858890,"pct_m":0.913186},"2025-09":{"txs":0,"uniq":0,"trade":0,"nft":0,"gas":0,"bal":0.000012,"days":0,"spread":0,"streak":0,"rank_m":855531,"pct_m":0.909615},"2025-10":{"txs":0,"uniq":0,"trade":0,"nft":0,"gas":0,"bal":0.000012,"days":0,"spread":0,"streak":0,"rank_m":817325,"pct_m":0.868993}}}