{"wallet":"0xc8fd0cf0d95ef6977ee14f62a6eadcc723b15d77","rank":47359,"lifetime":{"months_active":25,"first":"2023-07","last":"2025-10","tx_sum":813,"uniq_sum":339,"trade_sum":25,"nft_sum":159,"gas_sum":0.008365,"avg_balance_eth_mean":0.002866,"streak_best_days":9,"gas_sum_filled":0.008365},"months":{"2023-07":{"txs":0,"uniq":0,"trade":0,"nft":0,"gas":0,"bal":0,"days":0,"spread":0,"streak":0,"rank_m":242513,"pct_m":0.257843},"2023-08":{"txs":21,"uniq":11,"trade":0,"nft":7,"gas":0.001982,"bal":0.002245,"days":9,"spread":0.290323,"streak":4,"rank_m":47916,"pct_m":0.050944,"gas_method":"exact"},"2023-09":{"txs":3,"uniq":3,"trade":0,"nft":2,"gas":0.000013,"bal":0.001915,"days":3,"spread":0.1,"streak":1,"rank_m":86624,"pct_m":0.092099,"gas_method":"exact"},"2023-10":{"txs":0,"uniq":0,"trade":0,"nft":0,"gas":0,"bal":0.001915,"days":0,"spread":0,"streak":0,"rank_m":166302,"pct_m":0.176814},"2023-11":{"txs":4,"uniq":2,"trade":0,"nft":2,"gas":0.000021,"bal":0.001011,"days":3,"spread":0.1,"streak":3,"rank_m":88936,"pct_m":0.094557,"gas_method":"estimated"},"2023-12":{"txs":0,"uniq":0,"trade":0,"nft":0,"gas":0,"bal":0.001011,"days":0,"spread":0,"streak":0,"rank_m":209751,"pct_m":0.22301},"2024-01":{"txs":6,"uniq":2,"trade":0,"nft":17,"gas":0.00007,"bal":0.001574,"days":5,"spread":0.16129,"streak":2,"rank_m":71691,"pct_m":0.076222,"gas_method":"exact"},"2024-02":{"txs":36,"uniq":23,"trade":0,"nft":72,"gas":0.000057,"bal":0.015589,"days":15,"spread":0.517241,"streak":6,"rank_m":9221,"pct_m":0.009803,"gas_method":"exact"},"2024-03":{"txs":63,"uniq":23,"trade":1,"nft":7,"gas":0.001293,"bal":0.003592,"days":16,"spread":0.516129,"streak":5,"rank_m":25645,"pct_m":0.027265,"gas_method":"exact"},"2024-04":{"txs":50,"uniq":17,"trade":4,"nft":3,"gas":0.000024,"bal":0.000482,"days":11,"spread":0.366667,"streak":4,"rank_m":116171,"pct_m":0.123514,"gas_method":"exact"},"2024-05":{"txs":88,"uniq":27,"trade":4,"nft":12,"gas":0.000016,"bal":0.000824,"days":19,"spread":0.612903,"streak":4,"rank_m":55241,"pct_m":0.058732,"gas_method":"exact"},"2024-06":{"txs":50,"uniq":22,"trade":2,"nft":7,"gas":0.000004,"bal":0.000614,"days":16,"spread":0.533333,"streak":6,"rank_m":63659,"pct_m":0.067682,"gas_method":"exact"},"2024-07":{"txs":32,"uniq":18,"trade":6,"nft":4,"gas":0.000002,"bal":0.001634,"days":10,"spread":0.322581,"streak":2,"rank_m":115291,"pct_m":0.122578,"gas_method":"estimated"},"2024-08":{"txs":15,"uniq":12,"trade":1,"nft":1,"gas":0.000003,"bal":0.00276,"days":7,"spread":0.225806,"streak":3,"rank_m":101642,"pct_m":0.108067,"gas_method":"exact"},"2024-09":{"txs":5,"uniq":5,"trade":0,"nft":8,"gas":0,"bal":0.000727,"days":3,"spread":0.1,"streak":1,"rank_m":298857,"pct_m":0.317749,"gas_method":"estimated"},"2024-10":{"txs":41,"uniq":17,"trade":1,"nft":10,"gas":0,"bal":0.001255,"days":16,"spread":0.516129,"streak":9,"rank_m":61010,"pct_m":0.064866,"gas_method":"exact"},"2024-11":{"txs":54,"uniq":23,"trade":4,"nft":2,"gas":0.000115,"bal":0.001101,"days":15,"spread":0.5,"streak":4,"rank_m":73983,"pct_m":0.078659,"gas_method":"exact"},"2024-12":{"txs":93,"uniq":35,"trade":0,"nft":2,"gas":0.00194,"bal":0.00121,"days":23,"spread":0.741935,"streak":6,"rank_m":65326,"pct_m":0.069455,"gas_method":"exact"},"2025-01":{"txs":68,"uniq":26,"trade":0,"nft":3,"gas":0.00174,"bal":0.00088,"days":17,"spread":0.548387,"streak":4,"rank_m":76032,"pct_m":0.080838,"gas_method":"exact"},"2025-02":{"txs":19,"uniq":13,"trade":0,"nft":0,"gas":0.000001,"bal":0.002964,"days":10,"spread":0.357143,"streak":3,"rank_m":223090,"pct_m":0.237192,"gas_method":"exact"},"2025-03":{"txs":28,"uniq":15,"trade":1,"nft":0,"gas":0.00019,"bal":0.001018,"days":10,"spread":0.322581,"streak":3,"rank_m":111367,"pct_m":0.118406,"gas_method":"exact"},"2025-04":{"txs":22,"uniq":9,"trade":0,"nft":0,"gas":0.000085,"bal":0.004838,"days":10,"spread":0.333333,"streak":3,"rank_m":98570,"pct_m":0.1048,"gas_method":"exact"},"2025-05":{"txs":18,"uniq":8,"trade":0,"nft":0,"gas":0.000127,"bal":0.010007,"days":9,"spread":0.290323,"streak":3,"rank_m":83242,"pct_m":0.088503,"gas_method":"estimated"},"2025-06":{"txs":13,"uniq":5,"trade":0,"nft":0,"gas":0.000091,"bal":0.003446,"days":6,"spread":0.2,"streak":2,"rank_m":289756,"pct_m":0.308073,"gas_method":"estimated"},"2025-07":{"txs":47,"uniq":12,"trade":1,"nft":0,"gas":0.000331,"bal":0.004845,"days":21,"spread":0.677419,"streak":9,"rank_m":61067,"pct_m":0.064926,"gas_method":"estimated"},"2025-08":{"txs":27,"uniq":9,"trade":0,"nft":0,"gas":0.00019,"bal":0.001111,"days":12,"spread":0.387097,"streak":4,"rank_m":265729,"pct_m":0.282527,"gas_method":"estimated"},"2025-09":{"txs":8,"uniq":0,"trade":0,"nft":0,"gas":0.000056,"bal":0.009122,"days":6,"spread":0.2,"streak":4,"rank_m":259433,"pct_m":0.275833,"gas_method":"estimated"},"2025-10":{"txs":2,"uniq":2,"trade":0,"nft":0,"gas":0.000014,"bal":0.002553,"days":1,"spread":0.032258,"streak":1,"rank_m":296938,"pct_m":0.315709,"gas_method":"estimated"}}}