{"wallet":"0xc8e714c190c464467fc4caab14abd1c4c2c5952a","rank":402572,"lifetime":{"months_active":15,"first":"2023-07","last":"2025-10","tx_sum":163,"uniq_sum":85,"trade_sum":2,"nft_sum":43,"gas_sum":0.000605,"avg_balance_eth_mean":0.003992,"streak_best_days":16,"gas_sum_filled":0.000605},"months":{"2023-07":{"txs":0,"uniq":0,"trade":0,"nft":0,"gas":0,"bal":0,"days":0,"spread":0,"streak":0,"rank_m":242819,"pct_m":0.258168},"2023-08":{"txs":0,"uniq":0,"trade":0,"nft":0,"gas":0,"bal":0,"days":0,"spread":0,"streak":0,"rank_m":332764,"pct_m":0.3538},"2023-09":{"txs":0,"uniq":0,"trade":0,"nft":0,"gas":0,"bal":0,"days":0,"spread":0,"streak":0,"rank_m":352253,"pct_m":0.374521},"2023-10":{"txs":0,"uniq":0,"trade":0,"nft":0,"gas":0,"bal":0,"days":0,"spread":0,"streak":0,"rank_m":370517,"pct_m":0.393939},"2023-11":{"txs":0,"uniq":0,"trade":0,"nft":0,"gas":0,"bal":0,"days":0,"spread":0,"streak":0,"rank_m":386998,"pct_m":0.411462},"2023-12":{"txs":0,"uniq":0,"trade":0,"nft":0,"gas":0,"bal":0,"days":0,"spread":0,"streak":0,"rank_m":407909,"pct_m":0.433695},"2024-01":{"txs":1,"uniq":1,"trade":0,"nft":0,"gas":0.000018,"bal":0.001898,"days":1,"spread":0.032258,"streak":1,"rank_m":172184,"pct_m":0.183068,"gas_method":"estimated"},"2024-02":{"txs":0,"uniq":0,"trade":0,"nft":0,"gas":0,"bal":0.001898,"days":0,"spread":0,"streak":0,"rank_m":287431,"pct_m":0.305601},"2024-03":{"txs":1,"uniq":1,"trade":0,"nft":0,"gas":0.000016,"bal":0.00273,"days":1,"spread":0.032258,"streak":1,"rank_m":319171,"pct_m":0.339347,"gas_method":"estimated"},"2024-04":{"txs":0,"uniq":0,"trade":0,"nft":0,"gas":0,"bal":0.00273,"days":0,"spread":0,"streak":0,"rank_m":461638,"pct_m":0.490821},"2024-05":{"txs":19,"uniq":9,"trade":0,"nft":6,"gas":0.000012,"bal":0.005045,"days":10,"spread":0.322581,"streak":3,"rank_m":157093,"pct_m":0.167023,"gas_method":"estimated"},"2024-06":{"txs":30,"uniq":8,"trade":0,"nft":4,"gas":0.000001,"bal":0.010076,"days":13,"spread":0.433333,"streak":7,"rank_m":59225,"pct_m":0.062968,"gas_method":"exact"},"2024-07":{"txs":6,"uniq":5,"trade":0,"nft":2,"gas":0.000001,"bal":0.006335,"days":4,"spread":0.129032,"streak":1,"rank_m":206762,"pct_m":0.219832,"gas_method":"exact"},"2024-08":{"txs":32,"uniq":26,"trade":0,"nft":26,"gas":0.000002,"bal":0.016451,"days":21,"spread":0.677419,"streak":16,"rank_m":24749,"pct_m":0.026313,"gas_method":"estimated"},"2024-09":{"txs":13,"uniq":6,"trade":0,"nft":1,"gas":0,"bal":0.004256,"days":9,"spread":0.3,"streak":3,"rank_m":157207,"pct_m":0.167144,"gas_method":"estimated"},"2024-10":{"txs":15,"uniq":5,"trade":0,"nft":2,"gas":0.000003,"bal":0.003642,"days":11,"spread":0.354839,"streak":3,"rank_m":128106,"pct_m":0.136204,"gas_method":"exact"},"2024-11":{"txs":11,"uniq":4,"trade":0,"nft":1,"gas":0.000025,"bal":0.003349,"days":10,"spread":0.333333,"streak":3,"rank_m":213476,"pct_m":0.22697,"gas_method":"exact"},"2024-12":{"txs":15,"uniq":8,"trade":2,"nft":0,"gas":0.000309,"bal":0.004157,"days":12,"spread":0.387097,"streak":4,"rank_m":158397,"pct_m":0.168409,"gas_method":"exact"},"2025-01":{"txs":4,"uniq":2,"trade":0,"nft":0,"gas":0.000104,"bal":0.009076,"days":4,"spread":0.129032,"streak":2,"rank_m":346743,"pct_m":0.368662,"gas_method":"exact"},"2025-02":{"txs":6,"uniq":3,"trade":0,"nft":0,"gas":0.000042,"bal":0.008962,"days":5,"spread":0.178571,"streak":1,"rank_m":262916,"pct_m":0.279536,"gas_method":"exact"},"2025-03":{"txs":6,"uniq":3,"trade":0,"nft":0,"gas":0.000047,"bal":0.006822,"days":5,"spread":0.16129,"streak":1,"rank_m":260904,"pct_m":0.277397,"gas_method":"exact"},"2025-04":{"txs":3,"uniq":3,"trade":0,"nft":0,"gas":0.000018,"bal":0.003731,"days":3,"spread":0.1,"streak":1,"rank_m":364587,"pct_m":0.387634,"gas_method":"exact"},"2025-05":{"txs":1,"uniq":1,"trade":0,"nft":0,"gas":0.000007,"bal":0.003436,"days":1,"spread":0.032258,"streak":1,"rank_m":402783,"pct_m":0.428245,"gas_method":"estimated"},"2025-06":{"txs":0,"uniq":0,"trade":0,"nft":0,"gas":0,"bal":0.003436,"days":0,"spread":0,"streak":0,"rank_m":576514,"pct_m":0.612959},"2025-07":{"txs":0,"uniq":0,"trade":0,"nft":0,"gas":0,"bal":0.003436,"days":0,"spread":0,"streak":0,"rank_m":597067,"pct_m":0.634811},"2025-08":{"txs":0,"uniq":0,"trade":0,"nft":1,"gas":0,"bal":0.003436,"days":0,"spread":0,"streak":0,"rank_m":471509,"pct_m":0.501316},"2025-09":{"txs":0,"uniq":0,"trade":0,"nft":0,"gas":0,"bal":0.003436,"days":0,"spread":0,"streak":0,"rank_m":562087,"pct_m":0.59762},"2025-10":{"txs":0,"uniq":0,"trade":0,"nft":0,"gas":0,"bal":0.003436,"days":0,"spread":0,"streak":0,"rank_m":463098,"pct_m":0.492373}}}