{"wallet":"0xc85bb09ebd65166136a0e1c210c14e6b496e41d5","rank":125470,"lifetime":{"months_active":25,"first":"2023-07","last":"2025-10","tx_sum":267,"uniq_sum":152,"trade_sum":3,"nft_sum":76,"gas_sum":0.005334,"avg_balance_eth_mean":0.015948,"streak_best_days":5,"gas_sum_filled":0.005334},"months":{"2023-07":{"txs":0,"uniq":0,"trade":0,"nft":0,"gas":0,"bal":0,"days":0,"spread":0,"streak":0,"rank_m":244748,"pct_m":0.260219},"2023-08":{"txs":28,"uniq":15,"trade":0,"nft":13,"gas":0.002547,"bal":0.008282,"days":12,"spread":0.387097,"streak":5,"rank_m":27331,"pct_m":0.029058,"gas_method":"exact"},"2023-09":{"txs":24,"uniq":8,"trade":2,"nft":8,"gas":0.000473,"bal":0.007935,"days":4,"spread":0.133333,"streak":1,"rank_m":28509,"pct_m":0.03031,"gas_method":"exact"},"2023-10":{"txs":24,"uniq":9,"trade":0,"nft":2,"gas":0.000398,"bal":0.008457,"days":3,"spread":0.096774,"streak":1,"rank_m":43404,"pct_m":0.046147,"gas_method":"estimated"},"2023-11":{"txs":6,"uniq":4,"trade":0,"nft":2,"gas":0.000172,"bal":0.012037,"days":2,"spread":0.066667,"streak":1,"rank_m":52545,"pct_m":0.055866,"gas_method":"estimated"},"2023-12":{"txs":8,"uniq":6,"trade":0,"nft":3,"gas":0.000104,"bal":0.030344,"days":5,"spread":0.16129,"streak":1,"rank_m":27389,"pct_m":0.029119,"gas_method":"exact"},"2024-01":{"txs":3,"uniq":2,"trade":0,"nft":4,"gas":0.00015,"bal":0.012895,"days":1,"spread":0.032258,"streak":1,"rank_m":94271,"pct_m":0.10023,"gas_method":"estimated"},"2024-02":{"txs":5,"uniq":5,"trade":0,"nft":5,"gas":0.000142,"bal":0.013226,"days":4,"spread":0.137931,"streak":1,"rank_m":93052,"pct_m":0.098933,"gas_method":"estimated"},"2024-03":{"txs":4,"uniq":3,"trade":0,"nft":3,"gas":0.00017,"bal":0.011876,"days":3,"spread":0.096774,"streak":1,"rank_m":201601,"pct_m":0.214345,"gas_method":"estimated"},"2024-04":{"txs":8,"uniq":7,"trade":0,"nft":6,"gas":0.000042,"bal":0.009355,"days":7,"spread":0.233333,"streak":1,"rank_m":233305,"pct_m":0.248053,"gas_method":"estimated"},"2024-05":{"txs":15,"uniq":14,"trade":0,"nft":7,"gas":0.000026,"bal":0.013072,"days":7,"spread":0.225806,"streak":2,"rank_m":119344,"pct_m":0.126888,"gas_method":"estimated"},"2024-06":{"txs":1,"uniq":1,"trade":0,"nft":1,"gas":0,"bal":0.01455,"days":1,"spread":0.033333,"streak":1,"rank_m":341123,"pct_m":0.362687,"gas_method":"estimated"},"2024-07":{"txs":1,"uniq":1,"trade":0,"nft":2,"gas":0,"bal":0.014468,"days":1,"spread":0.032258,"streak":1,"rank_m":314135,"pct_m":0.333993,"gas_method":"estimated"},"2024-08":{"txs":9,"uniq":8,"trade":0,"nft":4,"gas":0.000002,"bal":0.017299,"days":7,"spread":0.225806,"streak":2,"rank_m":141389,"pct_m":0.150326,"gas_method":"estimated"},"2024-09":{"txs":6,"uniq":5,"trade":0,"nft":2,"gas":0.000001,"bal":0.019951,"days":3,"spread":0.1,"streak":1,"rank_m":162873,"pct_m":0.173168,"gas_method":"estimated"},"2024-10":{"txs":8,"uniq":7,"trade":0,"nft":6,"gas":0.000001,"bal":0.023493,"days":5,"spread":0.16129,"streak":1,"rank_m":148244,"pct_m":0.157615,"gas_method":"estimated"},"2024-11":{"txs":5,"uniq":3,"trade":0,"nft":1,"gas":0.000011,"bal":0.02262,"days":5,"spread":0.166667,"streak":1,"rank_m":257691,"pct_m":0.273981,"gas_method":"exact"},"2024-12":{"txs":12,"uniq":9,"trade":0,"nft":1,"gas":0.000265,"bal":0.022324,"days":5,"spread":0.16129,"streak":2,"rank_m":184747,"pct_m":0.196425,"gas_method":"exact"},"2025-01":{"txs":7,"uniq":6,"trade":0,"nft":2,"gas":0.000182,"bal":0.021501,"days":5,"spread":0.16129,"streak":1,"rank_m":217759,"pct_m":0.231524,"gas_method":"exact"},"2025-02":{"txs":3,"uniq":3,"trade":0,"nft":0,"gas":0.000021,"bal":0.019423,"days":3,"spread":0.107143,"streak":1,"rank_m":310104,"pct_m":0.329707,"gas_method":"exact"},"2025-03":{"txs":0,"uniq":0,"trade":0,"nft":0,"gas":0,"bal":0.019423,"days":0,"spread":0,"streak":0,"rank_m":504095,"pct_m":0.535962},"2025-04":{"txs":6,"uniq":6,"trade":0,"nft":0,"gas":0.000036,"bal":0.017077,"days":4,"spread":0.133333,"streak":3,"rank_m":173062,"pct_m":0.184002,"gas_method":"exact"},"2025-05":{"txs":2,"uniq":1,"trade":0,"nft":0,"gas":0.000014,"bal":0.020848,"days":1,"spread":0.032258,"streak":1,"rank_m":252934,"pct_m":0.268923,"gas_method":"estimated"},"2025-06":{"txs":24,"uniq":11,"trade":1,"nft":0,"gas":0.000169,"bal":0.015907,"days":9,"spread":0.3,"streak":3,"rank_m":69304,"pct_m":0.073684,"gas_method":"estimated"},"2025-07":{"txs":26,"uniq":6,"trade":0,"nft":1,"gas":0.000183,"bal":0.021221,"days":11,"spread":0.354839,"streak":3,"rank_m":71705,"pct_m":0.076237,"gas_method":"estimated"},"2025-08":{"txs":19,"uniq":7,"trade":0,"nft":2,"gas":0.000134,"bal":0.017144,"days":8,"spread":0.258065,"streak":2,"rank_m":80689,"pct_m":0.085789,"gas_method":"estimated"},"2025-09":{"txs":13,"uniq":5,"trade":0,"nft":1,"gas":0.000091,"bal":0.015914,"days":5,"spread":0.166667,"streak":2,"rank_m":116799,"pct_m":0.124182,"gas_method":"estimated"},"2025-10":{"txs":0,"uniq":0,"trade":0,"nft":0,"gas":0,"bal":0.015914,"days":0,"spread":0,"streak":0,"rank_m":315091,"pct_m":0.335009}}}