{"wallet":"0xc81078cb837afedafb382003ad819249cd04ba82","rank":695212,"lifetime":{"months_active":14,"first":"2023-07","last":"2025-10","tx_sum":125,"uniq_sum":73,"trade_sum":0,"nft_sum":23,"gas_sum":0.001378,"avg_balance_eth_mean":0.002578,"streak_best_days":2,"gas_sum_filled":0.001378},"months":{"2023-07":{"txs":0,"uniq":0,"trade":0,"nft":0,"gas":0,"bal":0,"days":0,"spread":0,"streak":0,"rank_m":245786,"pct_m":0.261323},"2023-08":{"txs":2,"uniq":1,"trade":0,"nft":0,"gas":0.000392,"bal":0.000082,"days":2,"spread":0.064516,"streak":2,"rank_m":137020,"pct_m":0.145681,"gas_method":"exact"},"2023-09":{"txs":0,"uniq":0,"trade":0,"nft":0,"gas":0,"bal":0.000082,"days":0,"spread":0,"streak":0,"rank_m":203949,"pct_m":0.216841},"2023-10":{"txs":0,"uniq":0,"trade":0,"nft":0,"gas":0,"bal":0.000082,"days":0,"spread":0,"streak":0,"rank_m":214798,"pct_m":0.228376},"2023-11":{"txs":0,"uniq":0,"trade":0,"nft":0,"gas":0,"bal":0.000082,"days":0,"spread":0,"streak":0,"rank_m":227115,"pct_m":0.241472},"2023-12":{"txs":0,"uniq":0,"trade":0,"nft":0,"gas":0,"bal":0.000082,"days":0,"spread":0,"streak":0,"rank_m":253360,"pct_m":0.269376},"2024-01":{"txs":0,"uniq":0,"trade":0,"nft":0,"gas":0,"bal":0.000082,"days":0,"spread":0,"streak":0,"rank_m":266157,"pct_m":0.282982},"2024-02":{"txs":29,"uniq":14,"trade":0,"nft":3,"gas":0.000474,"bal":0.006143,"days":3,"spread":0.103448,"streak":2,"rank_m":62448,"pct_m":0.066395,"gas_method":"estimated"},"2024-03":{"txs":1,"uniq":1,"trade":0,"nft":0,"gas":0.000024,"bal":0.004633,"days":1,"spread":0.032258,"streak":1,"rank_m":306237,"pct_m":0.325596,"gas_method":"estimated"},"2024-04":{"txs":20,"uniq":13,"trade":0,"nft":11,"gas":0.00022,"bal":0.0024,"days":3,"spread":0.1,"streak":1,"rank_m":214293,"pct_m":0.227839,"gas_method":"exact"},"2024-05":{"txs":1,"uniq":1,"trade":0,"nft":1,"gas":0.000001,"bal":0.001906,"days":1,"spread":0.032258,"streak":1,"rank_m":424722,"pct_m":0.451571,"gas_method":"estimated"},"2024-06":{"txs":1,"uniq":1,"trade":0,"nft":0,"gas":0,"bal":0.001234,"days":1,"spread":0.033333,"streak":1,"rank_m":464759,"pct_m":0.494139,"gas_method":"estimated"},"2024-07":{"txs":2,"uniq":1,"trade":0,"nft":1,"gas":0,"bal":0.001218,"days":1,"spread":0.032258,"streak":1,"rank_m":425142,"pct_m":0.452018,"gas_method":"estimated"},"2024-08":{"txs":0,"uniq":0,"trade":0,"nft":0,"gas":0,"bal":0.001218,"days":0,"spread":0,"streak":0,"rank_m":550860,"pct_m":0.585683},"2024-09":{"txs":0,"uniq":0,"trade":0,"nft":0,"gas":0,"bal":0.001218,"days":0,"spread":0,"streak":0,"rank_m":533521,"pct_m":0.567248},"2024-10":{"txs":33,"uniq":14,"trade":0,"nft":6,"gas":0.000003,"bal":0.001694,"days":6,"spread":0.193548,"streak":2,"rank_m":172864,"pct_m":0.183791,"gas_method":"estimated"},"2024-11":{"txs":22,"uniq":15,"trade":0,"nft":1,"gas":0.000051,"bal":0.003078,"days":6,"spread":0.2,"streak":2,"rank_m":155606,"pct_m":0.165442,"gas_method":"exact"},"2024-12":{"txs":0,"uniq":0,"trade":0,"nft":0,"gas":0,"bal":0.003078,"days":0,"spread":0,"streak":0,"rank_m":615623,"pct_m":0.65454},"2025-01":{"txs":6,"uniq":5,"trade":0,"nft":0,"gas":0.000156,"bal":0.028918,"days":1,"spread":0.032258,"streak":1,"rank_m":328408,"pct_m":0.349168,"gas_method":"exact"},"2025-02":{"txs":5,"uniq":4,"trade":0,"nft":0,"gas":0.000035,"bal":0.007883,"days":2,"spread":0.071429,"streak":1,"rank_m":307628,"pct_m":0.327075,"gas_method":"exact"},"2025-03":{"txs":1,"uniq":1,"trade":0,"nft":0,"gas":0.000008,"bal":0.000975,"days":1,"spread":0.032258,"streak":1,"rank_m":461935,"pct_m":0.491136,"gas_method":"exact"},"2025-04":{"txs":0,"uniq":0,"trade":0,"nft":0,"gas":0,"bal":0.000975,"days":0,"spread":0,"streak":0,"rank_m":673181,"pct_m":0.715737},"2025-05":{"txs":0,"uniq":0,"trade":0,"nft":0,"gas":0,"bal":0.000975,"days":0,"spread":0,"streak":0,"rank_m":663607,"pct_m":0.705558},"2025-06":{"txs":1,"uniq":1,"trade":0,"nft":0,"gas":0.000007,"bal":0.000858,"days":1,"spread":0.033333,"streak":1,"rank_m":542360,"pct_m":0.576646,"gas_method":"estimated"},"2025-07":{"txs":0,"uniq":0,"trade":0,"nft":0,"gas":0,"bal":0.000858,"days":0,"spread":0,"streak":0,"rank_m":693623,"pct_m":0.737471},"2025-08":{"txs":0,"uniq":0,"trade":0,"nft":0,"gas":0,"bal":0.000858,"days":0,"spread":0,"streak":0,"rank_m":673158,"pct_m":0.715713},"2025-09":{"txs":0,"uniq":0,"trade":0,"nft":0,"gas":0,"bal":0.000858,"days":0,"spread":0,"streak":0,"rank_m":654776,"pct_m":0.696168},"2025-10":{"txs":1,"uniq":1,"trade":0,"nft":0,"gas":0.000007,"bal":0.000704,"days":1,"spread":0.032258,"streak":1,"rank_m":401823,"pct_m":0.427224,"gas_method":"estimated"}}}