{"wallet":"0xc86204d7f4cd14bc0cc8e5e9db68cf3572f2dffe","rank":52931,"lifetime":{"months_active":28,"first":"2023-07","last":"2025-10","tx_sum":890,"uniq_sum":364,"trade_sum":20,"nft_sum":144,"gas_sum":0.012701,"avg_balance_eth_mean":0.001252,"streak_best_days":11,"gas_sum_filled":0.012701},"months":{"2023-07":{"txs":3,"uniq":2,"trade":0,"nft":1,"gas":0.000285,"bal":0.00034,"days":1,"spread":0.032258,"streak":1,"rank_m":29444,"pct_m":0.031304,"gas_method":"estimated"},"2023-08":{"txs":25,"uniq":15,"trade":0,"nft":9,"gas":0.002424,"bal":0.002658,"days":12,"spread":0.387097,"streak":3,"rank_m":39542,"pct_m":0.042041,"gas_method":"exact"},"2023-09":{"txs":5,"uniq":4,"trade":0,"nft":3,"gas":0.000629,"bal":0.003548,"days":3,"spread":0.1,"streak":2,"rank_m":52708,"pct_m":0.056039,"gas_method":"exact"},"2023-10":{"txs":10,"uniq":8,"trade":0,"nft":8,"gas":0.000072,"bal":0.003501,"days":6,"spread":0.193548,"streak":2,"rank_m":31647,"pct_m":0.033647,"gas_method":"exact"},"2023-11":{"txs":7,"uniq":7,"trade":0,"nft":5,"gas":0.00009,"bal":0.002899,"days":6,"spread":0.2,"streak":2,"rank_m":45359,"pct_m":0.048225,"gas_method":"estimated"},"2023-12":{"txs":3,"uniq":2,"trade":0,"nft":4,"gas":0.000072,"bal":0.00005,"days":1,"spread":0.032258,"streak":1,"rank_m":156037,"pct_m":0.1659,"gas_method":"estimated"},"2024-01":{"txs":18,"uniq":8,"trade":3,"nft":6,"gas":0.000036,"bal":0.000798,"days":4,"spread":0.129032,"streak":1,"rank_m":64554,"pct_m":0.068634,"gas_method":"exact"},"2024-02":{"txs":35,"uniq":12,"trade":7,"nft":4,"gas":0.002212,"bal":0.000712,"days":8,"spread":0.275862,"streak":4,"rank_m":34200,"pct_m":0.036361,"gas_method":"exact"},"2024-03":{"txs":16,"uniq":8,"trade":0,"nft":4,"gas":0.000305,"bal":0.00073,"days":5,"spread":0.16129,"streak":2,"rank_m":201656,"pct_m":0.214403,"gas_method":"estimated"},"2024-04":{"txs":52,"uniq":17,"trade":3,"nft":8,"gas":0.000122,"bal":0.001532,"days":12,"spread":0.4,"streak":4,"rank_m":138347,"pct_m":0.147092,"gas_method":"estimated"},"2024-05":{"txs":12,"uniq":7,"trade":0,"nft":5,"gas":0.000009,"bal":0.002546,"days":11,"spread":0.354839,"streak":4,"rank_m":204788,"pct_m":0.217733,"gas_method":"estimated"},"2024-06":{"txs":13,"uniq":4,"trade":0,"nft":4,"gas":0,"bal":0.000192,"days":10,"spread":0.333333,"streak":5,"rank_m":205471,"pct_m":0.218459,"gas_method":"exact"},"2024-07":{"txs":21,"uniq":10,"trade":0,"nft":6,"gas":0.000002,"bal":0.000268,"days":7,"spread":0.225806,"streak":3,"rank_m":231603,"pct_m":0.246243,"gas_method":"estimated"},"2024-08":{"txs":3,"uniq":2,"trade":0,"nft":3,"gas":0,"bal":0.000274,"days":3,"spread":0.096774,"streak":1,"rank_m":424113,"pct_m":0.450923,"gas_method":"estimated"},"2024-09":{"txs":3,"uniq":3,"trade":0,"nft":2,"gas":0,"bal":0.00017,"days":3,"spread":0.1,"streak":1,"rank_m":380305,"pct_m":0.404346,"gas_method":"estimated"},"2024-10":{"txs":29,"uniq":17,"trade":0,"nft":16,"gas":0.000002,"bal":0.000062,"days":6,"spread":0.193548,"streak":3,"rank_m":262955,"pct_m":0.279577,"gas_method":"estimated"},"2024-11":{"txs":13,"uniq":4,"trade":1,"nft":0,"gas":0.000028,"bal":0.001333,"days":4,"spread":0.133333,"streak":3,"rank_m":244877,"pct_m":0.260357,"gas_method":"exact"},"2024-12":{"txs":16,"uniq":13,"trade":0,"nft":1,"gas":0.000331,"bal":0.002257,"days":7,"spread":0.225806,"streak":4,"rank_m":190187,"pct_m":0.202209,"gas_method":"exact"},"2025-01":{"txs":129,"uniq":28,"trade":0,"nft":10,"gas":0.003351,"bal":0.003461,"days":18,"spread":0.580645,"streak":10,"rank_m":34467,"pct_m":0.036645,"gas_method":"exact"},"2025-02":{"txs":59,"uniq":17,"trade":4,"nft":8,"gas":0.000415,"bal":0.002369,"days":13,"spread":0.464286,"streak":4,"rank_m":41944,"pct_m":0.044595,"gas_method":"exact"},"2025-03":{"txs":67,"uniq":22,"trade":0,"nft":10,"gas":0.000506,"bal":0.001111,"days":9,"spread":0.290323,"streak":3,"rank_m":79304,"pct_m":0.084316,"gas_method":"exact"},"2025-04":{"txs":96,"uniq":51,"trade":2,"nft":9,"gas":0.000016,"bal":0.001378,"days":21,"spread":0.7,"streak":7,"rank_m":60985,"pct_m":0.064839,"gas_method":"exact"},"2025-05":{"txs":11,"uniq":7,"trade":0,"nft":1,"gas":0.000077,"bal":0.00078,"days":7,"spread":0.225806,"streak":2,"rank_m":219641,"pct_m":0.233525,"gas_method":"estimated"},"2025-06":{"txs":35,"uniq":11,"trade":0,"nft":0,"gas":0.000246,"bal":0.000587,"days":8,"spread":0.266667,"streak":3,"rank_m":348079,"pct_m":0.370083,"gas_method":"estimated"},"2025-07":{"txs":6,"uniq":3,"trade":0,"nft":1,"gas":0.000042,"bal":0.00057,"days":5,"spread":0.16129,"streak":1,"rank_m":399325,"pct_m":0.424568,"gas_method":"estimated"},"2025-08":{"txs":45,"uniq":19,"trade":0,"nft":1,"gas":0.000317,"bal":0.000211,"days":4,"spread":0.129032,"streak":2,"rank_m":295156,"pct_m":0.313814,"gas_method":"estimated"},"2025-09":{"txs":105,"uniq":43,"trade":0,"nft":9,"gas":0.000739,"bal":0.000463,"days":22,"spread":0.733333,"streak":11,"rank_m":115130,"pct_m":0.122407,"gas_method":"estimated"},"2025-10":{"txs":53,"uniq":20,"trade":0,"nft":6,"gas":0.000373,"bal":0.000252,"days":10,"spread":0.322581,"streak":6,"rank_m":147633,"pct_m":0.156965,"gas_method":"estimated"}}}