{"wallet":"0xc82c95fcf488fbc6b7145f2cfa291f56a5978d63","rank":11769,"lifetime":{"months_active":22,"first":"2023-07","last":"2025-10","tx_sum":1219,"uniq_sum":387,"trade_sum":15,"nft_sum":155,"gas_sum":0.013664,"avg_balance_eth_mean":0.068085,"streak_best_days":20,"gas_sum_filled":0.013664},"months":{"2023-07":{"txs":0,"uniq":0,"trade":0,"nft":0,"gas":0,"bal":0,"days":0,"spread":0,"streak":0,"rank_m":245402,"pct_m":0.260915},"2023-08":{"txs":0,"uniq":0,"trade":0,"nft":0,"gas":0,"bal":0,"days":0,"spread":0,"streak":0,"rank_m":335055,"pct_m":0.356235},"2023-09":{"txs":0,"uniq":0,"trade":0,"nft":0,"gas":0,"bal":0,"days":0,"spread":0,"streak":0,"rank_m":354819,"pct_m":0.377249},"2023-10":{"txs":0,"uniq":0,"trade":0,"nft":0,"gas":0,"bal":0,"days":0,"spread":0,"streak":0,"rank_m":373036,"pct_m":0.396617},"2023-11":{"txs":0,"uniq":0,"trade":0,"nft":0,"gas":0,"bal":0,"days":0,"spread":0,"streak":0,"rank_m":389499,"pct_m":0.414121},"2023-12":{"txs":1,"uniq":1,"trade":0,"nft":1,"gas":0.000019,"bal":0.000701,"days":1,"spread":0.032258,"streak":1,"rank_m":163596,"pct_m":0.173937,"gas_method":"estimated"},"2024-01":{"txs":0,"uniq":0,"trade":0,"nft":0,"gas":0,"bal":0.000701,"days":0,"spread":0,"streak":0,"rank_m":224666,"pct_m":0.238868},"2024-02":{"txs":175,"uniq":33,"trade":0,"nft":19,"gas":0.001736,"bal":0.003709,"days":12,"spread":0.413793,"streak":11,"rank_m":24308,"pct_m":0.025844,"gas_method":"estimated"},"2024-03":{"txs":248,"uniq":75,"trade":7,"nft":43,"gas":0.008326,"bal":0.025553,"days":24,"spread":0.774194,"streak":8,"rank_m":1678,"pct_m":0.001783,"gas_method":"exact"},"2024-04":{"txs":218,"uniq":35,"trade":0,"nft":22,"gas":0.000044,"bal":0.020093,"days":28,"spread":0.933333,"streak":20,"rank_m":11630,"pct_m":0.012364,"gas_method":"exact"},"2024-05":{"txs":54,"uniq":17,"trade":0,"nft":13,"gas":0.000015,"bal":0.028004,"days":18,"spread":0.580645,"streak":5,"rank_m":23517,"pct_m":0.025003,"gas_method":"exact"},"2024-06":{"txs":22,"uniq":12,"trade":0,"nft":8,"gas":0.000001,"bal":0.012045,"days":12,"spread":0.4,"streak":4,"rank_m":74879,"pct_m":0.079612,"gas_method":"estimated"},"2024-07":{"txs":9,"uniq":7,"trade":0,"nft":5,"gas":0.000001,"bal":0.004602,"days":8,"spread":0.258065,"streak":2,"rank_m":175687,"pct_m":0.186792,"gas_method":"estimated"},"2024-08":{"txs":39,"uniq":24,"trade":2,"nft":22,"gas":0.000002,"bal":0.008001,"days":10,"spread":0.322581,"streak":4,"rank_m":28183,"pct_m":0.029964,"gas_method":"exact"},"2024-09":{"txs":32,"uniq":10,"trade":1,"nft":5,"gas":0.000003,"bal":0.1846,"days":13,"spread":0.433333,"streak":7,"rank_m":7263,"pct_m":0.007721,"gas_method":"exact"},"2024-10":{"txs":58,"uniq":18,"trade":0,"nft":10,"gas":0.000003,"bal":0.158521,"days":20,"spread":0.645161,"streak":6,"rank_m":15410,"pct_m":0.016383,"gas_method":"estimated"},"2024-11":{"txs":44,"uniq":15,"trade":0,"nft":3,"gas":0.000101,"bal":0.176056,"days":15,"spread":0.5,"streak":5,"rank_m":26792,"pct_m":0.028485,"gas_method":"exact"},"2024-12":{"txs":51,"uniq":25,"trade":0,"nft":1,"gas":0.00108,"bal":0.121704,"days":17,"spread":0.548387,"streak":4,"rank_m":29313,"pct_m":0.031165,"gas_method":"exact"},"2025-01":{"txs":31,"uniq":13,"trade":0,"nft":2,"gas":0.000727,"bal":0.098867,"days":14,"spread":0.451613,"streak":3,"rank_m":43309,"pct_m":0.046046,"gas_method":"exact"},"2025-02":{"txs":17,"uniq":7,"trade":0,"nft":0,"gas":0.000106,"bal":0.171846,"days":7,"spread":0.25,"streak":2,"rank_m":83926,"pct_m":0.089231,"gas_method":"exact"},"2025-03":{"txs":15,"uniq":8,"trade":0,"nft":1,"gas":0.000111,"bal":0.168287,"days":6,"spread":0.193548,"streak":2,"rank_m":71090,"pct_m":0.075583,"gas_method":"exact"},"2025-04":{"txs":41,"uniq":20,"trade":0,"nft":0,"gas":0.000235,"bal":0.127627,"days":13,"spread":0.433333,"streak":5,"rank_m":10443,"pct_m":0.011102,"gas_method":"exact"},"2025-05":{"txs":6,"uniq":6,"trade":0,"nft":0,"gas":0.000042,"bal":0.107144,"days":4,"spread":0.129032,"streak":1,"rank_m":79368,"pct_m":0.084384,"gas_method":"estimated"},"2025-06":{"txs":34,"uniq":14,"trade":3,"nft":0,"gas":0.000239,"bal":0.083791,"days":11,"spread":0.366667,"streak":3,"rank_m":22904,"pct_m":0.024351,"gas_method":"estimated"},"2025-07":{"txs":8,"uniq":6,"trade":0,"nft":0,"gas":0.000056,"bal":0.120596,"days":4,"spread":0.129032,"streak":1,"rank_m":138976,"pct_m":0.147761,"gas_method":"estimated"},"2025-08":{"txs":8,"uniq":5,"trade":0,"nft":0,"gas":0.000056,"bal":0.09945,"days":3,"spread":0.096774,"streak":1,"rank_m":138896,"pct_m":0.147676,"gas_method":"estimated"},"2025-09":{"txs":14,"uniq":5,"trade":0,"nft":0,"gas":0.000099,"bal":0.076877,"days":7,"spread":0.233333,"streak":2,"rank_m":82446,"pct_m":0.087657,"gas_method":"estimated"},"2025-10":{"txs":94,"uniq":31,"trade":2,"nft":0,"gas":0.000662,"bal":0.107608,"days":11,"spread":0.354839,"streak":7,"rank_m":1873,"pct_m":0.00199,"gas_method":"estimated"}}}