{"wallet":"0xc8c2f27974ad93be3e87d4bf464ac6de211127a2","rank":82781,"lifetime":{"months_active":15,"first":"2023-07","last":"2025-10","tx_sum":814,"uniq_sum":208,"trade_sum":5,"nft_sum":7,"gas_sum":0.002872,"avg_balance_eth_mean":0.014671,"streak_best_days":13,"gas_sum_filled":0.002872},"months":{"2023-07":{"txs":0,"uniq":0,"trade":0,"nft":0,"gas":0,"bal":0,"days":0,"spread":0,"streak":0,"rank_m":243312,"pct_m":0.258693},"2023-08":{"txs":0,"uniq":0,"trade":0,"nft":0,"gas":0,"bal":0,"days":0,"spread":0,"streak":0,"rank_m":333197,"pct_m":0.35426},"2023-09":{"txs":0,"uniq":0,"trade":0,"nft":0,"gas":0,"bal":0,"days":0,"spread":0,"streak":0,"rank_m":352737,"pct_m":0.375035},"2023-10":{"txs":0,"uniq":0,"trade":0,"nft":0,"gas":0,"bal":0,"days":0,"spread":0,"streak":0,"rank_m":371002,"pct_m":0.394455},"2023-11":{"txs":0,"uniq":0,"trade":0,"nft":0,"gas":0,"bal":0,"days":0,"spread":0,"streak":0,"rank_m":387476,"pct_m":0.41197},"2023-12":{"txs":0,"uniq":0,"trade":0,"nft":0,"gas":0,"bal":0,"days":0,"spread":0,"streak":0,"rank_m":408344,"pct_m":0.434158},"2024-01":{"txs":0,"uniq":0,"trade":0,"nft":0,"gas":0,"bal":0,"days":0,"spread":0,"streak":0,"rank_m":425610,"pct_m":0.452515},"2024-02":{"txs":0,"uniq":0,"trade":0,"nft":0,"gas":0,"bal":0,"days":0,"spread":0,"streak":0,"rank_m":468188,"pct_m":0.497785},"2024-03":{"txs":47,"uniq":10,"trade":0,"nft":0,"gas":0.000398,"bal":0.147258,"days":4,"spread":0.129032,"streak":4,"rank_m":81769,"pct_m":0.086937,"gas_method":"estimated"},"2024-04":{"txs":202,"uniq":37,"trade":2,"nft":1,"gas":0.001916,"bal":0.229729,"days":18,"spread":0.6,"streak":6,"rank_m":4653,"pct_m":0.004946,"gas_method":"exact"},"2024-05":{"txs":26,"uniq":14,"trade":0,"nft":2,"gas":0.000009,"bal":0.005214,"days":10,"spread":0.322581,"streak":3,"rank_m":150034,"pct_m":0.159518,"gas_method":"estimated"},"2024-06":{"txs":165,"uniq":46,"trade":0,"nft":1,"gas":0.000002,"bal":0.016073,"days":17,"spread":0.566667,"streak":13,"rank_m":34587,"pct_m":0.036772,"gas_method":"estimated"},"2024-07":{"txs":151,"uniq":34,"trade":0,"nft":0,"gas":0.000008,"bal":0.003535,"days":14,"spread":0.451613,"streak":10,"rank_m":111087,"pct_m":0.118109,"gas_method":"estimated"},"2024-08":{"txs":24,"uniq":12,"trade":0,"nft":0,"gas":0.000002,"bal":0.004444,"days":5,"spread":0.16129,"streak":2,"rank_m":149845,"pct_m":0.159317,"gas_method":"exact"},"2024-09":{"txs":50,"uniq":14,"trade":0,"nft":0,"gas":0.000001,"bal":0.001067,"days":9,"spread":0.3,"streak":3,"rank_m":209805,"pct_m":0.223067,"gas_method":"estimated"},"2024-10":{"txs":44,"uniq":8,"trade":1,"nft":3,"gas":0.000005,"bal":0.000265,"days":11,"spread":0.354839,"streak":4,"rank_m":114424,"pct_m":0.121657,"gas_method":"exact"},"2024-11":{"txs":64,"uniq":19,"trade":0,"nft":0,"gas":0.000124,"bal":0.000552,"days":14,"spread":0.466667,"streak":7,"rank_m":120789,"pct_m":0.128424,"gas_method":"exact"},"2024-12":{"txs":12,"uniq":6,"trade":0,"nft":0,"gas":0.000243,"bal":0.000419,"days":5,"spread":0.16129,"streak":3,"rank_m":337936,"pct_m":0.359299,"gas_method":"exact"},"2025-01":{"txs":0,"uniq":0,"trade":0,"nft":0,"gas":0,"bal":0.000419,"days":0,"spread":0,"streak":0,"rank_m":663528,"pct_m":0.705474},"2025-02":{"txs":2,"uniq":1,"trade":0,"nft":0,"gas":0.000007,"bal":0.000728,"days":1,"spread":0.035714,"streak":1,"rank_m":494862,"pct_m":0.526145,"gas_method":"exact"},"2025-03":{"txs":8,"uniq":1,"trade":0,"nft":0,"gas":0.000032,"bal":0.000008,"days":3,"spread":0.096774,"streak":1,"rank_m":431378,"pct_m":0.458648,"gas_method":"exact"},"2025-04":{"txs":2,"uniq":1,"trade":0,"nft":0,"gas":0.000006,"bal":0.000009,"days":1,"spread":0.033333,"streak":1,"rank_m":564493,"pct_m":0.600178,"gas_method":"exact"},"2025-05":{"txs":4,"uniq":2,"trade":0,"nft":0,"gas":0.000028,"bal":0.000009,"days":2,"spread":0.064516,"streak":2,"rank_m":612019,"pct_m":0.650708,"gas_method":"estimated"},"2025-06":{"txs":13,"uniq":3,"trade":2,"nft":0,"gas":0.000091,"bal":0.000209,"days":3,"spread":0.1,"streak":2,"rank_m":405726,"pct_m":0.431374,"gas_method":"estimated"},"2025-07":{"txs":0,"uniq":0,"trade":0,"nft":0,"gas":0,"bal":0.000209,"days":0,"spread":0,"streak":0,"rank_m":779579,"pct_m":0.828861},"2025-08":{"txs":0,"uniq":0,"trade":0,"nft":0,"gas":0,"bal":0.000209,"days":0,"spread":0,"streak":0,"rank_m":760426,"pct_m":0.808497},"2025-09":{"txs":0,"uniq":0,"trade":0,"nft":0,"gas":0,"bal":0.000209,"days":0,"spread":0,"streak":0,"rank_m":748393,"pct_m":0.795704},"2025-10":{"txs":0,"uniq":0,"trade":0,"nft":0,"gas":0,"bal":0.000209,"days":0,"spread":0,"streak":0,"rank_m":679718,"pct_m":0.722687}}}