{"wallet":"0xc9eaa80f50d428bc0e36ed410887fd4aaabbb6b6","rank":122603,"lifetime":{"months_active":21,"first":"2023-07","last":"2025-10","tx_sum":280,"uniq_sum":149,"trade_sum":3,"nft_sum":60,"gas_sum":0.006502,"avg_balance_eth_mean":0.239873,"streak_best_days":3,"gas_sum_filled":0.006502},"months":{"2023-07":{"txs":16,"uniq":9,"trade":0,"nft":0,"gas":0.000437,"bal":0.008826,"days":2,"spread":0.064516,"streak":2,"rank_m":6021,"pct_m":0.006401,"gas_method":"exact"},"2023-08":{"txs":42,"uniq":37,"trade":1,"nft":13,"gas":0.002794,"bal":0.070552,"days":12,"spread":0.387097,"streak":3,"rank_m":11872,"pct_m":0.012621,"gas_method":"exact"},"2023-09":{"txs":34,"uniq":21,"trade":0,"nft":14,"gas":0.001428,"bal":0.286488,"days":7,"spread":0.233333,"streak":3,"rank_m":5619,"pct_m":0.005973,"gas_method":"exact"},"2023-10":{"txs":12,"uniq":5,"trade":0,"nft":1,"gas":0.000389,"bal":0.396493,"days":3,"spread":0.096774,"streak":1,"rank_m":30522,"pct_m":0.03245,"gas_method":"exact"},"2023-11":{"txs":9,"uniq":3,"trade":0,"nft":2,"gas":0.000093,"bal":0.221117,"days":4,"spread":0.133333,"streak":1,"rank_m":28674,"pct_m":0.030486,"gas_method":"exact"},"2023-12":{"txs":5,"uniq":5,"trade":0,"nft":4,"gas":0.000266,"bal":0.174843,"days":4,"spread":0.129032,"streak":2,"rank_m":26651,"pct_m":0.028335,"gas_method":"estimated"},"2024-01":{"txs":3,"uniq":3,"trade":0,"nft":1,"gas":0.000149,"bal":0.109295,"days":3,"spread":0.096774,"streak":1,"rank_m":74650,"pct_m":0.079368,"gas_method":"estimated"},"2024-02":{"txs":7,"uniq":6,"trade":0,"nft":1,"gas":0.000196,"bal":0.036133,"days":2,"spread":0.068966,"streak":1,"rank_m":106540,"pct_m":0.113274,"gas_method":"estimated"},"2024-03":{"txs":0,"uniq":0,"trade":0,"nft":0,"gas":0,"bal":0.036133,"days":0,"spread":0,"streak":0,"rank_m":332630,"pct_m":0.353657},"2024-04":{"txs":62,"uniq":9,"trade":0,"nft":10,"gas":0.000321,"bal":0.046807,"days":4,"spread":0.133333,"streak":1,"rank_m":139672,"pct_m":0.148501,"gas_method":"estimated"},"2024-05":{"txs":12,"uniq":7,"trade":0,"nft":3,"gas":0.000021,"bal":0.07808,"days":6,"spread":0.193548,"streak":2,"rank_m":136456,"pct_m":0.145081,"gas_method":"estimated"},"2024-06":{"txs":5,"uniq":5,"trade":0,"nft":2,"gas":0,"bal":0.127892,"days":3,"spread":0.1,"streak":2,"rank_m":169335,"pct_m":0.180039,"gas_method":"estimated"},"2024-07":{"txs":5,"uniq":4,"trade":0,"nft":3,"gas":0.000001,"bal":0.03622,"days":3,"spread":0.096774,"streak":1,"rank_m":193748,"pct_m":0.205995,"gas_method":"estimated"},"2024-08":{"txs":11,"uniq":5,"trade":0,"nft":2,"gas":0.000002,"bal":0.037438,"days":2,"spread":0.064516,"streak":1,"rank_m":210478,"pct_m":0.223783,"gas_method":"estimated"},"2024-09":{"txs":1,"uniq":1,"trade":1,"nft":2,"gas":0,"bal":0.042547,"days":1,"spread":0.033333,"streak":1,"rank_m":202199,"pct_m":0.214981,"gas_method":"exact"},"2024-10":{"txs":16,"uniq":11,"trade":0,"nft":1,"gas":0.000002,"bal":0.040006,"days":3,"spread":0.096774,"streak":1,"rank_m":147662,"pct_m":0.156996,"gas_method":"estimated"},"2024-11":{"txs":21,"uniq":4,"trade":0,"nft":0,"gas":0.000046,"bal":0.143579,"days":2,"spread":0.066667,"streak":1,"rank_m":208684,"pct_m":0.221875,"gas_method":"exact"},"2024-12":{"txs":4,"uniq":3,"trade":0,"nft":1,"gas":0.000088,"bal":0.211211,"days":3,"spread":0.096774,"streak":1,"rank_m":310975,"pct_m":0.330633,"gas_method":"exact"},"2025-01":{"txs":9,"uniq":6,"trade":0,"nft":0,"gas":0.000234,"bal":0.072619,"days":7,"spread":0.225806,"streak":3,"rank_m":181408,"pct_m":0.192875,"gas_method":"exact"},"2025-02":{"txs":1,"uniq":1,"trade":0,"nft":0,"gas":0.000007,"bal":0.065823,"days":1,"spread":0.035714,"streak":1,"rank_m":390388,"pct_m":0.415066,"gas_method":"exact"},"2025-03":{"txs":2,"uniq":2,"trade":1,"nft":0,"gas":0.000016,"bal":1.209006,"days":1,"spread":0.032258,"streak":1,"rank_m":257275,"pct_m":0.273538,"gas_method":"exact"},"2025-04":{"txs":3,"uniq":2,"trade":0,"nft":0,"gas":0.000012,"bal":0.466478,"days":3,"spread":0.1,"streak":1,"rank_m":301692,"pct_m":0.320763,"gas_method":"exact"},"2025-05":{"txs":0,"uniq":0,"trade":0,"nft":0,"gas":0,"bal":0.466478,"days":0,"spread":0,"streak":0,"rank_m":311846,"pct_m":0.331559},"2025-06":{"txs":0,"uniq":0,"trade":0,"nft":0,"gas":0,"bal":0.466478,"days":0,"spread":0,"streak":0,"rank_m":318900,"pct_m":0.339059},"2025-07":{"txs":0,"uniq":0,"trade":0,"nft":0,"gas":0,"bal":0.466478,"days":0,"spread":0,"streak":0,"rank_m":350784,"pct_m":0.372959},"2025-08":{"txs":0,"uniq":0,"trade":0,"nft":0,"gas":0,"bal":0.466478,"days":0,"spread":0,"streak":0,"rank_m":326809,"pct_m":0.347468},"2025-09":{"txs":0,"uniq":0,"trade":0,"nft":0,"gas":0,"bal":0.466478,"days":0,"spread":0,"streak":0,"rank_m":330940,"pct_m":0.35186},"2025-10":{"txs":0,"uniq":0,"trade":0,"nft":0,"gas":0,"bal":0.466478,"days":0,"spread":0,"streak":0,"rank_m":220537,"pct_m":0.234478}}}