{"wallet":"0xc934ec0dd00a49e6a316f77378274595b7d2eb83","rank":638669,"lifetime":{"months_active":17,"first":"2023-07","last":"2025-10","tx_sum":151,"uniq_sum":60,"trade_sum":1,"nft_sum":11,"gas_sum":0.00096,"avg_balance_eth_mean":0.003753,"streak_best_days":3,"gas_sum_filled":0.00096},"months":{"2023-07":{"txs":0,"uniq":0,"trade":0,"nft":0,"gas":0,"bal":0,"days":0,"spread":0,"streak":0,"rank_m":241748,"pct_m":0.25703},"2023-08":{"txs":0,"uniq":0,"trade":0,"nft":0,"gas":0,"bal":0,"days":0,"spread":0,"streak":0,"rank_m":331803,"pct_m":0.352778},"2023-09":{"txs":0,"uniq":0,"trade":0,"nft":0,"gas":0,"bal":0,"days":0,"spread":0,"streak":0,"rank_m":351195,"pct_m":0.373396},"2023-10":{"txs":2,"uniq":2,"trade":0,"nft":2,"gas":0.000014,"bal":0.000839,"days":2,"spread":0.064516,"streak":1,"rank_m":112028,"pct_m":0.119109,"gas_method":"estimated"},"2023-11":{"txs":1,"uniq":1,"trade":0,"nft":1,"gas":0.000012,"bal":0.000759,"days":1,"spread":0.033333,"streak":1,"rank_m":134029,"pct_m":0.142501,"gas_method":"estimated"},"2023-12":{"txs":1,"uniq":1,"trade":0,"nft":1,"gas":0.000023,"bal":0.000536,"days":1,"spread":0.032258,"streak":1,"rank_m":167070,"pct_m":0.177631,"gas_method":"estimated"},"2024-01":{"txs":0,"uniq":0,"trade":0,"nft":0,"gas":0,"bal":0.000536,"days":0,"spread":0,"streak":0,"rank_m":230444,"pct_m":0.245011},"2024-02":{"txs":1,"uniq":1,"trade":0,"nft":1,"gas":0.000012,"bal":0.000491,"days":1,"spread":0.034483,"streak":1,"rank_m":250609,"pct_m":0.266451,"gas_method":"estimated"},"2024-03":{"txs":0,"uniq":0,"trade":0,"nft":0,"gas":0,"bal":0.000491,"days":0,"spread":0,"streak":0,"rank_m":391080,"pct_m":0.415802},"2024-04":{"txs":4,"uniq":3,"trade":0,"nft":0,"gas":0.000009,"bal":0.000779,"days":1,"spread":0.033333,"streak":1,"rank_m":424623,"pct_m":0.451466,"gas_method":"estimated"},"2024-05":{"txs":0,"uniq":0,"trade":0,"nft":0,"gas":0,"bal":0.000779,"days":0,"spread":0,"streak":0,"rank_m":506877,"pct_m":0.53892},"2024-06":{"txs":0,"uniq":0,"trade":0,"nft":0,"gas":0,"bal":0.000779,"days":0,"spread":0,"streak":0,"rank_m":530535,"pct_m":0.564073},"2024-07":{"txs":1,"uniq":1,"trade":0,"nft":1,"gas":0,"bal":0.000989,"days":1,"spread":0.032258,"streak":1,"rank_m":435472,"pct_m":0.463001,"gas_method":"estimated"},"2024-08":{"txs":7,"uniq":5,"trade":0,"nft":2,"gas":0.000001,"bal":0.001239,"days":4,"spread":0.129032,"streak":1,"rank_m":340811,"pct_m":0.362355,"gas_method":"estimated"},"2024-09":{"txs":10,"uniq":4,"trade":0,"nft":0,"gas":0,"bal":0.002509,"days":4,"spread":0.133333,"streak":1,"rank_m":291475,"pct_m":0.3099,"gas_method":"estimated"},"2024-10":{"txs":15,"uniq":6,"trade":0,"nft":2,"gas":0.000001,"bal":0.005079,"days":5,"spread":0.16129,"streak":1,"rank_m":175868,"pct_m":0.186985,"gas_method":"exact"},"2024-11":{"txs":6,"uniq":4,"trade":1,"nft":1,"gas":0.000011,"bal":0.005698,"days":3,"spread":0.1,"streak":1,"rank_m":281716,"pct_m":0.299524,"gas_method":"exact"},"2024-12":{"txs":4,"uniq":3,"trade":0,"nft":0,"gas":0.000066,"bal":0.005135,"days":3,"spread":0.096774,"streak":1,"rank_m":426854,"pct_m":0.453838,"gas_method":"exact"},"2025-01":{"txs":6,"uniq":3,"trade":0,"nft":0,"gas":0.000156,"bal":0.005543,"days":1,"spread":0.032258,"streak":1,"rank_m":386283,"pct_m":0.410702,"gas_method":"exact"},"2025-02":{"txs":2,"uniq":2,"trade":0,"nft":0,"gas":0.000014,"bal":0.005582,"days":1,"spread":0.035714,"streak":1,"rank_m":412427,"pct_m":0.438499,"gas_method":"exact"},"2025-03":{"txs":0,"uniq":0,"trade":0,"nft":0,"gas":0,"bal":0.005582,"days":0,"spread":0,"streak":0,"rank_m":565071,"pct_m":0.600793},"2025-04":{"txs":0,"uniq":0,"trade":0,"nft":0,"gas":0,"bal":0.005582,"days":0,"spread":0,"streak":0,"rank_m":600773,"pct_m":0.638752},"2025-05":{"txs":0,"uniq":0,"trade":0,"nft":0,"gas":0,"bal":0.005582,"days":0,"spread":0,"streak":0,"rank_m":527397,"pct_m":0.560737},"2025-06":{"txs":0,"uniq":0,"trade":0,"nft":0,"gas":0,"bal":0.005582,"days":0,"spread":0,"streak":0,"rank_m":532375,"pct_m":0.56603},"2025-07":{"txs":28,"uniq":11,"trade":0,"nft":0,"gas":0.000197,"bal":0.009467,"days":10,"spread":0.322581,"streak":2,"rank_m":134212,"pct_m":0.142696,"gas_method":"estimated"},"2025-08":{"txs":34,"uniq":9,"trade":0,"nft":0,"gas":0.000239,"bal":0.011519,"days":13,"spread":0.419355,"streak":3,"rank_m":80752,"pct_m":0.085856,"gas_method":"estimated"},"2025-09":{"txs":15,"uniq":3,"trade":0,"nft":0,"gas":0.000106,"bal":0.01084,"days":9,"spread":0.3,"streak":2,"rank_m":175444,"pct_m":0.186534,"gas_method":"estimated"},"2025-10":{"txs":14,"uniq":1,"trade":0,"nft":0,"gas":0.000099,"bal":0.013168,"days":4,"spread":0.129032,"streak":1,"rank_m":127431,"pct_m":0.135486,"gas_method":"estimated"}}}