{"wallet":"0xc9fa88368e5b5f00ef54a71e283bebe39653e7f1","rank":224220,"lifetime":{"months_active":18,"first":"2023-07","last":"2025-10","tx_sum":195,"uniq_sum":65,"trade_sum":47,"nft_sum":10,"gas_sum":0.001676,"avg_balance_eth_mean":0.011283,"streak_best_days":14,"gas_sum_filled":0.001676},"months":{"2023-07":{"txs":0,"uniq":0,"trade":0,"nft":0,"gas":0,"bal":0,"days":0,"spread":0,"streak":0,"rank_m":239099,"pct_m":0.254213},"2023-08":{"txs":0,"uniq":0,"trade":0,"nft":0,"gas":0,"bal":0,"days":0,"spread":0,"streak":0,"rank_m":329454,"pct_m":0.35028},"2023-09":{"txs":0,"uniq":0,"trade":0,"nft":0,"gas":0,"bal":0,"days":0,"spread":0,"streak":0,"rank_m":348557,"pct_m":0.370591},"2023-10":{"txs":1,"uniq":0,"trade":0,"nft":1,"gas":0.000013,"bal":0.000202,"days":1,"spread":0.032258,"streak":1,"rank_m":143961,"pct_m":0.153061,"gas_method":"estimated"},"2023-11":{"txs":2,"uniq":2,"trade":0,"nft":0,"gas":0.000198,"bal":0.000674,"days":1,"spread":0.033333,"streak":1,"rank_m":105912,"pct_m":0.112606,"gas_method":"exact"},"2023-12":{"txs":4,"uniq":3,"trade":2,"nft":1,"gas":0.000171,"bal":0.000578,"days":4,"spread":0.129032,"streak":4,"rank_m":89078,"pct_m":0.094708,"gas_method":"estimated"},"2024-01":{"txs":1,"uniq":1,"trade":0,"nft":1,"gas":0.000023,"bal":0.000097,"days":1,"spread":0.032258,"streak":1,"rank_m":162397,"pct_m":0.172662,"gas_method":"exact"},"2024-02":{"txs":1,"uniq":1,"trade":1,"nft":0,"gas":0.000022,"bal":0.000016,"days":1,"spread":0.034483,"streak":1,"rank_m":247649,"pct_m":0.263304,"gas_method":"estimated"},"2024-03":{"txs":0,"uniq":0,"trade":0,"nft":0,"gas":0,"bal":0.000016,"days":0,"spread":0,"streak":0,"rank_m":429255,"pct_m":0.456391},"2024-04":{"txs":4,"uniq":2,"trade":0,"nft":0,"gas":0.000017,"bal":0.00022,"days":2,"spread":0.066667,"streak":1,"rank_m":437879,"pct_m":0.46556,"gas_method":"estimated"},"2024-05":{"txs":2,"uniq":2,"trade":0,"nft":0,"gas":0.000003,"bal":0.001179,"days":1,"spread":0.032258,"streak":1,"rank_m":442870,"pct_m":0.470866,"gas_method":"estimated"},"2024-06":{"txs":2,"uniq":2,"trade":0,"nft":0,"gas":0,"bal":0.001306,"days":1,"spread":0.033333,"streak":1,"rank_m":449528,"pct_m":0.477945,"gas_method":"estimated"},"2024-07":{"txs":0,"uniq":0,"trade":0,"nft":0,"gas":0,"bal":0.001306,"days":0,"spread":0,"streak":0,"rank_m":534372,"pct_m":0.568153},"2024-08":{"txs":6,"uniq":6,"trade":0,"nft":7,"gas":0.000001,"bal":0.001264,"days":3,"spread":0.096774,"streak":1,"rank_m":330311,"pct_m":0.351191,"gas_method":"estimated"},"2024-09":{"txs":0,"uniq":0,"trade":0,"nft":0,"gas":0,"bal":0.001264,"days":0,"spread":0,"streak":0,"rank_m":531183,"pct_m":0.564762},"2024-10":{"txs":0,"uniq":0,"trade":0,"nft":0,"gas":0,"bal":0.001264,"days":0,"spread":0,"streak":0,"rank_m":578367,"pct_m":0.614929},"2024-11":{"txs":0,"uniq":0,"trade":0,"nft":0,"gas":0,"bal":0.001264,"days":0,"spread":0,"streak":0,"rank_m":582723,"pct_m":0.61956},"2024-12":{"txs":0,"uniq":0,"trade":0,"nft":0,"gas":0,"bal":0.001264,"days":0,"spread":0,"streak":0,"rank_m":637560,"pct_m":0.677864},"2025-01":{"txs":2,"uniq":1,"trade":0,"nft":0,"gas":0.000026,"bal":0.00195,"days":2,"spread":0.064516,"streak":2,"rank_m":472630,"pct_m":0.502508,"gas_method":"exact"},"2025-02":{"txs":0,"uniq":0,"trade":0,"nft":0,"gas":0,"bal":0.00195,"days":0,"spread":0,"streak":0,"rank_m":621744,"pct_m":0.661048},"2025-03":{"txs":45,"uniq":8,"trade":7,"nft":0,"gas":0.000348,"bal":0.009859,"days":26,"spread":0.83871,"streak":14,"rank_m":24950,"pct_m":0.026526,"gas_method":"exact"},"2025-04":{"txs":25,"uniq":7,"trade":5,"nft":0,"gas":0.000151,"bal":0.015187,"days":16,"spread":0.533333,"streak":10,"rank_m":22211,"pct_m":0.023614,"gas_method":"exact"},"2025-05":{"txs":28,"uniq":8,"trade":7,"nft":0,"gas":0.000197,"bal":0.031716,"days":12,"spread":0.387097,"streak":3,"rank_m":24898,"pct_m":0.026471,"gas_method":"estimated"},"2025-06":{"txs":56,"uniq":15,"trade":17,"nft":0,"gas":0.000394,"bal":0.050236,"days":20,"spread":0.666667,"streak":6,"rank_m":9172,"pct_m":0.009751,"gas_method":"estimated"},"2025-07":{"txs":2,"uniq":2,"trade":0,"nft":0,"gas":0.000014,"bal":0.04808,"days":2,"spread":0.064516,"streak":1,"rank_m":242580,"pct_m":0.257914,"gas_method":"estimated"},"2025-08":{"txs":2,"uniq":2,"trade":0,"nft":0,"gas":0.000014,"bal":0.048354,"days":1,"spread":0.032258,"streak":1,"rank_m":236438,"pct_m":0.251384,"gas_method":"estimated"},"2025-09":{"txs":3,"uniq":1,"trade":2,"nft":0,"gas":0.000021,"bal":0.048352,"days":1,"spread":0.033333,"streak":1,"rank_m":209427,"pct_m":0.222665,"gas_method":"estimated"},"2025-10":{"txs":9,"uniq":2,"trade":6,"nft":0,"gas":0.000063,"bal":0.048331,"days":3,"spread":0.096774,"streak":1,"rank_m":60112,"pct_m":0.063911,"gas_method":"estimated"}}}