{"wallet":"0xc9aa162b88d09a491b23c38b23faaaf3dac96585","rank":165201,"lifetime":{"months_active":27,"first":"2023-07","last":"2025-10","tx_sum":526,"uniq_sum":245,"trade_sum":12,"nft_sum":79,"gas_sum":0.007568,"avg_balance_eth_mean":0.000459,"streak_best_days":0,"gas_sum_filled":0.007568},"months":{"2023-07":{"txs":4,"uniq":1,"trade":0,"nft":1,"gas":0.0003,"bal":0.000101,"days":2,"spread":0.064516,"streak":0,"rank_m":52865,"pct_m":0.056206,"gas_method":"estimated"},"2023-08":{"txs":23,"uniq":11,"trade":0,"nft":7,"gas":0.003031,"bal":0.000328,"days":7,"spread":0.225806,"streak":0,"rank_m":94683,"pct_m":0.100668,"gas_method":"exact"},"2023-09":{"txs":3,"uniq":3,"trade":0,"nft":1,"gas":0.000081,"bal":0.000462,"days":2,"spread":0.066667,"streak":0,"rank_m":132250,"pct_m":0.14061,"gas_method":"exact"},"2023-10":{"txs":0,"uniq":0,"trade":0,"nft":0,"gas":0,"bal":0.000462,"days":0,"spread":0,"streak":0,"rank_m":194289,"pct_m":0.20657},"2023-11":{"txs":5,"uniq":3,"trade":0,"nft":3,"gas":0.000051,"bal":0.000229,"days":2,"spread":0.066667,"streak":0,"rank_m":143730,"pct_m":0.152815,"gas_method":"estimated"},"2023-12":{"txs":25,"uniq":7,"trade":3,"nft":4,"gas":0.000476,"bal":0.000169,"days":3,"spread":0.096774,"streak":0,"rank_m":128597,"pct_m":0.136726,"gas_method":"estimated"},"2024-01":{"txs":4,"uniq":2,"trade":0,"nft":2,"gas":0.000071,"bal":0.000263,"days":1,"spread":0.032258,"streak":0,"rank_m":190052,"pct_m":0.202066,"gas_method":"estimated"},"2024-02":{"txs":6,"uniq":4,"trade":0,"nft":3,"gas":0.000054,"bal":0.000206,"days":3,"spread":0.103448,"streak":0,"rank_m":194832,"pct_m":0.207148,"gas_method":"exact"},"2024-03":{"txs":8,"uniq":5,"trade":0,"nft":1,"gas":0.00012,"bal":0.000162,"days":4,"spread":0.129032,"streak":0,"rank_m":323725,"pct_m":0.344189,"gas_method":"estimated"},"2024-04":{"txs":28,"uniq":16,"trade":0,"nft":14,"gas":0.000041,"bal":0.000209,"days":14,"spread":0.466667,"streak":0,"rank_m":221919,"pct_m":0.235947,"gas_method":"exact"},"2024-05":{"txs":16,"uniq":15,"trade":1,"nft":9,"gas":0.00001,"bal":0.000199,"days":8,"spread":0.258065,"streak":0,"rank_m":301645,"pct_m":0.320713,"gas_method":"estimated"},"2024-06":{"txs":21,"uniq":8,"trade":0,"nft":4,"gas":0,"bal":0.000429,"days":12,"spread":0.4,"streak":0,"rank_m":299558,"pct_m":0.318494,"gas_method":"estimated"},"2024-07":{"txs":38,"uniq":13,"trade":0,"nft":3,"gas":0.000003,"bal":0.000749,"days":21,"spread":0.677419,"streak":0,"rank_m":153048,"pct_m":0.162722,"gas_method":"exact"},"2024-08":{"txs":19,"uniq":12,"trade":0,"nft":5,"gas":0.000008,"bal":0.000285,"days":13,"spread":0.419355,"streak":0,"rank_m":220315,"pct_m":0.234242,"gas_method":"exact"},"2024-09":{"txs":8,"uniq":8,"trade":0,"nft":2,"gas":0,"bal":0.000516,"days":4,"spread":0.133333,"streak":0,"rank_m":339371,"pct_m":0.360824,"gas_method":"estimated"},"2024-10":{"txs":22,"uniq":13,"trade":2,"nft":8,"gas":0.000001,"bal":0.000194,"days":10,"spread":0.322581,"streak":0,"rank_m":294059,"pct_m":0.312648,"gas_method":"estimated"},"2024-11":{"txs":20,"uniq":15,"trade":1,"nft":1,"gas":0.000044,"bal":0.000333,"days":10,"spread":0.333333,"streak":0,"rank_m":243614,"pct_m":0.259014,"gas_method":"exact"},"2024-12":{"txs":52,"uniq":12,"trade":3,"nft":1,"gas":0.001058,"bal":0.000208,"days":25,"spread":0.806452,"streak":0,"rank_m":205610,"pct_m":0.218607,"gas_method":"exact"},"2025-01":{"txs":51,"uniq":13,"trade":0,"nft":1,"gas":0.001247,"bal":0.000371,"days":31,"spread":1,"streak":0,"rank_m":185508,"pct_m":0.197234,"gas_method":"exact"},"2025-02":{"txs":33,"uniq":14,"trade":1,"nft":1,"gas":0,"bal":0.000629,"days":19,"spread":0.678571,"streak":0,"rank_m":231596,"pct_m":0.246236,"gas_method":"exact"},"2025-03":{"txs":7,"uniq":3,"trade":0,"nft":2,"gas":0.000047,"bal":0.000324,"days":5,"spread":0.16129,"streak":0,"rank_m":355551,"pct_m":0.378027,"gas_method":"exact"},"2025-04":{"txs":5,"uniq":4,"trade":0,"nft":0,"gas":0.000024,"bal":0.000381,"days":3,"spread":0.1,"streak":0,"rank_m":443689,"pct_m":0.471737,"gas_method":"exact"},"2025-05":{"txs":29,"uniq":21,"trade":1,"nft":2,"gas":0.000204,"bal":0.001687,"days":9,"spread":0.290323,"streak":0,"rank_m":166695,"pct_m":0.177232,"gas_method":"estimated"},"2025-06":{"txs":21,"uniq":10,"trade":0,"nft":0,"gas":0.000148,"bal":0.00095,"days":9,"spread":0.3,"streak":0,"rank_m":396024,"pct_m":0.421059,"gas_method":"estimated"},"2025-07":{"txs":19,"uniq":11,"trade":0,"nft":2,"gas":0.000134,"bal":0.002499,"days":11,"spread":0.354839,"streak":0,"rank_m":244409,"pct_m":0.259859,"gas_method":"estimated"},"2025-08":{"txs":25,"uniq":14,"trade":0,"nft":1,"gas":0.000176,"bal":0.000458,"days":9,"spread":0.290323,"streak":0,"rank_m":313780,"pct_m":0.333615,"gas_method":"estimated"},"2025-09":{"txs":28,"uniq":7,"trade":0,"nft":1,"gas":0.000197,"bal":0.000038,"days":13,"spread":0.433333,"streak":0,"rank_m":398738,"pct_m":0.423944,"gas_method":"estimated"},"2025-10":{"txs":6,"uniq":0,"trade":0,"nft":0,"gas":0.000042,"bal":0,"days":3,"spread":0.096774,"streak":0,"rank_m":688132,"pct_m":0.731633,"gas_method":"estimated"}}}