{"wallet":"0xc951781cda4573fb80145bfbc8a2b275dd48ddf1","rank":117947,"lifetime":{"months_active":24,"first":"2023-07","last":"2025-10","tx_sum":549,"uniq_sum":216,"trade_sum":54,"nft_sum":96,"gas_sum":0.005066,"avg_balance_eth_mean":0.001799,"streak_best_days":0,"gas_sum_filled":0.005066},"months":{"2023-07":{"txs":0,"uniq":0,"trade":0,"nft":0,"gas":0,"bal":0,"days":0,"spread":0,"streak":0,"rank_m":241368,"pct_m":0.256626},"2023-08":{"txs":21,"uniq":10,"trade":4,"nft":3,"gas":0.001354,"bal":0.000397,"days":4,"spread":0.129032,"streak":0,"rank_m":98020,"pct_m":0.104216,"gas_method":"exact"},"2023-09":{"txs":1,"uniq":1,"trade":0,"nft":1,"gas":0.000024,"bal":0.000372,"days":1,"spread":0.033333,"streak":0,"rank_m":150615,"pct_m":0.160135,"gas_method":"estimated"},"2023-10":{"txs":0,"uniq":0,"trade":0,"nft":0,"gas":0,"bal":0.000372,"days":0,"spread":0,"streak":0,"rank_m":198123,"pct_m":0.210647},"2023-11":{"txs":0,"uniq":0,"trade":0,"nft":0,"gas":0,"bal":0.000372,"days":0,"spread":0,"streak":0,"rank_m":207098,"pct_m":0.220189},"2023-12":{"txs":1,"uniq":1,"trade":0,"nft":1,"gas":0.000085,"bal":0.000282,"days":1,"spread":0.032258,"streak":0,"rank_m":177336,"pct_m":0.188546,"gas_method":"exact"},"2024-01":{"txs":11,"uniq":5,"trade":0,"nft":4,"gas":0.00019,"bal":0.000922,"days":4,"spread":0.129032,"streak":0,"rank_m":105299,"pct_m":0.111955,"gas_method":"exact"},"2024-02":{"txs":56,"uniq":24,"trade":0,"nft":59,"gas":0.000789,"bal":0.001368,"days":14,"spread":0.482759,"streak":0,"rank_m":63032,"pct_m":0.067016,"gas_method":"exact"},"2024-03":{"txs":79,"uniq":32,"trade":5,"nft":14,"gas":0.000083,"bal":0.002886,"days":16,"spread":0.516129,"streak":0,"rank_m":72425,"pct_m":0.077002,"gas_method":"exact"},"2024-04":{"txs":61,"uniq":27,"trade":4,"nft":4,"gas":0.000121,"bal":0.002067,"days":15,"spread":0.5,"streak":0,"rank_m":167127,"pct_m":0.177691,"gas_method":"estimated"},"2024-05":{"txs":26,"uniq":11,"trade":6,"nft":2,"gas":0.00004,"bal":0.01933,"days":10,"spread":0.322581,"streak":0,"rank_m":94058,"pct_m":0.100003,"gas_method":"exact"},"2024-06":{"txs":30,"uniq":10,"trade":8,"nft":1,"gas":0.000007,"bal":0.00711,"days":7,"spread":0.233333,"streak":0,"rank_m":109919,"pct_m":0.116867,"gas_method":"exact"},"2024-07":{"txs":8,"uniq":5,"trade":1,"nft":0,"gas":0.000001,"bal":0.000364,"days":2,"spread":0.064516,"streak":0,"rank_m":393235,"pct_m":0.418093,"gas_method":"estimated"},"2024-08":{"txs":4,"uniq":3,"trade":1,"nft":0,"gas":0,"bal":0.000162,"days":1,"spread":0.032258,"streak":0,"rank_m":462702,"pct_m":0.491952,"gas_method":"estimated"},"2024-09":{"txs":17,"uniq":7,"trade":2,"nft":4,"gas":0.000001,"bal":0.000088,"days":5,"spread":0.166667,"streak":0,"rank_m":318098,"pct_m":0.338206,"gas_method":"estimated"},"2024-10":{"txs":9,"uniq":3,"trade":0,"nft":1,"gas":0,"bal":0.000195,"days":5,"spread":0.16129,"streak":0,"rank_m":448403,"pct_m":0.476749,"gas_method":"estimated"},"2024-11":{"txs":5,"uniq":2,"trade":0,"nft":0,"gas":0.000007,"bal":0.000209,"days":2,"spread":0.066667,"streak":0,"rank_m":481282,"pct_m":0.511707,"gas_method":"exact"},"2024-12":{"txs":64,"uniq":22,"trade":22,"nft":0,"gas":0.001169,"bal":0.000609,"days":11,"spread":0.354839,"streak":0,"rank_m":173658,"pct_m":0.184635,"gas_method":"exact"},"2025-01":{"txs":14,"uniq":8,"trade":0,"nft":0,"gas":0.000286,"bal":0.001574,"days":8,"spread":0.258065,"streak":0,"rank_m":308618,"pct_m":0.328127,"gas_method":"exact"},"2025-02":{"txs":26,"uniq":14,"trade":1,"nft":1,"gas":0.000162,"bal":0.009089,"days":6,"spread":0.214286,"streak":0,"rank_m":125495,"pct_m":0.133427,"gas_method":"exact"},"2025-03":{"txs":11,"uniq":6,"trade":0,"nft":0,"gas":0.000063,"bal":0.000566,"days":3,"spread":0.096774,"streak":0,"rank_m":353610,"pct_m":0.375963,"gas_method":"exact"},"2025-04":{"txs":42,"uniq":8,"trade":0,"nft":1,"gas":0.000241,"bal":0.001514,"days":7,"spread":0.233333,"streak":0,"rank_m":172207,"pct_m":0.183092,"gas_method":"exact"},"2025-05":{"txs":44,"uniq":16,"trade":0,"nft":0,"gas":0.00031,"bal":0.000528,"days":3,"spread":0.096774,"streak":0,"rank_m":387758,"pct_m":0.41227,"gas_method":"estimated"},"2025-06":{"txs":1,"uniq":1,"trade":0,"nft":0,"gas":0.000007,"bal":0.000001,"days":1,"spread":0.033333,"streak":0,"rank_m":726382,"pct_m":0.772301,"gas_method":"estimated"},"2025-07":{"txs":3,"uniq":0,"trade":0,"nft":0,"gas":0.000021,"bal":0,"days":1,"spread":0.032258,"streak":0,"rank_m":811659,"pct_m":0.862969,"gas_method":"estimated"},"2025-08":{"txs":0,"uniq":0,"trade":0,"nft":0,"gas":0,"bal":0,"days":0,"spread":0,"streak":0,"rank_m":903559,"pct_m":0.960679},"2025-09":{"txs":11,"uniq":0,"trade":0,"nft":0,"gas":0.000077,"bal":0,"days":2,"spread":0.066667,"streak":0,"rank_m":760347,"pct_m":0.808413,"gas_method":"estimated"},"2025-10":{"txs":4,"uniq":0,"trade":0,"nft":0,"gas":0.000028,"bal":0,"days":1,"spread":0.032258,"streak":0,"rank_m":742786,"pct_m":0.789742,"gas_method":"estimated"}}}