{"wallet":"0xc9e80383fbbb173745db0fcc22adea1b1fb161f7","rank":381645,"lifetime":{"months_active":17,"first":"2023-07","last":"2025-10","tx_sum":151,"uniq_sum":91,"trade_sum":4,"nft_sum":49,"gas_sum":0.000712,"avg_balance_eth_mean":0.028278,"streak_best_days":3,"gas_sum_filled":0.000712},"months":{"2023-07":{"txs":0,"uniq":0,"trade":0,"nft":0,"gas":0,"bal":0,"days":0,"spread":0,"streak":0,"rank_m":239364,"pct_m":0.254495},"2023-08":{"txs":0,"uniq":0,"trade":0,"nft":0,"gas":0,"bal":0,"days":0,"spread":0,"streak":0,"rank_m":329685,"pct_m":0.350526},"2023-09":{"txs":0,"uniq":0,"trade":0,"nft":0,"gas":0,"bal":0,"days":0,"spread":0,"streak":0,"rank_m":348823,"pct_m":0.370874},"2023-10":{"txs":0,"uniq":0,"trade":0,"nft":0,"gas":0,"bal":0,"days":0,"spread":0,"streak":0,"rank_m":367085,"pct_m":0.39029},"2023-11":{"txs":0,"uniq":0,"trade":0,"nft":0,"gas":0,"bal":0,"days":0,"spread":0,"streak":0,"rank_m":383633,"pct_m":0.407884},"2023-12":{"txs":2,"uniq":1,"trade":0,"nft":0,"gas":0.000027,"bal":0.002705,"days":1,"spread":0.032258,"streak":1,"rank_m":146843,"pct_m":0.156125,"gas_method":"estimated"},"2024-01":{"txs":25,"uniq":12,"trade":4,"nft":2,"gas":0.000185,"bal":0.012879,"days":10,"spread":0.322581,"streak":1,"rank_m":14116,"pct_m":0.015007,"gas_method":"exact"},"2024-02":{"txs":24,"uniq":12,"trade":0,"nft":5,"gas":0.000321,"bal":0.010907,"days":12,"spread":0.413793,"streak":2,"rank_m":21755,"pct_m":0.023129,"gas_method":"exact"},"2024-03":{"txs":5,"uniq":4,"trade":0,"nft":2,"gas":0.000054,"bal":0.009759,"days":3,"spread":0.096774,"streak":1,"rank_m":204052,"pct_m":0.216951,"gas_method":"estimated"},"2024-04":{"txs":8,"uniq":6,"trade":0,"nft":0,"gas":0.000011,"bal":0.011199,"days":4,"spread":0.133333,"streak":1,"rank_m":294595,"pct_m":0.313218,"gas_method":"estimated"},"2024-05":{"txs":6,"uniq":4,"trade":0,"nft":2,"gas":0.000003,"bal":0.0195,"days":4,"spread":0.129032,"streak":1,"rank_m":246968,"pct_m":0.26258,"gas_method":"estimated"},"2024-06":{"txs":18,"uniq":7,"trade":0,"nft":4,"gas":0.000002,"bal":0.041721,"days":7,"spread":0.233333,"streak":2,"rank_m":78058,"pct_m":0.082992,"gas_method":"exact"},"2024-07":{"txs":16,"uniq":13,"trade":0,"nft":13,"gas":0.000004,"bal":0.081996,"days":8,"spread":0.258065,"streak":2,"rank_m":37186,"pct_m":0.039536,"gas_method":"exact"},"2024-08":{"txs":17,"uniq":16,"trade":0,"nft":17,"gas":0,"bal":0.091319,"days":11,"spread":0.354839,"streak":2,"rank_m":46353,"pct_m":0.049282,"gas_method":"exact"},"2024-09":{"txs":4,"uniq":3,"trade":0,"nft":2,"gas":0.000001,"bal":0.090681,"days":2,"spread":0.066667,"streak":1,"rank_m":157594,"pct_m":0.167556,"gas_method":"exact"},"2024-10":{"txs":18,"uniq":7,"trade":0,"nft":2,"gas":0.000001,"bal":0.0904,"days":4,"spread":0.129032,"streak":1,"rank_m":127087,"pct_m":0.13512,"gas_method":"estimated"},"2024-11":{"txs":1,"uniq":1,"trade":0,"nft":0,"gas":0.000002,"bal":0.046437,"days":1,"spread":0.033333,"streak":1,"rank_m":395291,"pct_m":0.420279,"gas_method":"exact"},"2024-12":{"txs":1,"uniq":1,"trade":0,"nft":0,"gas":0.000022,"bal":0.017381,"days":1,"spread":0.032258,"streak":1,"rank_m":475202,"pct_m":0.505242,"gas_method":"exact"},"2025-01":{"txs":2,"uniq":2,"trade":0,"nft":0,"gas":0.000052,"bal":0.026987,"days":1,"spread":0.032258,"streak":1,"rank_m":409363,"pct_m":0.435241,"gas_method":"exact"},"2025-02":{"txs":0,"uniq":0,"trade":0,"nft":0,"gas":0,"bal":0.026987,"days":0,"spread":0,"streak":0,"rank_m":521186,"pct_m":0.554133},"2025-03":{"txs":0,"uniq":0,"trade":0,"nft":0,"gas":0,"bal":0.026987,"days":0,"spread":0,"streak":0,"rank_m":494505,"pct_m":0.525765},"2025-04":{"txs":1,"uniq":1,"trade":0,"nft":0,"gas":0.000006,"bal":0.0229,"days":1,"spread":0.033333,"streak":1,"rank_m":410357,"pct_m":0.436298,"gas_method":"exact"},"2025-05":{"txs":1,"uniq":0,"trade":0,"nft":0,"gas":0.000007,"bal":0.024078,"days":1,"spread":0.032258,"streak":1,"rank_m":286969,"pct_m":0.30511,"gas_method":"estimated"},"2025-06":{"txs":0,"uniq":0,"trade":0,"nft":0,"gas":0,"bal":0.024078,"days":0,"spread":0,"streak":0,"rank_m":400807,"pct_m":0.426144},"2025-07":{"txs":0,"uniq":0,"trade":0,"nft":0,"gas":0,"bal":0.024078,"days":0,"spread":0,"streak":0,"rank_m":424050,"pct_m":0.450856},"2025-08":{"txs":0,"uniq":0,"trade":0,"nft":0,"gas":0,"bal":0.024078,"days":0,"spread":0,"streak":0,"rank_m":398230,"pct_m":0.423404},"2025-09":{"txs":2,"uniq":1,"trade":0,"nft":0,"gas":0.000014,"bal":0.032366,"days":1,"spread":0.033333,"streak":1,"rank_m":270053,"pct_m":0.287124,"gas_method":"estimated"},"2025-10":{"txs":0,"uniq":0,"trade":0,"nft":0,"gas":0,"bal":0.032366,"days":0,"spread":0,"streak":0,"rank_m":273969,"pct_m":0.291288}}}