{"wallet":"0xc9662f2155726bc5a41c52f1da70f5103c323da8","rank":280979,"lifetime":{"months_active":17,"first":"2023-07","last":"2025-10","tx_sum":256,"uniq_sum":94,"trade_sum":5,"nft_sum":0,"gas_sum":0.001672,"avg_balance_eth_mean":0.008125,"streak_best_days":3,"gas_sum_filled":0.001672},"months":{"2023-07":{"txs":0,"uniq":0,"trade":0,"nft":0,"gas":0,"bal":0,"days":0,"spread":0,"streak":0,"rank_m":241105,"pct_m":0.256346},"2023-08":{"txs":0,"uniq":0,"trade":0,"nft":0,"gas":0,"bal":0,"days":0,"spread":0,"streak":0,"rank_m":331238,"pct_m":0.352177},"2023-09":{"txs":0,"uniq":0,"trade":0,"nft":0,"gas":0,"bal":0,"days":0,"spread":0,"streak":0,"rank_m":350561,"pct_m":0.372722},"2023-10":{"txs":0,"uniq":0,"trade":0,"nft":0,"gas":0,"bal":0,"days":0,"spread":0,"streak":0,"rank_m":368818,"pct_m":0.392133},"2023-11":{"txs":0,"uniq":0,"trade":0,"nft":0,"gas":0,"bal":0,"days":0,"spread":0,"streak":0,"rank_m":385333,"pct_m":0.409692},"2023-12":{"txs":0,"uniq":0,"trade":0,"nft":0,"gas":0,"bal":0,"days":0,"spread":0,"streak":0,"rank_m":406337,"pct_m":0.432024},"2024-01":{"txs":13,"uniq":2,"trade":0,"nft":0,"gas":0.00014,"bal":0.000889,"days":3,"spread":0.096774,"streak":3,"rank_m":130016,"pct_m":0.138234,"gas_method":"estimated"},"2024-02":{"txs":12,"uniq":8,"trade":0,"nft":0,"gas":0.000073,"bal":0.007157,"days":8,"spread":0.275862,"streak":2,"rank_m":83467,"pct_m":0.088743,"gas_method":"estimated"},"2024-03":{"txs":11,"uniq":9,"trade":0,"nft":0,"gas":0.000539,"bal":0.010833,"days":4,"spread":0.129032,"streak":2,"rank_m":135809,"pct_m":0.144393,"gas_method":"exact"},"2024-04":{"txs":15,"uniq":10,"trade":0,"nft":0,"gas":0.000053,"bal":0.019205,"days":6,"spread":0.2,"streak":2,"rank_m":182182,"pct_m":0.193698,"gas_method":"exact"},"2024-05":{"txs":19,"uniq":7,"trade":0,"nft":0,"gas":0.000007,"bal":0.016613,"days":9,"spread":0.290323,"streak":3,"rank_m":163137,"pct_m":0.173449,"gas_method":"estimated"},"2024-06":{"txs":14,"uniq":4,"trade":0,"nft":0,"gas":0,"bal":0.014242,"days":4,"spread":0.133333,"streak":1,"rank_m":204922,"pct_m":0.217876,"gas_method":"exact"},"2024-07":{"txs":15,"uniq":6,"trade":0,"nft":0,"gas":0.000005,"bal":0.010291,"days":5,"spread":0.16129,"streak":3,"rank_m":132295,"pct_m":0.140657,"gas_method":"exact"},"2024-08":{"txs":28,"uniq":9,"trade":0,"nft":0,"gas":0.000005,"bal":0.01215,"days":6,"spread":0.193548,"streak":2,"rank_m":111635,"pct_m":0.118691,"gas_method":"exact"},"2024-09":{"txs":17,"uniq":6,"trade":0,"nft":0,"gas":0,"bal":0.007131,"days":5,"spread":0.166667,"streak":2,"rank_m":175259,"pct_m":0.186337,"gas_method":"estimated"},"2024-10":{"txs":29,"uniq":9,"trade":0,"nft":0,"gas":0.000008,"bal":0.010819,"days":7,"spread":0.225806,"streak":1,"rank_m":119459,"pct_m":0.12701,"gas_method":"exact"},"2024-11":{"txs":30,"uniq":6,"trade":0,"nft":0,"gas":0.000069,"bal":0.0096,"days":6,"spread":0.2,"streak":2,"rank_m":157713,"pct_m":0.167682,"gas_method":"exact"},"2024-12":{"txs":23,"uniq":6,"trade":0,"nft":0,"gas":0.000507,"bal":0.008445,"days":5,"spread":0.16129,"streak":2,"rank_m":219151,"pct_m":0.233004,"gas_method":"exact"},"2025-01":{"txs":4,"uniq":3,"trade":0,"nft":0,"gas":0.000078,"bal":0.01729,"days":4,"spread":0.129032,"streak":1,"rank_m":350229,"pct_m":0.372369,"gas_method":"exact"},"2025-02":{"txs":2,"uniq":2,"trade":1,"nft":0,"gas":0.000014,"bal":0.033537,"days":2,"spread":0.071429,"streak":1,"rank_m":287290,"pct_m":0.305451,"gas_method":"exact"},"2025-03":{"txs":5,"uniq":3,"trade":2,"nft":0,"gas":0.00004,"bal":0.010063,"days":2,"spread":0.064516,"streak":1,"rank_m":239751,"pct_m":0.254906,"gas_method":"exact"},"2025-04":{"txs":0,"uniq":0,"trade":0,"nft":0,"gas":0,"bal":0.010063,"days":0,"spread":0,"streak":0,"rank_m":573063,"pct_m":0.60929},"2025-05":{"txs":1,"uniq":1,"trade":0,"nft":0,"gas":0.000007,"bal":0.006568,"days":1,"spread":0.032258,"streak":1,"rank_m":345816,"pct_m":0.367677,"gas_method":"estimated"},"2025-06":{"txs":0,"uniq":0,"trade":0,"nft":0,"gas":0,"bal":0.006568,"days":0,"spread":0,"streak":0,"rank_m":516144,"pct_m":0.548772},"2025-07":{"txs":0,"uniq":0,"trade":0,"nft":0,"gas":0,"bal":0.006568,"days":0,"spread":0,"streak":0,"rank_m":540367,"pct_m":0.574527},"2025-08":{"txs":18,"uniq":3,"trade":2,"nft":0,"gas":0.000127,"bal":0.00316,"days":1,"spread":0.032258,"streak":1,"rank_m":284125,"pct_m":0.302086,"gas_method":"estimated"},"2025-09":{"txs":0,"uniq":0,"trade":0,"nft":0,"gas":0,"bal":0.00316,"days":0,"spread":0,"streak":0,"rank_m":567386,"pct_m":0.603254},"2025-10":{"txs":0,"uniq":0,"trade":0,"nft":0,"gas":0,"bal":0.00316,"days":0,"spread":0,"streak":0,"rank_m":469280,"pct_m":0.498946}}}