{"wallet":"0xc9cd150c362f4c10460677bf2cf294f2354d6484","rank":3666,"lifetime":{"months_active":27,"first":"2023-07","last":"2025-10","tx_sum":2493,"uniq_sum":478,"trade_sum":443,"nft_sum":87,"gas_sum":0.031358,"avg_balance_eth_mean":1.987567,"streak_best_days":8,"gas_sum_filled":0.031358},"months":{"2023-07":{"txs":0,"uniq":0,"trade":0,"nft":0,"gas":0,"bal":0,"days":0,"spread":0,"streak":0,"rank_m":239714,"pct_m":0.254867},"2023-08":{"txs":55,"uniq":20,"trade":0,"nft":7,"gas":0.007386,"bal":0.697249,"days":8,"spread":0.258065,"streak":4,"rank_m":16620,"pct_m":0.01767,"gas_method":"exact"},"2023-09":{"txs":33,"uniq":9,"trade":3,"nft":3,"gas":0.00172,"bal":0.012797,"days":3,"spread":0.1,"streak":2,"rank_m":17514,"pct_m":0.01862,"gas_method":"exact"},"2023-10":{"txs":25,"uniq":9,"trade":0,"nft":4,"gas":0.000092,"bal":0.034814,"days":6,"spread":0.193548,"streak":2,"rank_m":14221,"pct_m":0.015119,"gas_method":"exact"},"2023-11":{"txs":39,"uniq":15,"trade":18,"nft":1,"gas":0.000481,"bal":0.009602,"days":5,"spread":0.166667,"streak":1,"rank_m":17893,"pct_m":0.019023,"gas_method":"estimated"},"2023-12":{"txs":36,"uniq":5,"trade":37,"nft":1,"gas":0.000832,"bal":0.005431,"days":8,"spread":0.258065,"streak":4,"rank_m":19915,"pct_m":0.021173,"gas_method":"estimated"},"2024-01":{"txs":12,"uniq":5,"trade":10,"nft":0,"gas":0.000258,"bal":0.003195,"days":2,"spread":0.064516,"streak":1,"rank_m":73176,"pct_m":0.077801,"gas_method":"estimated"},"2024-02":{"txs":64,"uniq":8,"trade":77,"nft":1,"gas":0.000778,"bal":0.008946,"days":7,"spread":0.241379,"streak":3,"rank_m":23506,"pct_m":0.024991,"gas_method":"estimated"},"2024-03":{"txs":283,"uniq":24,"trade":166,"nft":7,"gas":0.006892,"bal":0.02222,"days":23,"spread":0.741935,"streak":6,"rank_m":2371,"pct_m":0.00252,"gas_method":"exact"},"2024-04":{"txs":128,"uniq":20,"trade":35,"nft":5,"gas":0.000288,"bal":0.625135,"days":13,"spread":0.433333,"streak":7,"rank_m":12261,"pct_m":0.013035,"gas_method":"estimated"},"2024-05":{"txs":172,"uniq":30,"trade":21,"nft":8,"gas":0.000311,"bal":0.01172,"days":14,"spread":0.451613,"streak":5,"rank_m":8391,"pct_m":0.00892,"gas_method":"exact"},"2024-06":{"txs":171,"uniq":36,"trade":7,"nft":10,"gas":0.000018,"bal":1.03253,"days":12,"spread":0.4,"streak":3,"rank_m":3252,"pct_m":0.003457,"gas_method":"exact"},"2024-07":{"txs":69,"uniq":21,"trade":0,"nft":6,"gas":0.000008,"bal":0.017378,"days":9,"spread":0.290323,"streak":4,"rank_m":32901,"pct_m":0.03498,"gas_method":"estimated"},"2024-08":{"txs":101,"uniq":19,"trade":0,"nft":6,"gas":0.000008,"bal":0.018565,"days":11,"spread":0.354839,"streak":4,"rank_m":37209,"pct_m":0.03956,"gas_method":"estimated"},"2024-09":{"txs":171,"uniq":21,"trade":2,"nft":7,"gas":0.000007,"bal":0.035104,"days":10,"spread":0.333333,"streak":4,"rank_m":9780,"pct_m":0.010397,"gas_method":"estimated"},"2024-10":{"txs":146,"uniq":20,"trade":0,"nft":6,"gas":0.00001,"bal":0.148122,"days":14,"spread":0.451613,"streak":3,"rank_m":11598,"pct_m":0.01233,"gas_method":"exact"},"2024-11":{"txs":222,"uniq":32,"trade":13,"nft":1,"gas":0.00051,"bal":10.624128,"days":16,"spread":0.533333,"streak":7,"rank_m":2350,"pct_m":0.002497,"gas_method":"exact"},"2024-12":{"txs":158,"uniq":26,"trade":12,"nft":0,"gas":0.003484,"bal":24.481428,"days":16,"spread":0.516129,"streak":2,"rank_m":10324,"pct_m":0.010976,"gas_method":"exact"},"2025-01":{"txs":212,"uniq":33,"trade":13,"nft":3,"gas":0.005481,"bal":15.880962,"days":15,"spread":0.483871,"streak":8,"rank_m":2224,"pct_m":0.002364,"gas_method":"exact"},"2025-02":{"txs":67,"uniq":23,"trade":10,"nft":1,"gas":0.000472,"bal":0.038284,"days":10,"spread":0.357143,"streak":3,"rank_m":11175,"pct_m":0.01188,"gas_method":"exact"},"2025-03":{"txs":66,"uniq":21,"trade":5,"nft":2,"gas":0.000521,"bal":1.794096,"days":11,"spread":0.354839,"streak":2,"rank_m":9639,"pct_m":0.010247,"gas_method":"exact"},"2025-04":{"txs":50,"uniq":14,"trade":0,"nft":1,"gas":0.000302,"bal":0.017111,"days":6,"spread":0.2,"streak":2,"rank_m":32944,"pct_m":0.035026,"gas_method":"exact"},"2025-05":{"txs":43,"uniq":13,"trade":10,"nft":0,"gas":0.000303,"bal":0.054304,"days":9,"spread":0.290323,"streak":4,"rank_m":15961,"pct_m":0.016969,"gas_method":"estimated"},"2025-06":{"txs":26,"uniq":10,"trade":2,"nft":0,"gas":0.000183,"bal":0.010205,"days":6,"spread":0.2,"streak":2,"rank_m":103616,"pct_m":0.110165,"gas_method":"estimated"},"2025-07":{"txs":10,"uniq":5,"trade":0,"nft":3,"gas":0.00007,"bal":0.009884,"days":4,"spread":0.129032,"streak":2,"rank_m":182788,"pct_m":0.194342,"gas_method":"estimated"},"2025-08":{"txs":78,"uniq":21,"trade":2,"nft":3,"gas":0.000549,"bal":0.030168,"days":10,"spread":0.322581,"streak":3,"rank_m":15891,"pct_m":0.016895,"gas_method":"estimated"},"2025-09":{"txs":48,"uniq":15,"trade":0,"nft":1,"gas":0.000338,"bal":0.023577,"days":6,"spread":0.2,"streak":1,"rank_m":52893,"pct_m":0.056236,"gas_method":"estimated"},"2025-10":{"txs":8,"uniq":3,"trade":0,"nft":0,"gas":0.000056,"bal":0.004921,"days":1,"spread":0.032258,"streak":1,"rank_m":225805,"pct_m":0.240079,"gas_method":"estimated"}}}