{"wallet":"0xc9a43964b791e5abd13b98fac710132abfca873e","rank":107998,"lifetime":{"months_active":23,"first":"2023-07","last":"2025-10","tx_sum":255,"uniq_sum":122,"trade_sum":23,"nft_sum":16,"gas_sum":0.005616,"avg_balance_eth_mean":0.173335,"streak_best_days":5,"gas_sum_filled":0.005616},"months":{"2023-07":{"txs":0,"uniq":0,"trade":0,"nft":0,"gas":0,"bal":0,"days":0,"spread":0,"streak":0,"rank_m":240273,"pct_m":0.255461},"2023-08":{"txs":14,"uniq":8,"trade":1,"nft":0,"gas":0.000972,"bal":0.000028,"days":2,"spread":0.064516,"streak":2,"rank_m":86395,"pct_m":0.091856,"gas_method":"exact"},"2023-09":{"txs":7,"uniq":5,"trade":0,"nft":2,"gas":0.000473,"bal":0.020008,"days":1,"spread":0.033333,"streak":1,"rank_m":68425,"pct_m":0.07275,"gas_method":"estimated"},"2023-10":{"txs":4,"uniq":4,"trade":0,"nft":1,"gas":0.000105,"bal":0.00996,"days":1,"spread":0.032258,"streak":1,"rank_m":62689,"pct_m":0.066651,"gas_method":"exact"},"2023-11":{"txs":17,"uniq":10,"trade":1,"nft":3,"gas":0.000526,"bal":0.205411,"days":4,"spread":0.133333,"streak":2,"rank_m":10563,"pct_m":0.01123,"gas_method":"estimated"},"2023-12":{"txs":18,"uniq":9,"trade":1,"nft":1,"gas":0.001043,"bal":0.001833,"days":3,"spread":0.096774,"streak":1,"rank_m":57797,"pct_m":0.06145,"gas_method":"estimated"},"2024-01":{"txs":12,"uniq":4,"trade":0,"nft":0,"gas":0.000648,"bal":0.00897,"days":3,"spread":0.096774,"streak":2,"rank_m":78063,"pct_m":0.082997,"gas_method":"estimated"},"2024-02":{"txs":3,"uniq":3,"trade":7,"nft":0,"gas":0.000091,"bal":0.008944,"days":1,"spread":0.034483,"streak":1,"rank_m":126903,"pct_m":0.134924,"gas_method":"estimated"},"2024-03":{"txs":28,"uniq":15,"trade":3,"nft":1,"gas":0.001279,"bal":0.526501,"days":8,"spread":0.258065,"streak":3,"rank_m":31164,"pct_m":0.033133,"gas_method":"estimated"},"2024-04":{"txs":6,"uniq":5,"trade":0,"nft":1,"gas":0.000034,"bal":0.794162,"days":2,"spread":0.066667,"streak":1,"rank_m":255266,"pct_m":0.271402,"gas_method":"estimated"},"2024-05":{"txs":2,"uniq":1,"trade":0,"nft":0,"gas":0.000004,"bal":0.215469,"days":1,"spread":0.032258,"streak":1,"rank_m":325210,"pct_m":0.345768,"gas_method":"estimated"},"2024-06":{"txs":0,"uniq":0,"trade":0,"nft":0,"gas":0,"bal":0.215469,"days":0,"spread":0,"streak":0,"rank_m":408388,"pct_m":0.434204},"2024-07":{"txs":0,"uniq":0,"trade":0,"nft":0,"gas":0,"bal":0.215469,"days":0,"spread":0,"streak":0,"rank_m":401864,"pct_m":0.427268},"2024-08":{"txs":40,"uniq":9,"trade":3,"nft":3,"gas":0.000008,"bal":0.0392,"days":10,"spread":0.322581,"streak":3,"rank_m":35980,"pct_m":0.038254,"gas_method":"estimated"},"2024-09":{"txs":18,"uniq":2,"trade":0,"nft":0,"gas":0.000002,"bal":0.047449,"days":9,"spread":0.3,"streak":1,"rank_m":134170,"pct_m":0.142651,"gas_method":"estimated"},"2024-10":{"txs":47,"uniq":17,"trade":5,"nft":4,"gas":0.000007,"bal":0.057813,"days":11,"spread":0.354839,"streak":5,"rank_m":20418,"pct_m":0.021708,"gas_method":"estimated"},"2024-11":{"txs":7,"uniq":5,"trade":0,"nft":0,"gas":0.000011,"bal":1.216979,"days":3,"spread":0.1,"streak":1,"rank_m":260618,"pct_m":0.277093,"gas_method":"exact"},"2024-12":{"txs":10,"uniq":8,"trade":0,"nft":0,"gas":0.000176,"bal":0.147803,"days":2,"spread":0.064516,"streak":1,"rank_m":286834,"pct_m":0.304966,"gas_method":"exact"},"2025-01":{"txs":5,"uniq":4,"trade":2,"nft":0,"gas":0.00013,"bal":0.166268,"days":3,"spread":0.096774,"streak":1,"rank_m":236205,"pct_m":0.251136,"gas_method":"exact"},"2025-02":{"txs":2,"uniq":1,"trade":0,"nft":0,"gas":0.000007,"bal":0.177658,"days":1,"spread":0.035714,"streak":1,"rank_m":378822,"pct_m":0.402769,"gas_method":"exact"},"2025-03":{"txs":0,"uniq":0,"trade":0,"nft":0,"gas":0,"bal":0.177658,"days":0,"spread":0,"streak":0,"rank_m":467348,"pct_m":0.496892},"2025-04":{"txs":5,"uniq":4,"trade":0,"nft":0,"gas":0.00003,"bal":0.203458,"days":3,"spread":0.1,"streak":1,"rank_m":221972,"pct_m":0.236004,"gas_method":"exact"},"2025-05":{"txs":3,"uniq":3,"trade":0,"nft":0,"gas":0.000021,"bal":0.123438,"days":1,"spread":0.032258,"streak":1,"rank_m":148757,"pct_m":0.15816,"gas_method":"estimated"},"2025-06":{"txs":3,"uniq":3,"trade":0,"nft":0,"gas":0.000021,"bal":0.123436,"days":1,"spread":0.033333,"streak":1,"rank_m":191165,"pct_m":0.203249,"gas_method":"estimated"},"2025-07":{"txs":1,"uniq":1,"trade":0,"nft":0,"gas":0.000007,"bal":0.05,"days":1,"spread":0.032258,"streak":1,"rank_m":277987,"pct_m":0.29556,"gas_method":"estimated"},"2025-08":{"txs":1,"uniq":1,"trade":0,"nft":0,"gas":0.000007,"bal":0.05,"days":1,"spread":0.032258,"streak":1,"rank_m":253318,"pct_m":0.269331,"gas_method":"estimated"},"2025-09":{"txs":2,"uniq":0,"trade":0,"nft":0,"gas":0.000014,"bal":0,"days":1,"spread":0.033333,"streak":1,"rank_m":767675,"pct_m":0.816205,"gas_method":"estimated"},"2025-10":{"txs":0,"uniq":0,"trade":0,"nft":0,"gas":0,"bal":0.05,"days":0,"spread":0,"streak":0,"rank_m":257482,"pct_m":0.273758}}}