{"wallet":"0xc9aea1434d3c5291a87e3eea0f33d34a1b57e277","rank":490294,"lifetime":{"months_active":8,"first":"2023-07","last":"2025-10","tx_sum":117,"uniq_sum":68,"trade_sum":0,"nft_sum":41,"gas_sum":0.00808,"avg_balance_eth_mean":0.009705,"streak_best_days":14,"gas_sum_filled":0.00808},"months":{"2023-07":{"txs":0,"uniq":0,"trade":0,"nft":0,"gas":0,"bal":0,"days":0,"spread":0,"streak":0,"rank_m":240128,"pct_m":0.255307},"2023-08":{"txs":88,"uniq":45,"trade":0,"nft":32,"gas":0.006932,"bal":0.030759,"days":19,"spread":0.612903,"streak":14,"rank_m":4429,"pct_m":0.004708,"gas_method":"exact"},"2023-09":{"txs":9,"uniq":7,"trade":0,"nft":2,"gas":0.000498,"bal":0.03394,"days":4,"spread":0.133333,"streak":2,"rank_m":32557,"pct_m":0.034614,"gas_method":"exact"},"2023-10":{"txs":0,"uniq":0,"trade":0,"nft":0,"gas":0,"bal":0.03394,"days":0,"spread":0,"streak":0,"rank_m":154288,"pct_m":0.164041},"2023-11":{"txs":1,"uniq":1,"trade":0,"nft":0,"gas":0.000054,"bal":0.020715,"days":1,"spread":0.033333,"streak":1,"rank_m":95021,"pct_m":0.101027,"gas_method":"estimated"},"2023-12":{"txs":0,"uniq":0,"trade":0,"nft":0,"gas":0,"bal":0.020715,"days":0,"spread":0,"streak":0,"rank_m":189096,"pct_m":0.201049},"2024-01":{"txs":0,"uniq":0,"trade":0,"nft":0,"gas":0,"bal":0.020715,"days":0,"spread":0,"streak":0,"rank_m":199283,"pct_m":0.21188},"2024-02":{"txs":0,"uniq":0,"trade":0,"nft":0,"gas":0,"bal":0.020715,"days":0,"spread":0,"streak":0,"rank_m":261379,"pct_m":0.277902},"2024-03":{"txs":7,"uniq":6,"trade":0,"nft":3,"gas":0.000557,"bal":0.004601,"days":4,"spread":0.129032,"streak":2,"rank_m":181554,"pct_m":0.19303,"gas_method":"estimated"},"2024-04":{"txs":2,"uniq":2,"trade":0,"nft":2,"gas":0.00002,"bal":0.002276,"days":2,"spread":0.066667,"streak":1,"rank_m":381891,"pct_m":0.406032,"gas_method":"estimated"},"2024-05":{"txs":0,"uniq":0,"trade":0,"nft":0,"gas":0,"bal":0.002276,"days":0,"spread":0,"streak":0,"rank_m":491039,"pct_m":0.52208},"2024-06":{"txs":7,"uniq":4,"trade":0,"nft":1,"gas":0,"bal":0.005616,"days":3,"spread":0.1,"streak":2,"rank_m":229410,"pct_m":0.243912,"gas_method":"exact"},"2024-07":{"txs":0,"uniq":0,"trade":0,"nft":0,"gas":0,"bal":0.005616,"days":0,"spread":0,"streak":0,"rank_m":487860,"pct_m":0.5187},"2024-08":{"txs":0,"uniq":0,"trade":0,"nft":0,"gas":0,"bal":0.005616,"days":0,"spread":0,"streak":0,"rank_m":495385,"pct_m":0.526701},"2024-09":{"txs":0,"uniq":0,"trade":0,"nft":0,"gas":0,"bal":0.005616,"days":0,"spread":0,"streak":0,"rank_m":464676,"pct_m":0.494051},"2024-10":{"txs":0,"uniq":0,"trade":0,"nft":0,"gas":0,"bal":0.005616,"days":0,"spread":0,"streak":0,"rank_m":512223,"pct_m":0.544604},"2024-11":{"txs":0,"uniq":0,"trade":0,"nft":0,"gas":0,"bal":0.005616,"days":0,"spread":0,"streak":0,"rank_m":536350,"pct_m":0.570256},"2024-12":{"txs":0,"uniq":0,"trade":0,"nft":0,"gas":0,"bal":0.005616,"days":0,"spread":0,"streak":0,"rank_m":596240,"pct_m":0.633932},"2025-01":{"txs":0,"uniq":0,"trade":0,"nft":0,"gas":0,"bal":0.005616,"days":0,"spread":0,"streak":0,"rank_m":582400,"pct_m":0.619217},"2025-02":{"txs":0,"uniq":0,"trade":0,"nft":0,"gas":0,"bal":0.005616,"days":0,"spread":0,"streak":0,"rank_m":581632,"pct_m":0.6184},"2025-03":{"txs":0,"uniq":0,"trade":0,"nft":0,"gas":0,"bal":0.005616,"days":0,"spread":0,"streak":0,"rank_m":564493,"pct_m":0.600178},"2025-04":{"txs":2,"uniq":2,"trade":0,"nft":0,"gas":0.000012,"bal":0.003674,"days":1,"spread":0.033333,"streak":1,"rank_m":430991,"pct_m":0.458236,"gas_method":"exact"},"2025-05":{"txs":0,"uniq":0,"trade":0,"nft":0,"gas":0,"bal":0.003674,"days":0,"spread":0,"streak":0,"rank_m":564479,"pct_m":0.600163},"2025-06":{"txs":0,"uniq":0,"trade":0,"nft":0,"gas":0,"bal":0.003674,"days":0,"spread":0,"streak":0,"rank_m":570856,"pct_m":0.606943},"2025-07":{"txs":1,"uniq":1,"trade":0,"nft":1,"gas":0.000007,"bal":0.003473,"days":1,"spread":0.032258,"streak":1,"rank_m":393049,"pct_m":0.417896,"gas_method":"estimated"},"2025-08":{"txs":0,"uniq":0,"trade":0,"nft":0,"gas":0,"bal":0.003473,"days":0,"spread":0,"streak":0,"rank_m":572153,"pct_m":0.608322},"2025-09":{"txs":0,"uniq":0,"trade":0,"nft":0,"gas":0,"bal":0.003473,"days":0,"spread":0,"streak":0,"rank_m":560855,"pct_m":0.59631},"2025-10":{"txs":0,"uniq":0,"trade":0,"nft":0,"gas":0,"bal":0.003473,"days":0,"spread":0,"streak":0,"rank_m":461670,"pct_m":0.490855}}}