{"wallet":"0xc975e6f79ef64379c89b0b3f5d396796afb80674","rank":86708,"lifetime":{"months_active":23,"first":"2023-07","last":"2025-10","tx_sum":372,"uniq_sum":191,"trade_sum":17,"nft_sum":118,"gas_sum":0.005934,"avg_balance_eth_mean":0.019464,"streak_best_days":3,"gas_sum_filled":0.005934},"months":{"2023-07":{"txs":0,"uniq":0,"trade":0,"nft":0,"gas":0,"bal":0,"days":0,"spread":0,"streak":0,"rank_m":240895,"pct_m":0.256123},"2023-08":{"txs":4,"uniq":1,"trade":0,"nft":0,"gas":0.002727,"bal":0.001879,"days":1,"spread":0.032258,"streak":1,"rank_m":118027,"pct_m":0.125487,"gas_method":"exact"},"2023-09":{"txs":0,"uniq":0,"trade":0,"nft":0,"gas":0,"bal":0.001879,"days":0,"spread":0,"streak":0,"rank_m":168522,"pct_m":0.179175},"2023-10":{"txs":0,"uniq":0,"trade":0,"nft":0,"gas":0,"bal":0.001879,"days":0,"spread":0,"streak":0,"rank_m":166261,"pct_m":0.176771},"2023-11":{"txs":0,"uniq":0,"trade":0,"nft":0,"gas":0,"bal":0.001879,"days":0,"spread":0,"streak":0,"rank_m":178633,"pct_m":0.189925},"2023-12":{"txs":28,"uniq":12,"trade":0,"nft":7,"gas":0.001337,"bal":0.003504,"days":2,"spread":0.064516,"streak":1,"rank_m":49354,"pct_m":0.052473,"gas_method":"estimated"},"2024-01":{"txs":2,"uniq":1,"trade":0,"nft":0,"gas":0.000089,"bal":0.01194,"days":2,"spread":0.064516,"streak":1,"rank_m":126680,"pct_m":0.134687,"gas_method":"estimated"},"2024-02":{"txs":6,"uniq":5,"trade":0,"nft":7,"gas":0.000151,"bal":0.024933,"days":3,"spread":0.103448,"streak":1,"rank_m":87228,"pct_m":0.092741,"gas_method":"estimated"},"2024-03":{"txs":5,"uniq":5,"trade":0,"nft":3,"gas":0.000409,"bal":0.018678,"days":3,"spread":0.096774,"streak":1,"rank_m":160354,"pct_m":0.17049,"gas_method":"exact"},"2024-04":{"txs":57,"uniq":19,"trade":0,"nft":10,"gas":0.000077,"bal":0.014627,"days":3,"spread":0.1,"streak":1,"rank_m":124369,"pct_m":0.13223,"gas_method":"exact"},"2024-05":{"txs":5,"uniq":2,"trade":0,"nft":3,"gas":0.000008,"bal":0.010815,"days":1,"spread":0.032258,"streak":1,"rank_m":317752,"pct_m":0.337839,"gas_method":"estimated"},"2024-06":{"txs":9,"uniq":7,"trade":0,"nft":4,"gas":0.000001,"bal":0.021657,"days":3,"spread":0.1,"streak":1,"rank_m":175408,"pct_m":0.186496,"gas_method":"estimated"},"2024-07":{"txs":27,"uniq":18,"trade":0,"nft":14,"gas":0.000006,"bal":0.073564,"days":4,"spread":0.129032,"streak":1,"rank_m":65133,"pct_m":0.06925,"gas_method":"estimated"},"2024-08":{"txs":31,"uniq":31,"trade":2,"nft":31,"gas":0.000005,"bal":0.071555,"days":3,"spread":0.096774,"streak":1,"rank_m":64650,"pct_m":0.068736,"gas_method":"estimated"},"2024-09":{"txs":38,"uniq":19,"trade":2,"nft":15,"gas":0.000003,"bal":0.020766,"days":2,"spread":0.066667,"streak":1,"rank_m":63735,"pct_m":0.067763,"gas_method":"estimated"},"2024-10":{"txs":28,"uniq":24,"trade":3,"nft":21,"gas":0.000004,"bal":0.016976,"days":4,"spread":0.129032,"streak":1,"rank_m":81270,"pct_m":0.086407,"gas_method":"estimated"},"2024-11":{"txs":4,"uniq":4,"trade":0,"nft":2,"gas":0.000009,"bal":0.023874,"days":2,"spread":0.066667,"streak":1,"rank_m":278250,"pct_m":0.295839,"gas_method":"exact"},"2024-12":{"txs":9,"uniq":2,"trade":8,"nft":1,"gas":0.000198,"bal":0.024872,"days":2,"spread":0.064516,"streak":2,"rank_m":265643,"pct_m":0.282435,"gas_method":"exact"},"2025-01":{"txs":4,"uniq":3,"trade":0,"nft":0,"gas":0.000104,"bal":0.059309,"days":1,"spread":0.032258,"streak":1,"rank_m":359119,"pct_m":0.381821,"gas_method":"exact"},"2025-02":{"txs":1,"uniq":1,"trade":0,"nft":0,"gas":0.000007,"bal":0.040237,"days":1,"spread":0.035714,"streak":1,"rank_m":396516,"pct_m":0.421582,"gas_method":"exact"},"2025-03":{"txs":0,"uniq":0,"trade":0,"nft":0,"gas":0,"bal":0.040237,"days":0,"spread":0,"streak":0,"rank_m":486168,"pct_m":0.516901},"2025-04":{"txs":3,"uniq":3,"trade":0,"nft":0,"gas":0.000018,"bal":0.010212,"days":1,"spread":0.033333,"streak":1,"rank_m":364333,"pct_m":0.387364,"gas_method":"exact"},"2025-05":{"txs":4,"uniq":1,"trade":0,"nft":0,"gas":0.000028,"bal":0.00168,"days":1,"spread":0.032258,"streak":1,"rank_m":431498,"pct_m":0.458775,"gas_method":"estimated"},"2025-06":{"txs":17,"uniq":6,"trade":2,"nft":0,"gas":0.00012,"bal":0.013611,"days":4,"spread":0.133333,"streak":3,"rank_m":112343,"pct_m":0.119444,"gas_method":"estimated"},"2025-07":{"txs":20,"uniq":10,"trade":0,"nft":0,"gas":0.000141,"bal":0.010327,"days":5,"spread":0.16129,"streak":2,"rank_m":168739,"pct_m":0.179405,"gas_method":"estimated"},"2025-08":{"txs":33,"uniq":10,"trade":0,"nft":0,"gas":0.000232,"bal":0.002313,"days":6,"spread":0.193548,"streak":2,"rank_m":248452,"pct_m":0.264158,"gas_method":"estimated"},"2025-09":{"txs":32,"uniq":4,"trade":0,"nft":0,"gas":0.000225,"bal":0.008735,"days":9,"spread":0.3,"streak":2,"rank_m":158796,"pct_m":0.168834,"gas_method":"estimated"},"2025-10":{"txs":5,"uniq":3,"trade":0,"nft":0,"gas":0.000035,"bal":0.013056,"days":2,"spread":0.064516,"streak":1,"rank_m":144552,"pct_m":0.153689,"gas_method":"estimated"}}}