{"wallet":"0xc942af184fc61b86d1ca7d9d80e871b6dcd384ca","rank":343068,"lifetime":{"months_active":18,"first":"2023-07","last":"2025-10","tx_sum":146,"uniq_sum":94,"trade_sum":0,"nft_sum":42,"gas_sum":0.001918,"avg_balance_eth_mean":0.053772,"streak_best_days":4,"gas_sum_filled":0.001918},"months":{"2023-07":{"txs":0,"uniq":0,"trade":0,"nft":0,"gas":0,"bal":0,"days":0,"spread":0,"streak":0,"rank_m":241563,"pct_m":0.256833},"2023-08":{"txs":9,"uniq":6,"trade":0,"nft":5,"gas":0.000337,"bal":0.007851,"days":3,"spread":0.096774,"streak":2,"rank_m":79338,"pct_m":0.084353,"gas_method":"exact"},"2023-09":{"txs":4,"uniq":4,"trade":0,"nft":1,"gas":0.00011,"bal":0.01535,"days":1,"spread":0.033333,"streak":1,"rank_m":81201,"pct_m":0.086333,"gas_method":"estimated"},"2023-10":{"txs":6,"uniq":3,"trade":0,"nft":1,"gas":0.000044,"bal":0.012553,"days":4,"spread":0.129032,"streak":1,"rank_m":50669,"pct_m":0.053871,"gas_method":"exact"},"2023-11":{"txs":8,"uniq":5,"trade":0,"nft":1,"gas":0.00002,"bal":0.013923,"days":4,"spread":0.133333,"streak":1,"rank_m":38033,"pct_m":0.040436,"gas_method":"exact"},"2023-12":{"txs":3,"uniq":3,"trade":0,"nft":3,"gas":0.000071,"bal":0.014337,"days":2,"spread":0.064516,"streak":1,"rank_m":64686,"pct_m":0.068774,"gas_method":"estimated"},"2024-01":{"txs":6,"uniq":6,"trade":0,"nft":5,"gas":0.000276,"bal":0.01122,"days":5,"spread":0.16129,"streak":1,"rank_m":40459,"pct_m":0.043016,"gas_method":"exact"},"2024-02":{"txs":12,"uniq":9,"trade":0,"nft":7,"gas":0.000303,"bal":0.005939,"days":10,"spread":0.344828,"streak":2,"rank_m":37622,"pct_m":0.039999,"gas_method":"exact"},"2024-03":{"txs":1,"uniq":1,"trade":0,"nft":0,"gas":0.000208,"bal":0.001303,"days":1,"spread":0.032258,"streak":1,"rank_m":299208,"pct_m":0.318122,"gas_method":"exact"},"2024-04":{"txs":17,"uniq":11,"trade":0,"nft":4,"gas":0.000039,"bal":0.003065,"days":8,"spread":0.266667,"streak":4,"rank_m":211104,"pct_m":0.224448,"gas_method":"estimated"},"2024-05":{"txs":10,"uniq":9,"trade":0,"nft":9,"gas":0.000008,"bal":0.00836,"days":6,"spread":0.193548,"streak":2,"rank_m":174666,"pct_m":0.185707,"gas_method":"estimated"},"2024-06":{"txs":8,"uniq":5,"trade":0,"nft":3,"gas":0.000001,"bal":0.013303,"days":5,"spread":0.166667,"streak":1,"rank_m":162712,"pct_m":0.172997,"gas_method":"exact"},"2024-07":{"txs":2,"uniq":2,"trade":0,"nft":2,"gas":0,"bal":0.015593,"days":2,"spread":0.064516,"streak":1,"rank_m":273019,"pct_m":0.290278,"gas_method":"estimated"},"2024-08":{"txs":0,"uniq":0,"trade":0,"nft":0,"gas":0,"bal":0.015593,"days":0,"spread":0,"streak":0,"rank_m":448777,"pct_m":0.477147},"2024-09":{"txs":0,"uniq":0,"trade":0,"nft":0,"gas":0,"bal":0.015593,"days":0,"spread":0,"streak":0,"rank_m":410716,"pct_m":0.43668},"2024-10":{"txs":1,"uniq":1,"trade":0,"nft":1,"gas":0,"bal":0.061677,"days":1,"spread":0.032258,"streak":1,"rank_m":306031,"pct_m":0.325377,"gas_method":"estimated"},"2024-11":{"txs":20,"uniq":10,"trade":0,"nft":0,"gas":0.000046,"bal":0.370553,"days":4,"spread":0.133333,"streak":2,"rank_m":127614,"pct_m":0.13568,"gas_method":"exact"},"2024-12":{"txs":14,"uniq":4,"trade":0,"nft":0,"gas":0.000309,"bal":0.134396,"days":2,"spread":0.064516,"streak":2,"rank_m":257329,"pct_m":0.273596,"gas_method":"exact"},"2025-01":{"txs":0,"uniq":0,"trade":0,"nft":0,"gas":0,"bal":0.134396,"days":0,"spread":0,"streak":0,"rank_m":520866,"pct_m":0.553793},"2025-02":{"txs":6,"uniq":4,"trade":0,"nft":0,"gas":0.000042,"bal":0.09382,"days":2,"spread":0.071429,"streak":1,"rank_m":246210,"pct_m":0.261774,"gas_method":"exact"},"2025-03":{"txs":7,"uniq":4,"trade":0,"nft":0,"gas":0.000032,"bal":0.078365,"days":2,"spread":0.064516,"streak":1,"rank_m":241053,"pct_m":0.256291,"gas_method":"exact"},"2025-04":{"txs":12,"uniq":7,"trade":0,"nft":0,"gas":0.000072,"bal":0.068345,"days":3,"spread":0.1,"streak":1,"rank_m":142757,"pct_m":0.151781,"gas_method":"exact"},"2025-05":{"txs":0,"uniq":0,"trade":0,"nft":0,"gas":0,"bal":0.068345,"days":0,"spread":0,"streak":0,"rank_m":351067,"pct_m":0.37326},"2025-06":{"txs":0,"uniq":0,"trade":0,"nft":0,"gas":0,"bal":0.068345,"days":0,"spread":0,"streak":0,"rank_m":354049,"pct_m":0.37643},"2025-07":{"txs":0,"uniq":0,"trade":0,"nft":0,"gas":0,"bal":0.068345,"days":0,"spread":0,"streak":0,"rank_m":381693,"pct_m":0.405822},"2025-08":{"txs":0,"uniq":0,"trade":0,"nft":0,"gas":0,"bal":0.068345,"days":0,"spread":0,"streak":0,"rank_m":357242,"pct_m":0.379825},"2025-09":{"txs":0,"uniq":0,"trade":0,"nft":0,"gas":0,"bal":0.068345,"days":0,"spread":0,"streak":0,"rank_m":358896,"pct_m":0.381584},"2025-10":{"txs":0,"uniq":0,"trade":0,"nft":0,"gas":0,"bal":0.068345,"days":0,"spread":0,"streak":0,"rank_m":248928,"pct_m":0.264664}}}