{"wallet":"0xc9a849dcaeef86e07d5bf723a6aea1c4bc1a6f1e","rank":13678,"lifetime":{"months_active":18,"first":"2023-07","last":"2025-10","tx_sum":1675,"uniq_sum":566,"trade_sum":61,"nft_sum":302,"gas_sum":0.009121,"avg_balance_eth_mean":0.009799,"streak_best_days":111,"gas_sum_filled":0.009121},"months":{"2023-07":{"txs":0,"uniq":0,"trade":0,"nft":0,"gas":0,"bal":0,"days":0,"spread":0,"streak":0,"rank_m":240224,"pct_m":0.255409},"2023-08":{"txs":0,"uniq":0,"trade":0,"nft":0,"gas":0,"bal":0,"days":0,"spread":0,"streak":0,"rank_m":330434,"pct_m":0.351322},"2023-09":{"txs":3,"uniq":2,"trade":0,"nft":1,"gas":0.000002,"bal":0.000258,"days":2,"spread":0.066667,"streak":2,"rank_m":119239,"pct_m":0.126776,"gas_method":"estimated"},"2023-10":{"txs":0,"uniq":0,"trade":0,"nft":0,"gas":0,"bal":0.000258,"days":0,"spread":0,"streak":0,"rank_m":202441,"pct_m":0.215238},"2023-11":{"txs":0,"uniq":0,"trade":0,"nft":0,"gas":0,"bal":0.000258,"days":0,"spread":0,"streak":0,"rank_m":212513,"pct_m":0.225947},"2023-12":{"txs":0,"uniq":0,"trade":0,"nft":0,"gas":0,"bal":0.000258,"days":0,"spread":0,"streak":0,"rank_m":236903,"pct_m":0.251878},"2024-01":{"txs":0,"uniq":0,"trade":0,"nft":0,"gas":0,"bal":0.000258,"days":0,"spread":0,"streak":0,"rank_m":246663,"pct_m":0.262255},"2024-02":{"txs":39,"uniq":15,"trade":4,"nft":8,"gas":0.000011,"bal":0.000719,"days":1,"spread":0.034483,"streak":1,"rank_m":124013,"pct_m":0.131852,"gas_method":"estimated"},"2024-03":{"txs":69,"uniq":23,"trade":12,"nft":11,"gas":0.00003,"bal":0.008065,"days":12,"spread":0.387097,"streak":3,"rank_m":31779,"pct_m":0.033787,"gas_method":"estimated"},"2024-04":{"txs":41,"uniq":19,"trade":2,"nft":9,"gas":0.000027,"bal":0.005654,"days":17,"spread":0.566667,"streak":8,"rank_m":59735,"pct_m":0.06351,"gas_method":"exact"},"2024-05":{"txs":115,"uniq":42,"trade":1,"nft":29,"gas":0.000021,"bal":0.015906,"days":21,"spread":0.677419,"streak":12,"rank_m":8368,"pct_m":0.008896,"gas_method":"exact"},"2024-06":{"txs":170,"uniq":46,"trade":6,"nft":45,"gas":0.000007,"bal":0.004409,"days":29,"spread":0.966667,"streak":15,"rank_m":11556,"pct_m":0.012285,"gas_method":"exact"},"2024-07":{"txs":92,"uniq":33,"trade":2,"nft":31,"gas":0.000015,"bal":0.004341,"days":25,"spread":0.806452,"streak":19,"rank_m":11342,"pct_m":0.012058,"gas_method":"exact"},"2024-08":{"txs":112,"uniq":43,"trade":6,"nft":38,"gas":0.000012,"bal":0.00606,"days":22,"spread":0.709677,"streak":5,"rank_m":8535,"pct_m":0.009074,"gas_method":"exact"},"2024-09":{"txs":94,"uniq":36,"trade":1,"nft":34,"gas":0,"bal":0.002775,"days":22,"spread":0.733333,"streak":6,"rank_m":21553,"pct_m":0.022914,"gas_method":"exact"},"2024-10":{"txs":124,"uniq":42,"trade":4,"nft":38,"gas":0.000002,"bal":0.015946,"days":27,"spread":0.870968,"streak":19,"rank_m":5228,"pct_m":0.005557,"gas_method":"exact"},"2024-11":{"txs":82,"uniq":31,"trade":0,"nft":8,"gas":0.000189,"bal":0.060192,"days":27,"spread":0.9,"streak":12,"rank_m":10376,"pct_m":0.011031,"gas_method":"exact"},"2024-12":{"txs":139,"uniq":23,"trade":2,"nft":6,"gas":0.003043,"bal":0.027405,"days":28,"spread":0.903226,"streak":22,"rank_m":8781,"pct_m":0.009335,"gas_method":"exact"},"2025-01":{"txs":178,"uniq":46,"trade":0,"nft":9,"gas":0.004624,"bal":0.008258,"days":31,"spread":1,"streak":31,"rank_m":11996,"pct_m":0.012753,"gas_method":"exact"},"2025-02":{"txs":154,"uniq":50,"trade":1,"nft":10,"gas":0.001077,"bal":0.004627,"days":28,"spread":1,"streak":28,"rank_m":14823,"pct_m":0.015759,"gas_method":"exact"},"2025-03":{"txs":186,"uniq":64,"trade":12,"nft":11,"gas":0.000002,"bal":0.007474,"days":30,"spread":0.967742,"streak":30,"rank_m":37373,"pct_m":0.039735,"gas_method":"exact"},"2025-04":{"txs":69,"uniq":46,"trade":5,"nft":13,"gas":0.000003,"bal":0.00986,"days":18,"spread":0.6,"streak":6,"rank_m":36171,"pct_m":0.038457,"gas_method":"exact"},"2025-05":{"txs":0,"uniq":0,"trade":0,"nft":0,"gas":0,"bal":0.00986,"days":0,"spread":0,"streak":0,"rank_m":476214,"pct_m":0.506318},"2025-06":{"txs":0,"uniq":0,"trade":0,"nft":0,"gas":0,"bal":0.00986,"days":0,"spread":0,"streak":0,"rank_m":477106,"pct_m":0.507267},"2025-07":{"txs":7,"uniq":5,"trade":3,"nft":0,"gas":0.000049,"bal":0.016269,"days":1,"spread":0.032258,"streak":1,"rank_m":202661,"pct_m":0.215472,"gas_method":"estimated"},"2025-08":{"txs":0,"uniq":0,"trade":0,"nft":0,"gas":0,"bal":0.016269,"days":0,"spread":0,"streak":0,"rank_m":424972,"pct_m":0.451837},"2025-09":{"txs":1,"uniq":0,"trade":0,"nft":0,"gas":0.000007,"bal":0.019571,"days":1,"spread":0.033333,"streak":1,"rank_m":321827,"pct_m":0.342171,"gas_method":"estimated"},"2025-10":{"txs":0,"uniq":0,"trade":0,"nft":1,"gas":0,"bal":0.019571,"days":0,"spread":0,"streak":0,"rank_m":253980,"pct_m":0.270035}}}