{"wallet":"0xc9725f6555707f916844450f85662a2b6ca4c764","rank":200136,"lifetime":{"months_active":21,"first":"2023-07","last":"2025-10","tx_sum":395,"uniq_sum":172,"trade_sum":18,"nft_sum":59,"gas_sum":0.001872,"avg_balance_eth_mean":0.000429,"streak_best_days":8,"gas_sum_filled":0.001872},"months":{"2023-07":{"txs":0,"uniq":0,"trade":0,"nft":0,"gas":0,"bal":0,"days":0,"spread":0,"streak":0,"rank_m":240949,"pct_m":0.25618},"2023-08":{"txs":0,"uniq":0,"trade":0,"nft":0,"gas":0,"bal":0,"days":0,"spread":0,"streak":0,"rank_m":331099,"pct_m":0.352029},"2023-09":{"txs":0,"uniq":0,"trade":0,"nft":0,"gas":0,"bal":0,"days":0,"spread":0,"streak":0,"rank_m":350402,"pct_m":0.372553},"2023-10":{"txs":0,"uniq":0,"trade":0,"nft":0,"gas":0,"bal":0,"days":0,"spread":0,"streak":0,"rank_m":368662,"pct_m":0.391967},"2023-11":{"txs":0,"uniq":0,"trade":0,"nft":0,"gas":0,"bal":0,"days":0,"spread":0,"streak":0,"rank_m":385181,"pct_m":0.40953},"2023-12":{"txs":0,"uniq":0,"trade":0,"nft":0,"gas":0,"bal":0,"days":0,"spread":0,"streak":0,"rank_m":406188,"pct_m":0.431865},"2024-01":{"txs":0,"uniq":0,"trade":0,"nft":0,"gas":0,"bal":0,"days":0,"spread":0,"streak":0,"rank_m":423456,"pct_m":0.450225},"2024-02":{"txs":17,"uniq":10,"trade":0,"nft":26,"gas":0.000163,"bal":0.00011,"days":3,"spread":0.103448,"streak":3,"rank_m":138672,"pct_m":0.147437,"gas_method":"estimated"},"2024-03":{"txs":37,"uniq":20,"trade":1,"nft":9,"gas":0.000533,"bal":0.001119,"days":8,"spread":0.258065,"streak":2,"rank_m":119317,"pct_m":0.126859,"gas_method":"estimated"},"2024-04":{"txs":48,"uniq":24,"trade":0,"nft":3,"gas":0.000085,"bal":0.002838,"days":8,"spread":0.266667,"streak":2,"rank_m":173208,"pct_m":0.184157,"gas_method":"estimated"},"2024-05":{"txs":5,"uniq":3,"trade":0,"nft":2,"gas":0.000003,"bal":0.00122,"days":3,"spread":0.096774,"streak":1,"rank_m":377854,"pct_m":0.40174,"gas_method":"estimated"},"2024-06":{"txs":22,"uniq":12,"trade":1,"nft":7,"gas":0,"bal":0.000908,"days":13,"spread":0.433333,"streak":4,"rank_m":162414,"pct_m":0.17268,"gas_method":"estimated"},"2024-07":{"txs":27,"uniq":8,"trade":0,"nft":2,"gas":0.000002,"bal":0.00012,"days":9,"spread":0.290323,"streak":3,"rank_m":261857,"pct_m":0.27841,"gas_method":"estimated"},"2024-08":{"txs":26,"uniq":12,"trade":0,"nft":2,"gas":0.000002,"bal":0.000133,"days":9,"spread":0.290323,"streak":5,"rank_m":269042,"pct_m":0.286049,"gas_method":"estimated"},"2024-09":{"txs":3,"uniq":3,"trade":0,"nft":0,"gas":0,"bal":0.000476,"days":2,"spread":0.066667,"streak":1,"rank_m":423790,"pct_m":0.45058,"gas_method":"estimated"},"2024-10":{"txs":7,"uniq":7,"trade":1,"nft":3,"gas":0,"bal":0.000286,"days":3,"spread":0.096774,"streak":2,"rank_m":332501,"pct_m":0.35352,"gas_method":"estimated"},"2024-11":{"txs":114,"uniq":26,"trade":14,"nft":2,"gas":0.000248,"bal":0.000294,"days":10,"spread":0.333333,"streak":8,"rank_m":83247,"pct_m":0.088509,"gas_method":"exact"},"2024-12":{"txs":15,"uniq":6,"trade":0,"nft":2,"gas":0.000265,"bal":0.000459,"days":7,"spread":0.225806,"streak":2,"rank_m":289286,"pct_m":0.307573,"gas_method":"exact"},"2025-01":{"txs":6,"uniq":5,"trade":0,"nft":0,"gas":0.00013,"bal":0.000281,"days":2,"spread":0.064516,"streak":1,"rank_m":440693,"pct_m":0.468552,"gas_method":"exact"},"2025-02":{"txs":10,"uniq":8,"trade":0,"nft":0,"gas":0.000056,"bal":0.000252,"days":5,"spread":0.178571,"streak":3,"rank_m":267190,"pct_m":0.28408,"gas_method":"exact"},"2025-03":{"txs":3,"uniq":1,"trade":0,"nft":0,"gas":0.000016,"bal":0.000409,"days":1,"spread":0.032258,"streak":1,"rank_m":455495,"pct_m":0.484289,"gas_method":"exact"},"2025-04":{"txs":11,"uniq":8,"trade":1,"nft":0,"gas":0.00006,"bal":0.001284,"days":4,"spread":0.133333,"streak":2,"rank_m":186701,"pct_m":0.198503,"gas_method":"exact"},"2025-05":{"txs":5,"uniq":5,"trade":0,"nft":0,"gas":0.000035,"bal":0.001466,"days":4,"spread":0.129032,"streak":1,"rank_m":332090,"pct_m":0.353083,"gas_method":"estimated"},"2025-06":{"txs":1,"uniq":1,"trade":0,"nft":0,"gas":0.000007,"bal":0,"days":1,"spread":0.033333,"streak":1,"rank_m":703771,"pct_m":0.748261,"gas_method":"estimated"},"2025-07":{"txs":9,"uniq":5,"trade":0,"nft":1,"gas":0.000063,"bal":0.000044,"days":3,"spread":0.096774,"streak":1,"rank_m":492252,"pct_m":0.52337,"gas_method":"estimated"},"2025-08":{"txs":3,"uniq":3,"trade":0,"nft":0,"gas":0.000021,"bal":0.000132,"days":1,"spread":0.032258,"streak":1,"rank_m":597454,"pct_m":0.635223,"gas_method":"estimated"},"2025-09":{"txs":1,"uniq":1,"trade":0,"nft":0,"gas":0.000007,"bal":0.000108,"days":1,"spread":0.033333,"streak":1,"rank_m":619902,"pct_m":0.65909,"gas_method":"estimated"},"2025-10":{"txs":25,"uniq":4,"trade":0,"nft":0,"gas":0.000176,"bal":0.000084,"days":4,"spread":0.129032,"streak":2,"rank_m":389423,"pct_m":0.41404,"gas_method":"estimated"}}}