{"wallet":"0xc9336fbd6d9b6ae2cdcf4e0a8e6370eac3f2d2b7","rank":113857,"lifetime":{"months_active":21,"first":"2023-07","last":"2025-10","tx_sum":535,"uniq_sum":250,"trade_sum":22,"nft_sum":78,"gas_sum":0.003184,"avg_balance_eth_mean":0.00106,"streak_best_days":8,"gas_sum_filled":0.003184},"months":{"2023-07":{"txs":0,"uniq":0,"trade":0,"nft":0,"gas":0,"bal":0,"days":0,"spread":0,"streak":0,"rank_m":241767,"pct_m":0.25705},"2023-08":{"txs":0,"uniq":0,"trade":0,"nft":0,"gas":0,"bal":0,"days":0,"spread":0,"streak":0,"rank_m":331819,"pct_m":0.352795},"2023-09":{"txs":0,"uniq":0,"trade":0,"nft":0,"gas":0,"bal":0,"days":0,"spread":0,"streak":0,"rank_m":351211,"pct_m":0.373413},"2023-10":{"txs":0,"uniq":0,"trade":0,"nft":0,"gas":0,"bal":0,"days":0,"spread":0,"streak":0,"rank_m":369475,"pct_m":0.392831},"2023-11":{"txs":0,"uniq":0,"trade":0,"nft":0,"gas":0,"bal":0,"days":0,"spread":0,"streak":0,"rank_m":385972,"pct_m":0.410371},"2023-12":{"txs":0,"uniq":0,"trade":0,"nft":0,"gas":0,"bal":0,"days":0,"spread":0,"streak":0,"rank_m":406953,"pct_m":0.432679},"2024-01":{"txs":0,"uniq":0,"trade":0,"nft":0,"gas":0,"bal":0,"days":0,"spread":0,"streak":0,"rank_m":424190,"pct_m":0.451005},"2024-02":{"txs":4,"uniq":3,"trade":0,"nft":3,"gas":0.000033,"bal":0.000074,"days":2,"spread":0.068966,"streak":1,"rank_m":224478,"pct_m":0.238668,"gas_method":"estimated"},"2024-03":{"txs":17,"uniq":9,"trade":0,"nft":4,"gas":0.000213,"bal":0.000407,"days":4,"spread":0.129032,"streak":1,"rank_m":232253,"pct_m":0.246934,"gas_method":"estimated"},"2024-04":{"txs":99,"uniq":36,"trade":0,"nft":14,"gas":0.000153,"bal":0.000478,"days":13,"spread":0.433333,"streak":5,"rank_m":146779,"pct_m":0.156057,"gas_method":"estimated"},"2024-05":{"txs":21,"uniq":11,"trade":1,"nft":4,"gas":0.000103,"bal":0.000157,"days":7,"spread":0.225806,"streak":3,"rank_m":157136,"pct_m":0.167069,"gas_method":"exact"},"2024-06":{"txs":46,"uniq":15,"trade":7,"nft":6,"gas":0.000007,"bal":0.000403,"days":10,"spread":0.333333,"streak":5,"rank_m":80565,"pct_m":0.085657,"gas_method":"exact"},"2024-07":{"txs":14,"uniq":6,"trade":0,"nft":4,"gas":0.000002,"bal":0.000287,"days":6,"spread":0.193548,"streak":2,"rank_m":197634,"pct_m":0.210127,"gas_method":"exact"},"2024-08":{"txs":24,"uniq":9,"trade":0,"nft":3,"gas":0.000002,"bal":0.000784,"days":9,"spread":0.290323,"streak":2,"rank_m":164297,"pct_m":0.174682,"gas_method":"exact"},"2024-09":{"txs":21,"uniq":12,"trade":0,"nft":6,"gas":0.000001,"bal":0.00131,"days":11,"spread":0.366667,"streak":2,"rank_m":150681,"pct_m":0.160206,"gas_method":"estimated"},"2024-10":{"txs":54,"uniq":25,"trade":2,"nft":23,"gas":0.000007,"bal":0.002722,"days":16,"spread":0.516129,"streak":3,"rank_m":38348,"pct_m":0.040771,"gas_method":"exact"},"2024-11":{"txs":17,"uniq":6,"trade":0,"nft":1,"gas":0.000034,"bal":0.00125,"days":7,"spread":0.233333,"streak":2,"rank_m":224005,"pct_m":0.238165,"gas_method":"exact"},"2024-12":{"txs":49,"uniq":16,"trade":0,"nft":1,"gas":0.001036,"bal":0.000306,"days":19,"spread":0.612903,"streak":5,"rank_m":137356,"pct_m":0.146038,"gas_method":"exact"},"2025-01":{"txs":23,"uniq":7,"trade":0,"nft":0,"gas":0.000597,"bal":0.001045,"days":13,"spread":0.419355,"streak":4,"rank_m":186577,"pct_m":0.198371,"gas_method":"exact"},"2025-02":{"txs":34,"uniq":12,"trade":4,"nft":4,"gas":0.000218,"bal":0.00058,"days":8,"spread":0.285714,"streak":3,"rank_m":109527,"pct_m":0.11645,"gas_method":"exact"},"2025-03":{"txs":14,"uniq":7,"trade":1,"nft":1,"gas":0.000111,"bal":0.000592,"days":6,"spread":0.193548,"streak":2,"rank_m":199007,"pct_m":0.211587,"gas_method":"exact"},"2025-04":{"txs":10,"uniq":6,"trade":2,"nft":0,"gas":0.000048,"bal":0.000272,"days":5,"spread":0.166667,"streak":2,"rank_m":243053,"pct_m":0.258417,"gas_method":"exact"},"2025-05":{"txs":8,"uniq":5,"trade":0,"nft":0,"gas":0.000056,"bal":0.000248,"days":3,"spread":0.096774,"streak":1,"rank_m":476985,"pct_m":0.507138,"gas_method":"estimated"},"2025-06":{"txs":5,"uniq":1,"trade":0,"nft":0,"gas":0.000035,"bal":0.000225,"days":2,"spread":0.066667,"streak":1,"rank_m":578502,"pct_m":0.615073,"gas_method":"estimated"},"2025-07":{"txs":14,"uniq":8,"trade":5,"nft":0,"gas":0.000099,"bal":0.003256,"days":2,"spread":0.064516,"streak":1,"rank_m":250758,"pct_m":0.266609,"gas_method":"estimated"},"2025-08":{"txs":48,"uniq":47,"trade":0,"nft":0,"gas":0.000338,"bal":0.005275,"days":2,"spread":0.064516,"streak":1,"rank_m":198440,"pct_m":0.210984,"gas_method":"estimated"},"2025-09":{"txs":10,"uniq":6,"trade":0,"nft":3,"gas":0.00007,"bal":0.005101,"days":4,"spread":0.133333,"streak":2,"rank_m":193506,"pct_m":0.205738,"gas_method":"estimated"},"2025-10":{"txs":3,"uniq":3,"trade":0,"nft":1,"gas":0.000021,"bal":0.004921,"days":3,"spread":0.096774,"streak":1,"rank_m":169369,"pct_m":0.180075,"gas_method":"estimated"}}}