{"wallet":"0xc95b9cdaf5d6861c554696b7126f40c779193da3","rank":265846,"lifetime":{"months_active":28,"first":"2023-07","last":"2025-10","tx_sum":148,"uniq_sum":116,"trade_sum":5,"nft_sum":38,"gas_sum":0.001825,"avg_balance_eth_mean":0.01318,"streak_best_days":3,"gas_sum_filled":0.001825},"months":{"2023-07":{"txs":3,"uniq":2,"trade":0,"nft":1,"gas":0.000306,"bal":0.000355,"days":1,"spread":0.032258,"streak":1,"rank_m":27728,"pct_m":0.02948,"gas_method":"estimated"},"2023-08":{"txs":9,"uniq":10,"trade":0,"nft":6,"gas":0.00034,"bal":0.004659,"days":6,"spread":0.193548,"streak":3,"rank_m":67370,"pct_m":0.071628,"gas_method":"exact"},"2023-09":{"txs":4,"uniq":4,"trade":0,"nft":0,"gas":0.000121,"bal":0.007274,"days":2,"spread":0.066667,"streak":2,"rank_m":80941,"pct_m":0.086057,"gas_method":"estimated"},"2023-10":{"txs":1,"uniq":1,"trade":1,"nft":2,"gas":0.000008,"bal":0.012124,"days":1,"spread":0.032258,"streak":1,"rank_m":76500,"pct_m":0.081335,"gas_method":"estimated"},"2023-11":{"txs":2,"uniq":1,"trade":1,"nft":0,"gas":0.000028,"bal":0.019689,"days":2,"spread":0.066667,"streak":1,"rank_m":61785,"pct_m":0.06569,"gas_method":"estimated"},"2023-12":{"txs":5,"uniq":4,"trade":0,"nft":2,"gas":0.00013,"bal":0.029538,"days":3,"spread":0.096774,"streak":1,"rank_m":48416,"pct_m":0.051476,"gas_method":"estimated"},"2024-01":{"txs":2,"uniq":2,"trade":0,"nft":1,"gas":0.00004,"bal":0.026036,"days":2,"spread":0.064516,"streak":1,"rank_m":88091,"pct_m":0.093659,"gas_method":"exact"},"2024-02":{"txs":5,"uniq":5,"trade":0,"nft":4,"gas":0.000098,"bal":0.012416,"days":3,"spread":0.103448,"streak":2,"rank_m":78308,"pct_m":0.083257,"gas_method":"exact"},"2024-03":{"txs":2,"uniq":2,"trade":0,"nft":2,"gas":0.000041,"bal":0.009894,"days":2,"spread":0.064516,"streak":1,"rank_m":235374,"pct_m":0.250253,"gas_method":"estimated"},"2024-04":{"txs":7,"uniq":7,"trade":0,"nft":2,"gas":0.000018,"bal":0.018945,"days":4,"spread":0.133333,"streak":1,"rank_m":247855,"pct_m":0.263523,"gas_method":"estimated"},"2024-05":{"txs":21,"uniq":9,"trade":1,"nft":3,"gas":0.000009,"bal":0.011747,"days":6,"spread":0.193548,"streak":2,"rank_m":101162,"pct_m":0.107556,"gas_method":"exact"},"2024-06":{"txs":3,"uniq":3,"trade":0,"nft":2,"gas":0,"bal":0.021581,"days":3,"spread":0.1,"streak":1,"rank_m":226993,"pct_m":0.241342,"gas_method":"exact"},"2024-07":{"txs":1,"uniq":1,"trade":0,"nft":1,"gas":0,"bal":0.018929,"days":1,"spread":0.032258,"streak":1,"rank_m":318262,"pct_m":0.338381,"gas_method":"estimated"},"2024-08":{"txs":1,"uniq":1,"trade":0,"nft":1,"gas":0,"bal":0.018927,"days":1,"spread":0.032258,"streak":1,"rank_m":327052,"pct_m":0.347726,"gas_method":"estimated"},"2024-09":{"txs":5,"uniq":5,"trade":0,"nft":3,"gas":0,"bal":0.018896,"days":4,"spread":0.133333,"streak":1,"rank_m":151871,"pct_m":0.161471,"gas_method":"estimated"},"2024-10":{"txs":9,"uniq":6,"trade":0,"nft":1,"gas":0.000001,"bal":0.021102,"days":6,"spread":0.193548,"streak":2,"rank_m":156440,"pct_m":0.166329,"gas_method":"estimated"},"2024-11":{"txs":8,"uniq":5,"trade":0,"nft":1,"gas":0.000018,"bal":0.023987,"days":5,"spread":0.166667,"streak":2,"rank_m":197784,"pct_m":0.210286,"gas_method":"exact"},"2024-12":{"txs":16,"uniq":11,"trade":0,"nft":0,"gas":0.000287,"bal":0.024333,"days":6,"spread":0.193548,"streak":3,"rank_m":175707,"pct_m":0.186814,"gas_method":"exact"},"2025-01":{"txs":5,"uniq":4,"trade":0,"nft":1,"gas":0.00013,"bal":0.008593,"days":3,"spread":0.096774,"streak":1,"rank_m":303541,"pct_m":0.322729,"gas_method":"exact"},"2025-02":{"txs":5,"uniq":3,"trade":0,"nft":1,"gas":0.000028,"bal":0.009266,"days":3,"spread":0.107143,"streak":2,"rank_m":240883,"pct_m":0.25611,"gas_method":"exact"},"2025-03":{"txs":3,"uniq":3,"trade":1,"nft":1,"gas":0.000024,"bal":0.010311,"days":3,"spread":0.096774,"streak":1,"rank_m":248642,"pct_m":0.26436,"gas_method":"exact"},"2025-04":{"txs":13,"uniq":11,"trade":1,"nft":2,"gas":0.000072,"bal":0.008353,"days":7,"spread":0.233333,"streak":1,"rank_m":105304,"pct_m":0.11196,"gas_method":"exact"},"2025-05":{"txs":5,"uniq":5,"trade":0,"nft":0,"gas":0.000035,"bal":0.006943,"days":3,"spread":0.096774,"streak":1,"rank_m":218204,"pct_m":0.231997,"gas_method":"estimated"},"2025-06":{"txs":5,"uniq":5,"trade":0,"nft":0,"gas":0.000035,"bal":0.007101,"days":2,"spread":0.066667,"streak":1,"rank_m":293166,"pct_m":0.311698,"gas_method":"estimated"},"2025-07":{"txs":2,"uniq":2,"trade":0,"nft":1,"gas":0.000014,"bal":0.007097,"days":2,"spread":0.064516,"streak":1,"rank_m":313656,"pct_m":0.333484,"gas_method":"estimated"},"2025-08":{"txs":2,"uniq":2,"trade":0,"nft":0,"gas":0.000014,"bal":0.00589,"days":2,"spread":0.064516,"streak":1,"rank_m":347216,"pct_m":0.369165,"gas_method":"estimated"},"2025-09":{"txs":3,"uniq":2,"trade":0,"nft":0,"gas":0.000021,"bal":0.005047,"days":3,"spread":0.1,"streak":1,"rank_m":341550,"pct_m":0.363141,"gas_method":"estimated"},"2025-10":{"txs":1,"uniq":0,"trade":0,"nft":0,"gas":0.000007,"bal":0,"days":1,"spread":0.032258,"streak":1,"rank_m":703610,"pct_m":0.74809,"gas_method":"estimated"}}}