{"wallet":"0xc9df052d4fdd8b33096011e4e586ee8ff20ddd67","rank":73760,"lifetime":{"months_active":26,"first":"2023-07","last":"2025-10","tx_sum":487,"uniq_sum":197,"trade_sum":2,"nft_sum":60,"gas_sum":0.005715,"avg_balance_eth_mean":0.004457,"streak_best_days":26,"gas_sum_filled":0.005715},"months":{"2023-07":{"txs":0,"uniq":0,"trade":0,"nft":0,"gas":0,"bal":0,"days":0,"spread":0,"streak":0,"rank_m":239488,"pct_m":0.254627},"2023-08":{"txs":18,"uniq":11,"trade":0,"nft":6,"gas":0.002407,"bal":0.004238,"days":8,"spread":0.258065,"streak":3,"rank_m":47078,"pct_m":0.050053,"gas_method":"exact"},"2023-09":{"txs":1,"uniq":1,"trade":0,"nft":1,"gas":0.000016,"bal":0.003576,"days":1,"spread":0.033333,"streak":1,"rank_m":109940,"pct_m":0.116889,"gas_method":"exact"},"2023-10":{"txs":0,"uniq":0,"trade":0,"nft":0,"gas":0,"bal":0.003576,"days":0,"spread":0,"streak":0,"rank_m":162622,"pct_m":0.172902},"2023-11":{"txs":2,"uniq":1,"trade":0,"nft":1,"gas":0.000022,"bal":0.003537,"days":1,"spread":0.033333,"streak":1,"rank_m":104776,"pct_m":0.111399,"gas_method":"estimated"},"2023-12":{"txs":8,"uniq":3,"trade":0,"nft":0,"gas":0.000162,"bal":0.003264,"days":7,"spread":0.225806,"streak":6,"rank_m":72124,"pct_m":0.076682,"gas_method":"estimated"},"2024-01":{"txs":30,"uniq":2,"trade":0,"nft":1,"gas":0.000483,"bal":0.001831,"days":29,"spread":0.935484,"streak":20,"rank_m":38810,"pct_m":0.041262,"gas_method":"exact"},"2024-02":{"txs":24,"uniq":5,"trade":0,"nft":3,"gas":0.000159,"bal":0.000728,"days":18,"spread":0.62069,"streak":6,"rank_m":63830,"pct_m":0.067864,"gas_method":"exact"},"2024-03":{"txs":5,"uniq":4,"trade":0,"nft":0,"gas":0.00008,"bal":0.000265,"days":4,"spread":0.129032,"streak":1,"rank_m":315670,"pct_m":0.335625,"gas_method":"estimated"},"2024-04":{"txs":17,"uniq":5,"trade":0,"nft":2,"gas":0.000013,"bal":0.002578,"days":15,"spread":0.5,"streak":5,"rank_m":183320,"pct_m":0.194908,"gas_method":"exact"},"2024-05":{"txs":20,"uniq":12,"trade":0,"nft":4,"gas":0.000013,"bal":0.003279,"days":14,"spread":0.451613,"streak":4,"rank_m":154662,"pct_m":0.164438,"gas_method":"estimated"},"2024-06":{"txs":8,"uniq":3,"trade":0,"nft":0,"gas":0,"bal":0.00165,"days":7,"spread":0.233333,"streak":3,"rank_m":331483,"pct_m":0.352438,"gas_method":"estimated"},"2024-07":{"txs":34,"uniq":11,"trade":0,"nft":7,"gas":0,"bal":0.003746,"days":20,"spread":0.645161,"streak":6,"rank_m":53031,"pct_m":0.056382,"gas_method":"exact"},"2024-08":{"txs":27,"uniq":14,"trade":1,"nft":10,"gas":0.000001,"bal":0.011196,"days":16,"spread":0.516129,"streak":3,"rank_m":36099,"pct_m":0.03838,"gas_method":"exact"},"2024-09":{"txs":11,"uniq":6,"trade":0,"nft":4,"gas":0,"bal":0.005916,"days":7,"spread":0.233333,"streak":3,"rank_m":130344,"pct_m":0.138583,"gas_method":"estimated"},"2024-10":{"txs":24,"uniq":11,"trade":0,"nft":8,"gas":0.000001,"bal":0.002844,"days":15,"spread":0.483871,"streak":5,"rank_m":73818,"pct_m":0.078484,"gas_method":"exact"},"2024-11":{"txs":9,"uniq":2,"trade":0,"nft":1,"gas":0.000021,"bal":0.000965,"days":8,"spread":0.266667,"streak":3,"rank_m":280739,"pct_m":0.298486,"gas_method":"exact"},"2024-12":{"txs":21,"uniq":4,"trade":0,"nft":1,"gas":0.000463,"bal":0.000941,"days":16,"spread":0.516129,"streak":4,"rank_m":217097,"pct_m":0.23082,"gas_method":"exact"},"2025-01":{"txs":19,"uniq":4,"trade":0,"nft":1,"gas":0.000494,"bal":0.000627,"days":13,"spread":0.419355,"streak":4,"rank_m":213367,"pct_m":0.226855,"gas_method":"exact"},"2025-02":{"txs":19,"uniq":13,"trade":0,"nft":1,"gas":0.00012,"bal":0.001947,"days":9,"spread":0.321429,"streak":3,"rank_m":110963,"pct_m":0.117977,"gas_method":"exact"},"2025-03":{"txs":16,"uniq":5,"trade":0,"nft":1,"gas":0.000043,"bal":0.001393,"days":14,"spread":0.451613,"streak":3,"rank_m":177464,"pct_m":0.188682,"gas_method":"exact"},"2025-04":{"txs":7,"uniq":6,"trade":1,"nft":1,"gas":0.000042,"bal":0.001072,"days":4,"spread":0.133333,"streak":1,"rank_m":252353,"pct_m":0.268305,"gas_method":"exact"},"2025-05":{"txs":12,"uniq":9,"trade":0,"nft":1,"gas":0.000084,"bal":0.001055,"days":4,"spread":0.129032,"streak":1,"rank_m":231094,"pct_m":0.245702,"gas_method":"estimated"},"2025-06":{"txs":24,"uniq":11,"trade":0,"nft":0,"gas":0.000169,"bal":0.021895,"days":10,"spread":0.333333,"streak":2,"rank_m":85243,"pct_m":0.090631,"gas_method":"estimated"},"2025-07":{"txs":25,"uniq":11,"trade":0,"nft":1,"gas":0.000176,"bal":0.023467,"days":13,"spread":0.419355,"streak":3,"rank_m":44619,"pct_m":0.047439,"gas_method":"estimated"},"2025-08":{"txs":27,"uniq":16,"trade":0,"nft":1,"gas":0.00019,"bal":0.006393,"days":14,"spread":0.451613,"streak":5,"rank_m":67619,"pct_m":0.071893,"gas_method":"estimated"},"2025-09":{"txs":44,"uniq":16,"trade":0,"nft":2,"gas":0.00031,"bal":0.006676,"days":20,"spread":0.666667,"streak":9,"rank_m":39481,"pct_m":0.041976,"gas_method":"estimated"},"2025-10":{"txs":35,"uniq":11,"trade":0,"nft":2,"gas":0.000246,"bal":0.006135,"days":14,"spread":0.451613,"streak":14,"rank_m":36216,"pct_m":0.038504,"gas_method":"estimated"}}}