{"wallet":"0xc93224c75ded80416f0c90d26acf22328e62dede","rank":121738,"lifetime":{"months_active":19,"first":"2023-07","last":"2025-10","tx_sum":1025,"uniq_sum":102,"trade_sum":11,"nft_sum":12,"gas_sum":0.007459,"avg_balance_eth_mean":0.045811,"streak_best_days":5,"gas_sum_filled":0.007459},"months":{"2023-07":{"txs":0,"uniq":0,"trade":0,"nft":0,"gas":0,"bal":0,"days":0,"spread":0,"streak":0,"rank_m":241782,"pct_m":0.257066},"2023-08":{"txs":5,"uniq":2,"trade":0,"nft":1,"gas":0.000092,"bal":0.000338,"days":1,"spread":0.032258,"streak":1,"rank_m":138008,"pct_m":0.146732,"gas_method":"exact"},"2023-09":{"txs":0,"uniq":0,"trade":0,"nft":0,"gas":0,"bal":0.000338,"days":0,"spread":0,"streak":0,"rank_m":192365,"pct_m":0.204525},"2023-10":{"txs":0,"uniq":0,"trade":0,"nft":0,"gas":0,"bal":0.000338,"days":0,"spread":0,"streak":0,"rank_m":199659,"pct_m":0.21228},"2023-11":{"txs":8,"uniq":2,"trade":0,"nft":0,"gas":0.000257,"bal":0.001361,"days":1,"spread":0.033333,"streak":1,"rank_m":119109,"pct_m":0.126638,"gas_method":"estimated"},"2023-12":{"txs":1,"uniq":0,"trade":0,"nft":2,"gas":0.00006,"bal":0.000303,"days":1,"spread":0.032258,"streak":1,"rank_m":173905,"pct_m":0.184898,"gas_method":"estimated"},"2024-01":{"txs":1,"uniq":1,"trade":0,"nft":0,"gas":0.000056,"bal":0.001053,"days":1,"spread":0.032258,"streak":1,"rank_m":182051,"pct_m":0.193559,"gas_method":"estimated"},"2024-02":{"txs":5,"uniq":4,"trade":0,"nft":1,"gas":0.000158,"bal":0.007594,"days":2,"spread":0.068966,"streak":1,"rank_m":142249,"pct_m":0.151241,"gas_method":"estimated"},"2024-03":{"txs":1,"uniq":1,"trade":0,"nft":0,"gas":0.000112,"bal":0.004063,"days":1,"spread":0.032258,"streak":1,"rank_m":282370,"pct_m":0.30022,"gas_method":"exact"},"2024-04":{"txs":69,"uniq":12,"trade":0,"nft":2,"gas":0.000404,"bal":0.244443,"days":3,"spread":0.1,"streak":1,"rank_m":140575,"pct_m":0.149461,"gas_method":"estimated"},"2024-05":{"txs":0,"uniq":0,"trade":0,"nft":0,"gas":0,"bal":0.244443,"days":0,"spread":0,"streak":0,"rank_m":407544,"pct_m":0.433307},"2024-06":{"txs":28,"uniq":14,"trade":0,"nft":0,"gas":0.000002,"bal":0.18491,"days":1,"spread":0.033333,"streak":1,"rank_m":159296,"pct_m":0.169365,"gas_method":"estimated"},"2024-07":{"txs":2,"uniq":1,"trade":0,"nft":0,"gas":0.000001,"bal":0.182248,"days":1,"spread":0.032258,"streak":1,"rank_m":301413,"pct_m":0.320467,"gas_method":"estimated"},"2024-08":{"txs":3,"uniq":3,"trade":0,"nft":1,"gas":0.000001,"bal":0.036662,"days":2,"spread":0.064516,"streak":1,"rank_m":264327,"pct_m":0.281036,"gas_method":"estimated"},"2024-09":{"txs":2,"uniq":2,"trade":0,"nft":2,"gas":0,"bal":0.000346,"days":1,"spread":0.033333,"streak":1,"rank_m":403954,"pct_m":0.42949,"gas_method":"estimated"},"2024-10":{"txs":8,"uniq":4,"trade":0,"nft":3,"gas":0.000001,"bal":0.014895,"days":3,"spread":0.096774,"streak":1,"rank_m":215069,"pct_m":0.228664,"gas_method":"estimated"},"2024-11":{"txs":27,"uniq":7,"trade":0,"nft":0,"gas":0.000062,"bal":0.024939,"days":1,"spread":0.033333,"streak":1,"rank_m":209337,"pct_m":0.22257,"gas_method":"exact"},"2024-12":{"txs":11,"uniq":2,"trade":0,"nft":0,"gas":0.000243,"bal":0.016232,"days":1,"spread":0.032258,"streak":1,"rank_m":354945,"pct_m":0.377383,"gas_method":"exact"},"2025-01":{"txs":0,"uniq":0,"trade":0,"nft":0,"gas":0,"bal":0.016232,"days":0,"spread":0,"streak":0,"rank_m":550047,"pct_m":0.584819},"2025-02":{"txs":11,"uniq":5,"trade":0,"nft":0,"gas":0.000077,"bal":0.010094,"days":1,"spread":0.035714,"streak":1,"rank_m":250461,"pct_m":0.266294,"gas_method":"exact"},"2025-03":{"txs":0,"uniq":0,"trade":0,"nft":0,"gas":0,"bal":0.010094,"days":0,"spread":0,"streak":0,"rank_m":533514,"pct_m":0.567241},"2025-04":{"txs":0,"uniq":0,"trade":0,"nft":0,"gas":0,"bal":0.010094,"days":0,"spread":0,"streak":0,"rank_m":572980,"pct_m":0.609202},"2025-05":{"txs":3,"uniq":3,"trade":0,"nft":0,"gas":0.000021,"bal":0.00935,"days":1,"spread":0.032258,"streak":1,"rank_m":268788,"pct_m":0.285779,"gas_method":"estimated"},"2025-06":{"txs":2,"uniq":2,"trade":0,"nft":0,"gas":0.000014,"bal":0.009419,"days":1,"spread":0.033333,"streak":1,"rank_m":325289,"pct_m":0.345852,"gas_method":"estimated"},"2025-07":{"txs":0,"uniq":0,"trade":0,"nft":0,"gas":0,"bal":0.009419,"days":0,"spread":0,"streak":0,"rank_m":506576,"pct_m":0.5386},"2025-08":{"txs":0,"uniq":0,"trade":0,"nft":0,"gas":0,"bal":0.009419,"days":0,"spread":0,"streak":0,"rank_m":476809,"pct_m":0.506951},"2025-09":{"txs":225,"uniq":17,"trade":3,"nft":0,"gas":0.001584,"bal":0.005796,"days":3,"spread":0.1,"streak":2,"rank_m":73408,"pct_m":0.078048,"gas_method":"estimated"},"2025-10":{"txs":613,"uniq":20,"trade":8,"nft":0,"gas":0.004314,"bal":0.2283,"days":7,"spread":0.225806,"streak":5,"rank_m":1649,"pct_m":0.001752,"gas_method":"estimated"}}}