{"wallet":"0xc947923c7671bfb824d022f3786ef2d680f65e5b","rank":419152,"lifetime":{"months_active":15,"first":"2023-07","last":"2025-10","tx_sum":171,"uniq_sum":71,"trade_sum":0,"nft_sum":13,"gas_sum":0.003689,"avg_balance_eth_mean":0.016425,"streak_best_days":5,"gas_sum_filled":0.003689},"months":{"2023-07":{"txs":0,"uniq":0,"trade":0,"nft":0,"gas":0,"bal":0,"days":0,"spread":0,"streak":0,"rank_m":241498,"pct_m":0.256764},"2023-08":{"txs":43,"uniq":15,"trade":0,"nft":4,"gas":0.001233,"bal":0.00554,"days":9,"spread":0.290323,"streak":4,"rank_m":39635,"pct_m":0.04214,"gas_method":"exact"},"2023-09":{"txs":5,"uniq":4,"trade":0,"nft":2,"gas":0.000094,"bal":0.01618,"days":4,"spread":0.133333,"streak":1,"rank_m":55555,"pct_m":0.059066,"gas_method":"exact"},"2023-10":{"txs":4,"uniq":4,"trade":0,"nft":0,"gas":0.000014,"bal":0.015936,"days":4,"spread":0.129032,"streak":2,"rank_m":52347,"pct_m":0.055655,"gas_method":"exact"},"2023-11":{"txs":2,"uniq":2,"trade":0,"nft":0,"gas":0.000066,"bal":0.015885,"days":2,"spread":0.066667,"streak":1,"rank_m":78882,"pct_m":0.083868,"gas_method":"estimated"},"2023-12":{"txs":3,"uniq":2,"trade":0,"nft":1,"gas":0.000185,"bal":0.015782,"days":2,"spread":0.064516,"streak":1,"rank_m":78576,"pct_m":0.083542,"gas_method":"estimated"},"2024-01":{"txs":6,"uniq":4,"trade":0,"nft":0,"gas":0.000103,"bal":0.015403,"days":2,"spread":0.064516,"streak":1,"rank_m":76141,"pct_m":0.080953,"gas_method":"exact"},"2024-02":{"txs":5,"uniq":5,"trade":0,"nft":0,"gas":0.000162,"bal":0.016112,"days":4,"spread":0.137931,"streak":1,"rank_m":119302,"pct_m":0.126843,"gas_method":"estimated"},"2024-03":{"txs":26,"uniq":3,"trade":0,"nft":3,"gas":0.001265,"bal":0.01639,"days":6,"spread":0.193548,"streak":3,"rank_m":110427,"pct_m":0.117407,"gas_method":"estimated"},"2024-04":{"txs":2,"uniq":2,"trade":0,"nft":0,"gas":0.000012,"bal":0.015971,"days":2,"spread":0.066667,"streak":1,"rank_m":343475,"pct_m":0.365188,"gas_method":"estimated"},"2024-05":{"txs":2,"uniq":2,"trade":0,"nft":1,"gas":0.000004,"bal":0.016536,"days":2,"spread":0.064516,"streak":1,"rank_m":318866,"pct_m":0.339023,"gas_method":"estimated"},"2024-06":{"txs":0,"uniq":0,"trade":0,"nft":0,"gas":0,"bal":0.016536,"days":0,"spread":0,"streak":0,"rank_m":444369,"pct_m":0.47246},"2024-07":{"txs":1,"uniq":1,"trade":0,"nft":0,"gas":0,"bal":0.018895,"days":1,"spread":0.032258,"streak":1,"rank_m":348852,"pct_m":0.370905,"gas_method":"estimated"},"2024-08":{"txs":0,"uniq":0,"trade":0,"nft":0,"gas":0,"bal":0.018895,"days":0,"spread":0,"streak":0,"rank_m":442617,"pct_m":0.470597},"2024-09":{"txs":0,"uniq":0,"trade":0,"nft":0,"gas":0,"bal":0.018895,"days":0,"spread":0,"streak":0,"rank_m":403787,"pct_m":0.429312},"2024-10":{"txs":0,"uniq":0,"trade":0,"nft":0,"gas":0,"bal":0.018895,"days":0,"spread":0,"streak":0,"rank_m":453566,"pct_m":0.482238},"2024-11":{"txs":0,"uniq":0,"trade":0,"nft":0,"gas":0,"bal":0.018895,"days":0,"spread":0,"streak":0,"rank_m":500163,"pct_m":0.531781},"2024-12":{"txs":3,"uniq":3,"trade":0,"nft":0,"gas":0.000066,"bal":0.018886,"days":3,"spread":0.096774,"streak":2,"rank_m":372518,"pct_m":0.396067,"gas_method":"exact"},"2025-01":{"txs":0,"uniq":0,"trade":0,"nft":0,"gas":0,"bal":0.018886,"days":0,"spread":0,"streak":0,"rank_m":546656,"pct_m":0.581213},"2025-02":{"txs":0,"uniq":0,"trade":0,"nft":0,"gas":0,"bal":0.018886,"days":0,"spread":0,"streak":0,"rank_m":530533,"pct_m":0.564071},"2025-03":{"txs":0,"uniq":0,"trade":0,"nft":0,"gas":0,"bal":0.018886,"days":0,"spread":0,"streak":0,"rank_m":504537,"pct_m":0.536432},"2025-04":{"txs":0,"uniq":0,"trade":0,"nft":0,"gas":0,"bal":0.018886,"days":0,"spread":0,"streak":0,"rank_m":547209,"pct_m":0.581801},"2025-05":{"txs":0,"uniq":0,"trade":0,"nft":0,"gas":0,"bal":0.018886,"days":0,"spread":0,"streak":0,"rank_m":416178,"pct_m":0.442487},"2025-06":{"txs":2,"uniq":2,"trade":0,"nft":0,"gas":0.000014,"bal":0.01938,"days":2,"spread":0.066667,"streak":2,"rank_m":235014,"pct_m":0.24987,"gas_method":"estimated"},"2025-07":{"txs":0,"uniq":0,"trade":0,"nft":0,"gas":0,"bal":0.01938,"days":0,"spread":0,"streak":0,"rank_m":439438,"pct_m":0.467217},"2025-08":{"txs":0,"uniq":0,"trade":0,"nft":0,"gas":0,"bal":0.01938,"days":0,"spread":0,"streak":0,"rank_m":412636,"pct_m":0.438721},"2025-09":{"txs":13,"uniq":9,"trade":0,"nft":1,"gas":0.000091,"bal":0.016438,"days":7,"spread":0.233333,"streak":3,"rank_m":74970,"pct_m":0.079708,"gas_method":"estimated"},"2025-10":{"txs":54,"uniq":13,"trade":0,"nft":1,"gas":0.00038,"bal":0.011245,"days":11,"spread":0.354839,"streak":5,"rank_m":21768,"pct_m":0.023143,"gas_method":"estimated"}}}