{"wallet":"0xc96d5a82b7344253b4fd3e0517681ade2c958f76","rank":593578,"lifetime":{"months_active":19,"first":"2023-07","last":"2025-10","tx_sum":205,"uniq_sum":63,"trade_sum":4,"nft_sum":23,"gas_sum":0.001105,"avg_balance_eth_mean":0.000685,"streak_best_days":2,"gas_sum_filled":0.001105},"months":{"2023-07":{"txs":0,"uniq":0,"trade":0,"nft":0,"gas":0,"bal":0,"days":0,"spread":0,"streak":0,"rank_m":241021,"pct_m":0.256257},"2023-08":{"txs":0,"uniq":0,"trade":0,"nft":0,"gas":0,"bal":0,"days":0,"spread":0,"streak":0,"rank_m":331162,"pct_m":0.352096},"2023-09":{"txs":0,"uniq":0,"trade":0,"nft":0,"gas":0,"bal":0,"days":0,"spread":0,"streak":0,"rank_m":350475,"pct_m":0.37263},"2023-10":{"txs":2,"uniq":1,"trade":0,"nft":1,"gas":0.000014,"bal":0.000427,"days":2,"spread":0.064516,"streak":1,"rank_m":129922,"pct_m":0.138134,"gas_method":"estimated"},"2023-11":{"txs":1,"uniq":1,"trade":0,"nft":0,"gas":0.000012,"bal":0.000456,"days":1,"spread":0.033333,"streak":1,"rank_m":156884,"pct_m":0.166801,"gas_method":"estimated"},"2023-12":{"txs":1,"uniq":1,"trade":0,"nft":0,"gas":0.000023,"bal":0.000284,"days":1,"spread":0.032258,"streak":1,"rank_m":187077,"pct_m":0.198903,"gas_method":"estimated"},"2024-01":{"txs":0,"uniq":0,"trade":0,"nft":0,"gas":0,"bal":0.000284,"days":0,"spread":0,"streak":0,"rank_m":245116,"pct_m":0.260611},"2024-02":{"txs":1,"uniq":1,"trade":0,"nft":0,"gas":0.000012,"bal":0.000143,"days":1,"spread":0.034483,"streak":1,"rank_m":274953,"pct_m":0.292334,"gas_method":"estimated"},"2024-03":{"txs":3,"uniq":2,"trade":0,"nft":0,"gas":0.000055,"bal":0.000126,"days":1,"spread":0.032258,"streak":1,"rank_m":357752,"pct_m":0.380367,"gas_method":"estimated"},"2024-04":{"txs":1,"uniq":1,"trade":0,"nft":0,"gas":0.000002,"bal":0.000191,"days":1,"spread":0.033333,"streak":1,"rank_m":458414,"pct_m":0.487393,"gas_method":"estimated"},"2024-05":{"txs":1,"uniq":1,"trade":0,"nft":0,"gas":0.000001,"bal":0.000122,"days":1,"spread":0.032258,"streak":1,"rank_m":484273,"pct_m":0.514887,"gas_method":"estimated"},"2024-06":{"txs":0,"uniq":0,"trade":0,"nft":0,"gas":0,"bal":0.000122,"days":0,"spread":0,"streak":0,"rank_m":550580,"pct_m":0.585385},"2024-07":{"txs":0,"uniq":0,"trade":0,"nft":0,"gas":0,"bal":0.000122,"days":0,"spread":0,"streak":0,"rank_m":573967,"pct_m":0.610251},"2024-08":{"txs":19,"uniq":13,"trade":0,"nft":19,"gas":0.000002,"bal":0.000855,"days":5,"spread":0.16129,"streak":2,"rank_m":235144,"pct_m":0.250008,"gas_method":"estimated"},"2024-09":{"txs":1,"uniq":1,"trade":0,"nft":0,"gas":0,"bal":0.000531,"days":1,"spread":0.033333,"streak":1,"rank_m":467318,"pct_m":0.49686,"gas_method":"estimated"},"2024-10":{"txs":3,"uniq":2,"trade":0,"nft":2,"gas":0,"bal":0.000165,"days":2,"spread":0.064516,"streak":1,"rank_m":460375,"pct_m":0.489478,"gas_method":"estimated"},"2024-11":{"txs":0,"uniq":0,"trade":0,"nft":0,"gas":0,"bal":0.000165,"days":0,"spread":0,"streak":0,"rank_m":640661,"pct_m":0.681161},"2024-12":{"txs":3,"uniq":2,"trade":0,"nft":1,"gas":0.000044,"bal":0.000115,"days":2,"spread":0.064516,"streak":1,"rank_m":494210,"pct_m":0.525452,"gas_method":"exact"},"2025-01":{"txs":1,"uniq":1,"trade":0,"nft":0,"gas":0.000026,"bal":0.000084,"days":1,"spread":0.032258,"streak":1,"rank_m":563076,"pct_m":0.598671,"gas_method":"exact"},"2025-02":{"txs":4,"uniq":4,"trade":0,"nft":0,"gas":0.000028,"bal":0.000292,"days":1,"spread":0.035714,"streak":1,"rank_m":436370,"pct_m":0.463955,"gas_method":"exact"},"2025-03":{"txs":47,"uniq":2,"trade":0,"nft":0,"gas":0.000182,"bal":0.000522,"days":3,"spread":0.096774,"streak":2,"rank_m":254194,"pct_m":0.270263,"gas_method":"exact"},"2025-04":{"txs":35,"uniq":4,"trade":0,"nft":0,"gas":0.000127,"bal":0.000419,"days":3,"spread":0.1,"streak":1,"rank_m":268897,"pct_m":0.285895,"gas_method":"exact"},"2025-05":{"txs":2,"uniq":1,"trade":0,"nft":0,"gas":0.000014,"bal":0.000067,"days":1,"spread":0.032258,"streak":1,"rank_m":643429,"pct_m":0.684104,"gas_method":"estimated"},"2025-06":{"txs":47,"uniq":14,"trade":2,"nft":0,"gas":0.000331,"bal":0.002769,"days":10,"spread":0.333333,"streak":2,"rank_m":137941,"pct_m":0.14666,"gas_method":"estimated"},"2025-07":{"txs":24,"uniq":6,"trade":2,"nft":0,"gas":0.000169,"bal":0.002845,"days":3,"spread":0.096774,"streak":2,"rank_m":231964,"pct_m":0.246627,"gas_method":"estimated"},"2025-08":{"txs":0,"uniq":0,"trade":0,"nft":0,"gas":0,"bal":0.002845,"days":0,"spread":0,"streak":0,"rank_m":586969,"pct_m":0.624075},"2025-09":{"txs":9,"uniq":5,"trade":0,"nft":0,"gas":0.000063,"bal":0.00262,"days":1,"spread":0.033333,"streak":1,"rank_m":364025,"pct_m":0.387037,"gas_method":"estimated"},"2025-10":{"txs":0,"uniq":0,"trade":0,"nft":0,"gas":0,"bal":0.00262,"days":0,"spread":0,"streak":0,"rank_m":482998,"pct_m":0.513531}}}