{"wallet":"0xc9b2fb227b2d31c2dda51d0729ebe6302f1d5a7d","rank":2634,"lifetime":{"months_active":22,"first":"2023-07","last":"2025-10","tx_sum":3764,"uniq_sum":954,"trade_sum":60,"nft_sum":143,"gas_sum":0.04665,"avg_balance_eth_mean":0.030373,"streak_best_days":115,"gas_sum_filled":0.04665},"months":{"2023-07":{"txs":0,"uniq":0,"trade":0,"nft":0,"gas":0,"bal":0,"days":0,"spread":0,"streak":0,"rank_m":240057,"pct_m":0.255232},"2023-08":{"txs":0,"uniq":0,"trade":0,"nft":0,"gas":0,"bal":0,"days":0,"spread":0,"streak":0,"rank_m":330293,"pct_m":0.351172},"2023-09":{"txs":0,"uniq":0,"trade":0,"nft":0,"gas":0,"bal":0,"days":0,"spread":0,"streak":0,"rank_m":349523,"pct_m":0.371618},"2023-10":{"txs":0,"uniq":0,"trade":0,"nft":0,"gas":0,"bal":0,"days":0,"spread":0,"streak":0,"rank_m":367768,"pct_m":0.391016},"2023-11":{"txs":0,"uniq":0,"trade":0,"nft":0,"gas":0,"bal":0,"days":0,"spread":0,"streak":0,"rank_m":384308,"pct_m":0.408602},"2023-12":{"txs":0,"uniq":0,"trade":0,"nft":0,"gas":0,"bal":0,"days":0,"spread":0,"streak":0,"rank_m":405357,"pct_m":0.430982},"2024-01":{"txs":14,"uniq":6,"trade":0,"nft":1,"gas":0.00015,"bal":0.000286,"days":8,"spread":0.258065,"streak":2,"rank_m":71675,"pct_m":0.076205,"gas_method":"exact"},"2024-02":{"txs":14,"uniq":6,"trade":0,"nft":5,"gas":0.000224,"bal":0.001311,"days":9,"spread":0.310345,"streak":2,"rank_m":67811,"pct_m":0.072097,"gas_method":"exact"},"2024-03":{"txs":13,"uniq":10,"trade":0,"nft":8,"gas":0.000289,"bal":0.000734,"days":7,"spread":0.225806,"streak":2,"rank_m":137955,"pct_m":0.146675,"gas_method":"exact"},"2024-04":{"txs":87,"uniq":32,"trade":0,"nft":23,"gas":0.000168,"bal":0.004452,"days":11,"spread":0.366667,"streak":3,"rank_m":93012,"pct_m":0.098891,"gas_method":"estimated"},"2024-05":{"txs":28,"uniq":13,"trade":0,"nft":7,"gas":0.000034,"bal":0.001654,"days":12,"spread":0.387097,"streak":6,"rank_m":95357,"pct_m":0.101384,"gas_method":"exact"},"2024-06":{"txs":72,"uniq":21,"trade":0,"nft":8,"gas":0.000003,"bal":0.00051,"days":27,"spread":0.9,"streak":15,"rank_m":60545,"pct_m":0.064371,"gas_method":"exact"},"2024-07":{"txs":95,"uniq":22,"trade":0,"nft":15,"gas":0.000003,"bal":0.009155,"days":29,"spread":0.935484,"streak":19,"rank_m":11453,"pct_m":0.012176,"gas_method":"exact"},"2024-08":{"txs":125,"uniq":36,"trade":1,"nft":28,"gas":0.000011,"bal":0.009967,"days":28,"spread":0.903226,"streak":14,"rank_m":4890,"pct_m":0.005198,"gas_method":"exact"},"2024-09":{"txs":62,"uniq":14,"trade":0,"nft":13,"gas":0,"bal":0.011734,"days":26,"spread":0.866667,"streak":19,"rank_m":12085,"pct_m":0.012848,"gas_method":"exact"},"2024-10":{"txs":86,"uniq":42,"trade":1,"nft":23,"gas":0.000006,"bal":0.002959,"days":28,"spread":0.903226,"streak":16,"rank_m":19832,"pct_m":0.021085,"gas_method":"exact"},"2024-11":{"txs":245,"uniq":49,"trade":4,"nft":4,"gas":0.000554,"bal":0.000663,"days":28,"spread":0.933333,"streak":16,"rank_m":40893,"pct_m":0.043477,"gas_method":"exact"},"2024-12":{"txs":796,"uniq":140,"trade":11,"nft":0,"gas":0.017352,"bal":0.003132,"days":31,"spread":1,"streak":31,"rank_m":13099,"pct_m":0.013926,"gas_method":"exact"},"2025-01":{"txs":691,"uniq":121,"trade":12,"nft":1,"gas":0.017769,"bal":0.140684,"days":31,"spread":1,"streak":31,"rank_m":209,"pct_m":0.000221,"gas_method":"exact"},"2025-02":{"txs":256,"uniq":39,"trade":8,"nft":2,"gas":0.001745,"bal":0.085156,"days":28,"spread":1,"streak":28,"rank_m":605,"pct_m":0.000642,"gas_method":"exact"},"2025-03":{"txs":164,"uniq":83,"trade":1,"nft":1,"gas":0.00128,"bal":0.154857,"days":22,"spread":0.709677,"streak":9,"rank_m":2317,"pct_m":0.002462,"gas_method":"exact"},"2025-04":{"txs":88,"uniq":45,"trade":12,"nft":0,"gas":0.000531,"bal":0.113645,"days":13,"spread":0.433333,"streak":4,"rank_m":2181,"pct_m":0.002318,"gas_method":"exact"},"2025-05":{"txs":155,"uniq":58,"trade":0,"nft":1,"gas":0.001091,"bal":0.141101,"days":16,"spread":0.516129,"streak":4,"rank_m":6167,"pct_m":0.006556,"gas_method":"estimated"},"2025-06":{"txs":122,"uniq":45,"trade":6,"nft":0,"gas":0.000859,"bal":0.102591,"days":23,"spread":0.766667,"streak":8,"rank_m":2046,"pct_m":0.002174,"gas_method":"estimated"},"2025-07":{"txs":121,"uniq":47,"trade":1,"nft":3,"gas":0.000852,"bal":0.009963,"days":23,"spread":0.741935,"streak":7,"rank_m":16882,"pct_m":0.017948,"gas_method":"estimated"},"2025-08":{"txs":324,"uniq":60,"trade":2,"nft":0,"gas":0.00228,"bal":0.015944,"days":27,"spread":0.870968,"streak":13,"rank_m":7853,"pct_m":0.008348,"gas_method":"estimated"},"2025-09":{"txs":142,"uniq":39,"trade":1,"nft":0,"gas":0.000999,"bal":0.027459,"days":22,"spread":0.733333,"streak":9,"rank_m":6339,"pct_m":0.006739,"gas_method":"estimated"},"2025-10":{"txs":64,"uniq":26,"trade":0,"nft":0,"gas":0.00045,"bal":0.012483,"days":9,"spread":0.290323,"streak":3,"rank_m":33464,"pct_m":0.035578,"gas_method":"estimated"}}}