{"wallet":"0xc9a4ddbc437d2dd5ea8a69b1d803122818a39a0a","rank":24738,"lifetime":{"months_active":23,"first":"2023-07","last":"2025-10","tx_sum":496,"uniq_sum":236,"trade_sum":34,"nft_sum":74,"gas_sum":0.080894,"avg_balance_eth_mean":0.104535,"streak_best_days":7,"gas_sum_filled":0.080894},"months":{"2023-07":{"txs":99,"uniq":21,"trade":0,"nft":1,"gas":0.075283,"bal":0.012561,"days":3,"spread":0.096774,"streak":2,"rank_m":274,"pct_m":0.00029,"gas_method":"exact"},"2023-08":{"txs":17,"uniq":28,"trade":4,"nft":1,"gas":0.002256,"bal":0.003669,"days":5,"spread":0.16129,"streak":1,"rank_m":45952,"pct_m":0.048856,"gas_method":"exact"},"2023-09":{"txs":0,"uniq":0,"trade":0,"nft":0,"gas":0,"bal":0.003669,"days":0,"spread":0,"streak":0,"rank_m":157641,"pct_m":0.167606},"2023-10":{"txs":0,"uniq":0,"trade":0,"nft":0,"gas":0,"bal":0.003669,"days":0,"spread":0,"streak":0,"rank_m":162522,"pct_m":0.172795},"2023-11":{"txs":8,"uniq":3,"trade":0,"nft":1,"gas":0.000092,"bal":0.021091,"days":4,"spread":0.133333,"streak":2,"rank_m":37628,"pct_m":0.040006,"gas_method":"estimated"},"2023-12":{"txs":21,"uniq":13,"trade":7,"nft":3,"gas":0.000451,"bal":0.02604,"days":4,"spread":0.129032,"streak":2,"rank_m":11530,"pct_m":0.012258,"gas_method":"estimated"},"2024-01":{"txs":1,"uniq":1,"trade":1,"nft":0,"gas":0.000252,"bal":0.019442,"days":1,"spread":0.032258,"streak":1,"rank_m":84999,"pct_m":0.090371,"gas_method":"exact"},"2024-02":{"txs":24,"uniq":14,"trade":2,"nft":10,"gas":0.00004,"bal":0.026285,"days":14,"spread":0.482759,"streak":3,"rank_m":12104,"pct_m":0.012868,"gas_method":"exact"},"2024-03":{"txs":88,"uniq":32,"trade":1,"nft":12,"gas":0.00149,"bal":0.287197,"days":16,"spread":0.516129,"streak":4,"rank_m":9406,"pct_m":0.01,"gas_method":"estimated"},"2024-04":{"txs":114,"uniq":42,"trade":7,"nft":16,"gas":0.000125,"bal":0.851075,"days":19,"spread":0.633333,"streak":6,"rank_m":3996,"pct_m":0.004248,"gas_method":"exact"},"2024-05":{"txs":26,"uniq":14,"trade":5,"nft":11,"gas":0.000018,"bal":0.223722,"days":9,"spread":0.290323,"streak":3,"rank_m":39757,"pct_m":0.042269,"gas_method":"estimated"},"2024-06":{"txs":0,"uniq":0,"trade":0,"nft":0,"gas":0,"bal":0.223722,"days":0,"spread":0,"streak":0,"rank_m":408116,"pct_m":0.433915},"2024-07":{"txs":5,"uniq":5,"trade":3,"nft":3,"gas":0.000001,"bal":0.067948,"days":1,"spread":0.032258,"streak":1,"rank_m":176623,"pct_m":0.187788,"gas_method":"estimated"},"2024-08":{"txs":5,"uniq":3,"trade":0,"nft":5,"gas":0,"bal":0.181521,"days":4,"spread":0.129032,"streak":1,"rank_m":190269,"pct_m":0.202296,"gas_method":"estimated"},"2024-09":{"txs":7,"uniq":3,"trade":1,"nft":5,"gas":0,"bal":0.0376,"days":4,"spread":0.133333,"streak":1,"rank_m":121956,"pct_m":0.129665,"gas_method":"estimated"},"2024-10":{"txs":13,"uniq":7,"trade":0,"nft":3,"gas":0.000001,"bal":0.038251,"days":7,"spread":0.225806,"streak":2,"rank_m":88675,"pct_m":0.09428,"gas_method":"exact"},"2024-11":{"txs":1,"uniq":1,"trade":0,"nft":1,"gas":0.000002,"bal":0.003005,"days":1,"spread":0.033333,"streak":1,"rank_m":412731,"pct_m":0.438822,"gas_method":"exact"},"2024-12":{"txs":3,"uniq":2,"trade":0,"nft":1,"gas":0.000044,"bal":0.17939,"days":3,"spread":0.096774,"streak":1,"rank_m":339634,"pct_m":0.361104,"gas_method":"exact"},"2025-01":{"txs":24,"uniq":13,"trade":1,"nft":0,"gas":0.000623,"bal":0.211506,"days":9,"spread":0.290323,"streak":3,"rank_m":51837,"pct_m":0.055113,"gas_method":"exact"},"2025-02":{"txs":14,"uniq":13,"trade":2,"nft":1,"gas":0.000099,"bal":0.367914,"days":5,"spread":0.178571,"streak":2,"rank_m":52806,"pct_m":0.056143,"gas_method":"exact"},"2025-03":{"txs":9,"uniq":9,"trade":0,"nft":0,"gas":0.000001,"bal":0.064639,"days":4,"spread":0.129032,"streak":1,"rank_m":234847,"pct_m":0.249692,"gas_method":"exact"},"2025-04":{"txs":3,"uniq":3,"trade":0,"nft":0,"gas":0.000018,"bal":0.008552,"days":2,"spread":0.066667,"streak":1,"rank_m":349685,"pct_m":0.37179,"gas_method":"exact"},"2025-05":{"txs":4,"uniq":4,"trade":0,"nft":0,"gas":0.000028,"bal":0.026897,"days":2,"spread":0.064516,"streak":1,"rank_m":157508,"pct_m":0.167464,"gas_method":"estimated"},"2025-06":{"txs":3,"uniq":2,"trade":0,"nft":0,"gas":0.000021,"bal":0.014069,"days":2,"spread":0.066667,"streak":1,"rank_m":271951,"pct_m":0.289142,"gas_method":"estimated"},"2025-07":{"txs":0,"uniq":0,"trade":0,"nft":0,"gas":0,"bal":0.014069,"days":0,"spread":0,"streak":0,"rank_m":464945,"pct_m":0.494337},"2025-08":{"txs":4,"uniq":1,"trade":0,"nft":0,"gas":0.000028,"bal":0.001185,"days":1,"spread":0.032258,"streak":1,"rank_m":478823,"pct_m":0.509092,"gas_method":"estimated"},"2025-09":{"txs":3,"uniq":2,"trade":0,"nft":0,"gas":0.000021,"bal":0.004144,"days":3,"spread":0.1,"streak":1,"rank_m":356319,"pct_m":0.378844,"gas_method":"estimated"},"2025-10":{"txs":0,"uniq":0,"trade":0,"nft":0,"gas":0,"bal":0.004144,"days":0,"spread":0,"streak":0,"rank_m":445466,"pct_m":0.473626}}}