{"wallet":"0xc98eee219fc596dfa0781dca5f807c4b5acddf8d","rank":229170,"lifetime":{"months_active":11,"first":"2023-07","last":"2025-10","tx_sum":3424,"uniq_sum":72,"trade_sum":58,"nft_sum":3,"gas_sum":0.000761,"avg_balance_eth_mean":0.000706,"streak_best_days":34,"gas_sum_filled":0.000761},"months":{"2023-07":{"txs":0,"uniq":0,"trade":0,"nft":0,"gas":0,"bal":0,"days":0,"spread":0,"streak":0,"rank_m":240568,"pct_m":0.255775},"2023-08":{"txs":0,"uniq":0,"trade":0,"nft":0,"gas":0,"bal":0,"days":0,"spread":0,"streak":0,"rank_m":330745,"pct_m":0.351653},"2023-09":{"txs":0,"uniq":0,"trade":0,"nft":0,"gas":0,"bal":0,"days":0,"spread":0,"streak":0,"rank_m":350010,"pct_m":0.372136},"2023-10":{"txs":0,"uniq":0,"trade":0,"nft":0,"gas":0,"bal":0,"days":0,"spread":0,"streak":0,"rank_m":368262,"pct_m":0.391542},"2023-11":{"txs":0,"uniq":0,"trade":0,"nft":0,"gas":0,"bal":0,"days":0,"spread":0,"streak":0,"rank_m":384792,"pct_m":0.409117},"2023-12":{"txs":0,"uniq":0,"trade":0,"nft":0,"gas":0,"bal":0,"days":0,"spread":0,"streak":0,"rank_m":405821,"pct_m":0.431475},"2024-01":{"txs":0,"uniq":0,"trade":0,"nft":0,"gas":0,"bal":0,"days":0,"spread":0,"streak":0,"rank_m":423104,"pct_m":0.449851},"2024-02":{"txs":0,"uniq":0,"trade":0,"nft":0,"gas":0,"bal":0,"days":0,"spread":0,"streak":0,"rank_m":465979,"pct_m":0.495436},"2024-03":{"txs":0,"uniq":0,"trade":0,"nft":0,"gas":0,"bal":0,"days":0,"spread":0,"streak":0,"rank_m":532877,"pct_m":0.566563},"2024-04":{"txs":86,"uniq":8,"trade":0,"nft":0,"gas":0.000016,"bal":0.000009,"days":5,"spread":0.166667,"streak":5,"rank_m":331460,"pct_m":0.352413,"gas_method":"estimated"},"2024-05":{"txs":432,"uniq":17,"trade":18,"nft":1,"gas":0.000259,"bal":0.000979,"days":22,"spread":0.709677,"streak":8,"rank_m":35370,"pct_m":0.037605,"gas_method":"exact"},"2024-06":{"txs":2021,"uniq":22,"trade":38,"nft":0,"gas":0.000006,"bal":0.001185,"days":29,"spread":0.966667,"streak":29,"rank_m":21983,"pct_m":0.023372,"gas_method":"exact"},"2024-07":{"txs":517,"uniq":7,"trade":2,"nft":0,"gas":0.000063,"bal":0.001581,"days":28,"spread":0.903226,"streak":21,"rank_m":33653,"pct_m":0.035779,"gas_method":"exact"},"2024-08":{"txs":109,"uniq":4,"trade":0,"nft":0,"gas":0.000053,"bal":0.001464,"days":18,"spread":0.580645,"streak":5,"rank_m":114834,"pct_m":0.122092,"gas_method":"exact"},"2024-09":{"txs":94,"uniq":1,"trade":0,"nft":0,"gas":0.000003,"bal":0.001524,"days":4,"spread":0.133333,"streak":3,"rank_m":164371,"pct_m":0.174761,"gas_method":"exact"},"2024-10":{"txs":28,"uniq":1,"trade":0,"nft":2,"gas":0.000019,"bal":0.001277,"days":8,"spread":0.258065,"streak":3,"rank_m":173669,"pct_m":0.184647,"gas_method":"exact"},"2024-11":{"txs":95,"uniq":3,"trade":0,"nft":0,"gas":0.000216,"bal":0.001011,"days":23,"spread":0.766667,"streak":23,"rank_m":129481,"pct_m":0.137665,"gas_method":"exact"},"2024-12":{"txs":28,"uniq":4,"trade":0,"nft":0,"gas":0.000028,"bal":0.001039,"days":3,"spread":0.096774,"streak":2,"rank_m":397555,"pct_m":0.422687,"gas_method":"exact"},"2025-01":{"txs":0,"uniq":0,"trade":0,"nft":0,"gas":0,"bal":0.001039,"days":0,"spread":0,"streak":0,"rank_m":631662,"pct_m":0.671593},"2025-02":{"txs":1,"uniq":1,"trade":0,"nft":0,"gas":0.000007,"bal":0.000965,"days":1,"spread":0.035714,"streak":1,"rank_m":493408,"pct_m":0.524599,"gas_method":"exact"},"2025-03":{"txs":0,"uniq":0,"trade":0,"nft":0,"gas":0,"bal":0.000965,"days":0,"spread":0,"streak":0,"rank_m":645109,"pct_m":0.68589},"2025-04":{"txs":0,"uniq":0,"trade":0,"nft":0,"gas":0,"bal":0.000965,"days":0,"spread":0,"streak":0,"rank_m":673395,"pct_m":0.715965},"2025-05":{"txs":0,"uniq":0,"trade":0,"nft":0,"gas":0,"bal":0.000965,"days":0,"spread":0,"streak":0,"rank_m":664063,"pct_m":0.706043},"2025-06":{"txs":0,"uniq":0,"trade":0,"nft":0,"gas":0,"bal":0.000965,"days":0,"spread":0,"streak":0,"rank_m":665229,"pct_m":0.707282},"2025-07":{"txs":13,"uniq":4,"trade":0,"nft":0,"gas":0.000091,"bal":0.000958,"days":2,"spread":0.064516,"streak":1,"rank_m":445605,"pct_m":0.473774,"gas_method":"estimated"},"2025-08":{"txs":0,"uniq":0,"trade":0,"nft":0,"gas":0,"bal":0.000958,"days":0,"spread":0,"streak":0,"rank_m":663055,"pct_m":0.704971},"2025-09":{"txs":0,"uniq":0,"trade":0,"nft":0,"gas":0,"bal":0.000958,"days":0,"spread":0,"streak":0,"rank_m":646265,"pct_m":0.687119},"2025-10":{"txs":0,"uniq":0,"trade":0,"nft":0,"gas":0,"bal":0.000958,"days":0,"spread":0,"streak":0,"rank_m":565936,"pct_m":0.601712}}}