{"wallet":"0xc912e55e813753f91f96054eacf4e342a6061f1a","rank":4543,"lifetime":{"months_active":23,"first":"2023-07","last":"2025-10","tx_sum":1117,"uniq_sum":338,"trade_sum":152,"nft_sum":161,"gas_sum":0.007365,"avg_balance_eth_mean":0.195483,"streak_best_days":32,"gas_sum_filled":0.007365},"months":{"2023-07":{"txs":0,"uniq":0,"trade":0,"nft":0,"gas":0,"bal":0,"days":0,"spread":0,"streak":0,"rank_m":242217,"pct_m":0.257528},"2023-08":{"txs":0,"uniq":0,"trade":0,"nft":0,"gas":0,"bal":0,"days":0,"spread":0,"streak":0,"rank_m":332226,"pct_m":0.353228},"2023-09":{"txs":0,"uniq":0,"trade":0,"nft":0,"gas":0,"bal":0,"days":0,"spread":0,"streak":0,"rank_m":351647,"pct_m":0.373876},"2023-10":{"txs":0,"uniq":0,"trade":0,"nft":0,"gas":0,"bal":0,"days":0,"spread":0,"streak":0,"rank_m":369911,"pct_m":0.393295},"2023-11":{"txs":2,"uniq":1,"trade":0,"nft":0,"gas":0.000021,"bal":0.002,"days":1,"spread":0.033333,"streak":1,"rank_m":130533,"pct_m":0.138784,"gas_method":"estimated"},"2023-12":{"txs":1,"uniq":1,"trade":0,"nft":1,"gas":0.00002,"bal":0.008852,"days":1,"spread":0.032258,"streak":1,"rank_m":112032,"pct_m":0.119113,"gas_method":"estimated"},"2024-01":{"txs":18,"uniq":9,"trade":4,"nft":5,"gas":0.000186,"bal":0.093178,"days":4,"spread":0.129032,"streak":2,"rank_m":13322,"pct_m":0.014163,"gas_method":"exact"},"2024-02":{"txs":48,"uniq":15,"trade":8,"nft":21,"gas":0.000501,"bal":0.447535,"days":16,"spread":0.551724,"streak":5,"rank_m":3986,"pct_m":0.004237,"gas_method":"estimated"},"2024-03":{"txs":224,"uniq":43,"trade":29,"nft":33,"gas":0.001103,"bal":0.248054,"days":26,"spread":0.83871,"streak":19,"rank_m":372,"pct_m":0.000394,"gas_method":"exact"},"2024-04":{"txs":268,"uniq":51,"trade":66,"nft":33,"gas":0.002038,"bal":0.273824,"days":26,"spread":0.866667,"streak":13,"rank_m":293,"pct_m":0.00031,"gas_method":"exact"},"2024-05":{"txs":49,"uniq":24,"trade":9,"nft":20,"gas":0.000082,"bal":0.114254,"days":13,"spread":0.419355,"streak":5,"rank_m":7893,"pct_m":0.008391,"gas_method":"exact"},"2024-06":{"txs":67,"uniq":21,"trade":3,"nft":9,"gas":0,"bal":0.281752,"days":17,"spread":0.566667,"streak":11,"rank_m":7158,"pct_m":0.007609,"gas_method":"exact"},"2024-07":{"txs":26,"uniq":11,"trade":0,"nft":4,"gas":0.000001,"bal":0.452148,"days":10,"spread":0.322581,"streak":3,"rank_m":31398,"pct_m":0.033382,"gas_method":"exact"},"2024-08":{"txs":33,"uniq":13,"trade":1,"nft":5,"gas":0.000002,"bal":0.351238,"days":12,"spread":0.387097,"streak":4,"rank_m":20850,"pct_m":0.022167,"gas_method":"estimated"},"2024-09":{"txs":49,"uniq":6,"trade":0,"nft":5,"gas":0.000002,"bal":0.203518,"days":21,"spread":0.7,"streak":5,"rank_m":16599,"pct_m":0.017647,"gas_method":"estimated"},"2024-10":{"txs":43,"uniq":22,"trade":9,"nft":7,"gas":0.000008,"bal":0.17431,"days":11,"spread":0.354839,"streak":2,"rank_m":13378,"pct_m":0.014223,"gas_method":"exact"},"2024-11":{"txs":61,"uniq":26,"trade":2,"nft":2,"gas":0.00014,"bal":0.137176,"days":12,"spread":0.4,"streak":5,"rank_m":15813,"pct_m":0.016812,"gas_method":"exact"},"2024-12":{"txs":66,"uniq":20,"trade":7,"nft":11,"gas":0.001433,"bal":1.238084,"days":11,"spread":0.354839,"streak":4,"rank_m":19782,"pct_m":0.021032,"gas_method":"exact"},"2025-01":{"txs":37,"uniq":14,"trade":5,"nft":0,"gas":0.000961,"bal":0.204628,"days":6,"spread":0.193548,"streak":2,"rank_m":46355,"pct_m":0.049284,"gas_method":"exact"},"2025-02":{"txs":11,"uniq":5,"trade":0,"nft":1,"gas":0.000077,"bal":0.105662,"days":6,"spread":0.214286,"streak":1,"rank_m":125057,"pct_m":0.132962,"gas_method":"exact"},"2025-03":{"txs":16,"uniq":13,"trade":1,"nft":0,"gas":0.000119,"bal":0.320962,"days":4,"spread":0.129032,"streak":2,"rank_m":59832,"pct_m":0.063613,"gas_method":"exact"},"2025-04":{"txs":18,"uniq":9,"trade":0,"nft":0,"gas":0.000109,"bal":0.316334,"days":8,"spread":0.266667,"streak":2,"rank_m":45892,"pct_m":0.048792,"gas_method":"exact"},"2025-05":{"txs":33,"uniq":12,"trade":2,"nft":1,"gas":0.000232,"bal":0.158839,"days":9,"spread":0.290323,"streak":4,"rank_m":15068,"pct_m":0.01602,"gas_method":"estimated"},"2025-06":{"txs":4,"uniq":2,"trade":0,"nft":0,"gas":0.000028,"bal":0.042248,"days":1,"spread":0.033333,"streak":1,"rank_m":227963,"pct_m":0.242373,"gas_method":"estimated"},"2025-07":{"txs":12,"uniq":7,"trade":0,"nft":2,"gas":0.000084,"bal":0.064046,"days":4,"spread":0.129032,"streak":1,"rank_m":111506,"pct_m":0.118554,"gas_method":"estimated"},"2025-08":{"txs":30,"uniq":12,"trade":6,"nft":1,"gas":0.000211,"bal":0.078349,"days":7,"spread":0.225806,"streak":2,"rank_m":26438,"pct_m":0.028108,"gas_method":"estimated"},"2025-09":{"txs":0,"uniq":0,"trade":0,"nft":0,"gas":0,"bal":0.078349,"days":0,"spread":0,"streak":0,"rank_m":355801,"pct_m":0.378293},"2025-10":{"txs":1,"uniq":1,"trade":0,"nft":0,"gas":0.000007,"bal":0.078196,"days":1,"spread":0.032258,"streak":1,"rank_m":132267,"pct_m":0.140628,"gas_method":"estimated"}}}