{"wallet":"0xc9e051144f208a9f28dd32a47d4f8a951fd3f55b","rank":384946,"lifetime":{"months_active":12,"first":"2023-07","last":"2025-10","tx_sum":223,"uniq_sum":134,"trade_sum":7,"nft_sum":70,"gas_sum":0.00082,"avg_balance_eth_mean":0.001776,"streak_best_days":6,"gas_sum_filled":0.00082},"months":{"2023-07":{"txs":0,"uniq":0,"trade":0,"nft":0,"gas":0,"bal":0,"days":0,"spread":0,"streak":0,"rank_m":239465,"pct_m":0.254602},"2023-08":{"txs":0,"uniq":0,"trade":0,"nft":0,"gas":0,"bal":0,"days":0,"spread":0,"streak":0,"rank_m":329775,"pct_m":0.350622},"2023-09":{"txs":0,"uniq":0,"trade":0,"nft":0,"gas":0,"bal":0,"days":0,"spread":0,"streak":0,"rank_m":348927,"pct_m":0.370984},"2023-10":{"txs":0,"uniq":0,"trade":0,"nft":0,"gas":0,"bal":0,"days":0,"spread":0,"streak":0,"rank_m":367189,"pct_m":0.390401},"2023-11":{"txs":0,"uniq":0,"trade":0,"nft":0,"gas":0,"bal":0,"days":0,"spread":0,"streak":0,"rank_m":383742,"pct_m":0.408},"2023-12":{"txs":0,"uniq":0,"trade":0,"nft":0,"gas":0,"bal":0,"days":0,"spread":0,"streak":0,"rank_m":404797,"pct_m":0.430386},"2024-01":{"txs":1,"uniq":1,"trade":0,"nft":0,"gas":0.00003,"bal":0.000028,"days":1,"spread":0.032258,"streak":1,"rank_m":203472,"pct_m":0.216334,"gas_method":"estimated"},"2024-02":{"txs":2,"uniq":1,"trade":0,"nft":1,"gas":0.000051,"bal":0.000457,"days":2,"spread":0.068966,"streak":1,"rank_m":200055,"pct_m":0.212701,"gas_method":"exact"},"2024-03":{"txs":46,"uniq":19,"trade":4,"nft":5,"gas":0.00018,"bal":0.003427,"days":3,"spread":0.096774,"streak":1,"rank_m":92015,"pct_m":0.097831,"gas_method":"exact"},"2024-04":{"txs":66,"uniq":31,"trade":3,"nft":11,"gas":0.000207,"bal":0.008076,"days":8,"spread":0.266667,"streak":1,"rank_m":100441,"pct_m":0.10679,"gas_method":"estimated"},"2024-05":{"txs":15,"uniq":11,"trade":0,"nft":4,"gas":0.000235,"bal":0.007335,"days":5,"spread":0.16129,"streak":2,"rank_m":128748,"pct_m":0.136886,"gas_method":"exact"},"2024-06":{"txs":6,"uniq":4,"trade":0,"nft":1,"gas":0,"bal":0.013052,"days":5,"spread":0.166667,"streak":3,"rank_m":203055,"pct_m":0.215891,"gas_method":"estimated"},"2024-07":{"txs":7,"uniq":6,"trade":0,"nft":1,"gas":0.000001,"bal":0.006703,"days":1,"spread":0.032258,"streak":1,"rank_m":290406,"pct_m":0.308764,"gas_method":"estimated"},"2024-08":{"txs":44,"uniq":33,"trade":0,"nft":31,"gas":0.000005,"bal":0.005746,"days":8,"spread":0.258065,"streak":3,"rank_m":76194,"pct_m":0.08101,"gas_method":"estimated"},"2024-09":{"txs":14,"uniq":14,"trade":0,"nft":14,"gas":0.000001,"bal":0.002614,"days":6,"spread":0.2,"streak":6,"rank_m":121073,"pct_m":0.128726,"gas_method":"estimated"},"2024-10":{"txs":7,"uniq":4,"trade":0,"nft":2,"gas":0.000005,"bal":0.000226,"days":4,"spread":0.129032,"streak":2,"rank_m":275847,"pct_m":0.293284,"gas_method":"exact"},"2024-11":{"txs":0,"uniq":0,"trade":0,"nft":0,"gas":0,"bal":0.000226,"days":0,"spread":0,"streak":0,"rank_m":634558,"pct_m":0.674672},"2024-12":{"txs":0,"uniq":0,"trade":0,"nft":0,"gas":0,"bal":0.000226,"days":0,"spread":0,"streak":0,"rank_m":680168,"pct_m":0.723166},"2025-01":{"txs":0,"uniq":0,"trade":0,"nft":0,"gas":0,"bal":0.000226,"days":0,"spread":0,"streak":0,"rank_m":680963,"pct_m":0.724011},"2025-02":{"txs":0,"uniq":0,"trade":0,"nft":0,"gas":0,"bal":0.000226,"days":0,"spread":0,"streak":0,"rank_m":701763,"pct_m":0.746126},"2025-03":{"txs":0,"uniq":0,"trade":0,"nft":0,"gas":0,"bal":0.000226,"days":0,"spread":0,"streak":0,"rank_m":709178,"pct_m":0.75401},"2025-04":{"txs":0,"uniq":0,"trade":0,"nft":0,"gas":0,"bal":0.000226,"days":0,"spread":0,"streak":0,"rank_m":734922,"pct_m":0.781381},"2025-05":{"txs":0,"uniq":0,"trade":0,"nft":0,"gas":0,"bal":0.000226,"days":0,"spread":0,"streak":0,"rank_m":751634,"pct_m":0.79915},"2025-06":{"txs":0,"uniq":0,"trade":0,"nft":0,"gas":0,"bal":0.000226,"days":0,"spread":0,"streak":0,"rank_m":748761,"pct_m":0.796095},"2025-07":{"txs":12,"uniq":7,"trade":0,"nft":0,"gas":0.000084,"bal":0.000079,"days":1,"spread":0.032258,"streak":1,"rank_m":576874,"pct_m":0.613342,"gas_method":"estimated"},"2025-08":{"txs":3,"uniq":3,"trade":0,"nft":0,"gas":0.000021,"bal":0.000064,"days":1,"spread":0.032258,"streak":1,"rank_m":619702,"pct_m":0.658877,"gas_method":"estimated"},"2025-09":{"txs":0,"uniq":0,"trade":0,"nft":0,"gas":0,"bal":0.000064,"days":0,"spread":0,"streak":0,"rank_m":820782,"pct_m":0.872669},"2025-10":{"txs":0,"uniq":0,"trade":0,"nft":0,"gas":0,"bal":0.000064,"days":0,"spread":0,"streak":0,"rank_m":772786,"pct_m":0.821639}}}