{"wallet":"0xc956206d2f8c46e86b5ed68cb12653a568145f30","rank":498908,"lifetime":{"months_active":18,"first":"2023-07","last":"2025-10","tx_sum":178,"uniq_sum":78,"trade_sum":3,"nft_sum":28,"gas_sum":0.000388,"avg_balance_eth_mean":0.007878,"streak_best_days":0,"gas_sum_filled":0.000388},"months":{"2023-07":{"txs":0,"uniq":0,"trade":0,"nft":0,"gas":0,"bal":0,"days":0,"spread":0,"streak":0,"rank_m":241315,"pct_m":0.256569},"2023-08":{"txs":0,"uniq":0,"trade":0,"nft":0,"gas":0,"bal":0,"days":0,"spread":0,"streak":0,"rank_m":331420,"pct_m":0.352371},"2023-09":{"txs":0,"uniq":0,"trade":0,"nft":0,"gas":0,"bal":0,"days":0,"spread":0,"streak":0,"rank_m":350755,"pct_m":0.372928},"2023-10":{"txs":0,"uniq":0,"trade":0,"nft":0,"gas":0,"bal":0,"days":0,"spread":0,"streak":0,"rank_m":369014,"pct_m":0.392341},"2023-11":{"txs":0,"uniq":0,"trade":0,"nft":0,"gas":0,"bal":0,"days":0,"spread":0,"streak":0,"rank_m":385529,"pct_m":0.4099},"2023-12":{"txs":9,"uniq":6,"trade":0,"nft":1,"gas":0.00007,"bal":0.000132,"days":1,"spread":0.032258,"streak":0,"rank_m":177795,"pct_m":0.189034,"gas_method":"estimated"},"2024-01":{"txs":2,"uniq":2,"trade":0,"nft":2,"gas":0.000014,"bal":0.000579,"days":1,"spread":0.032258,"streak":0,"rank_m":187389,"pct_m":0.199234,"gas_method":"estimated"},"2024-02":{"txs":1,"uniq":1,"trade":0,"nft":1,"gas":0.000004,"bal":0.000223,"days":1,"spread":0.034483,"streak":0,"rank_m":282651,"pct_m":0.300519,"gas_method":"estimated"},"2024-03":{"txs":5,"uniq":3,"trade":0,"nft":1,"gas":0.000031,"bal":0.000098,"days":2,"spread":0.064516,"streak":0,"rank_m":354846,"pct_m":0.377278,"gas_method":"estimated"},"2024-04":{"txs":4,"uniq":3,"trade":0,"nft":0,"gas":0.000003,"bal":0.000079,"days":1,"spread":0.033333,"streak":0,"rank_m":470431,"pct_m":0.50017,"gas_method":"estimated"},"2024-05":{"txs":18,"uniq":5,"trade":0,"nft":1,"gas":0.000004,"bal":0.001596,"days":5,"spread":0.16129,"streak":0,"rank_m":355841,"pct_m":0.378335,"gas_method":"estimated"},"2024-06":{"txs":31,"uniq":11,"trade":0,"nft":3,"gas":0.000001,"bal":0.006789,"days":14,"spread":0.466667,"streak":0,"rank_m":124498,"pct_m":0.132367,"gas_method":"exact"},"2024-07":{"txs":33,"uniq":12,"trade":0,"nft":12,"gas":0.000001,"bal":0.006797,"days":15,"spread":0.483871,"streak":0,"rank_m":130936,"pct_m":0.139212,"gas_method":"estimated"},"2024-08":{"txs":21,"uniq":7,"trade":0,"nft":4,"gas":0,"bal":0.008709,"days":9,"spread":0.290323,"streak":0,"rank_m":170286,"pct_m":0.18105,"gas_method":"exact"},"2024-09":{"txs":2,"uniq":2,"trade":0,"nft":1,"gas":0,"bal":0.009967,"days":2,"spread":0.066667,"streak":0,"rank_m":318053,"pct_m":0.338159,"gas_method":"estimated"},"2024-10":{"txs":18,"uniq":10,"trade":0,"nft":2,"gas":0,"bal":0.010186,"days":6,"spread":0.193548,"streak":0,"rank_m":198157,"pct_m":0.210683,"gas_method":"estimated"},"2024-11":{"txs":13,"uniq":1,"trade":0,"nft":0,"gas":0.00003,"bal":0.016808,"days":6,"spread":0.2,"streak":0,"rank_m":290558,"pct_m":0.308925,"gas_method":"exact"},"2024-12":{"txs":2,"uniq":2,"trade":0,"nft":0,"gas":0.000044,"bal":0.024351,"days":1,"spread":0.032258,"streak":0,"rank_m":489697,"pct_m":0.520654,"gas_method":"exact"},"2025-01":{"txs":4,"uniq":4,"trade":0,"nft":0,"gas":0.000104,"bal":0.025835,"days":2,"spread":0.064516,"streak":0,"rank_m":392156,"pct_m":0.416946,"gas_method":"exact"},"2025-02":{"txs":0,"uniq":0,"trade":0,"nft":0,"gas":0,"bal":0.025835,"days":0,"spread":0,"streak":0,"rank_m":522438,"pct_m":0.555464},"2025-03":{"txs":0,"uniq":0,"trade":0,"nft":0,"gas":0,"bal":0.025835,"days":0,"spread":0,"streak":0,"rank_m":495732,"pct_m":0.52707},"2025-04":{"txs":5,"uniq":2,"trade":0,"nft":0,"gas":0.000012,"bal":0.006177,"days":1,"spread":0.033333,"streak":0,"rank_m":450620,"pct_m":0.479106,"gas_method":"exact"},"2025-05":{"txs":0,"uniq":0,"trade":0,"nft":0,"gas":0,"bal":0.006177,"days":0,"spread":0,"streak":0,"rank_m":517605,"pct_m":0.550326},"2025-06":{"txs":0,"uniq":0,"trade":0,"nft":0,"gas":0,"bal":0.006177,"days":0,"spread":0,"streak":0,"rank_m":521944,"pct_m":0.554939},"2025-07":{"txs":4,"uniq":4,"trade":3,"nft":0,"gas":0.000028,"bal":0.009961,"days":1,"spread":0.032258,"streak":0,"rank_m":313515,"pct_m":0.333334,"gas_method":"estimated"},"2025-08":{"txs":0,"uniq":0,"trade":0,"nft":0,"gas":0,"bal":0.009961,"days":0,"spread":0,"streak":0,"rank_m":470667,"pct_m":0.500421},"2025-09":{"txs":5,"uniq":2,"trade":0,"nft":0,"gas":0.000035,"bal":0.009154,"days":3,"spread":0.1,"streak":0,"rank_m":326895,"pct_m":0.34756,"gas_method":"estimated"},"2025-10":{"txs":1,"uniq":1,"trade":0,"nft":0,"gas":0.000007,"bal":0.009151,"days":1,"spread":0.032258,"streak":0,"rank_m":278279,"pct_m":0.29587,"gas_method":"estimated"}}}