{"wallet":"0xc177efaeb3552c7ca175e591ec98b2c3ec200f43","rank":14774,"lifetime":{"months_active":26,"first":"2023-07","last":"2025-10","tx_sum":1408,"uniq_sum":521,"trade_sum":6,"nft_sum":226,"gas_sum":0.009577,"avg_balance_eth_mean":0.054048,"streak_best_days":25,"gas_sum_filled":0.009577},"months":{"2023-07":{"txs":0,"uniq":0,"trade":0,"nft":0,"gas":0,"bal":0,"days":0,"spread":0,"streak":0,"rank_m":268360,"pct_m":0.285324},"2023-08":{"txs":32,"uniq":18,"trade":1,"nft":11,"gas":0.001314,"bal":0.000716,"days":12,"spread":0.387097,"streak":4,"rank_m":40953,"pct_m":0.043541,"gas_method":"exact"},"2023-09":{"txs":17,"uniq":7,"trade":0,"nft":7,"gas":0.000801,"bal":0.000878,"days":2,"spread":0.066667,"streak":2,"rank_m":50115,"pct_m":0.053282,"gas_method":"exact"},"2023-10":{"txs":0,"uniq":0,"trade":0,"nft":0,"gas":0,"bal":0.000878,"days":0,"spread":0,"streak":0,"rank_m":189937,"pct_m":0.201943},"2023-11":{"txs":9,"uniq":5,"trade":0,"nft":1,"gas":0.000104,"bal":0.000517,"days":4,"spread":0.133333,"streak":2,"rank_m":88014,"pct_m":0.093577,"gas_method":"estimated"},"2023-12":{"txs":5,"uniq":3,"trade":0,"nft":8,"gas":0.000119,"bal":0.000417,"days":3,"spread":0.096774,"streak":1,"rank_m":81437,"pct_m":0.086584,"gas_method":"exact"},"2024-01":{"txs":11,"uniq":3,"trade":0,"nft":3,"gas":0.000249,"bal":0.000472,"days":6,"spread":0.193548,"streak":4,"rank_m":67319,"pct_m":0.071574,"gas_method":"exact"},"2024-02":{"txs":24,"uniq":17,"trade":0,"nft":23,"gas":0.000075,"bal":0.002071,"days":11,"spread":0.37931,"streak":2,"rank_m":35740,"pct_m":0.037998,"gas_method":"exact"},"2024-03":{"txs":37,"uniq":24,"trade":0,"nft":23,"gas":0.00006,"bal":0.002327,"days":14,"spread":0.451613,"streak":3,"rank_m":53773,"pct_m":0.057171,"gas_method":"exact"},"2024-04":{"txs":77,"uniq":26,"trade":0,"nft":22,"gas":0.000161,"bal":0.001635,"days":14,"spread":0.466667,"streak":3,"rank_m":125720,"pct_m":0.133667,"gas_method":"estimated"},"2024-05":{"txs":97,"uniq":29,"trade":0,"nft":19,"gas":0.000051,"bal":0.00951,"days":23,"spread":0.741935,"streak":7,"rank_m":18219,"pct_m":0.01937,"gas_method":"exact"},"2024-06":{"txs":69,"uniq":31,"trade":0,"nft":18,"gas":0.000002,"bal":0.023923,"days":24,"spread":0.8,"streak":11,"rank_m":8678,"pct_m":0.009226,"gas_method":"exact"},"2024-07":{"txs":67,"uniq":43,"trade":2,"nft":39,"gas":0.000005,"bal":0.004232,"days":17,"spread":0.548387,"streak":6,"rank_m":18225,"pct_m":0.019376,"gas_method":"exact"},"2024-08":{"txs":56,"uniq":41,"trade":0,"nft":29,"gas":0.000004,"bal":0.004295,"days":17,"spread":0.548387,"streak":5,"rank_m":57408,"pct_m":0.061036,"gas_method":"estimated"},"2024-09":{"txs":19,"uniq":15,"trade":0,"nft":11,"gas":0.000001,"bal":0.044049,"days":9,"spread":0.3,"streak":2,"rank_m":31127,"pct_m":0.033094,"gas_method":"estimated"},"2024-10":{"txs":27,"uniq":15,"trade":0,"nft":6,"gas":0.000002,"bal":0.080846,"days":12,"spread":0.387097,"streak":2,"rank_m":43639,"pct_m":0.046397,"gas_method":"estimated"},"2024-11":{"txs":19,"uniq":12,"trade":0,"nft":1,"gas":0.000044,"bal":0.075572,"days":10,"spread":0.333333,"streak":3,"rank_m":77145,"pct_m":0.082021,"gas_method":"exact"},"2024-12":{"txs":21,"uniq":14,"trade":0,"nft":1,"gas":0.000441,"bal":0.052534,"days":12,"spread":0.387097,"streak":5,"rank_m":78969,"pct_m":0.08396,"gas_method":"exact"},"2025-01":{"txs":26,"uniq":9,"trade":0,"nft":0,"gas":0.000597,"bal":0.154954,"days":13,"spread":0.419355,"streak":2,"rank_m":77713,"pct_m":0.082625,"gas_method":"exact"},"2025-02":{"txs":74,"uniq":31,"trade":3,"nft":1,"gas":0.000486,"bal":0.151709,"days":22,"spread":0.785714,"streak":12,"rank_m":2929,"pct_m":0.003113,"gas_method":"exact"},"2025-03":{"txs":6,"uniq":4,"trade":0,"nft":0,"gas":0.000047,"bal":0.293932,"days":5,"spread":0.16129,"streak":2,"rank_m":168937,"pct_m":0.179616,"gas_method":"exact"},"2025-04":{"txs":12,"uniq":10,"trade":0,"nft":1,"gas":0.000066,"bal":0.233226,"days":7,"spread":0.233333,"streak":3,"rank_m":45255,"pct_m":0.048115,"gas_method":"exact"},"2025-05":{"txs":26,"uniq":10,"trade":0,"nft":0,"gas":0.000183,"bal":0.080601,"days":14,"spread":0.451613,"streak":2,"rank_m":27319,"pct_m":0.029045,"gas_method":"estimated"},"2025-06":{"txs":113,"uniq":17,"trade":0,"nft":0,"gas":0.000795,"bal":0.029263,"days":18,"spread":0.6,"streak":5,"rank_m":17734,"pct_m":0.018854,"gas_method":"estimated"},"2025-07":{"txs":30,"uniq":14,"trade":0,"nft":0,"gas":0.000211,"bal":0.035958,"days":14,"spread":0.451613,"streak":2,"rank_m":44769,"pct_m":0.047598,"gas_method":"estimated"},"2025-08":{"txs":34,"uniq":12,"trade":0,"nft":0,"gas":0.000239,"bal":0.153964,"days":15,"spread":0.483871,"streak":3,"rank_m":20560,"pct_m":0.021859,"gas_method":"estimated"},"2025-09":{"txs":382,"uniq":80,"trade":0,"nft":1,"gas":0.002689,"bal":0.066238,"days":24,"spread":0.8,"streak":14,"rank_m":2874,"pct_m":0.003055,"gas_method":"estimated"},"2025-10":{"txs":118,"uniq":31,"trade":0,"nft":1,"gas":0.000831,"bal":0.008635,"days":12,"spread":0.387097,"streak":11,"rank_m":20317,"pct_m":0.0216,"gas_method":"estimated"}}}