{"wallet":"0xc12f8390001e576228f491b321c8b13f628f815b","rank":421139,"lifetime":{"months_active":13,"first":"2023-07","last":"2025-10","tx_sum":130,"uniq_sum":39,"trade_sum":12,"nft_sum":9,"gas_sum":0.00361,"avg_balance_eth_mean":0.003366,"streak_best_days":39,"gas_sum_filled":0.00361},"months":{"2023-07":{"txs":0,"uniq":0,"trade":0,"nft":0,"gas":0,"bal":0,"days":0,"spread":0,"streak":0,"rank_m":269352,"pct_m":0.286379},"2023-08":{"txs":18,"uniq":13,"trade":0,"nft":6,"gas":0.001288,"bal":0.000512,"days":7,"spread":0.225806,"streak":2,"rank_m":67374,"pct_m":0.071632,"gas_method":"exact"},"2023-09":{"txs":6,"uniq":2,"trade":0,"nft":1,"gas":0.000551,"bal":0.002859,"days":1,"spread":0.033333,"streak":1,"rank_m":81053,"pct_m":0.086176,"gas_method":"exact"},"2023-10":{"txs":0,"uniq":0,"trade":0,"nft":0,"gas":0,"bal":0.002859,"days":0,"spread":0,"streak":0,"rank_m":166190,"pct_m":0.176695},"2023-11":{"txs":1,"uniq":1,"trade":0,"nft":0,"gas":0.000125,"bal":0.001904,"days":1,"spread":0.033333,"streak":1,"rank_m":136213,"pct_m":0.144823,"gas_method":"estimated"},"2023-12":{"txs":0,"uniq":0,"trade":0,"nft":0,"gas":0,"bal":0.001904,"days":0,"spread":0,"streak":0,"rank_m":207255,"pct_m":0.220356},"2024-01":{"txs":0,"uniq":0,"trade":0,"nft":0,"gas":0,"bal":0.001904,"days":0,"spread":0,"streak":0,"rank_m":217382,"pct_m":0.231123},"2024-02":{"txs":7,"uniq":2,"trade":2,"nft":1,"gas":0.000801,"bal":0.002311,"days":3,"spread":0.103448,"streak":1,"rank_m":110095,"pct_m":0.117054,"gas_method":"exact"},"2024-03":{"txs":0,"uniq":0,"trade":0,"nft":0,"gas":0,"bal":0.002311,"days":0,"spread":0,"streak":0,"rank_m":378276,"pct_m":0.402189},"2024-04":{"txs":6,"uniq":4,"trade":0,"nft":1,"gas":0.000137,"bal":0.003852,"days":2,"spread":0.066667,"streak":1,"rank_m":356682,"pct_m":0.37923,"gas_method":"estimated"},"2024-05":{"txs":0,"uniq":0,"trade":0,"nft":0,"gas":0,"bal":0.003852,"days":0,"spread":0,"streak":0,"rank_m":483204,"pct_m":0.51375},"2024-06":{"txs":0,"uniq":0,"trade":0,"nft":0,"gas":0,"bal":0.003852,"days":0,"spread":0,"streak":0,"rank_m":499898,"pct_m":0.531499},"2024-07":{"txs":0,"uniq":0,"trade":0,"nft":0,"gas":0,"bal":0.003852,"days":0,"spread":0,"streak":0,"rank_m":506685,"pct_m":0.538715},"2024-08":{"txs":0,"uniq":0,"trade":0,"nft":0,"gas":0,"bal":0.003852,"days":0,"spread":0,"streak":0,"rank_m":516463,"pct_m":0.549112},"2024-09":{"txs":0,"uniq":0,"trade":0,"nft":0,"gas":0,"bal":0.003852,"days":0,"spread":0,"streak":0,"rank_m":488529,"pct_m":0.519412},"2024-10":{"txs":2,"uniq":2,"trade":0,"nft":0,"gas":0.000001,"bal":0.004709,"days":1,"spread":0.032258,"streak":1,"rank_m":413606,"pct_m":0.439752,"gas_method":"estimated"},"2024-11":{"txs":0,"uniq":0,"trade":0,"nft":0,"gas":0,"bal":0.004709,"days":0,"spread":0,"streak":0,"rank_m":545835,"pct_m":0.58034},"2024-12":{"txs":5,"uniq":4,"trade":0,"nft":0,"gas":0.00011,"bal":0.004544,"days":3,"spread":0.096774,"streak":1,"rank_m":399484,"pct_m":0.424737,"gas_method":"exact"},"2025-01":{"txs":0,"uniq":0,"trade":0,"nft":0,"gas":0,"bal":0.004544,"days":0,"spread":0,"streak":0,"rank_m":592223,"pct_m":0.629661},"2025-02":{"txs":0,"uniq":0,"trade":0,"nft":0,"gas":0,"bal":0.004544,"days":0,"spread":0,"streak":0,"rank_m":595065,"pct_m":0.632683},"2025-03":{"txs":0,"uniq":0,"trade":0,"nft":0,"gas":0,"bal":0.004544,"days":0,"spread":0,"streak":0,"rank_m":578528,"pct_m":0.6151},"2025-04":{"txs":1,"uniq":1,"trade":0,"nft":0,"gas":0.000006,"bal":0.005331,"days":1,"spread":0.033333,"streak":1,"rank_m":456958,"pct_m":0.485845,"gas_method":"exact"},"2025-05":{"txs":1,"uniq":1,"trade":0,"nft":0,"gas":0.000007,"bal":0.005319,"days":1,"spread":0.032258,"streak":1,"rank_m":367091,"pct_m":0.390297,"gas_method":"estimated"},"2025-06":{"txs":0,"uniq":0,"trade":0,"nft":0,"gas":0,"bal":0.005319,"days":0,"spread":0,"streak":0,"rank_m":541941,"pct_m":0.5762},"2025-07":{"txs":3,"uniq":2,"trade":1,"nft":0,"gas":0.000021,"bal":0.005318,"days":2,"spread":0.064516,"streak":2,"rank_m":293245,"pct_m":0.311782,"gas_method":"estimated"},"2025-08":{"txs":33,"uniq":3,"trade":3,"nft":0,"gas":0.000232,"bal":0.003703,"days":31,"spread":1,"streak":31,"rank_m":94575,"pct_m":0.100553,"gas_method":"estimated"},"2025-09":{"txs":32,"uniq":3,"trade":6,"nft":0,"gas":0.000225,"bal":0.001186,"days":29,"spread":0.966667,"streak":24,"rank_m":146790,"pct_m":0.156069,"gas_method":"estimated"},"2025-10":{"txs":15,"uniq":1,"trade":0,"nft":0,"gas":0.000106,"bal":0.000792,"days":15,"spread":0.483871,"streak":15,"rank_m":254966,"pct_m":0.271083,"gas_method":"estimated"}}}