{"wallet":"0xc13640d8d9c6c1d889f13fe2092400553491ba6b","rank":53128,"lifetime":{"months_active":15,"first":"2023-07","last":"2025-10","tx_sum":556,"uniq_sum":200,"trade_sum":12,"nft_sum":97,"gas_sum":0.004604,"avg_balance_eth_mean":0.044312,"streak_best_days":17,"gas_sum_filled":0.004604},"months":{"2023-07":{"txs":0,"uniq":0,"trade":0,"nft":0,"gas":0,"bal":0,"days":0,"spread":0,"streak":0,"rank_m":269256,"pct_m":0.286277},"2023-08":{"txs":0,"uniq":0,"trade":0,"nft":0,"gas":0,"bal":0,"days":0,"spread":0,"streak":0,"rank_m":356096,"pct_m":0.378607},"2023-09":{"txs":0,"uniq":0,"trade":0,"nft":0,"gas":0,"bal":0,"days":0,"spread":0,"streak":0,"rank_m":377594,"pct_m":0.401464},"2023-10":{"txs":0,"uniq":0,"trade":0,"nft":0,"gas":0,"bal":0,"days":0,"spread":0,"streak":0,"rank_m":395630,"pct_m":0.42064},"2023-11":{"txs":0,"uniq":0,"trade":0,"nft":0,"gas":0,"bal":0,"days":0,"spread":0,"streak":0,"rank_m":411800,"pct_m":0.437832},"2023-12":{"txs":0,"uniq":0,"trade":0,"nft":0,"gas":0,"bal":0,"days":0,"spread":0,"streak":0,"rank_m":431677,"pct_m":0.458966},"2024-01":{"txs":0,"uniq":0,"trade":0,"nft":0,"gas":0,"bal":0,"days":0,"spread":0,"streak":0,"rank_m":448798,"pct_m":0.477169},"2024-02":{"txs":93,"uniq":43,"trade":4,"nft":25,"gas":0.000358,"bal":0.002149,"days":8,"spread":0.275862,"streak":8,"rank_m":32117,"pct_m":0.034146,"gas_method":"estimated"},"2024-03":{"txs":191,"uniq":47,"trade":2,"nft":25,"gas":0.003737,"bal":0.022573,"days":28,"spread":0.903226,"streak":13,"rank_m":2646,"pct_m":0.002812,"gas_method":"exact"},"2024-04":{"txs":157,"uniq":45,"trade":4,"nft":17,"gas":0.000339,"bal":0.029496,"days":19,"spread":0.633333,"streak":6,"rank_m":6886,"pct_m":0.00732,"gas_method":"exact"},"2024-05":{"txs":26,"uniq":15,"trade":0,"nft":9,"gas":0.000006,"bal":0.038731,"days":10,"spread":0.322581,"streak":5,"rank_m":55113,"pct_m":0.058596,"gas_method":"estimated"},"2024-06":{"txs":34,"uniq":16,"trade":2,"nft":7,"gas":0.000003,"bal":0.03951,"days":9,"spread":0.3,"streak":3,"rank_m":22481,"pct_m":0.023901,"gas_method":"exact"},"2024-07":{"txs":21,"uniq":12,"trade":0,"nft":5,"gas":0.000003,"bal":0.027331,"days":11,"spread":0.354839,"streak":4,"rank_m":33902,"pct_m":0.036044,"gas_method":"exact"},"2024-08":{"txs":8,"uniq":5,"trade":0,"nft":7,"gas":0.000002,"bal":0.022993,"days":5,"spread":0.16129,"streak":3,"rank_m":124542,"pct_m":0.132414,"gas_method":"exact"},"2024-09":{"txs":5,"uniq":5,"trade":0,"nft":1,"gas":0,"bal":0.022827,"days":2,"spread":0.066667,"streak":1,"rank_m":186336,"pct_m":0.198115,"gas_method":"estimated"},"2024-10":{"txs":5,"uniq":4,"trade":0,"nft":1,"gas":0,"bal":0.057164,"days":1,"spread":0.032258,"streak":1,"rank_m":249838,"pct_m":0.265631,"gas_method":"estimated"},"2024-11":{"txs":1,"uniq":1,"trade":0,"nft":0,"gas":0.000002,"bal":0.108675,"days":1,"spread":0.033333,"streak":1,"rank_m":388814,"pct_m":0.413393,"gas_method":"exact"},"2024-12":{"txs":2,"uniq":2,"trade":0,"nft":0,"gas":0.000044,"bal":0.108653,"days":2,"spread":0.064516,"streak":1,"rank_m":410792,"pct_m":0.43676,"gas_method":"exact"},"2025-01":{"txs":1,"uniq":1,"trade":0,"nft":0,"gas":0.000026,"bal":0.108643,"days":1,"spread":0.032258,"streak":1,"rank_m":424672,"pct_m":0.451518,"gas_method":"exact"},"2025-02":{"txs":0,"uniq":0,"trade":0,"nft":0,"gas":0,"bal":0.108643,"days":0,"spread":0,"streak":0,"rank_m":502743,"pct_m":0.534524},"2025-03":{"txs":0,"uniq":0,"trade":0,"nft":0,"gas":0,"bal":0.108643,"days":0,"spread":0,"streak":0,"rank_m":475526,"pct_m":0.505587},"2025-04":{"txs":0,"uniq":0,"trade":0,"nft":0,"gas":0,"bal":0.108643,"days":0,"spread":0,"streak":0,"rank_m":516290,"pct_m":0.548928},"2025-05":{"txs":2,"uniq":2,"trade":0,"nft":0,"gas":0.000014,"bal":0.108631,"days":1,"spread":0.032258,"streak":1,"rank_m":174237,"pct_m":0.185251,"gas_method":"estimated"},"2025-06":{"txs":0,"uniq":0,"trade":0,"nft":0,"gas":0,"bal":0.108631,"days":0,"spread":0,"streak":0,"rank_m":345939,"pct_m":0.367807},"2025-07":{"txs":1,"uniq":1,"trade":0,"nft":0,"gas":0.000007,"bal":0.088583,"days":1,"spread":0.032258,"streak":1,"rank_m":266101,"pct_m":0.282922,"gas_method":"estimated"},"2025-08":{"txs":9,"uniq":1,"trade":0,"nft":0,"gas":0.000063,"bal":0.006738,"days":2,"spread":0.064516,"streak":2,"rank_m":296364,"pct_m":0.315098,"gas_method":"estimated"},"2025-09":{"txs":0,"uniq":0,"trade":0,"nft":0,"gas":0,"bal":0.006738,"days":0,"spread":0,"streak":0,"rank_m":506800,"pct_m":0.538838},"2025-10":{"txs":0,"uniq":0,"trade":0,"nft":0,"gas":0,"bal":0.006738,"days":0,"spread":0,"streak":0,"rank_m":403996,"pct_m":0.429535}}}