{"wallet":"0xc10bb0f31101469c1351253a5358f61cdd3deb2a","rank":94792,"lifetime":{"months_active":22,"first":"2023-07","last":"2025-10","tx_sum":319,"uniq_sum":187,"trade_sum":5,"nft_sum":105,"gas_sum":0.018115,"avg_balance_eth_mean":0.002281,"streak_best_days":25,"gas_sum_filled":0.018115},"months":{"2023-07":{"txs":50,"uniq":35,"trade":0,"nft":4,"gas":0.005736,"bal":0.003316,"days":4,"spread":0.129032,"streak":2,"rank_m":223,"pct_m":0.000236,"gas_method":"exact"},"2023-08":{"txs":53,"uniq":53,"trade":0,"nft":13,"gas":0.010941,"bal":0.032416,"days":16,"spread":0.516129,"streak":10,"rank_m":6513,"pct_m":0.006924,"gas_method":"exact"},"2023-09":{"txs":2,"uniq":2,"trade":0,"nft":1,"gas":0.000016,"bal":0.00556,"days":2,"spread":0.066667,"streak":1,"rank_m":92466,"pct_m":0.09831,"gas_method":"exact"},"2023-10":{"txs":2,"uniq":1,"trade":0,"nft":1,"gas":0.000016,"bal":0.005299,"days":1,"spread":0.032258,"streak":1,"rank_m":101439,"pct_m":0.107851,"gas_method":"estimated"},"2023-11":{"txs":6,"uniq":3,"trade":0,"nft":0,"gas":0.000083,"bal":0.004084,"days":4,"spread":0.133333,"streak":1,"rank_m":80437,"pct_m":0.085521,"gas_method":"estimated"},"2023-12":{"txs":2,"uniq":2,"trade":0,"nft":3,"gas":0.000124,"bal":0.000801,"days":2,"spread":0.064516,"streak":1,"rank_m":98155,"pct_m":0.104359,"gas_method":"exact"},"2024-01":{"txs":0,"uniq":0,"trade":0,"nft":0,"gas":0,"bal":0.000801,"days":0,"spread":0,"streak":0,"rank_m":227534,"pct_m":0.241917},"2024-02":{"txs":4,"uniq":3,"trade":0,"nft":3,"gas":0.000055,"bal":0.000632,"days":2,"spread":0.068966,"streak":1,"rank_m":198901,"pct_m":0.211474,"gas_method":"estimated"},"2024-03":{"txs":8,"uniq":6,"trade":0,"nft":5,"gas":0.000164,"bal":0.000645,"days":6,"spread":0.193548,"streak":2,"rank_m":218306,"pct_m":0.232106,"gas_method":"estimated"},"2024-04":{"txs":21,"uniq":13,"trade":0,"nft":10,"gas":0.000053,"bal":0.001265,"days":8,"spread":0.266667,"streak":3,"rank_m":225671,"pct_m":0.239936,"gas_method":"estimated"},"2024-05":{"txs":37,"uniq":21,"trade":1,"nft":16,"gas":0.000085,"bal":0.002501,"days":17,"spread":0.548387,"streak":4,"rank_m":52013,"pct_m":0.0553,"gas_method":"exact"},"2024-06":{"txs":7,"uniq":3,"trade":0,"nft":4,"gas":0,"bal":0.001115,"days":5,"spread":0.166667,"streak":2,"rank_m":306650,"pct_m":0.326035,"gas_method":"estimated"},"2024-07":{"txs":1,"uniq":1,"trade":0,"nft":0,"gas":0,"bal":0.000675,"days":1,"spread":0.032258,"streak":1,"rank_m":479190,"pct_m":0.509482,"gas_method":"estimated"},"2024-08":{"txs":17,"uniq":12,"trade":0,"nft":13,"gas":0.000001,"bal":0.000533,"days":10,"spread":0.322581,"streak":2,"rank_m":164951,"pct_m":0.175378,"gas_method":"exact"},"2024-09":{"txs":1,"uniq":1,"trade":0,"nft":4,"gas":0,"bal":0.000356,"days":1,"spread":0.033333,"streak":1,"rank_m":407468,"pct_m":0.433226,"gas_method":"estimated"},"2024-10":{"txs":20,"uniq":8,"trade":1,"nft":15,"gas":0.000001,"bal":0.000386,"days":11,"spread":0.354839,"streak":9,"rank_m":207978,"pct_m":0.221125,"gas_method":"estimated"},"2024-11":{"txs":45,"uniq":8,"trade":0,"nft":8,"gas":0.000097,"bal":0.00047,"days":23,"spread":0.766667,"streak":16,"rank_m":118488,"pct_m":0.125977,"gas_method":"exact"},"2024-12":{"txs":14,"uniq":3,"trade":0,"nft":4,"gas":0.000265,"bal":0.000284,"days":10,"spread":0.322581,"streak":4,"rank_m":294889,"pct_m":0.31353,"gas_method":"exact"},"2025-01":{"txs":19,"uniq":3,"trade":0,"nft":0,"gas":0.000416,"bal":0.000056,"days":6,"spread":0.193548,"streak":4,"rank_m":328422,"pct_m":0.349183,"gas_method":"exact"},"2025-02":{"txs":4,"uniq":3,"trade":0,"nft":0,"gas":0.000021,"bal":0.000119,"days":3,"spread":0.107143,"streak":1,"rank_m":446500,"pct_m":0.474726,"gas_method":"exact"},"2025-03":{"txs":0,"uniq":0,"trade":0,"nft":0,"gas":0,"bal":0.000119,"days":0,"spread":0,"streak":0,"rank_m":733776,"pct_m":0.780163},"2025-04":{"txs":1,"uniq":1,"trade":0,"nft":0,"gas":0.000006,"bal":0.000355,"days":1,"spread":0.033333,"streak":1,"rank_m":529387,"pct_m":0.562853,"gas_method":"exact"},"2025-05":{"txs":2,"uniq":2,"trade":0,"nft":1,"gas":0.000014,"bal":0.000348,"days":1,"spread":0.032258,"streak":1,"rank_m":449769,"pct_m":0.478201,"gas_method":"estimated"},"2025-06":{"txs":0,"uniq":0,"trade":0,"nft":0,"gas":0,"bal":0.000348,"days":0,"spread":0,"streak":0,"rank_m":733142,"pct_m":0.779489},"2025-07":{"txs":0,"uniq":0,"trade":0,"nft":0,"gas":0,"bal":0.000348,"days":0,"spread":0,"streak":0,"rank_m":755653,"pct_m":0.803423},"2025-08":{"txs":3,"uniq":3,"trade":3,"nft":0,"gas":0.000021,"bal":0.000346,"days":1,"spread":0.032258,"streak":1,"rank_m":427824,"pct_m":0.454869,"gas_method":"estimated"},"2025-09":{"txs":0,"uniq":0,"trade":0,"nft":0,"gas":0,"bal":0.000346,"days":0,"spread":0,"streak":0,"rank_m":719855,"pct_m":0.765362},"2025-10":{"txs":0,"uniq":0,"trade":0,"nft":0,"gas":0,"bal":0.000346,"days":0,"spread":0,"streak":0,"rank_m":644642,"pct_m":0.685394}}}