{"wallet":"0xc1c393b6bef08cf66914552fcc8b911141b527b2","rank":55821,"lifetime":{"months_active":25,"first":"2023-07","last":"2025-10","tx_sum":554,"uniq_sum":240,"trade_sum":34,"nft_sum":103,"gas_sum":0.003341,"avg_balance_eth_mean":0.001807,"streak_best_days":131,"gas_sum_filled":0.003341},"months":{"2023-07":{"txs":0,"uniq":0,"trade":0,"nft":0,"gas":0,"bal":0,"days":0,"spread":0,"streak":0,"rank_m":267356,"pct_m":0.284257},"2023-08":{"txs":0,"uniq":0,"trade":0,"nft":0,"gas":0,"bal":0,"days":0,"spread":0,"streak":0,"rank_m":354419,"pct_m":0.376824},"2023-09":{"txs":0,"uniq":0,"trade":0,"nft":0,"gas":0,"bal":0,"days":0,"spread":0,"streak":0,"rank_m":375798,"pct_m":0.399554},"2023-10":{"txs":27,"uniq":21,"trade":0,"nft":19,"gas":0.000176,"bal":0.000553,"days":19,"spread":0.612903,"streak":19,"rank_m":46329,"pct_m":0.049257,"gas_method":"estimated"},"2023-11":{"txs":12,"uniq":6,"trade":0,"nft":7,"gas":0.000189,"bal":0.00067,"days":8,"spread":0.266667,"streak":6,"rank_m":36568,"pct_m":0.038879,"gas_method":"exact"},"2023-12":{"txs":2,"uniq":2,"trade":0,"nft":3,"gas":0.000145,"bal":0.000308,"days":2,"spread":0.064516,"streak":1,"rank_m":106507,"pct_m":0.113239,"gas_method":"exact"},"2024-01":{"txs":1,"uniq":1,"trade":0,"nft":1,"gas":0.000018,"bal":0.00028,"days":1,"spread":0.032258,"streak":1,"rank_m":158685,"pct_m":0.168716,"gas_method":"exact"},"2024-02":{"txs":7,"uniq":6,"trade":1,"nft":4,"gas":0.000078,"bal":0.000636,"days":3,"spread":0.103448,"streak":1,"rank_m":153943,"pct_m":0.163674,"gas_method":"estimated"},"2024-03":{"txs":13,"uniq":7,"trade":0,"nft":5,"gas":0.000217,"bal":0.004402,"days":3,"spread":0.096774,"streak":1,"rank_m":184532,"pct_m":0.196197,"gas_method":"estimated"},"2024-04":{"txs":17,"uniq":9,"trade":0,"nft":4,"gas":0.000035,"bal":0.007887,"days":7,"spread":0.233333,"streak":2,"rank_m":200221,"pct_m":0.212877,"gas_method":"estimated"},"2024-05":{"txs":10,"uniq":9,"trade":0,"nft":6,"gas":0.000007,"bal":0.006642,"days":7,"spread":0.225806,"streak":1,"rank_m":207377,"pct_m":0.220486,"gas_method":"estimated"},"2024-06":{"txs":27,"uniq":11,"trade":0,"nft":8,"gas":0,"bal":0.004979,"days":11,"spread":0.366667,"streak":3,"rank_m":84947,"pct_m":0.090316,"gas_method":"exact"},"2024-07":{"txs":15,"uniq":10,"trade":3,"nft":4,"gas":0.000002,"bal":0.000985,"days":6,"spread":0.193548,"streak":2,"rank_m":127626,"pct_m":0.135693,"gas_method":"exact"},"2024-08":{"txs":36,"uniq":22,"trade":5,"nft":15,"gas":0.000003,"bal":0.000654,"days":15,"spread":0.483871,"streak":10,"rank_m":60050,"pct_m":0.063845,"gas_method":"exact"},"2024-09":{"txs":40,"uniq":10,"trade":0,"nft":7,"gas":0.000001,"bal":0.000677,"days":30,"spread":1,"streak":30,"rank_m":132294,"pct_m":0.140656,"gas_method":"estimated"},"2024-10":{"txs":51,"uniq":14,"trade":0,"nft":8,"gas":0,"bal":0.000363,"days":31,"spread":1,"streak":31,"rank_m":78158,"pct_m":0.083098,"gas_method":"exact"},"2024-11":{"txs":40,"uniq":9,"trade":0,"nft":1,"gas":0.000092,"bal":0.000545,"days":30,"spread":1,"streak":30,"rank_m":113023,"pct_m":0.120167,"gas_method":"exact"},"2024-12":{"txs":48,"uniq":13,"trade":0,"nft":0,"gas":0.001058,"bal":0.000204,"days":30,"spread":0.967742,"streak":30,"rank_m":144401,"pct_m":0.153529,"gas_method":"exact"},"2025-01":{"txs":4,"uniq":1,"trade":0,"nft":0,"gas":0.000052,"bal":0.000405,"days":2,"spread":0.064516,"streak":1,"rank_m":500361,"pct_m":0.531992,"gas_method":"exact"},"2025-02":{"txs":12,"uniq":10,"trade":0,"nft":0,"gas":0.000077,"bal":0.000498,"days":6,"spread":0.214286,"streak":2,"rank_m":228797,"pct_m":0.24326,"gas_method":"exact"},"2025-03":{"txs":38,"uniq":26,"trade":16,"nft":0,"gas":0.000284,"bal":0.000797,"days":17,"spread":0.548387,"streak":5,"rank_m":68313,"pct_m":0.072631,"gas_method":"exact"},"2025-04":{"txs":25,"uniq":16,"trade":7,"nft":0,"gas":0.000001,"bal":0.003009,"days":13,"spread":0.433333,"streak":6,"rank_m":102922,"pct_m":0.109427,"gas_method":"exact"},"2025-05":{"txs":61,"uniq":4,"trade":2,"nft":0,"gas":0.000429,"bal":0.005448,"days":9,"spread":0.290323,"streak":6,"rank_m":69026,"pct_m":0.073389,"gas_method":"estimated"},"2025-06":{"txs":4,"uniq":1,"trade":0,"nft":0,"gas":0.000028,"bal":0.000671,"days":2,"spread":0.066667,"streak":1,"rank_m":528767,"pct_m":0.562193,"gas_method":"estimated"},"2025-07":{"txs":4,"uniq":4,"trade":0,"nft":0,"gas":0.000028,"bal":0.001243,"days":3,"spread":0.096774,"streak":1,"rank_m":445478,"pct_m":0.473639,"gas_method":"estimated"},"2025-08":{"txs":38,"uniq":11,"trade":0,"nft":7,"gas":0.000267,"bal":0.000291,"days":5,"spread":0.16129,"streak":2,"rank_m":278124,"pct_m":0.295705,"gas_method":"estimated"},"2025-09":{"txs":10,"uniq":5,"trade":0,"nft":1,"gas":0.00007,"bal":0.002462,"days":5,"spread":0.166667,"streak":2,"rank_m":252229,"pct_m":0.268173,"gas_method":"estimated"},"2025-10":{"txs":12,"uniq":12,"trade":0,"nft":3,"gas":0.000084,"bal":0.005983,"days":6,"spread":0.193548,"streak":2,"rank_m":73259,"pct_m":0.077889,"gas_method":"estimated"}}}