{"wallet":"0xc19f7114252b4cacd1c3fe5fe6465f0480f698a7","rank":58112,"lifetime":{"months_active":20,"first":"2023-07","last":"2025-10","tx_sum":577,"uniq_sum":216,"trade_sum":6,"nft_sum":106,"gas_sum":0.010577,"avg_balance_eth_mean":0.010583,"streak_best_days":10,"gas_sum_filled":0.010577},"months":{"2023-07":{"txs":0,"uniq":0,"trade":0,"nft":0,"gas":0,"bal":0,"days":0,"spread":0,"streak":0,"rank_m":267847,"pct_m":0.284779},"2023-08":{"txs":39,"uniq":13,"trade":5,"nft":4,"gas":0.00592,"bal":0.021402,"days":12,"spread":0.387097,"streak":2,"rank_m":18387,"pct_m":0.019548,"gas_method":"exact"},"2023-09":{"txs":9,"uniq":5,"trade":0,"nft":2,"gas":0.000494,"bal":0.01263,"days":4,"spread":0.133333,"streak":1,"rank_m":43944,"pct_m":0.046721,"gas_method":"exact"},"2023-10":{"txs":0,"uniq":0,"trade":0,"nft":0,"gas":0,"bal":0.01263,"days":0,"spread":0,"streak":0,"rank_m":159105,"pct_m":0.169162},"2023-11":{"txs":30,"uniq":13,"trade":0,"nft":2,"gas":0.000506,"bal":0.00085,"days":4,"spread":0.133333,"streak":2,"rank_m":58177,"pct_m":0.061854,"gas_method":"estimated"},"2023-12":{"txs":23,"uniq":10,"trade":0,"nft":10,"gas":0.000071,"bal":0.000671,"days":8,"spread":0.258065,"streak":2,"rank_m":35252,"pct_m":0.037479,"gas_method":"exact"},"2024-01":{"txs":48,"uniq":23,"trade":0,"nft":7,"gas":0.001413,"bal":0.033117,"days":7,"spread":0.225806,"streak":4,"rank_m":12941,"pct_m":0.013758,"gas_method":"estimated"},"2024-02":{"txs":17,"uniq":9,"trade":0,"nft":6,"gas":0.000283,"bal":0.001561,"days":7,"spread":0.241379,"streak":2,"rank_m":86856,"pct_m":0.092346,"gas_method":"estimated"},"2024-03":{"txs":99,"uniq":44,"trade":0,"nft":28,"gas":0.001307,"bal":0.020154,"days":12,"spread":0.387097,"streak":2,"rank_m":15997,"pct_m":0.017007,"gas_method":"exact"},"2024-04":{"txs":44,"uniq":15,"trade":0,"nft":7,"gas":0.000028,"bal":0.027106,"days":11,"spread":0.366667,"streak":3,"rank_m":72152,"pct_m":0.076712,"gas_method":"exact"},"2024-05":{"txs":32,"uniq":14,"trade":0,"nft":5,"gas":0.000033,"bal":0.021478,"days":7,"spread":0.225806,"streak":2,"rank_m":86716,"pct_m":0.092197,"gas_method":"estimated"},"2024-06":{"txs":113,"uniq":21,"trade":0,"nft":7,"gas":0.000004,"bal":0.02045,"days":19,"spread":0.633333,"streak":6,"rank_m":23837,"pct_m":0.025343,"gas_method":"estimated"},"2024-07":{"txs":49,"uniq":6,"trade":0,"nft":1,"gas":0.000006,"bal":0.029465,"days":13,"spread":0.419355,"streak":6,"rank_m":40586,"pct_m":0.043151,"gas_method":"exact"},"2024-08":{"txs":19,"uniq":13,"trade":1,"nft":13,"gas":0.000002,"bal":0.022874,"days":5,"spread":0.16129,"streak":2,"rank_m":80891,"pct_m":0.086004,"gas_method":"estimated"},"2024-09":{"txs":4,"uniq":2,"trade":0,"nft":1,"gas":0,"bal":0.015998,"days":2,"spread":0.066667,"streak":1,"rank_m":232571,"pct_m":0.247273,"gas_method":"estimated"},"2024-10":{"txs":16,"uniq":12,"trade":0,"nft":10,"gas":0.000001,"bal":0.006119,"days":5,"spread":0.16129,"streak":3,"rank_m":132406,"pct_m":0.140775,"gas_method":"estimated"},"2024-11":{"txs":10,"uniq":5,"trade":0,"nft":0,"gas":0.000016,"bal":0.009289,"days":2,"spread":0.066667,"streak":1,"rank_m":303206,"pct_m":0.322373,"gas_method":"exact"},"2024-12":{"txs":1,"uniq":1,"trade":0,"nft":0,"gas":0.000022,"bal":0.00481,"days":1,"spread":0.032258,"streak":1,"rank_m":512326,"pct_m":0.544713,"gas_method":"exact"},"2025-01":{"txs":16,"uniq":5,"trade":0,"nft":0,"gas":0.000416,"bal":0.001789,"days":5,"spread":0.16129,"streak":3,"rank_m":250891,"pct_m":0.266751,"gas_method":"exact"},"2025-02":{"txs":0,"uniq":0,"trade":0,"nft":1,"gas":0,"bal":0.001789,"days":0,"spread":0,"streak":0,"rank_m":531182,"pct_m":0.564761},"2025-03":{"txs":0,"uniq":0,"trade":0,"nft":1,"gas":0,"bal":0.001789,"days":0,"spread":0,"streak":0,"rank_m":510324,"pct_m":0.542585},"2025-04":{"txs":1,"uniq":1,"trade":0,"nft":1,"gas":0.000006,"bal":0.005779,"days":1,"spread":0.033333,"streak":1,"rank_m":399249,"pct_m":0.424488,"gas_method":"exact"},"2025-05":{"txs":0,"uniq":0,"trade":0,"nft":0,"gas":0,"bal":0.005779,"days":0,"spread":0,"streak":0,"rank_m":528670,"pct_m":0.56209},"2025-06":{"txs":0,"uniq":0,"trade":0,"nft":0,"gas":0,"bal":0.005779,"days":0,"spread":0,"streak":0,"rank_m":533415,"pct_m":0.567135},"2025-07":{"txs":0,"uniq":0,"trade":0,"nft":0,"gas":0,"bal":0.005779,"days":0,"spread":0,"streak":0,"rank_m":556367,"pct_m":0.591538},"2025-08":{"txs":5,"uniq":3,"trade":0,"nft":0,"gas":0.000035,"bal":0.004292,"days":1,"spread":0.032258,"streak":1,"rank_m":366100,"pct_m":0.389243,"gas_method":"estimated"},"2025-09":{"txs":2,"uniq":1,"trade":0,"nft":0,"gas":0.000014,"bal":0.001477,"days":1,"spread":0.033333,"streak":1,"rank_m":470942,"pct_m":0.500713,"gas_method":"estimated"},"2025-10":{"txs":0,"uniq":0,"trade":0,"nft":0,"gas":0,"bal":0.001477,"days":0,"spread":0,"streak":0,"rank_m":533615,"pct_m":0.567348}}}