{"wallet":"0xc18237f4facf817839b229ea67b94ae073be0fa9","rank":434986,"lifetime":{"months_active":13,"first":"2023-07","last":"2025-10","tx_sum":105,"uniq_sum":58,"trade_sum":19,"nft_sum":19,"gas_sum":0.007636,"avg_balance_eth_mean":0.022172,"streak_best_days":2,"gas_sum_filled":0.007636},"months":{"2023-07":{"txs":0,"uniq":0,"trade":0,"nft":0,"gas":0,"bal":0,"days":0,"spread":0,"streak":0,"rank_m":268226,"pct_m":0.285182},"2023-08":{"txs":15,"uniq":8,"trade":0,"nft":8,"gas":0.005091,"bal":0.006882,"days":6,"spread":0.193548,"streak":2,"rank_m":48867,"pct_m":0.051955,"gas_method":"exact"},"2023-09":{"txs":2,"uniq":1,"trade":0,"nft":2,"gas":0.000144,"bal":0.015496,"days":1,"spread":0.033333,"streak":1,"rank_m":92266,"pct_m":0.098098,"gas_method":"estimated"},"2023-10":{"txs":3,"uniq":2,"trade":0,"nft":0,"gas":0.000008,"bal":0.030248,"days":2,"spread":0.064516,"streak":1,"rank_m":73156,"pct_m":0.07778,"gas_method":"exact"},"2023-11":{"txs":2,"uniq":2,"trade":0,"nft":1,"gas":0.000066,"bal":0.031644,"days":2,"spread":0.066667,"streak":1,"rank_m":63422,"pct_m":0.06743,"gas_method":"estimated"},"2023-12":{"txs":0,"uniq":0,"trade":0,"nft":0,"gas":0,"bal":0.031644,"days":0,"spread":0,"streak":0,"rank_m":191046,"pct_m":0.203122},"2024-01":{"txs":17,"uniq":6,"trade":6,"nft":1,"gas":0.00098,"bal":0.026129,"days":1,"spread":0.032258,"streak":1,"rank_m":52655,"pct_m":0.055983,"gas_method":"estimated"},"2024-02":{"txs":6,"uniq":6,"trade":0,"nft":2,"gas":0.000195,"bal":0.023183,"days":3,"spread":0.103448,"streak":2,"rank_m":84025,"pct_m":0.089336,"gas_method":"estimated"},"2024-03":{"txs":2,"uniq":2,"trade":0,"nft":2,"gas":0.000098,"bal":0.022263,"days":2,"spread":0.064516,"streak":1,"rank_m":218900,"pct_m":0.232737,"gas_method":"estimated"},"2024-04":{"txs":1,"uniq":1,"trade":0,"nft":0,"gas":0.000006,"bal":0.020775,"days":1,"spread":0.033333,"streak":1,"rank_m":360477,"pct_m":0.383265,"gas_method":"estimated"},"2024-05":{"txs":25,"uniq":10,"trade":13,"nft":3,"gas":0.000391,"bal":0.04352,"days":3,"spread":0.096774,"streak":1,"rank_m":87300,"pct_m":0.092818,"gas_method":"exact"},"2024-06":{"txs":0,"uniq":0,"trade":0,"nft":0,"gas":0,"bal":0.04352,"days":0,"spread":0,"streak":0,"rank_m":430304,"pct_m":0.457506},"2024-07":{"txs":0,"uniq":0,"trade":0,"nft":0,"gas":0,"bal":0.04352,"days":0,"spread":0,"streak":0,"rank_m":425314,"pct_m":0.4522},"2024-08":{"txs":0,"uniq":0,"trade":0,"nft":0,"gas":0,"bal":0.04352,"days":0,"spread":0,"streak":0,"rank_m":428005,"pct_m":0.455062},"2024-09":{"txs":0,"uniq":0,"trade":0,"nft":0,"gas":0,"bal":0.04352,"days":0,"spread":0,"streak":0,"rank_m":387172,"pct_m":0.411647},"2024-10":{"txs":4,"uniq":4,"trade":0,"nft":0,"gas":0.000001,"bal":0.026107,"days":2,"spread":0.064516,"streak":1,"rank_m":278817,"pct_m":0.296442,"gas_method":"estimated"},"2024-11":{"txs":0,"uniq":0,"trade":0,"nft":0,"gas":0,"bal":0.026107,"days":0,"spread":0,"streak":0,"rank_m":497427,"pct_m":0.528872},"2024-12":{"txs":9,"uniq":6,"trade":0,"nft":0,"gas":0.000198,"bal":0.025761,"days":1,"spread":0.032258,"streak":1,"rank_m":332654,"pct_m":0.353683,"gas_method":"exact"},"2025-01":{"txs":17,"uniq":8,"trade":0,"nft":0,"gas":0.000442,"bal":0.014043,"days":7,"spread":0.225806,"streak":2,"rank_m":160494,"pct_m":0.170639,"gas_method":"exact"},"2025-02":{"txs":0,"uniq":0,"trade":0,"nft":0,"gas":0,"bal":0.014043,"days":0,"spread":0,"streak":0,"rank_m":543212,"pct_m":0.577552},"2025-03":{"txs":2,"uniq":2,"trade":0,"nft":0,"gas":0.000016,"bal":0.011112,"days":1,"spread":0.032258,"streak":1,"rank_m":362182,"pct_m":0.385077,"gas_method":"exact"},"2025-04":{"txs":0,"uniq":0,"trade":0,"nft":0,"gas":0,"bal":0.011112,"days":0,"spread":0,"streak":0,"rank_m":571407,"pct_m":0.607529},"2025-05":{"txs":0,"uniq":0,"trade":0,"nft":0,"gas":0,"bal":0.011112,"days":0,"spread":0,"streak":0,"rank_m":468087,"pct_m":0.497677},"2025-06":{"txs":0,"uniq":0,"trade":0,"nft":0,"gas":0,"bal":0.011112,"days":0,"spread":0,"streak":0,"rank_m":468920,"pct_m":0.498563},"2025-07":{"txs":0,"uniq":0,"trade":0,"nft":0,"gas":0,"bal":0.011112,"days":0,"spread":0,"streak":0,"rank_m":492888,"pct_m":0.524046},"2025-08":{"txs":0,"uniq":0,"trade":0,"nft":0,"gas":0,"bal":0.011112,"days":0,"spread":0,"streak":0,"rank_m":463213,"pct_m":0.492495},"2025-09":{"txs":0,"uniq":0,"trade":0,"nft":0,"gas":0,"bal":0.011112,"days":0,"spread":0,"streak":0,"rank_m":458010,"pct_m":0.486963},"2025-10":{"txs":0,"uniq":0,"trade":0,"nft":0,"gas":0,"bal":0.011112,"days":0,"spread":0,"streak":0,"rank_m":352293,"pct_m":0.374563}}}