{"wallet":"0xc1460243e51e19d92af0f32e0c0d2fc0b723874a","rank":398789,"lifetime":{"months_active":21,"first":"2023-07","last":"2025-10","tx_sum":177,"uniq_sum":120,"trade_sum":2,"nft_sum":59,"gas_sum":0.000725,"avg_balance_eth_mean":0.001797,"streak_best_days":5,"gas_sum_filled":0.000725},"months":{"2023-07":{"txs":0,"uniq":0,"trade":0,"nft":0,"gas":0,"bal":0,"days":0,"spread":0,"streak":0,"rank_m":269087,"pct_m":0.286097},"2023-08":{"txs":2,"uniq":1,"trade":0,"nft":1,"gas":0.000094,"bal":0.00023,"days":1,"spread":0.032258,"streak":1,"rank_m":146134,"pct_m":0.155371,"gas_method":"exact"},"2023-09":{"txs":0,"uniq":0,"trade":0,"nft":0,"gas":0,"bal":0.00023,"days":0,"spread":0,"streak":0,"rank_m":203627,"pct_m":0.216499},"2023-10":{"txs":0,"uniq":0,"trade":0,"nft":0,"gas":0,"bal":0.00023,"days":0,"spread":0,"streak":0,"rank_m":212818,"pct_m":0.226271},"2023-11":{"txs":0,"uniq":0,"trade":0,"nft":0,"gas":0,"bal":0.00023,"days":0,"spread":0,"streak":0,"rank_m":223303,"pct_m":0.237419},"2023-12":{"txs":0,"uniq":0,"trade":0,"nft":0,"gas":0,"bal":0.00023,"days":0,"spread":0,"streak":0,"rank_m":247642,"pct_m":0.263296},"2024-01":{"txs":0,"uniq":0,"trade":0,"nft":0,"gas":0,"bal":0.00023,"days":0,"spread":0,"streak":0,"rank_m":258073,"pct_m":0.274387},"2024-02":{"txs":3,"uniq":2,"trade":0,"nft":2,"gas":0.000027,"bal":0.00034,"days":2,"spread":0.068966,"streak":1,"rank_m":225300,"pct_m":0.239542,"gas_method":"estimated"},"2024-03":{"txs":5,"uniq":4,"trade":0,"nft":0,"gas":0.000068,"bal":0.002679,"days":1,"spread":0.032258,"streak":1,"rank_m":285069,"pct_m":0.303089,"gas_method":"estimated"},"2024-04":{"txs":11,"uniq":5,"trade":0,"nft":1,"gas":0.000036,"bal":0.005298,"days":6,"spread":0.2,"streak":2,"rank_m":237108,"pct_m":0.252096,"gas_method":"exact"},"2024-05":{"txs":5,"uniq":4,"trade":0,"nft":2,"gas":0.000003,"bal":0.004264,"days":3,"spread":0.096774,"streak":1,"rank_m":328988,"pct_m":0.349785,"gas_method":"estimated"},"2024-06":{"txs":2,"uniq":1,"trade":0,"nft":0,"gas":0,"bal":0.004912,"days":1,"spread":0.033333,"streak":1,"rank_m":416209,"pct_m":0.44252,"gas_method":"estimated"},"2024-07":{"txs":20,"uniq":16,"trade":0,"nft":19,"gas":0.000002,"bal":0.003723,"days":5,"spread":0.16129,"streak":1,"rank_m":155773,"pct_m":0.16562,"gas_method":"estimated"},"2024-08":{"txs":31,"uniq":30,"trade":0,"nft":28,"gas":0.000002,"bal":0.00158,"days":6,"spread":0.193548,"streak":2,"rank_m":157348,"pct_m":0.167294,"gas_method":"estimated"},"2024-09":{"txs":26,"uniq":12,"trade":2,"nft":1,"gas":0.000004,"bal":0.001613,"days":9,"spread":0.3,"streak":5,"rank_m":48186,"pct_m":0.051231,"gas_method":"exact"},"2024-10":{"txs":6,"uniq":4,"trade":0,"nft":2,"gas":0,"bal":0.001252,"days":3,"spread":0.096774,"streak":1,"rank_m":357586,"pct_m":0.380191,"gas_method":"estimated"},"2024-11":{"txs":8,"uniq":7,"trade":0,"nft":1,"gas":0.000016,"bal":0.000781,"days":4,"spread":0.133333,"streak":1,"rank_m":310803,"pct_m":0.33045,"gas_method":"exact"},"2024-12":{"txs":4,"uniq":3,"trade":0,"nft":1,"gas":0.000088,"bal":0.000671,"days":3,"spread":0.096774,"streak":2,"rank_m":401001,"pct_m":0.42635,"gas_method":"exact"},"2025-01":{"txs":5,"uniq":3,"trade":0,"nft":0,"gas":0.000078,"bal":0.000744,"days":2,"spread":0.064516,"streak":1,"rank_m":457600,"pct_m":0.486527,"gas_method":"exact"},"2025-02":{"txs":4,"uniq":2,"trade":0,"nft":0,"gas":0.000021,"bal":0.000696,"days":3,"spread":0.107143,"streak":1,"rank_m":415643,"pct_m":0.441918,"gas_method":"exact"},"2025-03":{"txs":3,"uniq":2,"trade":0,"nft":0,"gas":0.000016,"bal":0.000634,"days":3,"spread":0.096774,"streak":2,"rank_m":398094,"pct_m":0.42326,"gas_method":"exact"},"2025-04":{"txs":12,"uniq":7,"trade":0,"nft":0,"gas":0.00006,"bal":0.011141,"days":5,"spread":0.166667,"streak":2,"rank_m":139504,"pct_m":0.148322,"gas_method":"exact"},"2025-05":{"txs":3,"uniq":1,"trade":0,"nft":0,"gas":0.000021,"bal":0.000065,"days":1,"spread":0.032258,"streak":1,"rank_m":638256,"pct_m":0.678604,"gas_method":"estimated"},"2025-06":{"txs":2,"uniq":1,"trade":0,"nft":0,"gas":0.000014,"bal":0.000135,"days":1,"spread":0.033333,"streak":1,"rank_m":626294,"pct_m":0.665886,"gas_method":"estimated"},"2025-07":{"txs":12,"uniq":5,"trade":0,"nft":0,"gas":0.000084,"bal":0.000282,"days":3,"spread":0.096774,"streak":1,"rank_m":508524,"pct_m":0.540671,"gas_method":"estimated"},"2025-08":{"txs":5,"uniq":3,"trade":0,"nft":1,"gas":0.000035,"bal":0.00011,"days":1,"spread":0.032258,"streak":1,"rank_m":501783,"pct_m":0.533504,"gas_method":"estimated"},"2025-09":{"txs":0,"uniq":0,"trade":0,"nft":0,"gas":0,"bal":0.00011,"days":0,"spread":0,"streak":0,"rank_m":802410,"pct_m":0.853136},"2025-10":{"txs":8,"uniq":7,"trade":0,"nft":0,"gas":0.000056,"bal":0.007902,"days":1,"spread":0.032258,"streak":1,"rank_m":166902,"pct_m":0.177452,"gas_method":"estimated"}}}