{"wallet":"0xc11f5bca59c81788b4aa71339b8e5eac8d21a784","rank":32627,"lifetime":{"months_active":21,"first":"2023-07","last":"2025-10","tx_sum":1120,"uniq_sum":410,"trade_sum":44,"nft_sum":182,"gas_sum":0.0057,"avg_balance_eth_mean":0.004493,"streak_best_days":28,"gas_sum_filled":0.0057},"months":{"2023-07":{"txs":0,"uniq":0,"trade":0,"nft":0,"gas":0,"bal":0,"days":0,"spread":0,"streak":0,"rank_m":269585,"pct_m":0.286627},"2023-08":{"txs":0,"uniq":0,"trade":0,"nft":0,"gas":0,"bal":0,"days":0,"spread":0,"streak":0,"rank_m":356384,"pct_m":0.378913},"2023-09":{"txs":0,"uniq":0,"trade":0,"nft":0,"gas":0,"bal":0,"days":0,"spread":0,"streak":0,"rank_m":377894,"pct_m":0.401783},"2023-10":{"txs":0,"uniq":0,"trade":0,"nft":0,"gas":0,"bal":0,"days":0,"spread":0,"streak":0,"rank_m":395930,"pct_m":0.420959},"2023-11":{"txs":0,"uniq":0,"trade":0,"nft":0,"gas":0,"bal":0,"days":0,"spread":0,"streak":0,"rank_m":412082,"pct_m":0.438132},"2023-12":{"txs":0,"uniq":0,"trade":0,"nft":0,"gas":0,"bal":0,"days":0,"spread":0,"streak":0,"rank_m":431959,"pct_m":0.459265},"2024-01":{"txs":0,"uniq":0,"trade":0,"nft":0,"gas":0,"bal":0,"days":0,"spread":0,"streak":0,"rank_m":449071,"pct_m":0.477459},"2024-02":{"txs":30,"uniq":15,"trade":0,"nft":15,"gas":0.000068,"bal":0.001607,"days":14,"spread":0.482759,"streak":4,"rank_m":32803,"pct_m":0.034876,"gas_method":"exact"},"2024-03":{"txs":77,"uniq":36,"trade":0,"nft":30,"gas":0.000831,"bal":0.005954,"days":16,"spread":0.516129,"streak":8,"rank_m":34515,"pct_m":0.036696,"gas_method":"estimated"},"2024-04":{"txs":191,"uniq":80,"trade":5,"nft":66,"gas":0.000232,"bal":0.036116,"days":26,"spread":0.866667,"streak":20,"rank_m":2493,"pct_m":0.00265,"gas_method":"exact"},"2024-05":{"txs":54,"uniq":25,"trade":5,"nft":15,"gas":0.000024,"bal":0.004446,"days":20,"spread":0.645161,"streak":7,"rank_m":58250,"pct_m":0.061931,"gas_method":"estimated"},"2024-06":{"txs":65,"uniq":29,"trade":3,"nft":14,"gas":0.000004,"bal":0.006246,"days":14,"spread":0.466667,"streak":7,"rank_m":20761,"pct_m":0.022072,"gas_method":"exact"},"2024-07":{"txs":10,"uniq":7,"trade":0,"nft":6,"gas":0.000001,"bal":0.003475,"days":7,"spread":0.225806,"streak":2,"rank_m":139595,"pct_m":0.148419,"gas_method":"exact"},"2024-08":{"txs":8,"uniq":5,"trade":0,"nft":3,"gas":0,"bal":0.003613,"days":4,"spread":0.129032,"streak":1,"rank_m":284588,"pct_m":0.302578,"gas_method":"estimated"},"2024-09":{"txs":3,"uniq":3,"trade":0,"nft":2,"gas":0,"bal":0.002493,"days":2,"spread":0.066667,"streak":1,"rank_m":304430,"pct_m":0.323674,"gas_method":"estimated"},"2024-10":{"txs":163,"uniq":30,"trade":0,"nft":17,"gas":0.000006,"bal":0.002051,"days":19,"spread":0.612903,"streak":13,"rank_m":68415,"pct_m":0.072739,"gas_method":"estimated"},"2024-11":{"txs":39,"uniq":23,"trade":3,"nft":6,"gas":0.00009,"bal":0.001506,"days":11,"spread":0.366667,"streak":4,"rank_m":84205,"pct_m":0.089527,"gas_method":"exact"},"2024-12":{"txs":41,"uniq":18,"trade":9,"nft":1,"gas":0.000904,"bal":0.00165,"days":16,"spread":0.516129,"streak":4,"rank_m":89533,"pct_m":0.095192,"gas_method":"exact"},"2025-01":{"txs":23,"uniq":14,"trade":9,"nft":0,"gas":0.000597,"bal":0.000998,"days":6,"spread":0.193548,"streak":2,"rank_m":161792,"pct_m":0.172019,"gas_method":"exact"},"2025-02":{"txs":31,"uniq":23,"trade":2,"nft":0,"gas":0.000218,"bal":0.002435,"days":11,"spread":0.392857,"streak":3,"rank_m":61035,"pct_m":0.064892,"gas_method":"exact"},"2025-03":{"txs":33,"uniq":10,"trade":0,"nft":1,"gas":0.000261,"bal":0.002722,"days":10,"spread":0.322581,"streak":4,"rank_m":87562,"pct_m":0.093096,"gas_method":"exact"},"2025-04":{"txs":13,"uniq":13,"trade":3,"nft":0,"gas":0.000078,"bal":0.009315,"days":10,"spread":0.333333,"streak":2,"rank_m":58987,"pct_m":0.062715,"gas_method":"exact"},"2025-05":{"txs":10,"uniq":6,"trade":0,"nft":0,"gas":0.00007,"bal":0.00823,"days":4,"spread":0.129032,"streak":1,"rank_m":169122,"pct_m":0.179812,"gas_method":"estimated"},"2025-06":{"txs":65,"uniq":16,"trade":2,"nft":0,"gas":0.000457,"bal":0.010052,"days":16,"spread":0.533333,"streak":5,"rank_m":29459,"pct_m":0.03132,"gas_method":"estimated"},"2025-07":{"txs":70,"uniq":14,"trade":0,"nft":0,"gas":0.000493,"bal":0.010062,"days":15,"spread":0.483871,"streak":3,"rank_m":66877,"pct_m":0.071104,"gas_method":"estimated"},"2025-08":{"txs":71,"uniq":23,"trade":1,"nft":2,"gas":0.0005,"bal":0.002768,"days":15,"spread":0.483871,"streak":3,"rank_m":73501,"pct_m":0.078147,"gas_method":"estimated"},"2025-09":{"txs":74,"uniq":12,"trade":2,"nft":1,"gas":0.000521,"bal":0.003625,"days":11,"spread":0.366667,"streak":2,"rank_m":82636,"pct_m":0.087859,"gas_method":"estimated"},"2025-10":{"txs":49,"uniq":8,"trade":0,"nft":3,"gas":0.000345,"bal":0.006448,"days":10,"spread":0.322581,"streak":4,"rank_m":40611,"pct_m":0.043177,"gas_method":"estimated"}}}