{"wallet":"0xc1398eafd27c9ec245805bbddaa083a8923b8d8a","rank":165063,"lifetime":{"months_active":17,"first":"2023-07","last":"2025-10","tx_sum":271,"uniq_sum":154,"trade_sum":40,"nft_sum":33,"gas_sum":0.000857,"avg_balance_eth_mean":0.128543,"streak_best_days":2,"gas_sum_filled":0.000857},"months":{"2023-07":{"txs":0,"uniq":0,"trade":0,"nft":0,"gas":0,"bal":0,"days":0,"spread":0,"streak":0,"rank_m":269218,"pct_m":0.286236},"2023-08":{"txs":0,"uniq":0,"trade":0,"nft":0,"gas":0,"bal":0,"days":0,"spread":0,"streak":0,"rank_m":356062,"pct_m":0.37857},"2023-09":{"txs":0,"uniq":0,"trade":0,"nft":0,"gas":0,"bal":0,"days":0,"spread":0,"streak":0,"rank_m":377559,"pct_m":0.401426},"2023-10":{"txs":0,"uniq":0,"trade":0,"nft":0,"gas":0,"bal":0,"days":0,"spread":0,"streak":0,"rank_m":395595,"pct_m":0.420603},"2023-11":{"txs":0,"uniq":0,"trade":0,"nft":0,"gas":0,"bal":0,"days":0,"spread":0,"streak":0,"rank_m":411766,"pct_m":0.437796},"2023-12":{"txs":0,"uniq":0,"trade":0,"nft":0,"gas":0,"bal":0,"days":0,"spread":0,"streak":0,"rank_m":431644,"pct_m":0.458931},"2024-01":{"txs":16,"uniq":10,"trade":0,"nft":1,"gas":0.00013,"bal":0.094704,"days":6,"spread":0.193548,"streak":2,"rank_m":30803,"pct_m":0.032749,"gas_method":"estimated"},"2024-02":{"txs":19,"uniq":11,"trade":3,"nft":3,"gas":0.000038,"bal":0.162346,"days":7,"spread":0.241379,"streak":1,"rank_m":25031,"pct_m":0.026612,"gas_method":"exact"},"2024-03":{"txs":21,"uniq":15,"trade":1,"nft":4,"gas":0.000056,"bal":0.17178,"days":8,"spread":0.258065,"streak":1,"rank_m":56947,"pct_m":0.060546,"gas_method":"exact"},"2024-04":{"txs":18,"uniq":11,"trade":1,"nft":2,"gas":0.000252,"bal":0.172327,"days":7,"spread":0.233333,"streak":1,"rank_m":108172,"pct_m":0.115009,"gas_method":"exact"},"2024-05":{"txs":23,"uniq":15,"trade":3,"nft":2,"gas":0.000006,"bal":0.186577,"days":6,"spread":0.193548,"streak":1,"rank_m":73307,"pct_m":0.07794,"gas_method":"estimated"},"2024-06":{"txs":29,"uniq":10,"trade":7,"nft":0,"gas":0,"bal":0.152283,"days":8,"spread":0.266667,"streak":1,"rank_m":54110,"pct_m":0.05753,"gas_method":"estimated"},"2024-07":{"txs":34,"uniq":17,"trade":6,"nft":2,"gas":0.000005,"bal":0.133704,"days":9,"spread":0.290323,"streak":1,"rank_m":20049,"pct_m":0.021315,"gas_method":"exact"},"2024-08":{"txs":27,"uniq":21,"trade":0,"nft":15,"gas":0.000031,"bal":0.168468,"days":8,"spread":0.258065,"streak":1,"rank_m":39978,"pct_m":0.042504,"gas_method":"exact"},"2024-09":{"txs":22,"uniq":11,"trade":6,"nft":1,"gas":0,"bal":0.188388,"days":8,"spread":0.266667,"streak":1,"rank_m":26945,"pct_m":0.028647,"gas_method":"estimated"},"2024-10":{"txs":26,"uniq":16,"trade":3,"nft":3,"gas":0.000001,"bal":0.138675,"days":8,"spread":0.258065,"streak":1,"rank_m":40807,"pct_m":0.043386,"gas_method":"exact"},"2024-11":{"txs":10,"uniq":5,"trade":6,"nft":0,"gas":0.000023,"bal":0.166196,"days":4,"spread":0.133333,"streak":1,"rank_m":163505,"pct_m":0.17384,"gas_method":"exact"},"2024-12":{"txs":6,"uniq":3,"trade":0,"nft":0,"gas":0.000132,"bal":0.133062,"days":3,"spread":0.096774,"streak":1,"rank_m":334324,"pct_m":0.355458,"gas_method":"exact"},"2025-01":{"txs":2,"uniq":2,"trade":0,"nft":0,"gas":0.000052,"bal":0.162826,"days":1,"spread":0.032258,"streak":1,"rank_m":392115,"pct_m":0.416903,"gas_method":"exact"},"2025-02":{"txs":10,"uniq":3,"trade":4,"nft":0,"gas":0.00007,"bal":0.109046,"days":2,"spread":0.071429,"streak":1,"rank_m":172756,"pct_m":0.183676,"gas_method":"exact"},"2025-03":{"txs":6,"uniq":2,"trade":0,"nft":0,"gas":0.000047,"bal":0.127035,"days":2,"spread":0.064516,"streak":1,"rank_m":246632,"pct_m":0.262222,"gas_method":"exact"},"2025-04":{"txs":0,"uniq":0,"trade":0,"nft":0,"gas":0,"bal":0.127035,"days":0,"spread":0,"streak":0,"rank_m":514516,"pct_m":0.547042},"2025-05":{"txs":1,"uniq":1,"trade":0,"nft":0,"gas":0.000007,"bal":0.176654,"days":1,"spread":0.032258,"streak":1,"rank_m":189346,"pct_m":0.201315,"gas_method":"estimated"},"2025-06":{"txs":0,"uniq":0,"trade":0,"nft":0,"gas":0,"bal":0.176654,"days":0,"spread":0,"streak":0,"rank_m":336352,"pct_m":0.357614},"2025-07":{"txs":1,"uniq":1,"trade":0,"nft":0,"gas":0.000007,"bal":0.212858,"days":1,"spread":0.032258,"streak":1,"rank_m":249599,"pct_m":0.265377,"gas_method":"estimated"},"2025-08":{"txs":0,"uniq":0,"trade":0,"nft":0,"gas":0,"bal":0.212858,"days":0,"spread":0,"streak":0,"rank_m":339695,"pct_m":0.361169},"2025-09":{"txs":0,"uniq":0,"trade":0,"nft":0,"gas":0,"bal":0.212858,"days":0,"spread":0,"streak":0,"rank_m":343008,"pct_m":0.364691},"2025-10":{"txs":0,"uniq":0,"trade":0,"nft":0,"gas":0,"bal":0.212858,"days":0,"spread":0,"streak":0,"rank_m":233722,"pct_m":0.248496}}}