{"wallet":"0xc1350a60fe9d88ec147b3e15d6ac0442526ef74c","rank":20888,"lifetime":{"months_active":20,"first":"2023-07","last":"2025-10","tx_sum":813,"uniq_sum":367,"trade_sum":8,"nft_sum":321,"gas_sum":0.004919,"avg_balance_eth_mean":0.13108,"streak_best_days":25,"gas_sum_filled":0.004919},"months":{"2023-07":{"txs":0,"uniq":0,"trade":0,"nft":0,"gas":0,"bal":0,"days":0,"spread":0,"streak":0,"rank_m":269274,"pct_m":0.286296},"2023-08":{"txs":0,"uniq":0,"trade":0,"nft":0,"gas":0,"bal":0,"days":0,"spread":0,"streak":0,"rank_m":356113,"pct_m":0.378625},"2023-09":{"txs":0,"uniq":0,"trade":0,"nft":0,"gas":0,"bal":0,"days":0,"spread":0,"streak":0,"rank_m":377611,"pct_m":0.401482},"2023-10":{"txs":0,"uniq":0,"trade":0,"nft":0,"gas":0,"bal":0,"days":0,"spread":0,"streak":0,"rank_m":395649,"pct_m":0.42066},"2023-11":{"txs":0,"uniq":0,"trade":0,"nft":0,"gas":0,"bal":0,"days":0,"spread":0,"streak":0,"rank_m":411818,"pct_m":0.437851},"2023-12":{"txs":0,"uniq":0,"trade":0,"nft":0,"gas":0,"bal":0,"days":0,"spread":0,"streak":0,"rank_m":431695,"pct_m":0.458985},"2024-01":{"txs":0,"uniq":0,"trade":0,"nft":0,"gas":0,"bal":0,"days":0,"spread":0,"streak":0,"rank_m":448815,"pct_m":0.477187},"2024-02":{"txs":13,"uniq":7,"trade":2,"nft":4,"gas":0.00009,"bal":0.001,"days":5,"spread":0.172414,"streak":3,"rank_m":98307,"pct_m":0.104521,"gas_method":"estimated"},"2024-03":{"txs":30,"uniq":22,"trade":0,"nft":35,"gas":0.002691,"bal":0.046445,"days":15,"spread":0.483871,"streak":6,"rank_m":14889,"pct_m":0.015829,"gas_method":"exact"},"2024-04":{"txs":137,"uniq":52,"trade":0,"nft":75,"gas":0.000552,"bal":0.327839,"days":23,"spread":0.766667,"streak":8,"rank_m":4370,"pct_m":0.004645,"gas_method":"exact"},"2024-05":{"txs":157,"uniq":51,"trade":3,"nft":63,"gas":0.00002,"bal":0.282103,"days":27,"spread":0.870968,"streak":18,"rank_m":1229,"pct_m":0.001306,"gas_method":"exact"},"2024-06":{"txs":145,"uniq":43,"trade":0,"nft":57,"gas":0.000009,"bal":0.214248,"days":27,"spread":0.9,"streak":9,"rank_m":1960,"pct_m":0.002083,"gas_method":"exact"},"2024-07":{"txs":52,"uniq":26,"trade":0,"nft":28,"gas":0.000002,"bal":0.189067,"days":21,"spread":0.677419,"streak":6,"rank_m":4977,"pct_m":0.005291,"gas_method":"exact"},"2024-08":{"txs":73,"uniq":38,"trade":1,"nft":21,"gas":0.000021,"bal":0.167225,"days":20,"spread":0.645161,"streak":7,"rank_m":1973,"pct_m":0.002097,"gas_method":"exact"},"2024-09":{"txs":37,"uniq":12,"trade":0,"nft":8,"gas":0.000001,"bal":0.158034,"days":7,"spread":0.233333,"streak":3,"rank_m":20665,"pct_m":0.02197,"gas_method":"estimated"},"2024-10":{"txs":30,"uniq":18,"trade":1,"nft":11,"gas":0.000001,"bal":0.143654,"days":9,"spread":0.290323,"streak":4,"rank_m":23336,"pct_m":0.02481,"gas_method":"exact"},"2024-11":{"txs":39,"uniq":23,"trade":0,"nft":1,"gas":0.00009,"bal":0.130775,"days":7,"spread":0.233333,"streak":1,"rank_m":65416,"pct_m":0.06955,"gas_method":"exact"},"2024-12":{"txs":26,"uniq":22,"trade":1,"nft":2,"gas":0.000573,"bal":0.12103,"days":6,"spread":0.193548,"streak":2,"rank_m":79621,"pct_m":0.084653,"gas_method":"exact"},"2025-01":{"txs":19,"uniq":13,"trade":0,"nft":1,"gas":0.000494,"bal":0.152082,"days":7,"spread":0.225806,"streak":5,"rank_m":66391,"pct_m":0.070587,"gas_method":"exact"},"2025-02":{"txs":22,"uniq":13,"trade":0,"nft":0,"gas":0.000155,"bal":0.165991,"days":11,"spread":0.392857,"streak":3,"rank_m":40029,"pct_m":0.042558,"gas_method":"exact"},"2025-03":{"txs":1,"uniq":1,"trade":0,"nft":1,"gas":0.000008,"bal":0.178592,"days":1,"spread":0.032258,"streak":1,"rank_m":302448,"pct_m":0.321567,"gas_method":"exact"},"2025-04":{"txs":12,"uniq":9,"trade":0,"nft":0,"gas":0.000072,"bal":0.186556,"days":5,"spread":0.166667,"streak":1,"rank_m":104813,"pct_m":0.111438,"gas_method":"exact"},"2025-05":{"txs":7,"uniq":6,"trade":0,"nft":0,"gas":0.000049,"bal":0.204084,"days":3,"spread":0.096774,"streak":1,"rank_m":78076,"pct_m":0.083011,"gas_method":"estimated"},"2025-06":{"txs":1,"uniq":1,"trade":0,"nft":0,"gas":0.000007,"bal":0.203316,"days":1,"spread":0.033333,"streak":1,"rank_m":220839,"pct_m":0.234799,"gas_method":"estimated"},"2025-07":{"txs":6,"uniq":5,"trade":0,"nft":2,"gas":0.000042,"bal":0.203114,"days":2,"spread":0.064516,"streak":1,"rank_m":146697,"pct_m":0.15597,"gas_method":"estimated"},"2025-08":{"txs":5,"uniq":4,"trade":0,"nft":3,"gas":0.000035,"bal":0.199701,"days":3,"spread":0.096774,"streak":1,"rank_m":129334,"pct_m":0.137509,"gas_method":"estimated"},"2025-09":{"txs":1,"uniq":1,"trade":0,"nft":9,"gas":0.000007,"bal":0.197694,"days":1,"spread":0.033333,"streak":1,"rank_m":209221,"pct_m":0.222446,"gas_method":"estimated"},"2025-10":{"txs":0,"uniq":0,"trade":0,"nft":0,"gas":0,"bal":0.197694,"days":0,"spread":0,"streak":0,"rank_m":234646,"pct_m":0.249479}}}