{"wallet":"0xc11949ce2efc2e077d9193114cf759593e9371b8","rank":302574,"lifetime":{"months_active":24,"first":"2023-07","last":"2025-10","tx_sum":339,"uniq_sum":189,"trade_sum":5,"nft_sum":27,"gas_sum":0.003521,"avg_balance_eth_mean":0.000125,"streak_best_days":0,"gas_sum_filled":0.003521},"months":{"2023-07":{"txs":0,"uniq":0,"trade":0,"nft":0,"gas":0,"bal":0,"days":0,"spread":0,"streak":0,"rank_m":269683,"pct_m":0.286731},"2023-08":{"txs":22,"uniq":9,"trade":0,"nft":4,"gas":0.001446,"bal":0.000011,"days":3,"spread":0.096774,"streak":0,"rank_m":122398,"pct_m":0.130135,"gas_method":"exact"},"2023-09":{"txs":0,"uniq":0,"trade":0,"nft":0,"gas":0,"bal":0.000011,"days":0,"spread":0,"streak":0,"rank_m":218235,"pct_m":0.23203},"2023-10":{"txs":1,"uniq":1,"trade":0,"nft":2,"gas":0.000042,"bal":0.00002,"days":1,"spread":0.032258,"streak":0,"rank_m":147344,"pct_m":0.156658,"gas_method":"exact"},"2023-11":{"txs":2,"uniq":1,"trade":0,"nft":0,"gas":0.000036,"bal":0.000033,"days":1,"spread":0.033333,"streak":0,"rank_m":177128,"pct_m":0.188325,"gas_method":"estimated"},"2023-12":{"txs":0,"uniq":0,"trade":0,"nft":0,"gas":0,"bal":0.000033,"days":0,"spread":0,"streak":0,"rank_m":268385,"pct_m":0.285351},"2024-01":{"txs":0,"uniq":0,"trade":0,"nft":0,"gas":0,"bal":0.000033,"days":0,"spread":0,"streak":0,"rank_m":282949,"pct_m":0.300835},"2024-02":{"txs":14,"uniq":10,"trade":0,"nft":0,"gas":0.000252,"bal":0.000152,"days":5,"spread":0.172414,"streak":0,"rank_m":225118,"pct_m":0.239348,"gas_method":"estimated"},"2024-03":{"txs":20,"uniq":7,"trade":0,"nft":0,"gas":0.000539,"bal":0.000107,"days":5,"spread":0.16129,"streak":0,"rank_m":317377,"pct_m":0.33744,"gas_method":"estimated"},"2024-04":{"txs":27,"uniq":13,"trade":0,"nft":1,"gas":0.00009,"bal":0.000086,"days":6,"spread":0.2,"streak":0,"rank_m":372596,"pct_m":0.39615,"gas_method":"estimated"},"2024-05":{"txs":13,"uniq":6,"trade":0,"nft":2,"gas":0.000014,"bal":0.000021,"days":4,"spread":0.129032,"streak":0,"rank_m":419944,"pct_m":0.446491,"gas_method":"estimated"},"2024-06":{"txs":5,"uniq":3,"trade":0,"nft":0,"gas":0,"bal":0.000022,"days":4,"spread":0.133333,"streak":0,"rank_m":487300,"pct_m":0.518105,"gas_method":"estimated"},"2024-07":{"txs":6,"uniq":5,"trade":0,"nft":1,"gas":0.000001,"bal":0.000181,"days":4,"spread":0.129032,"streak":0,"rank_m":428426,"pct_m":0.455509,"gas_method":"estimated"},"2024-08":{"txs":5,"uniq":3,"trade":0,"nft":2,"gas":0.000001,"bal":0.000042,"days":4,"spread":0.129032,"streak":0,"rank_m":467279,"pct_m":0.496818,"gas_method":"estimated"},"2024-09":{"txs":26,"uniq":14,"trade":0,"nft":2,"gas":0.000001,"bal":0.001337,"days":7,"spread":0.233333,"streak":0,"rank_m":233317,"pct_m":0.248066,"gas_method":"estimated"},"2024-10":{"txs":47,"uniq":26,"trade":0,"nft":11,"gas":0.000004,"bal":0.000038,"days":10,"spread":0.322581,"streak":0,"rank_m":308134,"pct_m":0.327613,"gas_method":"estimated"},"2024-11":{"txs":10,"uniq":7,"trade":0,"nft":1,"gas":0.000016,"bal":0.000024,"days":2,"spread":0.066667,"streak":0,"rank_m":416092,"pct_m":0.442395,"gas_method":"exact"},"2024-12":{"txs":8,"uniq":6,"trade":1,"nft":0,"gas":0.000132,"bal":0.000005,"days":3,"spread":0.096774,"streak":0,"rank_m":455172,"pct_m":0.483946,"gas_method":"exact"},"2025-01":{"txs":9,"uniq":4,"trade":0,"nft":0,"gas":0.00013,"bal":0.000055,"days":5,"spread":0.16129,"streak":0,"rank_m":467385,"pct_m":0.496931,"gas_method":"exact"},"2025-02":{"txs":13,"uniq":8,"trade":1,"nft":0,"gas":0.000063,"bal":0.000015,"days":7,"spread":0.25,"streak":0,"rank_m":313880,"pct_m":0.333722,"gas_method":"exact"},"2025-03":{"txs":26,"uniq":11,"trade":1,"nft":0,"gas":0.000166,"bal":0.000228,"days":7,"spread":0.225806,"streak":0,"rank_m":248220,"pct_m":0.263911,"gas_method":"exact"},"2025-04":{"txs":4,"uniq":1,"trade":0,"nft":0,"gas":0.000018,"bal":0.000059,"days":1,"spread":0.033333,"streak":0,"rank_m":551066,"pct_m":0.585902,"gas_method":"exact"},"2025-05":{"txs":17,"uniq":12,"trade":1,"nft":0,"gas":0.00012,"bal":0.000817,"days":6,"spread":0.193548,"streak":0,"rank_m":260723,"pct_m":0.277204,"gas_method":"estimated"},"2025-06":{"txs":7,"uniq":6,"trade":1,"nft":0,"gas":0.000049,"bal":0.000114,"days":3,"spread":0.1,"streak":0,"rank_m":497477,"pct_m":0.528925,"gas_method":"estimated"},"2025-07":{"txs":18,"uniq":14,"trade":0,"nft":0,"gas":0.000127,"bal":0.000041,"days":3,"spread":0.096774,"streak":0,"rank_m":574779,"pct_m":0.611114,"gas_method":"estimated"},"2025-08":{"txs":25,"uniq":15,"trade":0,"nft":1,"gas":0.000176,"bal":0.000005,"days":10,"spread":0.322581,"streak":0,"rank_m":427542,"pct_m":0.454569,"gas_method":"estimated"},"2025-09":{"txs":9,"uniq":4,"trade":0,"nft":0,"gas":0.000063,"bal":0.000004,"days":5,"spread":0.166667,"streak":0,"rank_m":616425,"pct_m":0.655393,"gas_method":"estimated"},"2025-10":{"txs":5,"uniq":3,"trade":0,"nft":0,"gas":0.000035,"bal":0.00002,"days":1,"spread":0.032258,"streak":0,"rank_m":559342,"pct_m":0.594701,"gas_method":"estimated"}}}