{"wallet":"0xc1075760856412ada5b8fc79596591c458bba35e","rank":191389,"lifetime":{"months_active":20,"first":"2023-07","last":"2025-10","tx_sum":379,"uniq_sum":151,"trade_sum":0,"nft_sum":128,"gas_sum":0.008511,"avg_balance_eth_mean":0.004029,"streak_best_days":3,"gas_sum_filled":0.008511},"months":{"2023-07":{"txs":0,"uniq":0,"trade":0,"nft":0,"gas":0,"bal":0,"days":0,"spread":0,"streak":0,"rank_m":269918,"pct_m":0.286981},"2023-08":{"txs":147,"uniq":51,"trade":0,"nft":52,"gas":0.005571,"bal":0.003541,"days":14,"spread":0.451613,"streak":3,"rank_m":15487,"pct_m":0.016465,"gas_method":"exact"},"2023-09":{"txs":86,"uniq":28,"trade":0,"nft":28,"gas":0.002153,"bal":0.005279,"days":14,"spread":0.466667,"streak":3,"rank_m":8482,"pct_m":0.009017,"gas_method":"exact"},"2023-10":{"txs":57,"uniq":22,"trade":0,"nft":22,"gas":0.000097,"bal":0.003876,"days":17,"spread":0.548387,"streak":3,"rank_m":11134,"pct_m":0.011837,"gas_method":"exact"},"2023-11":{"txs":28,"uniq":9,"trade":0,"nft":13,"gas":0.00015,"bal":0.001196,"days":11,"spread":0.366667,"streak":2,"rank_m":25267,"pct_m":0.026863,"gas_method":"exact"},"2023-12":{"txs":2,"uniq":2,"trade":0,"nft":1,"gas":0.000043,"bal":0.002246,"days":2,"spread":0.064516,"streak":1,"rank_m":118941,"pct_m":0.126459,"gas_method":"estimated"},"2024-01":{"txs":0,"uniq":0,"trade":0,"nft":0,"gas":0,"bal":0.002246,"days":0,"spread":0,"streak":0,"rank_m":216069,"pct_m":0.229727},"2024-02":{"txs":5,"uniq":5,"trade":0,"nft":1,"gas":0.000056,"bal":0.005342,"days":2,"spread":0.068966,"streak":1,"rank_m":145983,"pct_m":0.155211,"gas_method":"estimated"},"2024-03":{"txs":9,"uniq":6,"trade":0,"nft":2,"gas":0.000152,"bal":0.011598,"days":6,"spread":0.193548,"streak":1,"rank_m":159295,"pct_m":0.169364,"gas_method":"estimated"},"2024-04":{"txs":4,"uniq":2,"trade":0,"nft":0,"gas":0.000008,"bal":0.006007,"days":3,"spread":0.1,"streak":1,"rank_m":364280,"pct_m":0.387308,"gas_method":"estimated"},"2024-05":{"txs":2,"uniq":2,"trade":0,"nft":1,"gas":0.000001,"bal":0.011768,"days":2,"spread":0.064516,"streak":2,"rank_m":312810,"pct_m":0.332584,"gas_method":"estimated"},"2024-06":{"txs":1,"uniq":1,"trade":0,"nft":0,"gas":0,"bal":0.004088,"days":1,"spread":0.033333,"streak":1,"rank_m":382260,"pct_m":0.406425,"gas_method":"exact"},"2024-07":{"txs":2,"uniq":2,"trade":0,"nft":2,"gas":0,"bal":0.00074,"days":2,"spread":0.064516,"streak":1,"rank_m":406758,"pct_m":0.432471,"gas_method":"estimated"},"2024-08":{"txs":1,"uniq":1,"trade":0,"nft":1,"gas":0,"bal":0.000307,"days":1,"spread":0.032258,"streak":1,"rank_m":478141,"pct_m":0.508367,"gas_method":"estimated"},"2024-09":{"txs":0,"uniq":0,"trade":0,"nft":0,"gas":0,"bal":0.000307,"days":0,"spread":0,"streak":0,"rank_m":584184,"pct_m":0.621114},"2024-10":{"txs":4,"uniq":3,"trade":0,"nft":3,"gas":0,"bal":0.00026,"days":3,"spread":0.096774,"streak":1,"rank_m":420051,"pct_m":0.446605,"gas_method":"estimated"},"2024-11":{"txs":11,"uniq":4,"trade":0,"nft":1,"gas":0.000018,"bal":0.002869,"days":8,"spread":0.266667,"streak":2,"rank_m":241206,"pct_m":0.256453,"gas_method":"exact"},"2024-12":{"txs":7,"uniq":4,"trade":0,"nft":1,"gas":0.000154,"bal":0.002863,"days":6,"spread":0.193548,"streak":3,"rank_m":295370,"pct_m":0.314042,"gas_method":"exact"},"2025-01":{"txs":1,"uniq":1,"trade":0,"nft":0,"gas":0.000026,"bal":0.001727,"days":1,"spread":0.032258,"streak":1,"rank_m":511528,"pct_m":0.543865,"gas_method":"exact"},"2025-02":{"txs":3,"uniq":2,"trade":0,"nft":0,"gas":0.000021,"bal":0.001672,"days":2,"spread":0.071429,"streak":2,"rank_m":385249,"pct_m":0.409603,"gas_method":"exact"},"2025-03":{"txs":0,"uniq":0,"trade":0,"nft":0,"gas":0,"bal":0.001672,"days":0,"spread":0,"streak":0,"rank_m":621162,"pct_m":0.660429},"2025-04":{"txs":2,"uniq":2,"trade":0,"nft":0,"gas":0.000012,"bal":0.00165,"days":1,"spread":0.033333,"streak":1,"rank_m":455615,"pct_m":0.484417,"gas_method":"exact"},"2025-05":{"txs":0,"uniq":0,"trade":0,"nft":0,"gas":0,"bal":0.00165,"days":0,"spread":0,"streak":0,"rank_m":626015,"pct_m":0.665589},"2025-06":{"txs":4,"uniq":3,"trade":0,"nft":0,"gas":0.000028,"bal":0.001994,"days":1,"spread":0.033333,"streak":1,"rank_m":441703,"pct_m":0.469625,"gas_method":"estimated"},"2025-07":{"txs":0,"uniq":0,"trade":0,"nft":0,"gas":0,"bal":0.001994,"days":0,"spread":0,"streak":0,"rank_m":635296,"pct_m":0.675457},"2025-08":{"txs":3,"uniq":1,"trade":0,"nft":0,"gas":0.000021,"bal":0.011971,"days":2,"spread":0.064516,"streak":1,"rank_m":296988,"pct_m":0.315762,"gas_method":"estimated"},"2025-09":{"txs":0,"uniq":0,"trade":0,"nft":0,"gas":0,"bal":0.011971,"days":0,"spread":0,"streak":0,"rank_m":450661,"pct_m":0.47915},"2025-10":{"txs":0,"uniq":0,"trade":0,"nft":0,"gas":0,"bal":0.011971,"days":0,"spread":0,"streak":0,"rank_m":345085,"pct_m":0.366899}}}