{"wallet":"0xc1738da16461dd0328e1f10b06da44a47321b1ab","rank":324742,"lifetime":{"months_active":24,"first":"2023-07","last":"2025-10","tx_sum":189,"uniq_sum":104,"trade_sum":2,"nft_sum":31,"gas_sum":0.000828,"avg_balance_eth_mean":0.004274,"streak_best_days":6,"gas_sum_filled":0.000828},"months":{"2023-07":{"txs":0,"uniq":0,"trade":0,"nft":0,"gas":0,"bal":0,"days":0,"spread":0,"streak":0,"rank_m":268421,"pct_m":0.285389},"2023-08":{"txs":2,"uniq":2,"trade":0,"nft":1,"gas":0.000073,"bal":0.000256,"days":2,"spread":0.064516,"streak":2,"rank_m":133904,"pct_m":0.142368,"gas_method":"exact"},"2023-09":{"txs":0,"uniq":0,"trade":0,"nft":0,"gas":0,"bal":0.000256,"days":0,"spread":0,"streak":0,"rank_m":202559,"pct_m":0.215363},"2023-10":{"txs":3,"uniq":3,"trade":0,"nft":3,"gas":0.000015,"bal":0.000551,"days":3,"spread":0.096774,"streak":2,"rank_m":98749,"pct_m":0.104991,"gas_method":"estimated"},"2023-11":{"txs":2,"uniq":2,"trade":0,"nft":2,"gas":0.000017,"bal":0.000365,"days":2,"spread":0.066667,"streak":1,"rank_m":121981,"pct_m":0.129691,"gas_method":"estimated"},"2023-12":{"txs":1,"uniq":1,"trade":0,"nft":0,"gas":0.000016,"bal":0.000268,"days":1,"spread":0.032258,"streak":1,"rank_m":187894,"pct_m":0.199771,"gas_method":"estimated"},"2024-01":{"txs":0,"uniq":0,"trade":0,"nft":0,"gas":0,"bal":0.000268,"days":0,"spread":0,"streak":0,"rank_m":255071,"pct_m":0.271195},"2024-02":{"txs":0,"uniq":0,"trade":0,"nft":0,"gas":0,"bal":0.000268,"days":0,"spread":0,"streak":0,"rank_m":318400,"pct_m":0.338528},"2024-03":{"txs":3,"uniq":2,"trade":0,"nft":0,"gas":0.000038,"bal":0.000151,"days":2,"spread":0.064516,"streak":1,"rank_m":350003,"pct_m":0.372128,"gas_method":"estimated"},"2024-04":{"txs":29,"uniq":12,"trade":0,"nft":2,"gas":0.000045,"bal":0.00063,"days":10,"spread":0.333333,"streak":6,"rank_m":242305,"pct_m":0.257622,"gas_method":"estimated"},"2024-05":{"txs":19,"uniq":6,"trade":0,"nft":1,"gas":0.000061,"bal":0.004041,"days":8,"spread":0.258065,"streak":2,"rank_m":171660,"pct_m":0.182511,"gas_method":"exact"},"2024-06":{"txs":26,"uniq":13,"trade":0,"nft":4,"gas":0,"bal":0.004764,"days":9,"spread":0.3,"streak":3,"rank_m":96235,"pct_m":0.102318,"gas_method":"exact"},"2024-07":{"txs":7,"uniq":3,"trade":0,"nft":0,"gas":0.000001,"bal":0.007447,"days":4,"spread":0.129032,"streak":1,"rank_m":296557,"pct_m":0.315304,"gas_method":"estimated"},"2024-08":{"txs":15,"uniq":13,"trade":0,"nft":10,"gas":0.000001,"bal":0.010112,"days":6,"spread":0.193548,"streak":2,"rank_m":129583,"pct_m":0.137774,"gas_method":"estimated"},"2024-09":{"txs":6,"uniq":5,"trade":0,"nft":3,"gas":0,"bal":0.009601,"days":3,"spread":0.1,"streak":1,"rank_m":187886,"pct_m":0.199763,"gas_method":"estimated"},"2024-10":{"txs":7,"uniq":5,"trade":0,"nft":4,"gas":0,"bal":0.008524,"days":4,"spread":0.129032,"streak":1,"rank_m":224920,"pct_m":0.239138,"gas_method":"estimated"},"2024-11":{"txs":6,"uniq":5,"trade":1,"nft":1,"gas":0.000014,"bal":0.008612,"days":3,"spread":0.1,"streak":1,"rank_m":258789,"pct_m":0.275148,"gas_method":"exact"},"2024-12":{"txs":4,"uniq":2,"trade":1,"nft":0,"gas":0.000088,"bal":0.008304,"days":3,"spread":0.096774,"streak":1,"rank_m":359032,"pct_m":0.381728,"gas_method":"exact"},"2025-01":{"txs":7,"uniq":5,"trade":0,"nft":0,"gas":0.00013,"bal":0.007339,"days":4,"spread":0.129032,"streak":1,"rank_m":328200,"pct_m":0.348947,"gas_method":"exact"},"2025-02":{"txs":5,"uniq":1,"trade":0,"nft":0,"gas":0.000021,"bal":0.006292,"days":3,"spread":0.107143,"streak":1,"rank_m":352724,"pct_m":0.375021,"gas_method":"exact"},"2025-03":{"txs":6,"uniq":2,"trade":0,"nft":0,"gas":0.000032,"bal":0.005898,"days":4,"spread":0.129032,"streak":1,"rank_m":299338,"pct_m":0.31826,"gas_method":"exact"},"2025-04":{"txs":5,"uniq":3,"trade":0,"nft":0,"gas":0.000024,"bal":0.005213,"days":3,"spread":0.1,"streak":1,"rank_m":325658,"pct_m":0.346244,"gas_method":"exact"},"2025-05":{"txs":6,"uniq":2,"trade":0,"nft":0,"gas":0.000042,"bal":0.005122,"days":3,"spread":0.096774,"streak":1,"rank_m":279413,"pct_m":0.297076,"gas_method":"estimated"},"2025-06":{"txs":5,"uniq":2,"trade":0,"nft":0,"gas":0.000035,"bal":0.005062,"days":3,"spread":0.1,"streak":1,"rank_m":342183,"pct_m":0.363814,"gas_method":"estimated"},"2025-07":{"txs":5,"uniq":2,"trade":0,"nft":0,"gas":0.000035,"bal":0.005099,"days":2,"spread":0.064516,"streak":1,"rank_m":373378,"pct_m":0.396981,"gas_method":"estimated"},"2025-08":{"txs":8,"uniq":5,"trade":0,"nft":0,"gas":0.000056,"bal":0.00501,"days":3,"spread":0.096774,"streak":1,"rank_m":300583,"pct_m":0.319584,"gas_method":"estimated"},"2025-09":{"txs":8,"uniq":5,"trade":0,"nft":0,"gas":0.000056,"bal":0.005019,"days":3,"spread":0.1,"streak":1,"rank_m":299712,"pct_m":0.318658,"gas_method":"estimated"},"2025-10":{"txs":4,"uniq":3,"trade":0,"nft":0,"gas":0.000028,"bal":0.005197,"days":2,"spread":0.064516,"streak":1,"rank_m":221979,"pct_m":0.236011,"gas_method":"estimated"}}}