{"wallet":"0xc15eacd9771fa7d55cf495ee0581ab6348f4488a","rank":660718,"lifetime":{"months_active":12,"first":"2023-07","last":"2025-10","tx_sum":130,"uniq_sum":77,"trade_sum":0,"nft_sum":19,"gas_sum":0.001518,"avg_balance_eth_mean":0.002561,"streak_best_days":3,"gas_sum_filled":0.001518},"months":{"2023-07":{"txs":0,"uniq":0,"trade":0,"nft":0,"gas":0,"bal":0,"days":0,"spread":0,"streak":0,"rank_m":268721,"pct_m":0.285708},"2023-08":{"txs":1,"uniq":1,"trade":0,"nft":0,"gas":0.00005,"bal":0.0007,"days":1,"spread":0.032258,"streak":1,"rank_m":149782,"pct_m":0.15925,"gas_method":"exact"},"2023-09":{"txs":0,"uniq":0,"trade":0,"nft":0,"gas":0,"bal":0.0007,"days":0,"spread":0,"streak":0,"rank_m":191229,"pct_m":0.203317},"2023-10":{"txs":0,"uniq":0,"trade":0,"nft":0,"gas":0,"bal":0.0007,"days":0,"spread":0,"streak":0,"rank_m":195267,"pct_m":0.20761},"2023-11":{"txs":0,"uniq":0,"trade":0,"nft":0,"gas":0,"bal":0.0007,"days":0,"spread":0,"streak":0,"rank_m":202433,"pct_m":0.215229},"2023-12":{"txs":1,"uniq":1,"trade":0,"nft":2,"gas":0.000112,"bal":0.001661,"days":1,"spread":0.032258,"streak":1,"rank_m":113463,"pct_m":0.120635,"gas_method":"exact"},"2024-01":{"txs":0,"uniq":0,"trade":0,"nft":0,"gas":0,"bal":0.001661,"days":0,"spread":0,"streak":0,"rank_m":218466,"pct_m":0.232276},"2024-02":{"txs":0,"uniq":0,"trade":0,"nft":0,"gas":0,"bal":0.001661,"days":0,"spread":0,"streak":0,"rank_m":290115,"pct_m":0.308454},"2024-03":{"txs":1,"uniq":1,"trade":0,"nft":1,"gas":0.000061,"bal":0.001571,"days":1,"spread":0.032258,"streak":1,"rank_m":319325,"pct_m":0.339511,"gas_method":"estimated"},"2024-04":{"txs":1,"uniq":1,"trade":0,"nft":1,"gas":0.000007,"bal":0.000905,"days":1,"spread":0.033333,"streak":1,"rank_m":425167,"pct_m":0.452044,"gas_method":"estimated"},"2024-05":{"txs":26,"uniq":12,"trade":0,"nft":4,"gas":0.000065,"bal":0.007866,"days":5,"spread":0.16129,"streak":3,"rank_m":148341,"pct_m":0.157718,"gas_method":"estimated"},"2024-06":{"txs":9,"uniq":5,"trade":0,"nft":7,"gas":0.000001,"bal":0.007104,"days":3,"spread":0.1,"streak":2,"rank_m":209100,"pct_m":0.222318,"gas_method":"estimated"},"2024-07":{"txs":3,"uniq":3,"trade":0,"nft":2,"gas":0.000001,"bal":0.00324,"days":3,"spread":0.096774,"streak":1,"rank_m":325984,"pct_m":0.346591,"gas_method":"estimated"},"2024-08":{"txs":0,"uniq":0,"trade":0,"nft":0,"gas":0,"bal":0.00324,"days":0,"spread":0,"streak":0,"rank_m":522314,"pct_m":0.555333},"2024-09":{"txs":3,"uniq":3,"trade":0,"nft":1,"gas":0,"bal":0.000674,"days":1,"spread":0.033333,"streak":1,"rank_m":386797,"pct_m":0.411248,"gas_method":"estimated"},"2024-10":{"txs":0,"uniq":0,"trade":0,"nft":0,"gas":0,"bal":0.000674,"days":0,"spread":0,"streak":0,"rank_m":606953,"pct_m":0.645322},"2024-11":{"txs":28,"uniq":8,"trade":0,"nft":0,"gas":0.000051,"bal":0.001109,"days":4,"spread":0.133333,"streak":2,"rank_m":234916,"pct_m":0.249766,"gas_method":"exact"},"2024-12":{"txs":39,"uniq":28,"trade":0,"nft":0,"gas":0.000816,"bal":0.003426,"days":8,"spread":0.258065,"streak":1,"rank_m":162449,"pct_m":0.172718,"gas_method":"exact"},"2025-01":{"txs":12,"uniq":9,"trade":0,"nft":0,"gas":0.000312,"bal":0.002861,"days":5,"spread":0.16129,"streak":3,"rank_m":235176,"pct_m":0.250042,"gas_method":"exact"},"2025-02":{"txs":6,"uniq":5,"trade":0,"nft":0,"gas":0.000042,"bal":0.003474,"days":5,"spread":0.178571,"streak":1,"rank_m":275648,"pct_m":0.293073,"gas_method":"exact"},"2025-03":{"txs":0,"uniq":0,"trade":0,"nft":0,"gas":0,"bal":0.003474,"days":0,"spread":0,"streak":0,"rank_m":590858,"pct_m":0.62821},"2025-04":{"txs":0,"uniq":0,"trade":0,"nft":0,"gas":0,"bal":0.003474,"days":0,"spread":0,"streak":0,"rank_m":624385,"pct_m":0.663856},"2025-05":{"txs":0,"uniq":0,"trade":0,"nft":0,"gas":0,"bal":0.003474,"days":0,"spread":0,"streak":0,"rank_m":573692,"pct_m":0.609959},"2025-06":{"txs":0,"uniq":0,"trade":0,"nft":0,"gas":0,"bal":0.003474,"days":0,"spread":0,"streak":0,"rank_m":579578,"pct_m":0.616217},"2025-07":{"txs":0,"uniq":0,"trade":0,"nft":0,"gas":0,"bal":0.003474,"days":0,"spread":0,"streak":0,"rank_m":599991,"pct_m":0.63792},"2025-08":{"txs":0,"uniq":0,"trade":0,"nft":1,"gas":0,"bal":0.003474,"days":0,"spread":0,"streak":0,"rank_m":476058,"pct_m":0.506152},"2025-09":{"txs":0,"uniq":0,"trade":0,"nft":0,"gas":0,"bal":0.003474,"days":0,"spread":0,"streak":0,"rank_m":565254,"pct_m":0.600987},"2025-10":{"txs":0,"uniq":0,"trade":0,"nft":0,"gas":0,"bal":0.003474,"days":0,"spread":0,"streak":0,"rank_m":467667,"pct_m":0.497231}}}