{"wallet":"0xc1999a6d49932236d991394572c5fa4cece616d0","rank":352296,"lifetime":{"months_active":23,"first":"2023-07","last":"2025-10","tx_sum":255,"uniq_sum":148,"trade_sum":0,"nft_sum":92,"gas_sum":0.001955,"avg_balance_eth_mean":0.001154,"streak_best_days":0,"gas_sum_filled":0.001955},"months":{"2023-07":{"txs":0,"uniq":0,"trade":0,"nft":0,"gas":0,"bal":0,"days":0,"spread":0,"streak":0,"rank_m":267923,"pct_m":0.284859},"2023-08":{"txs":11,"uniq":9,"trade":0,"nft":4,"gas":0.000807,"bal":0.000767,"days":5,"spread":0.16129,"streak":0,"rank_m":116667,"pct_m":0.124041,"gas_method":"exact"},"2023-09":{"txs":9,"uniq":6,"trade":0,"nft":3,"gas":0.000049,"bal":0.000735,"days":4,"spread":0.133333,"streak":0,"rank_m":106836,"pct_m":0.113589,"gas_method":"exact"},"2023-10":{"txs":1,"uniq":1,"trade":0,"nft":2,"gas":0.000006,"bal":0.001111,"days":1,"spread":0.032258,"streak":0,"rank_m":148677,"pct_m":0.158075,"gas_method":"estimated"},"2023-11":{"txs":1,"uniq":1,"trade":0,"nft":1,"gas":0.000011,"bal":0.001029,"days":1,"spread":0.033333,"streak":0,"rank_m":160477,"pct_m":0.170621,"gas_method":"estimated"},"2023-12":{"txs":2,"uniq":2,"trade":0,"nft":1,"gas":0.00004,"bal":0.000937,"days":2,"spread":0.064516,"streak":0,"rank_m":174130,"pct_m":0.185137,"gas_method":"estimated"},"2024-01":{"txs":3,"uniq":2,"trade":0,"nft":1,"gas":0.000143,"bal":0.000473,"days":2,"spread":0.064516,"streak":0,"rank_m":161226,"pct_m":0.171417,"gas_method":"exact"},"2024-02":{"txs":1,"uniq":1,"trade":0,"nft":1,"gas":0.00001,"bal":0.00035,"days":1,"spread":0.034483,"streak":0,"rank_m":281245,"pct_m":0.299024,"gas_method":"estimated"},"2024-03":{"txs":7,"uniq":7,"trade":0,"nft":5,"gas":0.000109,"bal":0.001004,"days":4,"spread":0.129032,"streak":0,"rank_m":270240,"pct_m":0.287323,"gas_method":"estimated"},"2024-04":{"txs":60,"uniq":16,"trade":0,"nft":5,"gas":0.000116,"bal":0.003199,"days":10,"spread":0.333333,"streak":0,"rank_m":217226,"pct_m":0.230958,"gas_method":"estimated"},"2024-05":{"txs":19,"uniq":10,"trade":0,"nft":5,"gas":0.000025,"bal":0.000876,"days":6,"spread":0.193548,"streak":0,"rank_m":249015,"pct_m":0.264756,"gas_method":"exact"},"2024-06":{"txs":0,"uniq":0,"trade":0,"nft":0,"gas":0,"bal":0.000876,"days":0,"spread":0,"streak":0,"rank_m":530542,"pct_m":0.564081},"2024-07":{"txs":14,"uniq":9,"trade":0,"nft":7,"gas":0.000001,"bal":0.000717,"days":5,"spread":0.16129,"streak":0,"rank_m":312626,"pct_m":0.332388,"gas_method":"estimated"},"2024-08":{"txs":56,"uniq":44,"trade":0,"nft":49,"gas":0.000001,"bal":0.001365,"days":7,"spread":0.225806,"streak":0,"rank_m":136990,"pct_m":0.145649,"gas_method":"exact"},"2024-09":{"txs":4,"uniq":4,"trade":0,"nft":5,"gas":0,"bal":0.000859,"days":4,"spread":0.133333,"streak":0,"rank_m":343931,"pct_m":0.365673,"gas_method":"estimated"},"2024-10":{"txs":5,"uniq":5,"trade":0,"nft":3,"gas":0.000002,"bal":0.001818,"days":4,"spread":0.129032,"streak":0,"rank_m":294277,"pct_m":0.31288,"gas_method":"exact"},"2024-11":{"txs":9,"uniq":5,"trade":0,"nft":0,"gas":0.000016,"bal":0.009278,"days":7,"spread":0.233333,"streak":0,"rank_m":303032,"pct_m":0.322188,"gas_method":"exact"},"2024-12":{"txs":7,"uniq":5,"trade":0,"nft":0,"gas":0.000154,"bal":0.006744,"days":5,"spread":0.16129,"streak":0,"rank_m":376449,"pct_m":0.400246,"gas_method":"exact"},"2025-01":{"txs":15,"uniq":10,"trade":0,"nft":0,"gas":0.00026,"bal":0.000169,"days":4,"spread":0.129032,"streak":0,"rank_m":389547,"pct_m":0.414172,"gas_method":"exact"},"2025-02":{"txs":3,"uniq":3,"trade":0,"nft":0,"gas":0.000021,"bal":0,"days":1,"spread":0.035714,"streak":0,"rank_m":550406,"pct_m":0.5852,"gas_method":"exact"},"2025-03":{"txs":0,"uniq":0,"trade":0,"nft":0,"gas":0,"bal":0,"days":0,"spread":0,"streak":0,"rank_m":814925,"pct_m":0.866442},"2025-04":{"txs":12,"uniq":5,"trade":0,"nft":0,"gas":0.000072,"bal":0,"days":2,"spread":0.066667,"streak":0,"rank_m":445825,"pct_m":0.474008,"gas_method":"exact"},"2025-05":{"txs":3,"uniq":3,"trade":0,"nft":0,"gas":0.000021,"bal":0,"days":1,"spread":0.032258,"streak":0,"rank_m":711170,"pct_m":0.756128,"gas_method":"estimated"},"2025-06":{"txs":0,"uniq":0,"trade":0,"nft":0,"gas":0,"bal":0,"days":0,"spread":0,"streak":0,"rank_m":882066,"pct_m":0.937827},"2025-07":{"txs":2,"uniq":0,"trade":0,"nft":0,"gas":0.000014,"bal":0,"days":1,"spread":0.032258,"streak":0,"rank_m":817951,"pct_m":0.869659,"gas_method":"estimated"},"2025-08":{"txs":4,"uniq":0,"trade":0,"nft":0,"gas":0.000028,"bal":0,"days":3,"spread":0.096774,"streak":0,"rank_m":771052,"pct_m":0.819795,"gas_method":"estimated"},"2025-09":{"txs":0,"uniq":0,"trade":0,"nft":0,"gas":0,"bal":0,"days":0,"spread":0,"streak":0,"rank_m":907773,"pct_m":0.965159},"2025-10":{"txs":7,"uniq":0,"trade":0,"nft":0,"gas":0.000049,"bal":0,"days":3,"spread":0.096774,"streak":0,"rank_m":687416,"pct_m":0.730872,"gas_method":"estimated"}}}