{"wallet":"0xc1d6f651ea570035ece40ea670f948aa878831f4","rank":12871,"lifetime":{"months_active":27,"first":"2023-07","last":"2025-10","tx_sum":4733,"uniq_sum":1360,"trade_sum":129,"nft_sum":478,"gas_sum":0.029818,"avg_balance_eth_mean":0.00225,"streak_best_days":172,"gas_sum_filled":0.029818},"months":{"2023-07":{"txs":0,"uniq":0,"trade":0,"nft":0,"gas":0,"bal":0,"days":0,"spread":0,"streak":0,"rank_m":267097,"pct_m":0.283981},"2023-08":{"txs":16,"uniq":14,"trade":0,"nft":9,"gas":0.001552,"bal":0.001369,"days":7,"spread":0.225806,"streak":2,"rank_m":58262,"pct_m":0.061944,"gas_method":"exact"},"2023-09":{"txs":7,"uniq":5,"trade":0,"nft":1,"gas":0.000024,"bal":0.002389,"days":6,"spread":0.2,"streak":3,"rank_m":69930,"pct_m":0.07435,"gas_method":"estimated"},"2023-10":{"txs":43,"uniq":20,"trade":0,"nft":5,"gas":0.000039,"bal":0.002738,"days":17,"spread":0.548387,"streak":5,"rank_m":17680,"pct_m":0.018797,"gas_method":"exact"},"2023-11":{"txs":35,"uniq":21,"trade":0,"nft":6,"gas":0.000436,"bal":0.002498,"days":12,"spread":0.4,"streak":5,"rank_m":12341,"pct_m":0.01312,"gas_method":"exact"},"2023-12":{"txs":25,"uniq":13,"trade":0,"nft":0,"gas":0.000074,"bal":0.00235,"days":13,"spread":0.419355,"streak":4,"rank_m":50060,"pct_m":0.053224,"gas_method":"estimated"},"2024-01":{"txs":6,"uniq":4,"trade":0,"nft":0,"gas":0.00023,"bal":0.001314,"days":5,"spread":0.16129,"streak":2,"rank_m":79002,"pct_m":0.083995,"gas_method":"exact"},"2024-02":{"txs":13,"uniq":11,"trade":1,"nft":5,"gas":0.00002,"bal":0.002523,"days":11,"spread":0.37931,"streak":2,"rank_m":61881,"pct_m":0.065792,"gas_method":"estimated"},"2024-03":{"txs":26,"uniq":18,"trade":0,"nft":7,"gas":0.001161,"bal":0.001395,"days":11,"spread":0.354839,"streak":2,"rank_m":78370,"pct_m":0.083323,"gas_method":"exact"},"2024-04":{"txs":30,"uniq":20,"trade":0,"nft":14,"gas":0.000159,"bal":0.001098,"days":14,"spread":0.466667,"streak":4,"rank_m":111249,"pct_m":0.118281,"gas_method":"exact"},"2024-05":{"txs":27,"uniq":18,"trade":1,"nft":12,"gas":0.000017,"bal":0.000633,"days":13,"spread":0.419355,"streak":2,"rank_m":113500,"pct_m":0.120674,"gas_method":"exact"},"2024-06":{"txs":123,"uniq":39,"trade":3,"nft":28,"gas":0.000002,"bal":0.002405,"days":21,"spread":0.7,"streak":5,"rank_m":27243,"pct_m":0.028964,"gas_method":"exact"},"2024-07":{"txs":120,"uniq":55,"trade":2,"nft":42,"gas":0.000014,"bal":0.000545,"days":26,"spread":0.83871,"streak":9,"rank_m":32135,"pct_m":0.034165,"gas_method":"exact"},"2024-08":{"txs":137,"uniq":66,"trade":3,"nft":59,"gas":0.00001,"bal":0.002176,"days":25,"spread":0.806452,"streak":6,"rank_m":14478,"pct_m":0.015392,"gas_method":"exact"},"2024-09":{"txs":69,"uniq":44,"trade":3,"nft":38,"gas":0,"bal":0.000547,"days":22,"spread":0.733333,"streak":10,"rank_m":103433,"pct_m":0.109971,"gas_method":"estimated"},"2024-10":{"txs":127,"uniq":42,"trade":6,"nft":46,"gas":0.000048,"bal":0.002374,"days":25,"spread":0.806452,"streak":16,"rank_m":16695,"pct_m":0.017749,"gas_method":"exact"},"2024-11":{"txs":163,"uniq":42,"trade":10,"nft":23,"gas":0.000368,"bal":0.004123,"days":29,"spread":0.966667,"streak":22,"rank_m":17706,"pct_m":0.018824,"gas_method":"exact"},"2024-12":{"txs":217,"uniq":62,"trade":6,"nft":15,"gas":0.004608,"bal":0.000825,"days":29,"spread":0.935484,"streak":13,"rank_m":38370,"pct_m":0.040795,"gas_method":"exact"},"2025-01":{"txs":143,"uniq":33,"trade":1,"nft":7,"gas":0.000017,"bal":0.003456,"days":27,"spread":0.870968,"streak":11,"rank_m":74266,"pct_m":0.07896,"gas_method":"exact"},"2025-02":{"txs":141,"uniq":38,"trade":15,"nft":7,"gas":0.000908,"bal":0.00209,"days":22,"spread":0.785714,"streak":12,"rank_m":22354,"pct_m":0.023766,"gas_method":"exact"},"2025-03":{"txs":170,"uniq":45,"trade":0,"nft":8,"gas":0.000001,"bal":0.002046,"days":21,"spread":0.677419,"streak":6,"rank_m":90358,"pct_m":0.096069,"gas_method":"exact"},"2025-04":{"txs":236,"uniq":97,"trade":32,"nft":29,"gas":0.000008,"bal":0.001546,"days":24,"spread":0.8,"streak":6,"rank_m":49883,"pct_m":0.053035,"gas_method":"exact"},"2025-05":{"txs":511,"uniq":184,"trade":15,"nft":16,"gas":0.003597,"bal":0.001772,"days":31,"spread":1,"streak":31,"rank_m":36017,"pct_m":0.038293,"gas_method":"estimated"},"2025-06":{"txs":509,"uniq":125,"trade":22,"nft":5,"gas":0.003582,"bal":0.003003,"days":30,"spread":1,"streak":30,"rank_m":26443,"pct_m":0.028114,"gas_method":"estimated"},"2025-07":{"txs":651,"uniq":136,"trade":3,"nft":44,"gas":0.004582,"bal":0.000877,"days":31,"spread":1,"streak":31,"rank_m":67752,"pct_m":0.072034,"gas_method":"estimated"},"2025-08":{"txs":572,"uniq":93,"trade":5,"nft":26,"gas":0.004026,"bal":0.001615,"days":31,"spread":1,"streak":31,"rank_m":40984,"pct_m":0.043574,"gas_method":"estimated"},"2025-09":{"txs":502,"uniq":88,"trade":1,"nft":20,"gas":0.003533,"bal":0.008815,"days":30,"spread":1,"streak":30,"rank_m":10104,"pct_m":0.010742,"gas_method":"estimated"},"2025-10":{"txs":114,"uniq":27,"trade":0,"nft":6,"gas":0.000802,"bal":0.00649,"days":16,"spread":0.516129,"streak":16,"rank_m":21229,"pct_m":0.02257,"gas_method":"estimated"}}}