{"wallet":"0xc1dd160a7cf3a078a7a488bc031ff69270c1c622","rank":69834,"lifetime":{"months_active":27,"first":"2023-07","last":"2025-10","tx_sum":1252,"uniq_sum":399,"trade_sum":19,"nft_sum":77,"gas_sum":0.018792,"avg_balance_eth_mean":0.003769,"streak_best_days":0,"gas_sum_filled":0.018792},"months":{"2023-07":{"txs":0,"uniq":0,"trade":0,"nft":0,"gas":0,"bal":0,"days":0,"spread":0,"streak":0,"rank_m":267009,"pct_m":0.283888},"2023-08":{"txs":65,"uniq":35,"trade":0,"nft":13,"gas":0.003651,"bal":0.00023,"days":9,"spread":0.290323,"streak":0,"rank_m":76666,"pct_m":0.081512,"gas_method":"exact"},"2023-09":{"txs":277,"uniq":92,"trade":0,"nft":18,"gas":0.006425,"bal":0.055299,"days":30,"spread":1,"streak":0,"rank_m":24656,"pct_m":0.026214,"gas_method":"exact"},"2023-10":{"txs":15,"uniq":7,"trade":0,"nft":4,"gas":0.001517,"bal":0.001368,"days":10,"spread":0.322581,"streak":0,"rank_m":69720,"pct_m":0.074126,"gas_method":"exact"},"2023-11":{"txs":7,"uniq":3,"trade":0,"nft":3,"gas":0.000161,"bal":0.0005,"days":3,"spread":0.1,"streak":0,"rank_m":131934,"pct_m":0.140274,"gas_method":"estimated"},"2023-12":{"txs":3,"uniq":2,"trade":0,"nft":3,"gas":0.000129,"bal":0.000394,"days":3,"spread":0.096774,"streak":0,"rank_m":165622,"pct_m":0.176091,"gas_method":"estimated"},"2024-01":{"txs":3,"uniq":2,"trade":0,"nft":2,"gas":0.000128,"bal":0.000112,"days":3,"spread":0.096774,"streak":0,"rank_m":158787,"pct_m":0.168824,"gas_method":"exact"},"2024-02":{"txs":13,"uniq":5,"trade":0,"nft":2,"gas":0.000295,"bal":0.001453,"days":3,"spread":0.103448,"streak":0,"rank_m":189864,"pct_m":0.201866,"gas_method":"estimated"},"2024-03":{"txs":32,"uniq":10,"trade":0,"nft":4,"gas":0.001089,"bal":0.001955,"days":5,"spread":0.16129,"streak":0,"rank_m":207456,"pct_m":0.22057,"gas_method":"estimated"},"2024-04":{"txs":29,"uniq":12,"trade":0,"nft":5,"gas":0.000122,"bal":0.004797,"days":11,"spread":0.366667,"streak":0,"rank_m":229963,"pct_m":0.2445,"gas_method":"estimated"},"2024-05":{"txs":45,"uniq":15,"trade":1,"nft":9,"gas":0.000002,"bal":0.003161,"days":26,"spread":0.83871,"streak":0,"rank_m":117844,"pct_m":0.125293,"gas_method":"exact"},"2024-06":{"txs":6,"uniq":2,"trade":0,"nft":1,"gas":0,"bal":0.000978,"days":6,"spread":0.2,"streak":0,"rank_m":343685,"pct_m":0.365411,"gas_method":"exact"},"2024-07":{"txs":9,"uniq":7,"trade":0,"nft":1,"gas":0.000002,"bal":0.001043,"days":3,"spread":0.096774,"streak":0,"rank_m":377336,"pct_m":0.401189,"gas_method":"estimated"},"2024-08":{"txs":8,"uniq":6,"trade":0,"nft":0,"gas":0.000001,"bal":0.001751,"days":3,"spread":0.096774,"streak":0,"rank_m":410026,"pct_m":0.435946,"gas_method":"estimated"},"2024-09":{"txs":11,"uniq":5,"trade":0,"nft":4,"gas":0.000001,"bal":0.0043,"days":6,"spread":0.2,"streak":0,"rank_m":226131,"pct_m":0.240425,"gas_method":"estimated"},"2024-10":{"txs":23,"uniq":12,"trade":0,"nft":6,"gas":0.000003,"bal":0.003372,"days":5,"spread":0.16129,"streak":0,"rank_m":232703,"pct_m":0.247413,"gas_method":"estimated"},"2024-11":{"txs":10,"uniq":10,"trade":1,"nft":0,"gas":0.000023,"bal":0.005899,"days":6,"spread":0.2,"streak":0,"rank_m":238956,"pct_m":0.254061,"gas_method":"exact"},"2024-12":{"txs":18,"uniq":11,"trade":3,"nft":0,"gas":0.000331,"bal":0.000598,"days":7,"spread":0.225806,"streak":0,"rank_m":289376,"pct_m":0.307669,"gas_method":"exact"},"2025-01":{"txs":9,"uniq":7,"trade":0,"nft":0,"gas":0.000182,"bal":0.000206,"days":4,"spread":0.129032,"streak":0,"rank_m":425890,"pct_m":0.452813,"gas_method":"exact"},"2025-02":{"txs":2,"uniq":1,"trade":0,"nft":0,"gas":0.000014,"bal":0.000722,"days":1,"spread":0.035714,"streak":0,"rank_m":523395,"pct_m":0.556482,"gas_method":"exact"},"2025-03":{"txs":28,"uniq":9,"trade":0,"nft":0,"gas":0.000221,"bal":0.000372,"days":4,"spread":0.129032,"streak":0,"rank_m":284897,"pct_m":0.302907,"gas_method":"exact"},"2025-04":{"txs":1,"uniq":1,"trade":0,"nft":0,"gas":0.000006,"bal":0.000062,"days":1,"spread":0.033333,"streak":0,"rank_m":607373,"pct_m":0.645769,"gas_method":"exact"},"2025-05":{"txs":27,"uniq":16,"trade":7,"nft":0,"gas":0.00019,"bal":0.000048,"days":4,"spread":0.129032,"streak":0,"rank_m":375259,"pct_m":0.398981,"gas_method":"estimated"},"2025-06":{"txs":117,"uniq":33,"trade":4,"nft":0,"gas":0.000823,"bal":0.002649,"days":22,"spread":0.733333,"streak":0,"rank_m":108379,"pct_m":0.115229,"gas_method":"estimated"},"2025-07":{"txs":84,"uniq":26,"trade":0,"nft":1,"gas":0.000591,"bal":0.002464,"days":20,"spread":0.645161,"streak":0,"rank_m":159139,"pct_m":0.169198,"gas_method":"estimated"},"2025-08":{"txs":62,"uniq":10,"trade":1,"nft":0,"gas":0.000436,"bal":0.004792,"days":16,"spread":0.516129,"streak":0,"rank_m":129153,"pct_m":0.137317,"gas_method":"estimated"},"2025-09":{"txs":77,"uniq":12,"trade":2,"nft":1,"gas":0.000542,"bal":0.003888,"days":18,"spread":0.6,"streak":0,"rank_m":112520,"pct_m":0.119632,"gas_method":"estimated"},"2025-10":{"txs":271,"uniq":48,"trade":0,"nft":0,"gas":0.001907,"bal":0.003113,"days":13,"spread":0.419355,"streak":0,"rank_m":144861,"pct_m":0.154018,"gas_method":"estimated"}}}