{"wallet":"0xc12ca22ed95e9bec92850dc1778123ac716b62b0","rank":448858,"lifetime":{"months_active":19,"first":"2023-07","last":"2025-10","tx_sum":180,"uniq_sum":158,"trade_sum":0,"nft_sum":73,"gas_sum":0.001136,"avg_balance_eth_mean":0.00062,"streak_best_days":5,"gas_sum_filled":0.001136},"months":{"2023-07":{"txs":0,"uniq":0,"trade":0,"nft":0,"gas":0,"bal":0,"days":0,"spread":0,"streak":0,"rank_m":269389,"pct_m":0.286418},"2023-08":{"txs":0,"uniq":0,"trade":0,"nft":0,"gas":0,"bal":0,"days":0,"spread":0,"streak":0,"rank_m":356212,"pct_m":0.37873},"2023-09":{"txs":0,"uniq":0,"trade":0,"nft":0,"gas":0,"bal":0,"days":0,"spread":0,"streak":0,"rank_m":377718,"pct_m":0.401595},"2023-10":{"txs":11,"uniq":8,"trade":0,"nft":2,"gas":0.000078,"bal":0.000565,"days":2,"spread":0.064516,"streak":1,"rank_m":93874,"pct_m":0.099807,"gas_method":"estimated"},"2023-11":{"txs":0,"uniq":0,"trade":0,"nft":0,"gas":0,"bal":0.000565,"days":0,"spread":0,"streak":0,"rank_m":207820,"pct_m":0.220957},"2023-12":{"txs":5,"uniq":5,"trade":0,"nft":1,"gas":0.000116,"bal":0.000661,"days":1,"spread":0.032258,"streak":1,"rank_m":132325,"pct_m":0.140689,"gas_method":"estimated"},"2024-01":{"txs":0,"uniq":0,"trade":0,"nft":0,"gas":0,"bal":0.000661,"days":0,"spread":0,"streak":0,"rank_m":233532,"pct_m":0.248294},"2024-02":{"txs":0,"uniq":0,"trade":0,"nft":0,"gas":0,"bal":0.000661,"days":0,"spread":0,"streak":0,"rank_m":297661,"pct_m":0.316477},"2024-03":{"txs":0,"uniq":0,"trade":0,"nft":0,"gas":0,"bal":0.000661,"days":0,"spread":0,"streak":0,"rank_m":390611,"pct_m":0.415304},"2024-04":{"txs":13,"uniq":11,"trade":0,"nft":1,"gas":0.000174,"bal":0.000071,"days":1,"spread":0.033333,"streak":1,"rank_m":331467,"pct_m":0.352421,"gas_method":"exact"},"2024-05":{"txs":0,"uniq":0,"trade":0,"nft":0,"gas":0,"bal":0.000071,"days":0,"spread":0,"streak":0,"rank_m":539467,"pct_m":0.57357},"2024-06":{"txs":3,"uniq":3,"trade":0,"nft":0,"gas":0,"bal":0.000146,"days":1,"spread":0.033333,"streak":1,"rank_m":479979,"pct_m":0.510321,"gas_method":"estimated"},"2024-07":{"txs":12,"uniq":11,"trade":0,"nft":11,"gas":0.000001,"bal":0.000431,"days":9,"spread":0.290323,"streak":5,"rank_m":212006,"pct_m":0.225408,"gas_method":"estimated"},"2024-08":{"txs":18,"uniq":18,"trade":0,"nft":18,"gas":0.000001,"bal":0.00037,"days":14,"spread":0.451613,"streak":4,"rank_m":208853,"pct_m":0.222055,"gas_method":"estimated"},"2024-09":{"txs":25,"uniq":19,"trade":0,"nft":16,"gas":0,"bal":0.000324,"days":12,"spread":0.4,"streak":2,"rank_m":101234,"pct_m":0.107633,"gas_method":"exact"},"2024-10":{"txs":20,"uniq":20,"trade":0,"nft":20,"gas":0.000002,"bal":0.000236,"days":13,"spread":0.419355,"streak":3,"rank_m":122299,"pct_m":0.130029,"gas_method":"exact"},"2024-11":{"txs":12,"uniq":12,"trade":0,"nft":3,"gas":0.000028,"bal":0.00016,"days":11,"spread":0.366667,"streak":2,"rank_m":237263,"pct_m":0.252261,"gas_method":"exact"},"2024-12":{"txs":9,"uniq":9,"trade":0,"nft":0,"gas":0.000198,"bal":0.00009,"days":6,"spread":0.193548,"streak":2,"rank_m":367282,"pct_m":0.3905,"gas_method":"exact"},"2025-01":{"txs":9,"uniq":9,"trade":0,"nft":1,"gas":0.000234,"bal":0.000024,"days":8,"spread":0.258065,"streak":2,"rank_m":312333,"pct_m":0.332077,"gas_method":"exact"},"2025-02":{"txs":8,"uniq":4,"trade":0,"nft":0,"gas":0.000056,"bal":0.000022,"days":4,"spread":0.142857,"streak":1,"rank_m":373061,"pct_m":0.396644,"gas_method":"exact"},"2025-03":{"txs":7,"uniq":7,"trade":0,"nft":0,"gas":0.000055,"bal":0.000045,"days":4,"spread":0.129032,"streak":2,"rank_m":337950,"pct_m":0.359313,"gas_method":"exact"},"2025-04":{"txs":3,"uniq":3,"trade":0,"nft":0,"gas":0.000018,"bal":0.000032,"days":3,"spread":0.1,"streak":1,"rank_m":474881,"pct_m":0.504901,"gas_method":"exact"},"2025-05":{"txs":3,"uniq":3,"trade":0,"nft":0,"gas":0.000021,"bal":0.000025,"days":2,"spread":0.064516,"streak":1,"rank_m":613012,"pct_m":0.651764,"gas_method":"estimated"},"2025-06":{"txs":11,"uniq":10,"trade":0,"nft":0,"gas":0.000077,"bal":0.000015,"days":2,"spread":0.066667,"streak":1,"rank_m":587859,"pct_m":0.625021,"gas_method":"estimated"},"2025-07":{"txs":7,"uniq":3,"trade":0,"nft":0,"gas":0.000049,"bal":0.005061,"days":5,"spread":0.16129,"streak":3,"rank_m":299662,"pct_m":0.318605,"gas_method":"estimated"},"2025-08":{"txs":0,"uniq":0,"trade":0,"nft":0,"gas":0,"bal":0.005061,"days":0,"spread":0,"streak":0,"rank_m":542897,"pct_m":0.577217},"2025-09":{"txs":2,"uniq":1,"trade":0,"nft":0,"gas":0.000014,"bal":0.000841,"days":1,"spread":0.033333,"streak":1,"rank_m":508120,"pct_m":0.540241,"gas_method":"estimated"},"2025-10":{"txs":2,"uniq":2,"trade":0,"nft":0,"gas":0.000014,"bal":0.000558,"days":1,"spread":0.032258,"streak":1,"rank_m":393610,"pct_m":0.418492,"gas_method":"estimated"}}}