{"wallet":"0xc156646896e7c3aa64d11f9824888af0e356f418","rank":331521,"lifetime":{"months_active":19,"first":"2023-07","last":"2025-10","tx_sum":141,"uniq_sum":95,"trade_sum":6,"nft_sum":22,"gas_sum":0.004506,"avg_balance_eth_mean":0.008386,"streak_best_days":2,"gas_sum_filled":0.004506},"months":{"2023-07":{"txs":0,"uniq":0,"trade":0,"nft":0,"gas":0,"bal":0,"days":0,"spread":0,"streak":0,"rank_m":268852,"pct_m":0.285847},"2023-08":{"txs":5,"uniq":4,"trade":0,"nft":1,"gas":0.000546,"bal":0.000274,"days":1,"spread":0.032258,"streak":1,"rank_m":126852,"pct_m":0.13487,"gas_method":"exact"},"2023-09":{"txs":16,"uniq":9,"trade":0,"nft":3,"gas":0.000752,"bal":0.001778,"days":7,"spread":0.233333,"streak":1,"rank_m":42702,"pct_m":0.0454,"gas_method":"exact"},"2023-10":{"txs":12,"uniq":7,"trade":0,"nft":2,"gas":0.000078,"bal":0.00075,"days":6,"spread":0.193548,"streak":1,"rank_m":55290,"pct_m":0.058784,"gas_method":"exact"},"2023-11":{"txs":15,"uniq":8,"trade":0,"nft":0,"gas":0.000628,"bal":0.001574,"days":4,"spread":0.133333,"streak":1,"rank_m":48651,"pct_m":0.051726,"gas_method":"exact"},"2023-12":{"txs":10,"uniq":6,"trade":0,"nft":2,"gas":0.000665,"bal":0.003456,"days":4,"spread":0.129032,"streak":1,"rank_m":61736,"pct_m":0.065638,"gas_method":"estimated"},"2024-01":{"txs":25,"uniq":14,"trade":3,"nft":3,"gas":0.000461,"bal":0.001599,"days":5,"spread":0.16129,"streak":1,"rank_m":35056,"pct_m":0.037271,"gas_method":"exact"},"2024-02":{"txs":15,"uniq":9,"trade":2,"nft":2,"gas":0.000525,"bal":0.004323,"days":4,"spread":0.137931,"streak":2,"rank_m":65397,"pct_m":0.06953,"gas_method":"estimated"},"2024-03":{"txs":5,"uniq":4,"trade":0,"nft":1,"gas":0.000628,"bal":0.010381,"days":3,"spread":0.096774,"streak":1,"rank_m":185336,"pct_m":0.197051,"gas_method":"exact"},"2024-04":{"txs":10,"uniq":8,"trade":1,"nft":2,"gas":0.000065,"bal":0.014565,"days":2,"spread":0.066667,"streak":1,"rank_m":234749,"pct_m":0.249588,"gas_method":"estimated"},"2024-05":{"txs":7,"uniq":6,"trade":0,"nft":3,"gas":0.000015,"bal":0.010101,"days":2,"spread":0.064516,"streak":1,"rank_m":272862,"pct_m":0.290111,"gas_method":"estimated"},"2024-06":{"txs":4,"uniq":3,"trade":0,"nft":2,"gas":0,"bal":0.01101,"days":2,"spread":0.066667,"streak":1,"rank_m":286065,"pct_m":0.304148,"gas_method":"estimated"},"2024-07":{"txs":3,"uniq":3,"trade":0,"nft":0,"gas":0.000001,"bal":0.009575,"days":1,"spread":0.032258,"streak":1,"rank_m":345971,"pct_m":0.367841,"gas_method":"estimated"},"2024-08":{"txs":1,"uniq":1,"trade":0,"nft":0,"gas":0,"bal":0.009292,"days":1,"spread":0.032258,"streak":1,"rank_m":389158,"pct_m":0.413759,"gas_method":"estimated"},"2024-09":{"txs":2,"uniq":2,"trade":0,"nft":1,"gas":0,"bal":0.011011,"days":2,"spread":0.066667,"streak":1,"rank_m":228168,"pct_m":0.242591,"gas_method":"exact"},"2024-10":{"txs":0,"uniq":0,"trade":0,"nft":0,"gas":0,"bal":0.011011,"days":0,"spread":0,"streak":0,"rank_m":480588,"pct_m":0.510969},"2024-11":{"txs":0,"uniq":0,"trade":0,"nft":0,"gas":0,"bal":0.011011,"days":0,"spread":0,"streak":0,"rank_m":517106,"pct_m":0.549795},"2024-12":{"txs":3,"uniq":3,"trade":0,"nft":0,"gas":0.000066,"bal":0.009827,"days":2,"spread":0.064516,"streak":1,"rank_m":425507,"pct_m":0.452406,"gas_method":"exact"},"2025-01":{"txs":1,"uniq":1,"trade":0,"nft":0,"gas":0.000026,"bal":0.01003,"days":1,"spread":0.032258,"streak":1,"rank_m":466609,"pct_m":0.496106,"gas_method":"exact"},"2025-02":{"txs":4,"uniq":4,"trade":0,"nft":0,"gas":0.000028,"bal":0.011637,"days":1,"spread":0.035714,"streak":1,"rank_m":329545,"pct_m":0.350377,"gas_method":"exact"},"2025-03":{"txs":2,"uniq":2,"trade":0,"nft":0,"gas":0.000016,"bal":0.011451,"days":1,"spread":0.032258,"streak":1,"rank_m":361111,"pct_m":0.383939,"gas_method":"exact"},"2025-04":{"txs":1,"uniq":1,"trade":0,"nft":0,"gas":0.000006,"bal":0.01145,"days":1,"spread":0.033333,"streak":1,"rank_m":431634,"pct_m":0.45892,"gas_method":"exact"},"2025-05":{"txs":0,"uniq":0,"trade":0,"nft":0,"gas":0,"bal":0.01145,"days":0,"spread":0,"streak":0,"rank_m":464931,"pct_m":0.494322},"2025-06":{"txs":0,"uniq":0,"trade":0,"nft":0,"gas":0,"bal":0.01145,"days":0,"spread":0,"streak":0,"rank_m":465890,"pct_m":0.495342},"2025-07":{"txs":0,"uniq":0,"trade":0,"nft":0,"gas":0,"bal":0.01145,"days":0,"spread":0,"streak":0,"rank_m":489812,"pct_m":0.520776},"2025-08":{"txs":0,"uniq":0,"trade":0,"nft":0,"gas":0,"bal":0.01145,"days":0,"spread":0,"streak":0,"rank_m":460217,"pct_m":0.48931},"2025-09":{"txs":0,"uniq":0,"trade":0,"nft":0,"gas":0,"bal":0.01145,"days":0,"spread":0,"streak":0,"rank_m":454962,"pct_m":0.483723},"2025-10":{"txs":0,"uniq":0,"trade":0,"nft":0,"gas":0,"bal":0.01145,"days":0,"spread":0,"streak":0,"rank_m":349359,"pct_m":0.371444}}}