{"wallet":"0xc1b9e567623cca53829fda52507975491643601a","rank":485297,"lifetime":{"months_active":13,"first":"2023-07","last":"2025-10","tx_sum":222,"uniq_sum":75,"trade_sum":0,"nft_sum":32,"gas_sum":0.00031,"avg_balance_eth_mean":0.003683,"streak_best_days":13,"gas_sum_filled":0.00031},"months":{"2023-07":{"txs":0,"uniq":0,"trade":0,"nft":0,"gas":0,"bal":0,"days":0,"spread":0,"streak":0,"rank_m":267475,"pct_m":0.284383},"2023-08":{"txs":0,"uniq":0,"trade":0,"nft":0,"gas":0,"bal":0,"days":0,"spread":0,"streak":0,"rank_m":354520,"pct_m":0.376931},"2023-09":{"txs":0,"uniq":0,"trade":0,"nft":0,"gas":0,"bal":0,"days":0,"spread":0,"streak":0,"rank_m":375906,"pct_m":0.399669},"2023-10":{"txs":9,"uniq":6,"trade":0,"nft":1,"gas":0.000006,"bal":0.000264,"days":2,"spread":0.064516,"streak":1,"rank_m":109962,"pct_m":0.116913,"gas_method":"estimated"},"2023-11":{"txs":5,"uniq":3,"trade":0,"nft":1,"gas":0.000006,"bal":0.002479,"days":4,"spread":0.133333,"streak":1,"rank_m":79177,"pct_m":0.084181,"gas_method":"estimated"},"2023-12":{"txs":29,"uniq":12,"trade":0,"nft":1,"gas":0.000068,"bal":0.006306,"days":2,"spread":0.064516,"streak":1,"rank_m":50498,"pct_m":0.053689,"gas_method":"estimated"},"2024-01":{"txs":4,"uniq":2,"trade":0,"nft":0,"gas":0.00002,"bal":0.001573,"days":2,"spread":0.064516,"streak":1,"rank_m":127740,"pct_m":0.135814,"gas_method":"exact"},"2024-02":{"txs":4,"uniq":3,"trade":0,"nft":2,"gas":0.000005,"bal":0.001525,"days":2,"spread":0.068966,"streak":1,"rank_m":184588,"pct_m":0.196256,"gas_method":"estimated"},"2024-03":{"txs":34,"uniq":8,"trade":0,"nft":2,"gas":0.000063,"bal":0.003969,"days":14,"spread":0.451613,"streak":5,"rank_m":101538,"pct_m":0.107956,"gas_method":"estimated"},"2024-04":{"txs":37,"uniq":5,"trade":0,"nft":0,"gas":0.000026,"bal":0.018226,"days":24,"spread":0.8,"streak":8,"rank_m":111910,"pct_m":0.118984,"gas_method":"exact"},"2024-05":{"txs":34,"uniq":2,"trade":0,"nft":1,"gas":0.000011,"bal":0.024416,"days":23,"spread":0.741935,"streak":12,"rank_m":91304,"pct_m":0.097075,"gas_method":"exact"},"2024-06":{"txs":34,"uniq":6,"trade":0,"nft":0,"gas":0.000001,"bal":0.015366,"days":21,"spread":0.7,"streak":13,"rank_m":74849,"pct_m":0.07958,"gas_method":"exact"},"2024-07":{"txs":1,"uniq":1,"trade":0,"nft":0,"gas":0,"bal":0.00664,"days":1,"spread":0.032258,"streak":1,"rank_m":399271,"pct_m":0.424511,"gas_method":"estimated"},"2024-08":{"txs":23,"uniq":22,"trade":0,"nft":24,"gas":0,"bal":0.001683,"days":1,"spread":0.032258,"streak":1,"rank_m":253172,"pct_m":0.269176,"gas_method":"estimated"},"2024-09":{"txs":0,"uniq":0,"trade":0,"nft":0,"gas":0,"bal":0.001683,"days":0,"spread":0,"streak":0,"rank_m":522553,"pct_m":0.555587},"2024-10":{"txs":3,"uniq":2,"trade":0,"nft":0,"gas":0,"bal":0.004812,"days":1,"spread":0.032258,"streak":1,"rank_m":407229,"pct_m":0.432972,"gas_method":"estimated"},"2024-11":{"txs":0,"uniq":0,"trade":0,"nft":0,"gas":0,"bal":0.004812,"days":0,"spread":0,"streak":0,"rank_m":544835,"pct_m":0.579277},"2024-12":{"txs":0,"uniq":0,"trade":0,"nft":0,"gas":0,"bal":0.004812,"days":0,"spread":0,"streak":0,"rank_m":604271,"pct_m":0.642471},"2025-01":{"txs":5,"uniq":3,"trade":0,"nft":0,"gas":0.000104,"bal":0.000456,"days":2,"spread":0.064516,"streak":1,"rank_m":458934,"pct_m":0.487946,"gas_method":"exact"},"2025-02":{"txs":0,"uniq":0,"trade":0,"nft":0,"gas":0,"bal":0.000456,"days":0,"spread":0,"streak":0,"rank_m":685245,"pct_m":0.728564},"2025-03":{"txs":0,"uniq":0,"trade":0,"nft":0,"gas":0,"bal":0.000456,"days":0,"spread":0,"streak":0,"rank_m":688436,"pct_m":0.731956},"2025-04":{"txs":0,"uniq":0,"trade":0,"nft":0,"gas":0,"bal":0.000456,"days":0,"spread":0,"streak":0,"rank_m":715013,"pct_m":0.760214},"2025-05":{"txs":0,"uniq":0,"trade":0,"nft":0,"gas":0,"bal":0.000456,"days":0,"spread":0,"streak":0,"rank_m":722354,"pct_m":0.768019},"2025-06":{"txs":0,"uniq":0,"trade":0,"nft":0,"gas":0,"bal":0.000456,"days":0,"spread":0,"streak":0,"rank_m":720114,"pct_m":0.765637},"2025-07":{"txs":0,"uniq":0,"trade":0,"nft":0,"gas":0,"bal":0.000456,"days":0,"spread":0,"streak":0,"rank_m":741219,"pct_m":0.788076},"2025-08":{"txs":0,"uniq":0,"trade":0,"nft":0,"gas":0,"bal":0.000456,"days":0,"spread":0,"streak":0,"rank_m":718607,"pct_m":0.764035},"2025-09":{"txs":0,"uniq":0,"trade":0,"nft":0,"gas":0,"bal":0.000456,"days":0,"spread":0,"streak":0,"rank_m":701230,"pct_m":0.745559},"2025-10":{"txs":0,"uniq":0,"trade":0,"nft":0,"gas":0,"bal":0.000456,"days":0,"spread":0,"streak":0,"rank_m":627141,"pct_m":0.666786}}}