{"wallet":"0xc106c37c995982cb69a921a81593bee22425d939","rank":345429,"lifetime":{"months_active":18,"first":"2023-07","last":"2025-10","tx_sum":305,"uniq_sum":115,"trade_sum":5,"nft_sum":33,"gas_sum":0.001911,"avg_balance_eth_mean":0.000057,"streak_best_days":43,"gas_sum_filled":0.001911},"months":{"2023-07":{"txs":0,"uniq":0,"trade":0,"nft":0,"gas":0,"bal":0,"days":0,"spread":0,"streak":0,"rank_m":269924,"pct_m":0.286987},"2023-08":{"txs":0,"uniq":0,"trade":0,"nft":0,"gas":0,"bal":0,"days":0,"spread":0,"streak":0,"rank_m":356659,"pct_m":0.379205},"2023-09":{"txs":0,"uniq":0,"trade":0,"nft":0,"gas":0,"bal":0,"days":0,"spread":0,"streak":0,"rank_m":378190,"pct_m":0.402097},"2023-10":{"txs":0,"uniq":0,"trade":0,"nft":0,"gas":0,"bal":0,"days":0,"spread":0,"streak":0,"rank_m":396224,"pct_m":0.421271},"2023-11":{"txs":5,"uniq":3,"trade":0,"nft":0,"gas":0.000037,"bal":0.000035,"days":2,"spread":0.066667,"streak":2,"rank_m":141113,"pct_m":0.150033,"gas_method":"estimated"},"2023-12":{"txs":0,"uniq":0,"trade":0,"nft":0,"gas":0,"bal":0.000035,"days":0,"spread":0,"streak":0,"rank_m":267995,"pct_m":0.284936},"2024-01":{"txs":0,"uniq":0,"trade":0,"nft":0,"gas":0,"bal":0.000035,"days":0,"spread":0,"streak":0,"rank_m":282489,"pct_m":0.300346},"2024-02":{"txs":3,"uniq":2,"trade":0,"nft":0,"gas":0.000022,"bal":0.000026,"days":1,"spread":0.034483,"streak":1,"rank_m":271459,"pct_m":0.288619,"gas_method":"estimated"},"2024-03":{"txs":10,"uniq":7,"trade":0,"nft":3,"gas":0.000108,"bal":0.000016,"days":2,"spread":0.064516,"streak":1,"rank_m":297648,"pct_m":0.316464,"gas_method":"estimated"},"2024-04":{"txs":5,"uniq":5,"trade":0,"nft":2,"gas":0.000007,"bal":0.000083,"days":3,"spread":0.1,"streak":1,"rank_m":404893,"pct_m":0.430488,"gas_method":"estimated"},"2024-05":{"txs":3,"uniq":3,"trade":0,"nft":2,"gas":0.000001,"bal":0.000218,"days":2,"spread":0.064516,"streak":2,"rank_m":411762,"pct_m":0.437792,"gas_method":"estimated"},"2024-06":{"txs":2,"uniq":2,"trade":0,"nft":0,"gas":0,"bal":0.000217,"days":2,"spread":0.066667,"streak":2,"rank_m":461937,"pct_m":0.491139,"gas_method":"estimated"},"2024-07":{"txs":3,"uniq":2,"trade":0,"nft":0,"gas":0.000002,"bal":0.000155,"days":3,"spread":0.096774,"streak":2,"rank_m":353112,"pct_m":0.375434,"gas_method":"exact"},"2024-08":{"txs":24,"uniq":11,"trade":5,"nft":2,"gas":0.000002,"bal":0.000054,"days":12,"spread":0.387097,"streak":3,"rank_m":136134,"pct_m":0.144739,"gas_method":"exact"},"2024-09":{"txs":0,"uniq":0,"trade":0,"nft":0,"gas":0,"bal":0.000054,"days":0,"spread":0,"streak":0,"rank_m":618389,"pct_m":0.657481},"2024-10":{"txs":0,"uniq":0,"trade":0,"nft":0,"gas":0,"bal":0.000054,"days":0,"spread":0,"streak":0,"rank_m":655243,"pct_m":0.696665},"2024-11":{"txs":3,"uniq":2,"trade":0,"nft":0,"gas":0.000007,"bal":0.000047,"days":2,"spread":0.066667,"streak":1,"rank_m":471057,"pct_m":0.500835,"gas_method":"exact"},"2024-12":{"txs":0,"uniq":0,"trade":0,"nft":0,"gas":0,"bal":0.000047,"days":0,"spread":0,"streak":0,"rank_m":703269,"pct_m":0.747727},"2025-01":{"txs":0,"uniq":0,"trade":0,"nft":0,"gas":0,"bal":0.000047,"days":0,"spread":0,"streak":0,"rank_m":712844,"pct_m":0.757907},"2025-02":{"txs":14,"uniq":12,"trade":0,"nft":0,"gas":0.000091,"bal":0.000056,"days":6,"spread":0.214286,"streak":3,"rank_m":241910,"pct_m":0.257202,"gas_method":"exact"},"2025-03":{"txs":13,"uniq":3,"trade":0,"nft":0,"gas":0.000095,"bal":0.000064,"days":8,"spread":0.258065,"streak":2,"rank_m":306385,"pct_m":0.325753,"gas_method":"exact"},"2025-04":{"txs":9,"uniq":5,"trade":0,"nft":0,"gas":0.000054,"bal":0.00002,"days":4,"spread":0.133333,"streak":2,"rank_m":348667,"pct_m":0.370708,"gas_method":"exact"},"2025-05":{"txs":23,"uniq":8,"trade":0,"nft":0,"gas":0.000162,"bal":0.000063,"days":11,"spread":0.354839,"streak":4,"rank_m":420484,"pct_m":0.447065,"gas_method":"estimated"},"2025-06":{"txs":26,"uniq":13,"trade":0,"nft":0,"gas":0.000183,"bal":0.000074,"days":12,"spread":0.4,"streak":2,"rank_m":468248,"pct_m":0.497849,"gas_method":"estimated"},"2025-07":{"txs":24,"uniq":9,"trade":0,"nft":0,"gas":0.000169,"bal":0.000075,"days":17,"spread":0.548387,"streak":11,"rank_m":419072,"pct_m":0.445564,"gas_method":"estimated"},"2025-08":{"txs":33,"uniq":8,"trade":0,"nft":0,"gas":0.000232,"bal":0.000039,"days":22,"spread":0.709677,"streak":11,"rank_m":421403,"pct_m":0.448042,"gas_method":"estimated"},"2025-09":{"txs":52,"uniq":8,"trade":0,"nft":14,"gas":0.000366,"bal":0.000022,"days":30,"spread":1,"streak":30,"rank_m":267781,"pct_m":0.284708,"gas_method":"estimated"},"2025-10":{"txs":53,"uniq":12,"trade":0,"nft":10,"gas":0.000373,"bal":0.000052,"days":11,"spread":0.354839,"streak":9,"rank_m":212391,"pct_m":0.225817,"gas_method":"estimated"}}}