{"wallet":"0xc1a073b137b77d77a01327f038c4344611569264","rank":243706,"lifetime":{"months_active":11,"first":"2023-07","last":"2025-10","tx_sum":197,"uniq_sum":71,"trade_sum":18,"nft_sum":6,"gas_sum":0.00143,"avg_balance_eth_mean":0.27302,"streak_best_days":11,"gas_sum_filled":0.00143},"months":{"2023-07":{"txs":0,"uniq":0,"trade":0,"nft":0,"gas":0,"bal":0,"days":0,"spread":0,"streak":0,"rank_m":267833,"pct_m":0.284764},"2023-08":{"txs":0,"uniq":0,"trade":0,"nft":0,"gas":0,"bal":0,"days":0,"spread":0,"streak":0,"rank_m":354841,"pct_m":0.377272},"2023-09":{"txs":0,"uniq":0,"trade":0,"nft":0,"gas":0,"bal":0,"days":0,"spread":0,"streak":0,"rank_m":376246,"pct_m":0.40003},"2023-10":{"txs":0,"uniq":0,"trade":0,"nft":0,"gas":0,"bal":0,"days":0,"spread":0,"streak":0,"rank_m":394311,"pct_m":0.419237},"2023-11":{"txs":0,"uniq":0,"trade":0,"nft":0,"gas":0,"bal":0,"days":0,"spread":0,"streak":0,"rank_m":410492,"pct_m":0.436441},"2023-12":{"txs":5,"uniq":3,"trade":0,"nft":0,"gas":0.000077,"bal":0.004905,"days":2,"spread":0.064516,"streak":2,"rank_m":88689,"pct_m":0.094295,"gas_method":"estimated"},"2024-01":{"txs":0,"uniq":0,"trade":0,"nft":0,"gas":0,"bal":0.004905,"days":0,"spread":0,"streak":0,"rank_m":210572,"pct_m":0.223883},"2024-02":{"txs":46,"uniq":8,"trade":10,"nft":0,"gas":0.000028,"bal":4.295956,"days":21,"spread":0.724138,"streak":11,"rank_m":5400,"pct_m":0.00574,"gas_method":"exact"},"2024-03":{"txs":46,"uniq":10,"trade":0,"nft":4,"gas":0.000216,"bal":1.065071,"days":17,"spread":0.548387,"streak":6,"rank_m":23508,"pct_m":0.024993,"gas_method":"exact"},"2024-04":{"txs":29,"uniq":12,"trade":1,"nft":1,"gas":0.000847,"bal":1.228562,"days":7,"spread":0.233333,"streak":4,"rank_m":62276,"pct_m":0.066212,"gas_method":"exact"},"2024-05":{"txs":24,"uniq":7,"trade":0,"nft":0,"gas":0.000012,"bal":0.268766,"days":4,"spread":0.129032,"streak":1,"rank_m":177257,"pct_m":0.188462,"gas_method":"estimated"},"2024-06":{"txs":6,"uniq":5,"trade":0,"nft":0,"gas":0,"bal":0.164188,"days":2,"spread":0.066667,"streak":2,"rank_m":209031,"pct_m":0.222244,"gas_method":"estimated"},"2024-07":{"txs":4,"uniq":4,"trade":0,"nft":1,"gas":0,"bal":0.060312,"days":1,"spread":0.032258,"streak":1,"rank_m":245074,"pct_m":0.260566,"gas_method":"estimated"},"2024-08":{"txs":0,"uniq":0,"trade":0,"nft":0,"gas":0,"bal":0.060312,"days":0,"spread":0,"streak":0,"rank_m":423050,"pct_m":0.449793},"2024-09":{"txs":0,"uniq":0,"trade":0,"nft":0,"gas":0,"bal":0.060312,"days":0,"spread":0,"streak":0,"rank_m":381456,"pct_m":0.40557},"2024-10":{"txs":0,"uniq":0,"trade":0,"nft":0,"gas":0,"bal":0.060312,"days":0,"spread":0,"streak":0,"rank_m":431126,"pct_m":0.45838},"2024-11":{"txs":18,"uniq":11,"trade":0,"nft":0,"gas":0.000041,"bal":0.134271,"days":4,"spread":0.133333,"streak":1,"rank_m":157742,"pct_m":0.167713,"gas_method":"exact"},"2024-12":{"txs":0,"uniq":0,"trade":0,"nft":0,"gas":0,"bal":0.134271,"days":0,"spread":0,"streak":0,"rank_m":542726,"pct_m":0.577035},"2025-01":{"txs":4,"uniq":3,"trade":0,"nft":0,"gas":0.000104,"bal":0.011509,"days":1,"spread":0.032258,"streak":1,"rank_m":389910,"pct_m":0.414558,"gas_method":"exact"},"2025-02":{"txs":0,"uniq":0,"trade":0,"nft":0,"gas":0,"bal":0.011509,"days":0,"spread":0,"streak":0,"rank_m":551227,"pct_m":0.586073},"2025-03":{"txs":0,"uniq":0,"trade":0,"nft":0,"gas":0,"bal":0.011509,"days":0,"spread":0,"streak":0,"rank_m":529795,"pct_m":0.563286},"2025-04":{"txs":0,"uniq":0,"trade":0,"nft":0,"gas":0,"bal":0.011509,"days":0,"spread":0,"streak":0,"rank_m":569589,"pct_m":0.605596},"2025-05":{"txs":7,"uniq":3,"trade":0,"nft":0,"gas":0.000049,"bal":0.009406,"days":2,"spread":0.064516,"streak":1,"rank_m":223755,"pct_m":0.237899,"gas_method":"estimated"},"2025-06":{"txs":0,"uniq":0,"trade":0,"nft":0,"gas":0,"bal":0.009406,"days":0,"spread":0,"streak":0,"rank_m":487266,"pct_m":0.518069},"2025-07":{"txs":0,"uniq":0,"trade":0,"nft":0,"gas":0,"bal":0.009406,"days":0,"spread":0,"streak":0,"rank_m":511120,"pct_m":0.543431},"2025-08":{"txs":0,"uniq":0,"trade":0,"nft":0,"gas":0,"bal":0.009406,"days":0,"spread":0,"streak":0,"rank_m":482162,"pct_m":0.512642},"2025-09":{"txs":0,"uniq":0,"trade":0,"nft":0,"gas":0,"bal":0.009406,"days":0,"spread":0,"streak":0,"rank_m":476114,"pct_m":0.506212},"2025-10":{"txs":8,"uniq":5,"trade":7,"nft":0,"gas":0.000056,"bal":0.009339,"days":1,"spread":0.032258,"streak":1,"rank_m":114921,"pct_m":0.122185,"gas_method":"estimated"}}}