{"wallet":"0xc131c9ce704ae193665126559b93eaa7d8c77441","rank":130776,"lifetime":{"months_active":3,"first":"2023-07","last":"2025-10","tx_sum":2742,"uniq_sum":775,"trade_sum":0,"nft_sum":0,"gas_sum":0.109877,"avg_balance_eth_mean":0.033224,"streak_best_days":35,"gas_sum_filled":0.109877},"months":{"2023-07":{"txs":60,"uniq":2,"trade":0,"nft":0,"gas":0.002936,"bal":0.000202,"days":1,"spread":0.032258,"streak":1,"rank_m":22344,"pct_m":0.023755,"gas_method":"exact"},"2023-08":{"txs":2321,"uniq":638,"trade":0,"nft":0,"gas":0.093681,"bal":0.066602,"days":31,"spread":1,"streak":31,"rank_m":7820,"pct_m":0.008313,"gas_method":"exact"},"2023-09":{"txs":361,"uniq":135,"trade":0,"nft":0,"gas":0.01326,"bal":0.03321,"days":8,"spread":0.266667,"streak":3,"rank_m":11050,"pct_m":0.011747,"gas_method":"exact"},"2023-10":{"txs":0,"uniq":0,"trade":0,"nft":0,"gas":0,"bal":0.03321,"days":0,"spread":0,"streak":0,"rank_m":156971,"pct_m":0.166893},"2023-11":{"txs":0,"uniq":0,"trade":0,"nft":0,"gas":0,"bal":0.03321,"days":0,"spread":0,"streak":0,"rank_m":165913,"pct_m":0.176401},"2023-12":{"txs":0,"uniq":0,"trade":0,"nft":0,"gas":0,"bal":0.03321,"days":0,"spread":0,"streak":0,"rank_m":191013,"pct_m":0.203087},"2024-01":{"txs":0,"uniq":0,"trade":0,"nft":0,"gas":0,"bal":0.03321,"days":0,"spread":0,"streak":0,"rank_m":200924,"pct_m":0.213625},"2024-02":{"txs":0,"uniq":0,"trade":0,"nft":0,"gas":0,"bal":0.03321,"days":0,"spread":0,"streak":0,"rank_m":263473,"pct_m":0.280128},"2024-03":{"txs":0,"uniq":0,"trade":0,"nft":0,"gas":0,"bal":0.03321,"days":0,"spread":0,"streak":0,"rank_m":338116,"pct_m":0.35949},"2024-04":{"txs":0,"uniq":0,"trade":0,"nft":0,"gas":0,"bal":0.03321,"days":0,"spread":0,"streak":0,"rank_m":413804,"pct_m":0.439963},"2024-05":{"txs":0,"uniq":0,"trade":0,"nft":0,"gas":0,"bal":0.03321,"days":0,"spread":0,"streak":0,"rank_m":429625,"pct_m":0.456784},"2024-06":{"txs":0,"uniq":0,"trade":0,"nft":0,"gas":0,"bal":0.03321,"days":0,"spread":0,"streak":0,"rank_m":434553,"pct_m":0.462023},"2024-07":{"txs":0,"uniq":0,"trade":0,"nft":0,"gas":0,"bal":0.03321,"days":0,"spread":0,"streak":0,"rank_m":429952,"pct_m":0.457132},"2024-08":{"txs":0,"uniq":0,"trade":0,"nft":0,"gas":0,"bal":0.03321,"days":0,"spread":0,"streak":0,"rank_m":433265,"pct_m":0.460654},"2024-09":{"txs":0,"uniq":0,"trade":0,"nft":0,"gas":0,"bal":0.03321,"days":0,"spread":0,"streak":0,"rank_m":393151,"pct_m":0.418004},"2024-10":{"txs":0,"uniq":0,"trade":0,"nft":0,"gas":0,"bal":0.03321,"days":0,"spread":0,"streak":0,"rank_m":442793,"pct_m":0.470784},"2024-11":{"txs":0,"uniq":0,"trade":0,"nft":0,"gas":0,"bal":0.03321,"days":0,"spread":0,"streak":0,"rank_m":494039,"pct_m":0.52527},"2024-12":{"txs":0,"uniq":0,"trade":0,"nft":0,"gas":0,"bal":0.03321,"days":0,"spread":0,"streak":0,"rank_m":557320,"pct_m":0.592552},"2025-01":{"txs":0,"uniq":0,"trade":0,"nft":0,"gas":0,"bal":0.03321,"days":0,"spread":0,"streak":0,"rank_m":539594,"pct_m":0.573705},"2025-02":{"txs":0,"uniq":0,"trade":0,"nft":0,"gas":0,"bal":0.03321,"days":0,"spread":0,"streak":0,"rank_m":520758,"pct_m":0.553678},"2025-03":{"txs":0,"uniq":0,"trade":0,"nft":0,"gas":0,"bal":0.03321,"days":0,"spread":0,"streak":0,"rank_m":493851,"pct_m":0.52507},"2025-04":{"txs":0,"uniq":0,"trade":0,"nft":0,"gas":0,"bal":0.03321,"days":0,"spread":0,"streak":0,"rank_m":535825,"pct_m":0.569698},"2025-05":{"txs":0,"uniq":0,"trade":0,"nft":0,"gas":0,"bal":0.03321,"days":0,"spread":0,"streak":0,"rank_m":386209,"pct_m":0.410623},"2025-06":{"txs":0,"uniq":0,"trade":0,"nft":0,"gas":0,"bal":0.03321,"days":0,"spread":0,"streak":0,"rank_m":389669,"pct_m":0.414302},"2025-07":{"txs":0,"uniq":0,"trade":0,"nft":0,"gas":0,"bal":0.03321,"days":0,"spread":0,"streak":0,"rank_m":412213,"pct_m":0.438271},"2025-08":{"txs":0,"uniq":0,"trade":0,"nft":0,"gas":0,"bal":0.03321,"days":0,"spread":0,"streak":0,"rank_m":387899,"pct_m":0.41242},"2025-09":{"txs":0,"uniq":0,"trade":0,"nft":0,"gas":0,"bal":0.03321,"days":0,"spread":0,"streak":0,"rank_m":386971,"pct_m":0.411433},"2025-10":{"txs":0,"uniq":0,"trade":0,"nft":0,"gas":0,"bal":0.03321,"days":0,"spread":0,"streak":0,"rank_m":279600,"pct_m":0.297275}}}