{"wallet":"0xc1fe4b79b00221cbcba7c98b94ccb2e1cc5cd42b","rank":602704,"lifetime":{"months_active":18,"first":"2023-07","last":"2025-10","tx_sum":123,"uniq_sum":84,"trade_sum":0,"nft_sum":37,"gas_sum":0.000812,"avg_balance_eth_mean":0.004963,"streak_best_days":2,"gas_sum_filled":0.000812},"months":{"2023-07":{"txs":0,"uniq":0,"trade":0,"nft":0,"gas":0,"bal":0,"days":0,"spread":0,"streak":0,"rank_m":266600,"pct_m":0.283453},"2023-08":{"txs":0,"uniq":0,"trade":0,"nft":0,"gas":0,"bal":0,"days":0,"spread":0,"streak":0,"rank_m":353771,"pct_m":0.376135},"2023-09":{"txs":0,"uniq":0,"trade":0,"nft":0,"gas":0,"bal":0,"days":0,"spread":0,"streak":0,"rank_m":375105,"pct_m":0.398817},"2023-10":{"txs":22,"uniq":13,"trade":0,"nft":4,"gas":0.000441,"bal":0.003895,"days":1,"spread":0.032258,"streak":1,"rank_m":41375,"pct_m":0.04399,"gas_method":"exact"},"2023-11":{"txs":1,"uniq":1,"trade":0,"nft":1,"gas":0.000014,"bal":0.004819,"days":1,"spread":0.033333,"streak":1,"rank_m":102600,"pct_m":0.109085,"gas_method":"estimated"},"2023-12":{"txs":5,"uniq":5,"trade":0,"nft":1,"gas":0.00013,"bal":0.004127,"days":2,"spread":0.064516,"streak":1,"rank_m":83168,"pct_m":0.088425,"gas_method":"estimated"},"2024-01":{"txs":0,"uniq":0,"trade":0,"nft":0,"gas":0,"bal":0.004127,"days":0,"spread":0,"streak":0,"rank_m":211602,"pct_m":0.224978},"2024-02":{"txs":2,"uniq":1,"trade":0,"nft":1,"gas":0.000027,"bal":0.00211,"days":2,"spread":0.068966,"streak":2,"rank_m":191359,"pct_m":0.203455,"gas_method":"estimated"},"2024-03":{"txs":3,"uniq":2,"trade":0,"nft":0,"gas":0.000061,"bal":0.002891,"days":2,"spread":0.064516,"streak":1,"rank_m":291630,"pct_m":0.310065,"gas_method":"estimated"},"2024-04":{"txs":11,"uniq":8,"trade":0,"nft":2,"gas":0.000028,"bal":0.006167,"days":2,"spread":0.066667,"streak":1,"rank_m":299525,"pct_m":0.318459,"gas_method":"estimated"},"2024-05":{"txs":12,"uniq":8,"trade":0,"nft":8,"gas":0.00001,"bal":0.009619,"days":6,"spread":0.193548,"streak":1,"rank_m":191352,"pct_m":0.203448,"gas_method":"estimated"},"2024-06":{"txs":0,"uniq":0,"trade":0,"nft":0,"gas":0,"bal":0.009619,"days":0,"spread":0,"streak":0,"rank_m":468470,"pct_m":0.498085},"2024-07":{"txs":24,"uniq":13,"trade":0,"nft":9,"gas":0.000003,"bal":0.006701,"days":5,"spread":0.16129,"streak":2,"rank_m":114261,"pct_m":0.121483,"gas_method":"estimated"},"2024-08":{"txs":5,"uniq":5,"trade":0,"nft":7,"gas":0,"bal":0.00482,"days":3,"spread":0.096774,"streak":1,"rank_m":280435,"pct_m":0.298162,"gas_method":"estimated"},"2024-09":{"txs":10,"uniq":5,"trade":0,"nft":1,"gas":0,"bal":0.005218,"days":2,"spread":0.066667,"streak":1,"rank_m":238442,"pct_m":0.253515,"gas_method":"estimated"},"2024-10":{"txs":17,"uniq":12,"trade":0,"nft":2,"gas":0.000001,"bal":0.005983,"days":5,"spread":0.16129,"streak":2,"rank_m":163163,"pct_m":0.173477,"gas_method":"estimated"},"2024-11":{"txs":0,"uniq":0,"trade":0,"nft":0,"gas":0,"bal":0.005983,"days":0,"spread":0,"streak":0,"rank_m":537417,"pct_m":0.57139},"2024-12":{"txs":0,"uniq":0,"trade":0,"nft":0,"gas":0,"bal":0.005983,"days":0,"spread":0,"streak":0,"rank_m":597194,"pct_m":0.634946},"2025-01":{"txs":1,"uniq":1,"trade":0,"nft":0,"gas":0.000026,"bal":0.000015,"days":1,"spread":0.032258,"streak":1,"rank_m":574822,"pct_m":0.61116,"gas_method":"exact"},"2025-02":{"txs":1,"uniq":1,"trade":0,"nft":0,"gas":0.000007,"bal":0.005704,"days":1,"spread":0.035714,"streak":1,"rank_m":447676,"pct_m":0.475976,"gas_method":"exact"},"2025-03":{"txs":2,"uniq":2,"trade":0,"nft":0,"gas":0.000016,"bal":0.009497,"days":1,"spread":0.032258,"streak":1,"rank_m":367898,"pct_m":0.391155,"gas_method":"exact"},"2025-04":{"txs":1,"uniq":1,"trade":0,"nft":0,"gas":0.000006,"bal":0.008586,"days":1,"spread":0.033333,"streak":1,"rank_m":441908,"pct_m":0.469843,"gas_method":"exact"},"2025-05":{"txs":0,"uniq":0,"trade":0,"nft":0,"gas":0,"bal":0.008586,"days":0,"spread":0,"streak":0,"rank_m":493883,"pct_m":0.525104},"2025-06":{"txs":0,"uniq":0,"trade":0,"nft":0,"gas":0,"bal":0.008586,"days":0,"spread":0,"streak":0,"rank_m":495548,"pct_m":0.526874},"2025-07":{"txs":3,"uniq":3,"trade":0,"nft":1,"gas":0.000021,"bal":0.004943,"days":2,"spread":0.064516,"streak":1,"rank_m":323266,"pct_m":0.343701,"gas_method":"estimated"},"2025-08":{"txs":1,"uniq":1,"trade":0,"nft":0,"gas":0.000007,"bal":0.004935,"days":1,"spread":0.032258,"streak":1,"rank_m":398955,"pct_m":0.424175,"gas_method":"estimated"},"2025-09":{"txs":2,"uniq":2,"trade":0,"nft":0,"gas":0.000014,"bal":0.003022,"days":1,"spread":0.033333,"streak":1,"rank_m":408169,"pct_m":0.433972,"gas_method":"estimated"},"2025-10":{"txs":0,"uniq":0,"trade":0,"nft":0,"gas":0,"bal":0.003022,"days":0,"spread":0,"streak":0,"rank_m":477906,"pct_m":0.508117}}}