{"wallet":"0xcea93baee3e532163b303756aa295d11304d22cf","rank":89061,"lifetime":{"months_active":27,"first":"2023-07","last":"2025-10","tx_sum":344,"uniq_sum":182,"trade_sum":11,"nft_sum":43,"gas_sum":0.006019,"avg_balance_eth_mean":0.014173,"streak_best_days":3,"gas_sum_filled":0.006019},"months":{"2023-07":{"txs":0,"uniq":0,"trade":0,"nft":0,"gas":0,"bal":0,"days":0,"spread":0,"streak":0,"rank_m":222881,"pct_m":0.23697},"2023-08":{"txs":26,"uniq":13,"trade":1,"nft":3,"gas":0.00197,"bal":0.000991,"days":2,"spread":0.064516,"streak":2,"rank_m":60489,"pct_m":0.064312,"gas_method":"exact"},"2023-09":{"txs":5,"uniq":3,"trade":0,"nft":5,"gas":0.000041,"bal":0.004913,"days":3,"spread":0.1,"streak":1,"rank_m":65550,"pct_m":0.069693,"gas_method":"exact"},"2023-10":{"txs":24,"uniq":13,"trade":2,"nft":2,"gas":0.000171,"bal":0.004412,"days":2,"spread":0.064516,"streak":1,"rank_m":43264,"pct_m":0.045998,"gas_method":"estimated"},"2023-11":{"txs":16,"uniq":9,"trade":2,"nft":0,"gas":0.000197,"bal":0.004403,"days":1,"spread":0.033333,"streak":1,"rank_m":50758,"pct_m":0.053966,"gas_method":"estimated"},"2023-12":{"txs":2,"uniq":2,"trade":0,"nft":1,"gas":0.000046,"bal":0.095572,"days":1,"spread":0.032258,"streak":1,"rank_m":78993,"pct_m":0.083986,"gas_method":"estimated"},"2024-01":{"txs":10,"uniq":7,"trade":0,"nft":5,"gas":0.000271,"bal":0.120125,"days":3,"spread":0.096774,"streak":1,"rank_m":30943,"pct_m":0.032898,"gas_method":"exact"},"2024-02":{"txs":15,"uniq":4,"trade":0,"nft":6,"gas":0.000453,"bal":0.003079,"days":4,"spread":0.137931,"streak":2,"rank_m":70476,"pct_m":0.07493,"gas_method":"exact"},"2024-03":{"txs":44,"uniq":25,"trade":5,"nft":10,"gas":0.001813,"bal":0.019522,"days":9,"spread":0.290323,"streak":2,"rank_m":20789,"pct_m":0.022102,"gas_method":"exact"},"2024-04":{"txs":10,"uniq":8,"trade":0,"nft":1,"gas":0.000012,"bal":0.004305,"days":4,"spread":0.133333,"streak":1,"rank_m":267675,"pct_m":0.284596,"gas_method":"exact"},"2024-05":{"txs":4,"uniq":2,"trade":0,"nft":3,"gas":0.000003,"bal":0.007054,"days":3,"spread":0.096774,"streak":1,"rank_m":315952,"pct_m":0.335925,"gas_method":"estimated"},"2024-06":{"txs":51,"uniq":17,"trade":0,"nft":4,"gas":0.000001,"bal":0.011952,"days":4,"spread":0.133333,"streak":2,"rank_m":96245,"pct_m":0.102328,"gas_method":"estimated"},"2024-07":{"txs":17,"uniq":7,"trade":0,"nft":0,"gas":0.000016,"bal":0.004502,"days":3,"spread":0.096774,"streak":2,"rank_m":168973,"pct_m":0.179654,"gas_method":"exact"},"2024-08":{"txs":1,"uniq":0,"trade":0,"nft":0,"gas":0,"bal":0.004725,"days":1,"spread":0.032258,"streak":1,"rank_m":432450,"pct_m":0.459788,"gas_method":"estimated"},"2024-09":{"txs":7,"uniq":6,"trade":0,"nft":0,"gas":0.000001,"bal":0.00472,"days":3,"spread":0.1,"streak":1,"rank_m":195056,"pct_m":0.207386,"gas_method":"exact"},"2024-10":{"txs":1,"uniq":1,"trade":0,"nft":0,"gas":0,"bal":0.004716,"days":1,"spread":0.032258,"streak":1,"rank_m":429267,"pct_m":0.456403,"gas_method":"estimated"},"2024-11":{"txs":11,"uniq":9,"trade":1,"nft":2,"gas":0.000025,"bal":0.003828,"days":5,"spread":0.166667,"streak":1,"rank_m":211632,"pct_m":0.22501,"gas_method":"exact"},"2024-12":{"txs":18,"uniq":8,"trade":0,"nft":0,"gas":0.000353,"bal":0.022716,"days":4,"spread":0.129032,"streak":2,"rank_m":208502,"pct_m":0.221682,"gas_method":"exact"},"2025-01":{"txs":6,"uniq":5,"trade":0,"nft":0,"gas":0.000156,"bal":0.013681,"days":3,"spread":0.096774,"streak":1,"rank_m":311872,"pct_m":0.331587,"gas_method":"exact"},"2025-02":{"txs":6,"uniq":5,"trade":0,"nft":0,"gas":0.000035,"bal":0.016207,"days":2,"spread":0.071429,"streak":1,"rank_m":271812,"pct_m":0.288994,"gas_method":"exact"},"2025-03":{"txs":2,"uniq":1,"trade":0,"nft":0,"gas":0.000008,"bal":0.011763,"days":2,"spread":0.064516,"streak":1,"rank_m":367868,"pct_m":0.391123,"gas_method":"exact"},"2025-04":{"txs":25,"uniq":13,"trade":0,"nft":0,"gas":0.000145,"bal":0.011293,"days":8,"spread":0.266667,"streak":3,"rank_m":51810,"pct_m":0.055084,"gas_method":"exact"},"2025-05":{"txs":4,"uniq":4,"trade":0,"nft":0,"gas":0.000028,"bal":0.006539,"days":3,"spread":0.096774,"streak":1,"rank_m":242062,"pct_m":0.257364,"gas_method":"estimated"},"2025-06":{"txs":3,"uniq":2,"trade":0,"nft":0,"gas":0.000021,"bal":0.003954,"days":2,"spread":0.066667,"streak":1,"rank_m":385797,"pct_m":0.410185,"gas_method":"estimated"},"2025-07":{"txs":12,"uniq":6,"trade":0,"nft":0,"gas":0.000084,"bal":0.00322,"days":7,"spread":0.225806,"streak":2,"rank_m":298479,"pct_m":0.317347,"gas_method":"estimated"},"2025-08":{"txs":4,"uniq":3,"trade":0,"nft":0,"gas":0.000028,"bal":0.002889,"days":1,"spread":0.032258,"streak":1,"rank_m":396938,"pct_m":0.422031,"gas_method":"estimated"},"2025-09":{"txs":3,"uniq":2,"trade":0,"nft":1,"gas":0.000021,"bal":0.002886,"days":2,"spread":0.066667,"streak":2,"rank_m":315312,"pct_m":0.335244,"gas_method":"estimated"},"2025-10":{"txs":17,"uniq":7,"trade":0,"nft":0,"gas":0.00012,"bal":0.002866,"days":2,"spread":0.064516,"streak":1,"rank_m":212055,"pct_m":0.22546,"gas_method":"estimated"}}}