{"wallet":"0xce4d04c0bb7d14daf9cb8eb653461c79636db43a","rank":247873,"lifetime":{"months_active":24,"first":"2023-07","last":"2025-10","tx_sum":201,"uniq_sum":112,"trade_sum":4,"nft_sum":44,"gas_sum":0.001944,"avg_balance_eth_mean":0.006426,"streak_best_days":4,"gas_sum_filled":0.001944},"months":{"2023-07":{"txs":0,"uniq":0,"trade":0,"nft":0,"gas":0,"bal":0,"days":0,"spread":0,"streak":0,"rank_m":224193,"pct_m":0.238365},"2023-08":{"txs":0,"uniq":0,"trade":0,"nft":0,"gas":0,"bal":0,"days":0,"spread":0,"streak":0,"rank_m":316326,"pct_m":0.336322},"2023-09":{"txs":10,"uniq":6,"trade":0,"nft":3,"gas":0.000261,"bal":0.001656,"days":4,"spread":0.133333,"streak":1,"rank_m":57173,"pct_m":0.060786,"gas_method":"exact"},"2023-10":{"txs":4,"uniq":2,"trade":0,"nft":3,"gas":0.000108,"bal":0.000596,"days":1,"spread":0.032258,"streak":1,"rank_m":89954,"pct_m":0.09564,"gas_method":"exact"},"2023-11":{"txs":4,"uniq":3,"trade":0,"nft":0,"gas":0.000105,"bal":0.003036,"days":1,"spread":0.033333,"streak":1,"rank_m":105198,"pct_m":0.111847,"gas_method":"estimated"},"2023-12":{"txs":1,"uniq":1,"trade":0,"nft":1,"gas":0.000049,"bal":0.004688,"days":1,"spread":0.032258,"streak":1,"rank_m":123739,"pct_m":0.13156,"gas_method":"estimated"},"2024-01":{"txs":1,"uniq":1,"trade":0,"nft":0,"gas":0.000046,"bal":0.004268,"days":1,"spread":0.032258,"streak":1,"rank_m":156805,"pct_m":0.166717,"gas_method":"estimated"},"2024-02":{"txs":0,"uniq":0,"trade":0,"nft":0,"gas":0,"bal":0.004268,"days":0,"spread":0,"streak":0,"rank_m":277325,"pct_m":0.294856},"2024-03":{"txs":2,"uniq":2,"trade":0,"nft":1,"gas":0.000078,"bal":0.001942,"days":2,"spread":0.064516,"streak":1,"rank_m":290957,"pct_m":0.30935,"gas_method":"estimated"},"2024-04":{"txs":5,"uniq":2,"trade":0,"nft":2,"gas":0.000024,"bal":0.000785,"days":4,"spread":0.133333,"streak":3,"rank_m":365084,"pct_m":0.388163,"gas_method":"estimated"},"2024-05":{"txs":16,"uniq":10,"trade":0,"nft":3,"gas":0.000025,"bal":0.002387,"days":3,"spread":0.096774,"streak":2,"rank_m":256753,"pct_m":0.272983,"gas_method":"estimated"},"2024-06":{"txs":2,"uniq":2,"trade":0,"nft":2,"gas":0,"bal":0.002765,"days":2,"spread":0.066667,"streak":1,"rank_m":373200,"pct_m":0.396792,"gas_method":"estimated"},"2024-07":{"txs":12,"uniq":8,"trade":0,"nft":12,"gas":0.000003,"bal":0.000964,"days":4,"spread":0.129032,"streak":3,"rank_m":230235,"pct_m":0.244789,"gas_method":"estimated"},"2024-08":{"txs":1,"uniq":1,"trade":0,"nft":1,"gas":0,"bal":0.00037,"days":1,"spread":0.032258,"streak":1,"rank_m":472829,"pct_m":0.502719,"gas_method":"estimated"},"2024-09":{"txs":2,"uniq":2,"trade":0,"nft":1,"gas":0,"bal":0.000258,"days":2,"spread":0.066667,"streak":1,"rank_m":408615,"pct_m":0.434446,"gas_method":"estimated"},"2024-10":{"txs":13,"uniq":10,"trade":0,"nft":8,"gas":0.000002,"bal":0.003911,"days":9,"spread":0.290323,"streak":2,"rank_m":154979,"pct_m":0.164775,"gas_method":"estimated"},"2024-11":{"txs":10,"uniq":7,"trade":0,"nft":0,"gas":0.000023,"bal":0.009707,"days":3,"spread":0.1,"streak":1,"rank_m":264182,"pct_m":0.280882,"gas_method":"exact"},"2024-12":{"txs":19,"uniq":14,"trade":0,"nft":0,"gas":0.000419,"bal":0.041793,"days":3,"spread":0.096774,"streak":1,"rank_m":202769,"pct_m":0.215587,"gas_method":"exact"},"2025-01":{"txs":5,"uniq":5,"trade":0,"nft":0,"gas":0.00013,"bal":0.026754,"days":2,"spread":0.064516,"streak":1,"rank_m":324096,"pct_m":0.344584,"gas_method":"exact"},"2025-02":{"txs":2,"uniq":2,"trade":2,"nft":0,"gas":0.000014,"bal":0.006528,"days":2,"spread":0.071429,"streak":1,"rank_m":319765,"pct_m":0.339979,"gas_method":"exact"},"2025-03":{"txs":13,"uniq":12,"trade":2,"nft":2,"gas":0.000103,"bal":0.003898,"days":5,"spread":0.16129,"streak":1,"rank_m":144445,"pct_m":0.153575,"gas_method":"exact"},"2025-04":{"txs":2,"uniq":2,"trade":0,"nft":0,"gas":0.000012,"bal":0.001895,"days":1,"spread":0.033333,"streak":1,"rank_m":449425,"pct_m":0.477836,"gas_method":"exact"},"2025-05":{"txs":1,"uniq":1,"trade":0,"nft":0,"gas":0.000007,"bal":0.009494,"days":1,"spread":0.032258,"streak":1,"rank_m":312998,"pct_m":0.332784,"gas_method":"estimated"},"2025-06":{"txs":1,"uniq":1,"trade":0,"nft":0,"gas":0.000007,"bal":0.010094,"days":1,"spread":0.033333,"streak":1,"rank_m":337359,"pct_m":0.358685,"gas_method":"estimated"},"2025-07":{"txs":0,"uniq":0,"trade":0,"nft":0,"gas":0,"bal":0.010094,"days":0,"spread":0,"streak":0,"rank_m":495974,"pct_m":0.527327},"2025-08":{"txs":4,"uniq":4,"trade":0,"nft":0,"gas":0.000028,"bal":0.008978,"days":2,"spread":0.064516,"streak":1,"rank_m":283942,"pct_m":0.301891,"gas_method":"estimated"},"2025-09":{"txs":26,"uniq":9,"trade":0,"nft":3,"gas":0.000183,"bal":0.009482,"days":7,"spread":0.233333,"streak":3,"rank_m":78074,"pct_m":0.083009,"gas_method":"estimated"},"2025-10":{"txs":45,"uniq":5,"trade":0,"nft":2,"gas":0.000317,"bal":0.009324,"days":10,"spread":0.322581,"streak":4,"rank_m":36065,"pct_m":0.038344,"gas_method":"estimated"}}}