{"wallet":"0xce0942418c855f7d7ef4d7e30fd593817e45fb00","rank":16259,"lifetime":{"months_active":20,"first":"2023-07","last":"2025-10","tx_sum":1213,"uniq_sum":268,"trade_sum":160,"nft_sum":54,"gas_sum":0.011781,"avg_balance_eth_mean":0.020714,"streak_best_days":12,"gas_sum_filled":0.011781},"months":{"2023-07":{"txs":0,"uniq":0,"trade":0,"nft":0,"gas":0,"bal":0,"days":0,"spread":0,"streak":0,"rank_m":225115,"pct_m":0.239345},"2023-08":{"txs":0,"uniq":0,"trade":0,"nft":0,"gas":0,"bal":0,"days":0,"spread":0,"streak":0,"rank_m":317141,"pct_m":0.337189},"2023-09":{"txs":0,"uniq":0,"trade":0,"nft":0,"gas":0,"bal":0,"days":0,"spread":0,"streak":0,"rank_m":334517,"pct_m":0.355663},"2023-10":{"txs":0,"uniq":0,"trade":0,"nft":0,"gas":0,"bal":0,"days":0,"spread":0,"streak":0,"rank_m":352921,"pct_m":0.375231},"2023-11":{"txs":0,"uniq":0,"trade":0,"nft":0,"gas":0,"bal":0,"days":0,"spread":0,"streak":0,"rank_m":369595,"pct_m":0.392959},"2023-12":{"txs":88,"uniq":16,"trade":0,"nft":3,"gas":0.001745,"bal":0.002464,"days":13,"spread":0.419355,"streak":6,"rank_m":27231,"pct_m":0.028951,"gas_method":"estimated"},"2024-01":{"txs":88,"uniq":15,"trade":0,"nft":1,"gas":0.002195,"bal":0.003294,"days":19,"spread":0.612903,"streak":12,"rank_m":12245,"pct_m":0.013018,"gas_method":"exact"},"2024-02":{"txs":71,"uniq":10,"trade":2,"nft":6,"gas":0.000125,"bal":0.020519,"days":13,"spread":0.448276,"streak":3,"rank_m":9653,"pct_m":0.010262,"gas_method":"exact"},"2024-03":{"txs":181,"uniq":27,"trade":1,"nft":12,"gas":0.00047,"bal":0.025183,"days":18,"spread":0.580645,"streak":8,"rank_m":6821,"pct_m":0.007251,"gas_method":"exact"},"2024-04":{"txs":304,"uniq":36,"trade":42,"nft":12,"gas":0.000013,"bal":0.014277,"days":21,"spread":0.7,"streak":7,"rank_m":10157,"pct_m":0.010798,"gas_method":"exact"},"2024-05":{"txs":132,"uniq":23,"trade":6,"nft":3,"gas":0.000219,"bal":0.033839,"days":16,"spread":0.516129,"streak":4,"rank_m":5800,"pct_m":0.006166,"gas_method":"exact"},"2024-06":{"txs":75,"uniq":18,"trade":30,"nft":5,"gas":0.005834,"bal":0.097132,"days":8,"spread":0.266667,"streak":2,"rank_m":12555,"pct_m":0.013348,"gas_method":"exact"},"2024-07":{"txs":92,"uniq":19,"trade":74,"nft":4,"gas":0.000009,"bal":0.077043,"days":13,"spread":0.419355,"streak":4,"rank_m":8085,"pct_m":0.008595,"gas_method":"estimated"},"2024-08":{"txs":3,"uniq":2,"trade":0,"nft":1,"gas":0,"bal":0.010716,"days":1,"spread":0.032258,"streak":1,"rank_m":329370,"pct_m":0.350191,"gas_method":"estimated"},"2024-09":{"txs":23,"uniq":13,"trade":0,"nft":2,"gas":0.000001,"bal":0.066808,"days":3,"spread":0.1,"streak":1,"rank_m":75573,"pct_m":0.08035,"gas_method":"estimated"},"2024-10":{"txs":47,"uniq":17,"trade":0,"nft":4,"gas":0.000003,"bal":0.063388,"days":6,"spread":0.193548,"streak":1,"rank_m":64132,"pct_m":0.068185,"gas_method":"estimated"},"2024-11":{"txs":24,"uniq":15,"trade":0,"nft":0,"gas":0.000053,"bal":0.002895,"days":1,"spread":0.033333,"streak":1,"rank_m":248574,"pct_m":0.264287,"gas_method":"exact"},"2024-12":{"txs":25,"uniq":13,"trade":0,"nft":0,"gas":0.000507,"bal":0.003637,"days":4,"spread":0.129032,"streak":1,"rank_m":243193,"pct_m":0.258566,"gas_method":"exact"},"2025-01":{"txs":10,"uniq":8,"trade":0,"nft":0,"gas":0.00026,"bal":0.015661,"days":1,"spread":0.032258,"streak":1,"rank_m":283655,"pct_m":0.301586,"gas_method":"exact"},"2025-02":{"txs":3,"uniq":2,"trade":0,"nft":0,"gas":0.000021,"bal":0.025393,"days":1,"spread":0.035714,"streak":1,"rank_m":348226,"pct_m":0.370239,"gas_method":"exact"},"2025-03":{"txs":0,"uniq":0,"trade":0,"nft":0,"gas":0,"bal":0.025393,"days":0,"spread":0,"streak":0,"rank_m":494004,"pct_m":0.525233},"2025-04":{"txs":4,"uniq":3,"trade":0,"nft":0,"gas":0.000024,"bal":0.025317,"days":1,"spread":0.033333,"streak":1,"rank_m":315746,"pct_m":0.335706,"gas_method":"exact"},"2025-05":{"txs":6,"uniq":4,"trade":0,"nft":0,"gas":0.000042,"bal":0.015874,"days":1,"spread":0.032258,"streak":1,"rank_m":191941,"pct_m":0.204074,"gas_method":"estimated"},"2025-06":{"txs":0,"uniq":0,"trade":0,"nft":0,"gas":0,"bal":0.015874,"days":0,"spread":0,"streak":0,"rank_m":427512,"pct_m":0.454537},"2025-07":{"txs":0,"uniq":0,"trade":0,"nft":0,"gas":0,"bal":0.015874,"days":0,"spread":0,"streak":0,"rank_m":451690,"pct_m":0.480244},"2025-08":{"txs":11,"uniq":8,"trade":0,"nft":0,"gas":0.000077,"bal":0.009764,"days":1,"spread":0.032258,"streak":1,"rank_m":242498,"pct_m":0.257827,"gas_method":"estimated"},"2025-09":{"txs":21,"uniq":14,"trade":4,"nft":1,"gas":0.000148,"bal":0.007923,"days":3,"spread":0.1,"streak":1,"rank_m":119198,"pct_m":0.126732,"gas_method":"estimated"},"2025-10":{"txs":5,"uniq":5,"trade":1,"nft":0,"gas":0.000035,"bal":0.001718,"days":1,"spread":0.032258,"streak":1,"rank_m":214806,"pct_m":0.228385,"gas_method":"estimated"}}}