{"wallet":"0xce15fdfee672775f98c9624873e9b3a68b060958","rank":271021,"lifetime":{"months_active":19,"first":"2023-07","last":"2025-10","tx_sum":209,"uniq_sum":127,"trade_sum":8,"nft_sum":28,"gas_sum":0.000511,"avg_balance_eth_mean":0.005278,"streak_best_days":6,"gas_sum_filled":0.000511},"months":{"2023-07":{"txs":0,"uniq":0,"trade":0,"nft":0,"gas":0,"bal":0,"days":0,"spread":0,"streak":0,"rank_m":224953,"pct_m":0.239173},"2023-08":{"txs":0,"uniq":0,"trade":0,"nft":0,"gas":0,"bal":0,"days":0,"spread":0,"streak":0,"rank_m":316997,"pct_m":0.337036},"2023-09":{"txs":0,"uniq":0,"trade":0,"nft":0,"gas":0,"bal":0,"days":0,"spread":0,"streak":0,"rank_m":334352,"pct_m":0.355488},"2023-10":{"txs":0,"uniq":0,"trade":0,"nft":0,"gas":0,"bal":0,"days":0,"spread":0,"streak":0,"rank_m":352762,"pct_m":0.375062},"2023-11":{"txs":0,"uniq":0,"trade":0,"nft":0,"gas":0,"bal":0,"days":0,"spread":0,"streak":0,"rank_m":369440,"pct_m":0.392794},"2023-12":{"txs":0,"uniq":0,"trade":0,"nft":0,"gas":0,"bal":0,"days":0,"spread":0,"streak":0,"rank_m":391288,"pct_m":0.416023},"2024-01":{"txs":0,"uniq":0,"trade":0,"nft":0,"gas":0,"bal":0,"days":0,"spread":0,"streak":0,"rank_m":408576,"pct_m":0.434404},"2024-02":{"txs":2,"uniq":1,"trade":0,"nft":0,"gas":0.000023,"bal":0.000003,"days":1,"spread":0.034483,"streak":1,"rank_m":280279,"pct_m":0.297997,"gas_method":"estimated"},"2024-03":{"txs":2,"uniq":1,"trade":0,"nft":0,"gas":0.000034,"bal":0.000903,"days":1,"spread":0.032258,"streak":1,"rank_m":341261,"pct_m":0.362834,"gas_method":"estimated"},"2024-04":{"txs":1,"uniq":1,"trade":0,"nft":0,"gas":0.000002,"bal":0.002246,"days":1,"spread":0.033333,"streak":1,"rank_m":419307,"pct_m":0.445814,"gas_method":"estimated"},"2024-05":{"txs":0,"uniq":0,"trade":0,"nft":0,"gas":0,"bal":0.002246,"days":0,"spread":0,"streak":0,"rank_m":489909,"pct_m":0.520879},"2024-06":{"txs":1,"uniq":1,"trade":0,"nft":0,"gas":0,"bal":0.002244,"days":1,"spread":0.033333,"streak":1,"rank_m":445816,"pct_m":0.473998,"gas_method":"estimated"},"2024-07":{"txs":19,"uniq":10,"trade":2,"nft":3,"gas":0.000001,"bal":0.004597,"days":9,"spread":0.290323,"streak":3,"rank_m":70082,"pct_m":0.074511,"gas_method":"exact"},"2024-08":{"txs":42,"uniq":28,"trade":0,"nft":16,"gas":0.000003,"bal":0.013392,"days":13,"spread":0.419355,"streak":6,"rank_m":36225,"pct_m":0.038514,"gas_method":"estimated"},"2024-09":{"txs":40,"uniq":18,"trade":4,"nft":5,"gas":0.000001,"bal":0.012327,"days":15,"spread":0.5,"streak":4,"rank_m":21261,"pct_m":0.022604,"gas_method":"estimated"},"2024-10":{"txs":29,"uniq":17,"trade":2,"nft":4,"gas":0,"bal":0.012218,"days":12,"spread":0.387097,"streak":3,"rank_m":37008,"pct_m":0.039347,"gas_method":"exact"},"2024-11":{"txs":38,"uniq":21,"trade":0,"nft":0,"gas":0.000087,"bal":0.011835,"days":12,"spread":0.4,"streak":3,"rank_m":73787,"pct_m":0.078451,"gas_method":"exact"},"2024-12":{"txs":5,"uniq":3,"trade":0,"nft":0,"gas":0.00011,"bal":0.011225,"days":2,"spread":0.064516,"streak":1,"rank_m":392037,"pct_m":0.41682,"gas_method":"exact"},"2025-01":{"txs":2,"uniq":2,"trade":0,"nft":0,"gas":0.000052,"bal":0.01119,"days":2,"spread":0.064516,"streak":1,"rank_m":414188,"pct_m":0.440371,"gas_method":"exact"},"2025-02":{"txs":5,"uniq":3,"trade":0,"nft":0,"gas":0.000035,"bal":0.010738,"days":4,"spread":0.142857,"streak":1,"rank_m":280035,"pct_m":0.297737,"gas_method":"exact"},"2025-03":{"txs":4,"uniq":3,"trade":0,"nft":0,"gas":0.000032,"bal":0.008934,"days":4,"spread":0.129032,"streak":2,"rank_m":264336,"pct_m":0.281046,"gas_method":"exact"},"2025-04":{"txs":2,"uniq":2,"trade":0,"nft":0,"gas":0.000012,"bal":0.008684,"days":2,"spread":0.066667,"streak":1,"rank_m":382462,"pct_m":0.406639,"gas_method":"exact"},"2025-05":{"txs":1,"uniq":1,"trade":0,"nft":0,"gas":0.000007,"bal":0.00859,"days":1,"spread":0.032258,"streak":1,"rank_m":321133,"pct_m":0.341433,"gas_method":"estimated"},"2025-06":{"txs":2,"uniq":2,"trade":0,"nft":0,"gas":0.000014,"bal":0.008589,"days":2,"spread":0.066667,"streak":1,"rank_m":317921,"pct_m":0.338018,"gas_method":"estimated"},"2025-07":{"txs":0,"uniq":0,"trade":0,"nft":0,"gas":0,"bal":0.008589,"days":0,"spread":0,"streak":0,"rank_m":512357,"pct_m":0.544746},"2025-08":{"txs":7,"uniq":7,"trade":0,"nft":0,"gas":0.000049,"bal":0.007085,"days":2,"spread":0.064516,"streak":2,"rank_m":247745,"pct_m":0.263406,"gas_method":"estimated"},"2025-09":{"txs":5,"uniq":5,"trade":0,"nft":0,"gas":0.000035,"bal":0.001073,"days":2,"spread":0.066667,"streak":1,"rank_m":412962,"pct_m":0.439068,"gas_method":"estimated"},"2025-10":{"txs":2,"uniq":1,"trade":0,"nft":0,"gas":0.000014,"bal":0.001072,"days":1,"spread":0.032258,"streak":1,"rank_m":364945,"pct_m":0.388015,"gas_method":"estimated"}}}