{"wallet":"0xcecb5bd64538c7da6b5f5e55459dda93447d1b84","rank":36206,"lifetime":{"months_active":19,"first":"2023-07","last":"2025-10","tx_sum":1359,"uniq_sum":453,"trade_sum":42,"nft_sum":221,"gas_sum":0.005417,"avg_balance_eth_mean":0.003728,"streak_best_days":20,"gas_sum_filled":0.005417},"months":{"2023-07":{"txs":0,"uniq":0,"trade":0,"nft":0,"gas":0,"bal":0,"days":0,"spread":0,"streak":0,"rank_m":222413,"pct_m":0.236472},"2023-08":{"txs":0,"uniq":0,"trade":0,"nft":0,"gas":0,"bal":0,"days":0,"spread":0,"streak":0,"rank_m":314762,"pct_m":0.33466},"2023-09":{"txs":0,"uniq":0,"trade":0,"nft":0,"gas":0,"bal":0,"days":0,"spread":0,"streak":0,"rank_m":331831,"pct_m":0.352808},"2023-10":{"txs":0,"uniq":0,"trade":0,"nft":0,"gas":0,"bal":0,"days":0,"spread":0,"streak":0,"rank_m":350179,"pct_m":0.372316},"2023-11":{"txs":0,"uniq":0,"trade":0,"nft":0,"gas":0,"bal":0,"days":0,"spread":0,"streak":0,"rank_m":366904,"pct_m":0.390098},"2023-12":{"txs":0,"uniq":0,"trade":0,"nft":0,"gas":0,"bal":0,"days":0,"spread":0,"streak":0,"rank_m":388869,"pct_m":0.413451},"2024-01":{"txs":0,"uniq":0,"trade":0,"nft":0,"gas":0,"bal":0,"days":0,"spread":0,"streak":0,"rank_m":406177,"pct_m":0.431854},"2024-02":{"txs":0,"uniq":0,"trade":0,"nft":0,"gas":0,"bal":0,"days":0,"spread":0,"streak":0,"rank_m":451329,"pct_m":0.47986},"2024-03":{"txs":0,"uniq":0,"trade":0,"nft":0,"gas":0,"bal":0,"days":0,"spread":0,"streak":0,"rank_m":520798,"pct_m":0.553721},"2024-04":{"txs":34,"uniq":11,"trade":0,"nft":5,"gas":0.000045,"bal":0.002289,"days":14,"spread":0.466667,"streak":7,"rank_m":167428,"pct_m":0.178011,"gas_method":"estimated"},"2024-05":{"txs":213,"uniq":59,"trade":16,"nft":39,"gas":0.000094,"bal":0.000982,"days":20,"spread":0.645161,"streak":10,"rank_m":74973,"pct_m":0.079712,"gas_method":"estimated"},"2024-06":{"txs":203,"uniq":54,"trade":2,"nft":47,"gas":0.000007,"bal":0.002261,"days":26,"spread":0.866667,"streak":15,"rank_m":18884,"pct_m":0.020077,"gas_method":"exact"},"2024-07":{"txs":101,"uniq":37,"trade":0,"nft":28,"gas":0.000002,"bal":0.000768,"days":23,"spread":0.741935,"streak":11,"rank_m":41304,"pct_m":0.043914,"gas_method":"exact"},"2024-08":{"txs":120,"uniq":47,"trade":1,"nft":34,"gas":0.000018,"bal":0.000723,"days":21,"spread":0.677419,"streak":9,"rank_m":32149,"pct_m":0.03418,"gas_method":"exact"},"2024-09":{"txs":15,"uniq":8,"trade":0,"nft":10,"gas":0,"bal":0.000277,"days":6,"spread":0.2,"streak":2,"rank_m":239452,"pct_m":0.254589,"gas_method":"estimated"},"2024-10":{"txs":83,"uniq":39,"trade":3,"nft":24,"gas":0.000001,"bal":0.000795,"days":16,"spread":0.516129,"streak":5,"rank_m":52865,"pct_m":0.056206,"gas_method":"exact"},"2024-11":{"txs":27,"uniq":10,"trade":0,"nft":1,"gas":0.000062,"bal":0.000437,"days":11,"spread":0.366667,"streak":5,"rank_m":172165,"pct_m":0.183048,"gas_method":"exact"},"2024-12":{"txs":24,"uniq":9,"trade":0,"nft":0,"gas":0.000507,"bal":0.005881,"days":9,"spread":0.290323,"streak":3,"rank_m":174189,"pct_m":0.1852,"gas_method":"exact"},"2025-01":{"txs":43,"uniq":16,"trade":0,"nft":5,"gas":0.001117,"bal":0.023052,"days":10,"spread":0.322581,"streak":2,"rank_m":53299,"pct_m":0.056667,"gas_method":"exact"},"2025-02":{"txs":201,"uniq":57,"trade":7,"nft":14,"gas":0.001394,"bal":0.009318,"days":24,"spread":0.857143,"streak":12,"rank_m":7265,"pct_m":0.007723,"gas_method":"exact"},"2025-03":{"txs":131,"uniq":33,"trade":12,"nft":7,"gas":0.001035,"bal":0.001232,"days":24,"spread":0.774194,"streak":8,"rank_m":31794,"pct_m":0.033803,"gas_method":"exact"},"2025-04":{"txs":20,"uniq":11,"trade":0,"nft":3,"gas":0.000121,"bal":0.001992,"days":7,"spread":0.233333,"streak":2,"rank_m":115560,"pct_m":0.122864,"gas_method":"exact"},"2025-05":{"txs":5,"uniq":4,"trade":0,"nft":0,"gas":0.000035,"bal":0.002506,"days":2,"spread":0.064516,"streak":1,"rank_m":324356,"pct_m":0.34486,"gas_method":"estimated"},"2025-06":{"txs":20,"uniq":11,"trade":0,"nft":1,"gas":0.000141,"bal":0.00251,"days":3,"spread":0.1,"streak":1,"rank_m":251873,"pct_m":0.267795,"gas_method":"estimated"},"2025-07":{"txs":41,"uniq":18,"trade":0,"nft":2,"gas":0.000289,"bal":0.011095,"days":9,"spread":0.290323,"streak":5,"rank_m":49903,"pct_m":0.053057,"gas_method":"estimated"},"2025-08":{"txs":30,"uniq":13,"trade":0,"nft":0,"gas":0.000211,"bal":0.018457,"days":8,"spread":0.258065,"streak":4,"rank_m":61207,"pct_m":0.065075,"gas_method":"estimated"},"2025-09":{"txs":30,"uniq":10,"trade":0,"nft":1,"gas":0.000211,"bal":0.011754,"days":18,"spread":0.6,"streak":9,"rank_m":37645,"pct_m":0.040024,"gas_method":"estimated"},"2025-10":{"txs":18,"uniq":6,"trade":1,"nft":0,"gas":0.000127,"bal":0.008068,"days":14,"spread":0.451613,"streak":8,"rank_m":39450,"pct_m":0.041943,"gas_method":"estimated"}}}