{"wallet":"0xcec0ed08f54b7a468e4ba085badf33be63e6d6f1","rank":41590,"lifetime":{"months_active":25,"first":"2023-07","last":"2025-10","tx_sum":728,"uniq_sum":205,"trade_sum":2,"nft_sum":45,"gas_sum":0.008592,"avg_balance_eth_mean":0.009162,"streak_best_days":76,"gas_sum_filled":0.008592},"months":{"2023-07":{"txs":3,"uniq":2,"trade":0,"nft":1,"gas":0.000067,"bal":0.003907,"days":1,"spread":0.032258,"streak":1,"rank_m":19233,"pct_m":0.020448,"gas_method":"estimated"},"2023-08":{"txs":18,"uniq":16,"trade":0,"nft":12,"gas":0.003242,"bal":0.004352,"days":9,"spread":0.290323,"streak":2,"rank_m":40461,"pct_m":0.043018,"gas_method":"exact"},"2023-09":{"txs":5,"uniq":4,"trade":0,"nft":2,"gas":0.000101,"bal":0.004231,"days":2,"spread":0.066667,"streak":1,"rank_m":70551,"pct_m":0.07501,"gas_method":"exact"},"2023-10":{"txs":8,"uniq":4,"trade":0,"nft":3,"gas":0.000009,"bal":0.009043,"days":4,"spread":0.129032,"streak":1,"rank_m":46061,"pct_m":0.048972,"gas_method":"exact"},"2023-11":{"txs":0,"uniq":0,"trade":0,"nft":0,"gas":0,"bal":0.009043,"days":0,"spread":0,"streak":0,"rank_m":166767,"pct_m":0.177309},"2023-12":{"txs":1,"uniq":1,"trade":0,"nft":0,"gas":0.000006,"bal":0.006464,"days":1,"spread":0.032258,"streak":1,"rank_m":132788,"pct_m":0.141182,"gas_method":"estimated"},"2024-01":{"txs":11,"uniq":6,"trade":2,"nft":0,"gas":0.000466,"bal":0.001513,"days":4,"spread":0.129032,"streak":1,"rank_m":53067,"pct_m":0.056421,"gas_method":"exact"},"2024-02":{"txs":0,"uniq":0,"trade":0,"nft":0,"gas":0,"bal":0.001513,"days":0,"spread":0,"streak":0,"rank_m":287888,"pct_m":0.306087},"2024-03":{"txs":0,"uniq":0,"trade":0,"nft":0,"gas":0,"bal":0.001513,"days":0,"spread":0,"streak":0,"rank_m":380457,"pct_m":0.404508},"2024-04":{"txs":4,"uniq":4,"trade":0,"nft":2,"gas":0.000002,"bal":0.001293,"days":3,"spread":0.1,"streak":1,"rank_m":374433,"pct_m":0.398103,"gas_method":"estimated"},"2024-05":{"txs":4,"uniq":4,"trade":0,"nft":4,"gas":0.000001,"bal":0.002953,"days":3,"spread":0.096774,"streak":1,"rank_m":328680,"pct_m":0.349457,"gas_method":"estimated"},"2024-06":{"txs":8,"uniq":5,"trade":0,"nft":4,"gas":0,"bal":0.003631,"days":7,"spread":0.233333,"streak":2,"rank_m":223550,"pct_m":0.237681,"gas_method":"estimated"},"2024-07":{"txs":21,"uniq":3,"trade":0,"nft":0,"gas":0.000001,"bal":0.003393,"days":19,"spread":0.612903,"streak":4,"rank_m":150532,"pct_m":0.160047,"gas_method":"exact"},"2024-08":{"txs":22,"uniq":1,"trade":0,"nft":0,"gas":0,"bal":0.002585,"days":22,"spread":0.709677,"streak":6,"rank_m":180016,"pct_m":0.191395,"gas_method":"exact"},"2024-09":{"txs":16,"uniq":3,"trade":0,"nft":2,"gas":0,"bal":0.002579,"days":14,"spread":0.466667,"streak":3,"rank_m":120823,"pct_m":0.12846,"gas_method":"exact"},"2024-10":{"txs":9,"uniq":3,"trade":0,"nft":1,"gas":0,"bal":0.002571,"days":7,"spread":0.225806,"streak":2,"rank_m":219942,"pct_m":0.233845,"gas_method":"exact"},"2024-11":{"txs":3,"uniq":3,"trade":0,"nft":0,"gas":0.000007,"bal":0.002556,"days":2,"spread":0.066667,"streak":1,"rank_m":400485,"pct_m":0.425802,"gas_method":"exact"},"2024-12":{"txs":33,"uniq":14,"trade":0,"nft":2,"gas":0.000617,"bal":0.002838,"days":15,"spread":0.483871,"streak":5,"rank_m":111564,"pct_m":0.118616,"gas_method":"exact"},"2025-01":{"txs":44,"uniq":22,"trade":0,"nft":0,"gas":0.001117,"bal":0.023237,"days":22,"spread":0.709677,"streak":6,"rank_m":33077,"pct_m":0.035167,"gas_method":"exact"},"2025-02":{"txs":39,"uniq":16,"trade":0,"nft":1,"gas":0.000001,"bal":0.006509,"days":23,"spread":0.821429,"streak":14,"rank_m":90602,"pct_m":0.096329,"gas_method":"exact"},"2025-03":{"txs":52,"uniq":16,"trade":0,"nft":1,"gas":0.000403,"bal":0.050127,"days":23,"spread":0.741935,"streak":7,"rank_m":13503,"pct_m":0.014356,"gas_method":"exact"},"2025-04":{"txs":65,"uniq":13,"trade":0,"nft":0,"gas":0.000004,"bal":0.014081,"days":30,"spread":1,"streak":30,"rank_m":93218,"pct_m":0.09911,"gas_method":"exact"},"2025-05":{"txs":75,"uniq":12,"trade":0,"nft":0,"gas":0.000528,"bal":0.016138,"days":31,"spread":1,"streak":31,"rank_m":23273,"pct_m":0.024743,"gas_method":"estimated"},"2025-06":{"txs":96,"uniq":16,"trade":0,"nft":0,"gas":0.000676,"bal":0.029606,"days":29,"spread":0.966667,"streak":16,"rank_m":13273,"pct_m":0.014111,"gas_method":"estimated"},"2025-07":{"txs":56,"uniq":12,"trade":0,"nft":2,"gas":0.000394,"bal":0.028357,"days":29,"spread":0.935484,"streak":21,"rank_m":12890,"pct_m":0.013704,"gas_method":"estimated"},"2025-08":{"txs":50,"uniq":8,"trade":0,"nft":1,"gas":0.000352,"bal":0.008965,"days":27,"spread":0.870968,"streak":9,"rank_m":41566,"pct_m":0.044193,"gas_method":"estimated"},"2025-09":{"txs":64,"uniq":10,"trade":0,"nft":4,"gas":0.00045,"bal":0.006865,"days":25,"spread":0.833333,"streak":15,"rank_m":34409,"pct_m":0.036583,"gas_method":"estimated"},"2025-10":{"txs":21,"uniq":7,"trade":0,"nft":3,"gas":0.000148,"bal":0.006672,"days":7,"spread":0.225806,"streak":6,"rank_m":52779,"pct_m":0.056115,"gas_method":"estimated"}}}