{"wallet":"0xceebce1b21e1299fba316c7171d9302f242d51bb","rank":521116,"lifetime":{"months_active":12,"first":"2023-07","last":"2025-10","tx_sum":112,"uniq_sum":59,"trade_sum":1,"nft_sum":43,"gas_sum":0.002392,"avg_balance_eth_mean":0.007966,"streak_best_days":12,"gas_sum_filled":0.002392},"months":{"2023-07":{"txs":0,"uniq":0,"trade":0,"nft":0,"gas":0,"bal":0,"days":0,"spread":0,"streak":0,"rank_m":221941,"pct_m":0.235971},"2023-08":{"txs":9,"uniq":6,"trade":0,"nft":4,"gas":0.000845,"bal":0.001439,"days":4,"spread":0.129032,"streak":1,"rank_m":91024,"pct_m":0.096777,"gas_method":"exact"},"2023-09":{"txs":10,"uniq":6,"trade":0,"nft":4,"gas":0.000341,"bal":0.000568,"days":3,"spread":0.1,"streak":1,"rank_m":65267,"pct_m":0.069392,"gas_method":"exact"},"2023-10":{"txs":1,"uniq":1,"trade":0,"nft":2,"gas":0.000019,"bal":0.000244,"days":1,"spread":0.032258,"streak":1,"rank_m":134686,"pct_m":0.143199,"gas_method":"estimated"},"2023-11":{"txs":0,"uniq":0,"trade":0,"nft":0,"gas":0,"bal":0.000244,"days":0,"spread":0,"streak":0,"rank_m":207478,"pct_m":0.220593},"2023-12":{"txs":4,"uniq":3,"trade":0,"nft":6,"gas":0.000175,"bal":0.001285,"days":3,"spread":0.096774,"streak":1,"rank_m":69659,"pct_m":0.074062,"gas_method":"exact"},"2024-01":{"txs":7,"uniq":5,"trade":0,"nft":3,"gas":0.000019,"bal":0.000794,"days":4,"spread":0.129032,"streak":1,"rank_m":88475,"pct_m":0.094067,"gas_method":"exact"},"2024-02":{"txs":1,"uniq":1,"trade":0,"nft":2,"gas":0.000032,"bal":0.000409,"days":1,"spread":0.034483,"streak":1,"rank_m":241946,"pct_m":0.25724,"gas_method":"estimated"},"2024-03":{"txs":19,"uniq":10,"trade":0,"nft":7,"gas":0.000906,"bal":0.001235,"days":8,"spread":0.258065,"streak":3,"rank_m":149770,"pct_m":0.159237,"gas_method":"estimated"},"2024-04":{"txs":42,"uniq":14,"trade":1,"nft":8,"gas":0.000053,"bal":0.005866,"days":24,"spread":0.8,"streak":10,"rank_m":60983,"pct_m":0.064837,"gas_method":"exact"},"2024-05":{"txs":10,"uniq":5,"trade":0,"nft":4,"gas":0.000001,"bal":0.007449,"days":7,"spread":0.225806,"streak":5,"rank_m":162538,"pct_m":0.172812,"gas_method":"exact"},"2024-06":{"txs":5,"uniq":5,"trade":0,"nft":3,"gas":0,"bal":0.005648,"days":3,"spread":0.1,"streak":1,"rank_m":274426,"pct_m":0.291774,"gas_method":"estimated"},"2024-07":{"txs":3,"uniq":2,"trade":0,"nft":0,"gas":0.000001,"bal":0.05747,"days":2,"spread":0.064516,"streak":1,"rank_m":275699,"pct_m":0.293127,"gas_method":"estimated"},"2024-08":{"txs":0,"uniq":0,"trade":0,"nft":0,"gas":0,"bal":0.05747,"days":0,"spread":0,"streak":0,"rank_m":416207,"pct_m":0.442518},"2024-09":{"txs":0,"uniq":0,"trade":0,"nft":0,"gas":0,"bal":0.05747,"days":0,"spread":0,"streak":0,"rank_m":373730,"pct_m":0.397355},"2024-10":{"txs":1,"uniq":1,"trade":0,"nft":0,"gas":0,"bal":0.001958,"days":1,"spread":0.032258,"streak":1,"rank_m":464624,"pct_m":0.493995,"gas_method":"estimated"},"2024-11":{"txs":0,"uniq":0,"trade":0,"nft":0,"gas":0,"bal":0.001958,"days":0,"spread":0,"streak":0,"rank_m":566078,"pct_m":0.601863},"2024-12":{"txs":0,"uniq":0,"trade":0,"nft":0,"gas":0,"bal":0.001958,"days":0,"spread":0,"streak":0,"rank_m":624571,"pct_m":0.664054},"2025-01":{"txs":0,"uniq":0,"trade":0,"nft":0,"gas":0,"bal":0.001958,"days":0,"spread":0,"streak":0,"rank_m":610323,"pct_m":0.648905},"2025-02":{"txs":0,"uniq":0,"trade":0,"nft":0,"gas":0,"bal":0.001958,"days":0,"spread":0,"streak":0,"rank_m":619656,"pct_m":0.658828},"2025-03":{"txs":0,"uniq":0,"trade":0,"nft":0,"gas":0,"bal":0.001958,"days":0,"spread":0,"streak":0,"rank_m":607938,"pct_m":0.646369},"2025-04":{"txs":0,"uniq":0,"trade":0,"nft":0,"gas":0,"bal":0.001958,"days":0,"spread":0,"streak":0,"rank_m":639945,"pct_m":0.6804},"2025-05":{"txs":0,"uniq":0,"trade":0,"nft":0,"gas":0,"bal":0.001958,"days":0,"spread":0,"streak":0,"rank_m":606527,"pct_m":0.644869},"2025-06":{"txs":0,"uniq":0,"trade":0,"nft":0,"gas":0,"bal":0.001958,"days":0,"spread":0,"streak":0,"rank_m":612176,"pct_m":0.650875},"2025-07":{"txs":0,"uniq":0,"trade":0,"nft":0,"gas":0,"bal":0.001958,"days":0,"spread":0,"streak":0,"rank_m":629757,"pct_m":0.669568},"2025-08":{"txs":0,"uniq":0,"trade":0,"nft":0,"gas":0,"bal":0.001958,"days":0,"spread":0,"streak":0,"rank_m":609021,"pct_m":0.647521},"2025-09":{"txs":0,"uniq":0,"trade":0,"nft":0,"gas":0,"bal":0.001958,"days":0,"spread":0,"streak":0,"rank_m":595549,"pct_m":0.633197},"2025-10":{"txs":0,"uniq":0,"trade":0,"nft":0,"gas":0,"bal":0.001958,"days":0,"spread":0,"streak":0,"rank_m":500653,"pct_m":0.532302}}}