{"wallet":"0xce557bb2eeb69162116e60472890503b9da8c5a6","rank":150931,"lifetime":{"months_active":16,"first":"2023-07","last":"2025-10","tx_sum":203,"uniq_sum":112,"trade_sum":7,"nft_sum":28,"gas_sum":0.00441,"avg_balance_eth_mean":0.162219,"streak_best_days":8,"gas_sum_filled":0.00441},"months":{"2023-07":{"txs":0,"uniq":0,"trade":0,"nft":0,"gas":0,"bal":0,"days":0,"spread":0,"streak":0,"rank_m":224080,"pct_m":0.238245},"2023-08":{"txs":19,"uniq":12,"trade":1,"nft":7,"gas":0.002187,"bal":0.024952,"days":9,"spread":0.290323,"streak":3,"rank_m":29479,"pct_m":0.031342,"gas_method":"exact"},"2023-09":{"txs":0,"uniq":0,"trade":0,"nft":0,"gas":0,"bal":0.024952,"days":0,"spread":0,"streak":0,"rank_m":151122,"pct_m":0.160675},"2023-10":{"txs":2,"uniq":2,"trade":1,"nft":0,"gas":0.000029,"bal":0.033587,"days":1,"spread":0.032258,"streak":1,"rank_m":61774,"pct_m":0.065678,"gas_method":"estimated"},"2023-11":{"txs":0,"uniq":0,"trade":0,"nft":0,"gas":0,"bal":0.033587,"days":0,"spread":0,"streak":0,"rank_m":159707,"pct_m":0.169802},"2023-12":{"txs":6,"uniq":6,"trade":0,"nft":2,"gas":0.000279,"bal":0.032742,"days":4,"spread":0.129032,"streak":2,"rank_m":31567,"pct_m":0.033562,"gas_method":"estimated"},"2024-01":{"txs":0,"uniq":0,"trade":0,"nft":0,"gas":0,"bal":0.032742,"days":0,"spread":0,"streak":0,"rank_m":195856,"pct_m":0.208237},"2024-02":{"txs":6,"uniq":6,"trade":0,"nft":9,"gas":0.000147,"bal":0.033434,"days":5,"spread":0.172414,"streak":2,"rank_m":57944,"pct_m":0.061606,"gas_method":"estimated"},"2024-03":{"txs":5,"uniq":4,"trade":0,"nft":1,"gas":0.000546,"bal":0.038043,"days":3,"spread":0.096774,"streak":1,"rank_m":169554,"pct_m":0.180272,"gas_method":"exact"},"2024-04":{"txs":32,"uniq":10,"trade":0,"nft":3,"gas":0.000145,"bal":0.051648,"days":13,"spread":0.433333,"streak":8,"rank_m":85486,"pct_m":0.090889,"gas_method":"estimated"},"2024-05":{"txs":38,"uniq":5,"trade":0,"nft":2,"gas":0.000016,"bal":0.386663,"days":3,"spread":0.096774,"streak":1,"rank_m":141632,"pct_m":0.150585,"gas_method":"exact"},"2024-06":{"txs":2,"uniq":2,"trade":0,"nft":3,"gas":0,"bal":0.444001,"days":2,"spread":0.066667,"streak":2,"rank_m":210722,"pct_m":0.224042,"gas_method":"estimated"},"2024-07":{"txs":0,"uniq":0,"trade":0,"nft":0,"gas":0,"bal":0.444001,"days":0,"spread":0,"streak":0,"rank_m":395160,"pct_m":0.42014},"2024-08":{"txs":0,"uniq":0,"trade":0,"nft":0,"gas":0,"bal":0.444001,"days":0,"spread":0,"streak":0,"rank_m":397261,"pct_m":0.422374},"2024-09":{"txs":0,"uniq":0,"trade":0,"nft":0,"gas":0,"bal":0.444001,"days":0,"spread":0,"streak":0,"rank_m":351682,"pct_m":0.373914},"2024-10":{"txs":0,"uniq":0,"trade":0,"nft":0,"gas":0,"bal":0.444001,"days":0,"spread":0,"streak":0,"rank_m":403453,"pct_m":0.428957},"2024-11":{"txs":12,"uniq":7,"trade":0,"nft":1,"gas":0.000025,"bal":0.358816,"days":5,"spread":0.166667,"streak":2,"rank_m":140548,"pct_m":0.149432,"gas_method":"exact"},"2024-12":{"txs":16,"uniq":14,"trade":1,"nft":0,"gas":0.000353,"bal":0.027762,"days":6,"spread":0.193548,"streak":3,"rank_m":119148,"pct_m":0.126679,"gas_method":"exact"},"2025-01":{"txs":13,"uniq":8,"trade":3,"nft":0,"gas":0.000338,"bal":0.047934,"days":3,"spread":0.096774,"streak":1,"rank_m":163091,"pct_m":0.1734,"gas_method":"exact"},"2025-02":{"txs":39,"uniq":28,"trade":1,"nft":0,"gas":0.000246,"bal":0.136627,"days":8,"spread":0.285714,"streak":3,"rank_m":17909,"pct_m":0.01904,"gas_method":"exact"},"2025-03":{"txs":1,"uniq":0,"trade":0,"nft":0,"gas":0.000016,"bal":0.154955,"days":1,"spread":0.032258,"streak":1,"rank_m":398359,"pct_m":0.423541,"gas_method":"estimated"},"2025-04":{"txs":1,"uniq":1,"trade":0,"nft":0,"gas":0.000006,"bal":0.156038,"days":1,"spread":0.033333,"streak":1,"rank_m":385518,"pct_m":0.409889,"gas_method":"exact"},"2025-05":{"txs":0,"uniq":0,"trade":0,"nft":0,"gas":0,"bal":0.156038,"days":0,"spread":0,"streak":0,"rank_m":323197,"pct_m":0.343628},"2025-06":{"txs":0,"uniq":0,"trade":0,"nft":0,"gas":0,"bal":0.156038,"days":0,"spread":0,"streak":0,"rank_m":329085,"pct_m":0.349888},"2025-07":{"txs":5,"uniq":3,"trade":0,"nft":0,"gas":0.000035,"bal":0.165132,"days":3,"spread":0.096774,"streak":2,"rank_m":156053,"pct_m":0.165917,"gas_method":"estimated"},"2025-08":{"txs":6,"uniq":4,"trade":0,"nft":0,"gas":0.000042,"bal":0.090142,"days":3,"spread":0.096774,"streak":1,"rank_m":156598,"pct_m":0.166497,"gas_method":"estimated"},"2025-09":{"txs":0,"uniq":0,"trade":0,"nft":0,"gas":0,"bal":0.090142,"days":0,"spread":0,"streak":0,"rank_m":349189,"pct_m":0.371263},"2025-10":{"txs":0,"uniq":0,"trade":0,"nft":0,"gas":0,"bal":0.090142,"days":0,"spread":0,"streak":0,"rank_m":238700,"pct_m":0.253789}}}