{"wallet":"0xce5c03be27d0f6c6568c578fa4bb1bfdbd9d147b","rank":537188,"lifetime":{"months_active":15,"first":"2023-07","last":"2025-10","tx_sum":132,"uniq_sum":86,"trade_sum":3,"nft_sum":19,"gas_sum":0.000904,"avg_balance_eth_mean":0.007848,"streak_best_days":3,"gas_sum_filled":0.000904},"months":{"2023-07":{"txs":3,"uniq":2,"trade":0,"nft":1,"gas":0.000162,"bal":0.00034,"days":1,"spread":0.032258,"streak":1,"rank_m":28964,"pct_m":0.030794,"gas_method":"estimated"},"2023-08":{"txs":0,"uniq":2,"trade":0,"nft":0,"gas":0.000316,"bal":0.00085,"days":0,"spread":0,"streak":0,"rank_m":183394,"pct_m":0.194987},"2023-09":{"txs":0,"uniq":0,"trade":0,"nft":0,"gas":0,"bal":0.00085,"days":0,"spread":0,"streak":0,"rank_m":174980,"pct_m":0.186041},"2023-10":{"txs":0,"uniq":0,"trade":0,"nft":0,"gas":0,"bal":0.00085,"days":0,"spread":0,"streak":0,"rank_m":176680,"pct_m":0.187848},"2023-11":{"txs":0,"uniq":0,"trade":0,"nft":0,"gas":0,"bal":0.00085,"days":0,"spread":0,"streak":0,"rank_m":182897,"pct_m":0.194458},"2023-12":{"txs":7,"uniq":4,"trade":2,"nft":0,"gas":0.000096,"bal":0.001521,"days":1,"spread":0.032258,"streak":1,"rank_m":92577,"pct_m":0.098428,"gas_method":"estimated"},"2024-01":{"txs":0,"uniq":0,"trade":0,"nft":0,"gas":0,"bal":0.001521,"days":0,"spread":0,"streak":0,"rank_m":215222,"pct_m":0.228827},"2024-02":{"txs":10,"uniq":8,"trade":0,"nft":5,"gas":0.000072,"bal":0.001953,"days":3,"spread":0.103448,"streak":1,"rank_m":123756,"pct_m":0.131579,"gas_method":"estimated"},"2024-03":{"txs":12,"uniq":5,"trade":0,"nft":2,"gas":0.00013,"bal":0.001761,"days":4,"spread":0.129032,"streak":3,"rank_m":202068,"pct_m":0.214841,"gas_method":"estimated"},"2024-04":{"txs":4,"uniq":3,"trade":0,"nft":2,"gas":0.000005,"bal":0.000395,"days":3,"spread":0.1,"streak":1,"rank_m":400752,"pct_m":0.426086,"gas_method":"estimated"},"2024-05":{"txs":1,"uniq":1,"trade":0,"nft":2,"gas":0,"bal":0.0004,"days":1,"spread":0.032258,"streak":1,"rank_m":445105,"pct_m":0.473243,"gas_method":"estimated"},"2024-06":{"txs":0,"uniq":0,"trade":0,"nft":0,"gas":0,"bal":0.0004,"days":0,"spread":0,"streak":0,"rank_m":537849,"pct_m":0.57185},"2024-07":{"txs":50,"uniq":29,"trade":1,"nft":2,"gas":0.000003,"bal":0.024078,"days":5,"spread":0.16129,"streak":2,"rank_m":36969,"pct_m":0.039305,"gas_method":"estimated"},"2024-08":{"txs":0,"uniq":0,"trade":0,"nft":0,"gas":0,"bal":0.024078,"days":0,"spread":0,"streak":0,"rank_m":433012,"pct_m":0.460385},"2024-09":{"txs":1,"uniq":0,"trade":0,"nft":0,"gas":0,"bal":0.060781,"days":1,"spread":0.033333,"streak":1,"rank_m":290769,"pct_m":0.30915,"gas_method":"estimated"},"2024-10":{"txs":18,"uniq":10,"trade":0,"nft":4,"gas":0,"bal":0.042379,"days":5,"spread":0.16129,"streak":1,"rank_m":97807,"pct_m":0.103989,"gas_method":"exact"},"2024-11":{"txs":13,"uniq":9,"trade":0,"nft":0,"gas":0.00003,"bal":0.01269,"days":4,"spread":0.133333,"streak":1,"rank_m":218935,"pct_m":0.232775,"gas_method":"exact"},"2024-12":{"txs":0,"uniq":0,"trade":0,"nft":0,"gas":0,"bal":0.01269,"days":0,"spread":0,"streak":0,"rank_m":570299,"pct_m":0.606351},"2025-01":{"txs":0,"uniq":0,"trade":0,"nft":0,"gas":0,"bal":0.01269,"days":0,"spread":0,"streak":0,"rank_m":554367,"pct_m":0.589412},"2025-02":{"txs":2,"uniq":2,"trade":0,"nft":0,"gas":0.000014,"bal":0.002549,"days":1,"spread":0.035714,"streak":1,"rank_m":434169,"pct_m":0.461615,"gas_method":"exact"},"2025-03":{"txs":0,"uniq":0,"trade":0,"nft":0,"gas":0,"bal":0.002549,"days":0,"spread":0,"streak":0,"rank_m":597238,"pct_m":0.634993},"2025-04":{"txs":1,"uniq":1,"trade":0,"nft":0,"gas":0.000006,"bal":0.002544,"days":1,"spread":0.033333,"streak":1,"rank_m":474195,"pct_m":0.504172,"gas_method":"exact"},"2025-05":{"txs":0,"uniq":0,"trade":0,"nft":0,"gas":0,"bal":0.002544,"days":0,"spread":0,"streak":0,"rank_m":588157,"pct_m":0.625338},"2025-06":{"txs":0,"uniq":0,"trade":0,"nft":0,"gas":0,"bal":0.002544,"days":0,"spread":0,"streak":0,"rank_m":595033,"pct_m":0.632649},"2025-07":{"txs":0,"uniq":0,"trade":0,"nft":0,"gas":0,"bal":0.002544,"days":0,"spread":0,"streak":0,"rank_m":613626,"pct_m":0.652417},"2025-08":{"txs":6,"uniq":6,"trade":0,"nft":0,"gas":0.000042,"bal":0.002525,"days":2,"spread":0.064516,"streak":1,"rank_m":357996,"pct_m":0.380627,"gas_method":"estimated"},"2025-09":{"txs":3,"uniq":3,"trade":0,"nft":0,"gas":0.000021,"bal":0.000465,"days":1,"spread":0.033333,"streak":1,"rank_m":509101,"pct_m":0.541284,"gas_method":"estimated"},"2025-10":{"txs":1,"uniq":1,"trade":0,"nft":1,"gas":0.000007,"bal":0.000403,"days":1,"spread":0.032258,"streak":1,"rank_m":333297,"pct_m":0.354366,"gas_method":"estimated"}}}