{"wallet":"0xce10c23561dce134ae20b32f8166a131c741f463","rank":44612,"lifetime":{"months_active":28,"first":"2023-07","last":"2025-10","tx_sum":633,"uniq_sum":339,"trade_sum":20,"nft_sum":59,"gas_sum":0.008777,"avg_balance_eth_mean":0.08641,"streak_best_days":0,"gas_sum_filled":0.008777},"months":{"2023-07":{"txs":12,"uniq":4,"trade":0,"nft":3,"gas":0.001107,"bal":0.005269,"days":3,"spread":0.096774,"streak":0,"rank_m":29540,"pct_m":0.031406,"gas_method":"estimated"},"2023-08":{"txs":24,"uniq":17,"trade":0,"nft":5,"gas":0.003569,"bal":0.025583,"days":8,"spread":0.258065,"streak":0,"rank_m":62081,"pct_m":0.066005,"gas_method":"exact"},"2023-09":{"txs":33,"uniq":21,"trade":0,"nft":7,"gas":0.000302,"bal":0.111942,"days":7,"spread":0.233333,"streak":0,"rank_m":38738,"pct_m":0.041186,"gas_method":"exact"},"2023-10":{"txs":1,"uniq":1,"trade":0,"nft":0,"gas":0.000007,"bal":0.098384,"days":1,"spread":0.032258,"streak":0,"rank_m":126197,"pct_m":0.134174,"gas_method":"estimated"},"2023-11":{"txs":12,"uniq":7,"trade":0,"nft":0,"gas":0.00015,"bal":0.023413,"days":4,"spread":0.133333,"streak":0,"rank_m":68627,"pct_m":0.072964,"gas_method":"estimated"},"2023-12":{"txs":2,"uniq":2,"trade":0,"nft":1,"gas":0.000047,"bal":0.020387,"days":2,"spread":0.064516,"streak":0,"rank_m":119050,"pct_m":0.126575,"gas_method":"estimated"},"2024-01":{"txs":6,"uniq":4,"trade":0,"nft":1,"gas":0.000067,"bal":0.014586,"days":3,"spread":0.096774,"streak":0,"rank_m":99242,"pct_m":0.105515,"gas_method":"exact"},"2024-02":{"txs":6,"uniq":3,"trade":0,"nft":2,"gas":0.000074,"bal":0.014799,"days":4,"spread":0.137931,"streak":0,"rank_m":145922,"pct_m":0.155146,"gas_method":"estimated"},"2024-03":{"txs":1,"uniq":1,"trade":0,"nft":1,"gas":0.000018,"bal":0.010948,"days":1,"spread":0.032258,"streak":0,"rank_m":306111,"pct_m":0.325462,"gas_method":"estimated"},"2024-04":{"txs":45,"uniq":16,"trade":1,"nft":10,"gas":0.000051,"bal":0.0632,"days":6,"spread":0.2,"streak":0,"rank_m":123211,"pct_m":0.130999,"gas_method":"exact"},"2024-05":{"txs":27,"uniq":15,"trade":0,"nft":4,"gas":0.00002,"bal":0.02577,"days":9,"spread":0.290323,"streak":0,"rank_m":135724,"pct_m":0.144303,"gas_method":"estimated"},"2024-06":{"txs":36,"uniq":18,"trade":0,"nft":2,"gas":0.000001,"bal":0.039192,"days":9,"spread":0.3,"streak":0,"rank_m":111139,"pct_m":0.118164,"gas_method":"estimated"},"2024-07":{"txs":13,"uniq":6,"trade":3,"nft":0,"gas":0.000001,"bal":0.075695,"days":8,"spread":0.258065,"streak":0,"rank_m":116715,"pct_m":0.124092,"gas_method":"estimated"},"2024-08":{"txs":76,"uniq":23,"trade":3,"nft":11,"gas":0.000001,"bal":0.094985,"days":14,"spread":0.451613,"streak":0,"rank_m":32472,"pct_m":0.034524,"gas_method":"exact"},"2024-09":{"txs":33,"uniq":18,"trade":0,"nft":5,"gas":0.000001,"bal":0.155572,"days":7,"spread":0.233333,"streak":0,"rank_m":46856,"pct_m":0.049817,"gas_method":"exact"},"2024-10":{"txs":15,"uniq":10,"trade":0,"nft":4,"gas":0.000001,"bal":0.155872,"days":5,"spread":0.16129,"streak":0,"rank_m":135082,"pct_m":0.143621,"gas_method":"estimated"},"2024-11":{"txs":14,"uniq":7,"trade":1,"nft":0,"gas":0.000032,"bal":0.3551,"days":6,"spread":0.2,"streak":0,"rank_m":167118,"pct_m":0.177682,"gas_method":"exact"},"2024-12":{"txs":6,"uniq":5,"trade":0,"nft":0,"gas":0.000132,"bal":0.16689,"days":4,"spread":0.129032,"streak":0,"rank_m":343233,"pct_m":0.36493,"gas_method":"exact"},"2025-01":{"txs":71,"uniq":39,"trade":0,"nft":0,"gas":0.001818,"bal":0.064074,"days":9,"spread":0.290323,"streak":0,"rank_m":73129,"pct_m":0.077751,"gas_method":"exact"},"2025-02":{"txs":26,"uniq":15,"trade":0,"nft":0,"gas":0.000176,"bal":0.072379,"days":10,"spread":0.357143,"streak":0,"rank_m":89650,"pct_m":0.095316,"gas_method":"exact"},"2025-03":{"txs":20,"uniq":17,"trade":1,"nft":1,"gas":0.00015,"bal":0.057351,"days":7,"spread":0.225806,"streak":0,"rank_m":89803,"pct_m":0.095479,"gas_method":"exact"},"2025-04":{"txs":31,"uniq":22,"trade":4,"nft":0,"gas":0.000187,"bal":0.051278,"days":7,"spread":0.233333,"streak":0,"rank_m":49179,"pct_m":0.052287,"gas_method":"exact"},"2025-05":{"txs":32,"uniq":14,"trade":0,"nft":0,"gas":0.000225,"bal":0.092001,"days":8,"spread":0.258065,"streak":0,"rank_m":53326,"pct_m":0.056696,"gas_method":"estimated"},"2025-06":{"txs":8,"uniq":3,"trade":0,"nft":0,"gas":0.000056,"bal":0.178446,"days":4,"spread":0.133333,"streak":0,"rank_m":173571,"pct_m":0.184543,"gas_method":"estimated"},"2025-07":{"txs":24,"uniq":16,"trade":4,"nft":1,"gas":0.000169,"bal":0.305349,"days":6,"spread":0.193548,"streak":0,"rank_m":59613,"pct_m":0.063381,"gas_method":"estimated"},"2025-08":{"txs":3,"uniq":3,"trade":0,"nft":1,"gas":0.000021,"bal":0.051787,"days":3,"spread":0.096774,"streak":0,"rank_m":216190,"pct_m":0.229856,"gas_method":"estimated"},"2025-09":{"txs":35,"uniq":18,"trade":0,"nft":0,"gas":0.000246,"bal":0.063628,"days":5,"spread":0.166667,"streak":0,"rank_m":84404,"pct_m":0.089739,"gas_method":"estimated"},"2025-10":{"txs":21,"uniq":14,"trade":3,"nft":0,"gas":0.000148,"bal":0.025601,"days":6,"spread":0.193548,"streak":0,"rank_m":45120,"pct_m":0.047971,"gas_method":"estimated"}}}