{"wallet":"0xcebc9e66538015d98f1cd8dfe5a21856046036a1","rank":115732,"lifetime":{"months_active":18,"first":"2023-07","last":"2025-10","tx_sum":278,"uniq_sum":127,"trade_sum":7,"nft_sum":44,"gas_sum":0.004834,"avg_balance_eth_mean":0.048878,"streak_best_days":7,"gas_sum_filled":0.004834},"months":{"2023-07":{"txs":0,"uniq":0,"trade":0,"nft":0,"gas":0,"bal":0,"days":0,"spread":0,"streak":0,"rank_m":222626,"pct_m":0.236699},"2023-08":{"txs":0,"uniq":0,"trade":0,"nft":0,"gas":0,"bal":0,"days":0,"spread":0,"streak":0,"rank_m":314949,"pct_m":0.334858},"2023-09":{"txs":0,"uniq":0,"trade":0,"nft":0,"gas":0,"bal":0,"days":0,"spread":0,"streak":0,"rank_m":332041,"pct_m":0.353031},"2023-10":{"txs":0,"uniq":0,"trade":0,"nft":0,"gas":0,"bal":0,"days":0,"spread":0,"streak":0,"rank_m":350412,"pct_m":0.372563},"2023-11":{"txs":33,"uniq":16,"trade":1,"nft":6,"gas":0.000557,"bal":0.001626,"days":10,"spread":0.333333,"streak":7,"rank_m":30896,"pct_m":0.032848,"gas_method":"estimated"},"2023-12":{"txs":22,"uniq":9,"trade":0,"nft":5,"gas":0.000695,"bal":0.001255,"days":11,"spread":0.354839,"streak":3,"rank_m":45038,"pct_m":0.047884,"gas_method":"estimated"},"2024-01":{"txs":50,"uniq":11,"trade":0,"nft":9,"gas":0.001631,"bal":0.001091,"days":17,"spread":0.548387,"streak":5,"rank_m":20203,"pct_m":0.021479,"gas_method":"exact"},"2024-02":{"txs":21,"uniq":13,"trade":4,"nft":9,"gas":0.000202,"bal":0.004441,"days":10,"spread":0.344828,"streak":3,"rank_m":21527,"pct_m":0.022887,"gas_method":"exact"},"2024-03":{"txs":12,"uniq":4,"trade":1,"nft":3,"gas":0.000618,"bal":0.011737,"days":4,"spread":0.129032,"streak":1,"rank_m":128720,"pct_m":0.136856,"gas_method":"exact"},"2024-04":{"txs":27,"uniq":17,"trade":1,"nft":2,"gas":0.000126,"bal":0.017534,"days":9,"spread":0.3,"streak":3,"rank_m":74305,"pct_m":0.079001,"gas_method":"exact"},"2024-05":{"txs":30,"uniq":9,"trade":0,"nft":5,"gas":0.00006,"bal":0.122322,"days":4,"spread":0.129032,"streak":3,"rank_m":73874,"pct_m":0.078543,"gas_method":"exact"},"2024-06":{"txs":11,"uniq":6,"trade":0,"nft":3,"gas":0,"bal":0.014001,"days":3,"spread":0.1,"streak":2,"rank_m":172281,"pct_m":0.183171,"gas_method":"estimated"},"2024-07":{"txs":7,"uniq":6,"trade":0,"nft":1,"gas":0.000001,"bal":0.381633,"days":2,"spread":0.064516,"streak":1,"rank_m":179005,"pct_m":0.19032,"gas_method":"estimated"},"2024-08":{"txs":3,"uniq":2,"trade":0,"nft":0,"gas":0,"bal":0.380708,"days":1,"spread":0.032258,"streak":1,"rank_m":284353,"pct_m":0.302328,"gas_method":"estimated"},"2024-09":{"txs":0,"uniq":0,"trade":0,"nft":0,"gas":0,"bal":0.380708,"days":0,"spread":0,"streak":0,"rank_m":352235,"pct_m":0.374501},"2024-10":{"txs":4,"uniq":1,"trade":0,"nft":0,"gas":0,"bal":0.011089,"days":2,"spread":0.064516,"streak":1,"rank_m":349503,"pct_m":0.371597,"gas_method":"estimated"},"2024-11":{"txs":5,"uniq":4,"trade":0,"nft":1,"gas":0.000011,"bal":0.00418,"days":5,"spread":0.166667,"streak":1,"rank_m":294741,"pct_m":0.313373,"gas_method":"exact"},"2024-12":{"txs":18,"uniq":8,"trade":0,"nft":0,"gas":0.000397,"bal":0.003905,"days":8,"spread":0.258065,"streak":4,"rank_m":212159,"pct_m":0.22557,"gas_method":"exact"},"2025-01":{"txs":16,"uniq":7,"trade":0,"nft":0,"gas":0.000416,"bal":0.003436,"days":4,"spread":0.129032,"streak":2,"rank_m":237253,"pct_m":0.252251,"gas_method":"exact"},"2025-02":{"txs":0,"uniq":0,"trade":0,"nft":0,"gas":0,"bal":0.003436,"days":0,"spread":0,"streak":0,"rank_m":600969,"pct_m":0.63896},"2025-03":{"txs":0,"uniq":0,"trade":0,"nft":0,"gas":0,"bal":0.003436,"days":0,"spread":0,"streak":0,"rank_m":585383,"pct_m":0.622389},"2025-04":{"txs":13,"uniq":8,"trade":0,"nft":0,"gas":0.000078,"bal":0.003256,"days":5,"spread":0.166667,"streak":1,"rank_m":185574,"pct_m":0.197305,"gas_method":"exact"},"2025-05":{"txs":3,"uniq":3,"trade":0,"nft":0,"gas":0.000021,"bal":0.003142,"days":3,"spread":0.096774,"streak":1,"rank_m":317932,"pct_m":0.33803,"gas_method":"estimated"},"2025-06":{"txs":0,"uniq":0,"trade":0,"nft":0,"gas":0,"bal":0.003142,"days":0,"spread":0,"streak":0,"rank_m":579864,"pct_m":0.616521},"2025-07":{"txs":1,"uniq":1,"trade":0,"nft":0,"gas":0.000007,"bal":0.00314,"days":1,"spread":0.032258,"streak":1,"rank_m":463743,"pct_m":0.493059,"gas_method":"estimated"},"2025-08":{"txs":0,"uniq":0,"trade":0,"nft":0,"gas":0,"bal":0.00314,"days":0,"spread":0,"streak":0,"rank_m":576861,"pct_m":0.613328},"2025-09":{"txs":2,"uniq":2,"trade":0,"nft":0,"gas":0.000014,"bal":0.00312,"days":1,"spread":0.033333,"streak":1,"rank_m":403656,"pct_m":0.429173,"gas_method":"estimated"},"2025-10":{"txs":0,"uniq":0,"trade":0,"nft":0,"gas":0,"bal":0.00312,"days":0,"spread":0,"streak":0,"rank_m":466294,"pct_m":0.495771}}}