{"wallet":"0xcef90fcce5015bc5880ef34ca02fe5a929da1f1e","rank":172248,"lifetime":{"months_active":25,"first":"2023-07","last":"2025-10","tx_sum":324,"uniq_sum":139,"trade_sum":2,"nft_sum":42,"gas_sum":0.003616,"avg_balance_eth_mean":0.009754,"streak_best_days":2,"gas_sum_filled":0.003616},"months":{"2023-07":{"txs":0,"uniq":0,"trade":0,"nft":0,"gas":0,"bal":0,"days":0,"spread":0,"streak":0,"rank_m":221744,"pct_m":0.235761},"2023-08":{"txs":0,"uniq":0,"trade":0,"nft":0,"gas":0,"bal":0,"days":0,"spread":0,"streak":0,"rank_m":314171,"pct_m":0.334031},"2023-09":{"txs":9,"uniq":6,"trade":0,"nft":2,"gas":0.000308,"bal":0.004638,"days":3,"spread":0.1,"streak":1,"rank_m":53489,"pct_m":0.056869,"gas_method":"exact"},"2023-10":{"txs":16,"uniq":11,"trade":0,"nft":5,"gas":0.000158,"bal":0.004849,"days":7,"spread":0.225806,"streak":1,"rank_m":39598,"pct_m":0.0421,"gas_method":"estimated"},"2023-11":{"txs":31,"uniq":7,"trade":0,"nft":1,"gas":0.00053,"bal":0.003234,"days":5,"spread":0.166667,"streak":1,"rank_m":48456,"pct_m":0.051518,"gas_method":"estimated"},"2023-12":{"txs":12,"uniq":9,"trade":0,"nft":5,"gas":0.000125,"bal":0.001013,"days":4,"spread":0.129032,"streak":1,"rank_m":48058,"pct_m":0.051095,"gas_method":"exact"},"2024-01":{"txs":56,"uniq":7,"trade":0,"nft":0,"gas":0.001119,"bal":0.006011,"days":4,"spread":0.129032,"streak":2,"rank_m":31150,"pct_m":0.033118,"gas_method":"exact"},"2024-02":{"txs":5,"uniq":5,"trade":1,"nft":2,"gas":0.000045,"bal":0.009165,"days":4,"spread":0.137931,"streak":1,"rank_m":80617,"pct_m":0.085712,"gas_method":"exact"},"2024-03":{"txs":6,"uniq":6,"trade":0,"nft":3,"gas":0.000152,"bal":0.010918,"days":5,"spread":0.16129,"streak":1,"rank_m":167762,"pct_m":0.178366,"gas_method":"estimated"},"2024-04":{"txs":9,"uniq":7,"trade":0,"nft":4,"gas":0.000028,"bal":0.009964,"days":6,"spread":0.2,"streak":2,"rank_m":220513,"pct_m":0.234452,"gas_method":"estimated"},"2024-05":{"txs":8,"uniq":6,"trade":1,"nft":1,"gas":0.000008,"bal":0.009898,"days":4,"spread":0.129032,"streak":1,"rank_m":220088,"pct_m":0.234,"gas_method":"estimated"},"2024-06":{"txs":9,"uniq":6,"trade":0,"nft":3,"gas":0,"bal":0.009643,"days":2,"spread":0.066667,"streak":1,"rank_m":235940,"pct_m":0.250855,"gas_method":"estimated"},"2024-07":{"txs":16,"uniq":7,"trade":0,"nft":5,"gas":0.000003,"bal":0.010504,"days":5,"spread":0.16129,"streak":2,"rank_m":129783,"pct_m":0.137987,"gas_method":"estimated"},"2024-08":{"txs":22,"uniq":16,"trade":0,"nft":7,"gas":0.000003,"bal":0.01023,"days":5,"spread":0.16129,"streak":1,"rank_m":140192,"pct_m":0.149054,"gas_method":"estimated"},"2024-09":{"txs":2,"uniq":2,"trade":0,"nft":2,"gas":0,"bal":0.009289,"days":1,"spread":0.033333,"streak":1,"rank_m":272189,"pct_m":0.289395,"gas_method":"estimated"},"2024-10":{"txs":0,"uniq":0,"trade":0,"nft":0,"gas":0,"bal":0.009289,"days":0,"spread":0,"streak":0,"rank_m":483152,"pct_m":0.513695},"2024-11":{"txs":3,"uniq":3,"trade":0,"nft":0,"gas":0.000007,"bal":0.020787,"days":2,"spread":0.066667,"streak":1,"rank_m":344345,"pct_m":0.366113,"gas_method":"exact"},"2024-12":{"txs":19,"uniq":8,"trade":0,"nft":1,"gas":0.000419,"bal":0.014495,"days":4,"spread":0.129032,"streak":2,"rank_m":180363,"pct_m":0.191764,"gas_method":"exact"},"2025-01":{"txs":1,"uniq":1,"trade":0,"nft":0,"gas":0.000026,"bal":0.01239,"days":1,"spread":0.032258,"streak":1,"rank_m":456144,"pct_m":0.484979,"gas_method":"exact"},"2025-02":{"txs":15,"uniq":12,"trade":0,"nft":0,"gas":0.000106,"bal":0.01229,"days":2,"spread":0.071429,"streak":1,"rank_m":171974,"pct_m":0.182845,"gas_method":"exact"},"2025-03":{"txs":13,"uniq":3,"trade":0,"nft":0,"gas":0.000095,"bal":0.011669,"days":3,"spread":0.096774,"streak":1,"rank_m":211506,"pct_m":0.224876,"gas_method":"exact"},"2025-04":{"txs":16,"uniq":3,"trade":0,"nft":0,"gas":0.000091,"bal":0.013393,"days":4,"spread":0.133333,"streak":1,"rank_m":174676,"pct_m":0.185718,"gas_method":"exact"},"2025-05":{"txs":9,"uniq":1,"trade":0,"nft":0,"gas":0.000063,"bal":0.012761,"days":1,"spread":0.032258,"streak":1,"rank_m":235418,"pct_m":0.2503,"gas_method":"estimated"},"2025-06":{"txs":34,"uniq":8,"trade":0,"nft":0,"gas":0.000239,"bal":0.012563,"days":3,"spread":0.1,"streak":1,"rank_m":168892,"pct_m":0.179568,"gas_method":"estimated"},"2025-07":{"txs":8,"uniq":2,"trade":0,"nft":1,"gas":0.000056,"bal":0.012421,"days":2,"spread":0.064516,"streak":2,"rank_m":224600,"pct_m":0.238798,"gas_method":"estimated"},"2025-08":{"txs":3,"uniq":1,"trade":0,"nft":0,"gas":0.000021,"bal":0.012988,"days":2,"spread":0.064516,"streak":2,"rank_m":269395,"pct_m":0.286425,"gas_method":"estimated"},"2025-09":{"txs":1,"uniq":1,"trade":0,"nft":0,"gas":0.000007,"bal":0.014556,"days":1,"spread":0.033333,"streak":1,"rank_m":309029,"pct_m":0.328564,"gas_method":"estimated"},"2025-10":{"txs":1,"uniq":1,"trade":0,"nft":0,"gas":0.000007,"bal":0.014166,"days":1,"spread":0.032258,"streak":1,"rank_m":196967,"pct_m":0.209418,"gas_method":"estimated"}}}