{"wallet":"0xce98b5b470016566786f42cae42d80a9ad48e65b","rank":368272,"lifetime":{"months_active":15,"first":"2023-07","last":"2025-10","tx_sum":139,"uniq_sum":111,"trade_sum":4,"nft_sum":66,"gas_sum":0.00172,"avg_balance_eth_mean":0.012767,"streak_best_days":9,"gas_sum_filled":0.00172},"months":{"2023-07":{"txs":0,"uniq":0,"trade":0,"nft":0,"gas":0,"bal":0,"days":0,"spread":0,"streak":0,"rank_m":223126,"pct_m":0.23723},"2023-08":{"txs":0,"uniq":0,"trade":0,"nft":0,"gas":0,"bal":0,"days":0,"spread":0,"streak":0,"rank_m":315377,"pct_m":0.335313},"2023-09":{"txs":2,"uniq":2,"trade":0,"nft":0,"gas":0.000169,"bal":0.028569,"days":2,"spread":0.066667,"streak":1,"rank_m":89212,"pct_m":0.094851,"gas_method":"estimated"},"2023-10":{"txs":1,"uniq":1,"trade":0,"nft":0,"gas":0.000067,"bal":0.05367,"days":1,"spread":0.032258,"streak":1,"rank_m":82697,"pct_m":0.087924,"gas_method":"exact"},"2023-11":{"txs":9,"uniq":6,"trade":0,"nft":0,"gas":0.000348,"bal":0.052716,"days":2,"spread":0.066667,"streak":1,"rank_m":45443,"pct_m":0.048315,"gas_method":"estimated"},"2023-12":{"txs":0,"uniq":0,"trade":0,"nft":0,"gas":0,"bal":0.052716,"days":0,"spread":0,"streak":0,"rank_m":182208,"pct_m":0.193726},"2024-01":{"txs":8,"uniq":6,"trade":0,"nft":1,"gas":0.000027,"bal":0.029772,"days":5,"spread":0.16129,"streak":2,"rank_m":44932,"pct_m":0.047771,"gas_method":"exact"},"2024-02":{"txs":3,"uniq":3,"trade":0,"nft":0,"gas":0.000114,"bal":0.010991,"days":1,"spread":0.034483,"streak":1,"rank_m":168841,"pct_m":0.179514,"gas_method":"estimated"},"2024-03":{"txs":11,"uniq":10,"trade":1,"nft":1,"gas":0.000628,"bal":0.01092,"days":6,"spread":0.193548,"streak":2,"rank_m":105025,"pct_m":0.111663,"gas_method":"estimated"},"2024-04":{"txs":16,"uniq":8,"trade":1,"nft":0,"gas":0.000113,"bal":0.010327,"days":7,"spread":0.233333,"streak":3,"rank_m":164120,"pct_m":0.174494,"gas_method":"estimated"},"2024-05":{"txs":15,"uniq":6,"trade":2,"nft":0,"gas":0.000035,"bal":0.008809,"days":3,"spread":0.096774,"streak":1,"rank_m":212847,"pct_m":0.226302,"gas_method":"estimated"},"2024-06":{"txs":2,"uniq":2,"trade":0,"nft":0,"gas":0,"bal":0.005234,"days":2,"spread":0.066667,"streak":1,"rank_m":388173,"pct_m":0.412711,"gas_method":"estimated"},"2024-07":{"txs":2,"uniq":2,"trade":0,"nft":0,"gas":0.000001,"bal":0.009999,"days":1,"spread":0.032258,"streak":1,"rank_m":357375,"pct_m":0.379966,"gas_method":"estimated"},"2024-08":{"txs":55,"uniq":55,"trade":0,"nft":56,"gas":0.000014,"bal":0.009509,"days":14,"spread":0.451613,"streak":8,"rank_m":29691,"pct_m":0.031567,"gas_method":"estimated"},"2024-09":{"txs":6,"uniq":3,"trade":0,"nft":8,"gas":0.000001,"bal":0.005514,"days":4,"spread":0.133333,"streak":1,"rank_m":163449,"pct_m":0.173781,"gas_method":"exact"},"2024-10":{"txs":0,"uniq":0,"trade":0,"nft":0,"gas":0,"bal":0.005514,"days":0,"spread":0,"streak":0,"rank_m":510607,"pct_m":0.542885},"2024-11":{"txs":0,"uniq":0,"trade":0,"nft":0,"gas":0,"bal":0.005514,"days":0,"spread":0,"streak":0,"rank_m":534939,"pct_m":0.568756},"2024-12":{"txs":6,"uniq":5,"trade":0,"nft":0,"gas":0.000132,"bal":0.007379,"days":3,"spread":0.096774,"streak":1,"rank_m":365217,"pct_m":0.388304,"gas_method":"exact"},"2025-01":{"txs":2,"uniq":2,"trade":0,"nft":0,"gas":0.000052,"bal":0.004574,"days":1,"spread":0.032258,"streak":1,"rank_m":458005,"pct_m":0.486958,"gas_method":"exact"},"2025-02":{"txs":0,"uniq":0,"trade":0,"nft":0,"gas":0,"bal":0.004574,"days":0,"spread":0,"streak":0,"rank_m":588716,"pct_m":0.625932},"2025-03":{"txs":0,"uniq":0,"trade":0,"nft":0,"gas":0,"bal":0.004574,"days":0,"spread":0,"streak":0,"rank_m":572054,"pct_m":0.608217},"2025-04":{"txs":1,"uniq":0,"trade":0,"nft":0,"gas":0.000019,"bal":0.005229,"days":1,"spread":0.033333,"streak":1,"rank_m":522045,"pct_m":0.555047,"gas_method":"estimated"},"2025-05":{"txs":0,"uniq":0,"trade":0,"nft":0,"gas":0,"bal":0.005229,"days":0,"spread":0,"streak":0,"rank_m":530640,"pct_m":0.564185},"2025-06":{"txs":0,"uniq":0,"trade":0,"nft":0,"gas":0,"bal":0.005229,"days":0,"spread":0,"streak":0,"rank_m":535818,"pct_m":0.56969},"2025-07":{"txs":0,"uniq":0,"trade":0,"nft":0,"gas":0,"bal":0.005229,"days":0,"spread":0,"streak":0,"rank_m":558768,"pct_m":0.594091},"2025-08":{"txs":0,"uniq":0,"trade":0,"nft":0,"gas":0,"bal":0.005229,"days":0,"spread":0,"streak":0,"rank_m":531481,"pct_m":0.565079},"2025-09":{"txs":0,"uniq":0,"trade":0,"nft":0,"gas":0,"bal":0.005229,"days":0,"spread":0,"streak":0,"rank_m":523013,"pct_m":0.556076},"2025-10":{"txs":0,"uniq":0,"trade":0,"nft":0,"gas":0,"bal":0.005229,"days":0,"spread":0,"streak":0,"rank_m":420153,"pct_m":0.446713}}}