{"wallet":"0xce2628d07b3df18674761f79f341267df8c92f71","rank":306556,"lifetime":{"months_active":17,"first":"2023-07","last":"2025-10","tx_sum":199,"uniq_sum":87,"trade_sum":15,"nft_sum":27,"gas_sum":0.005408,"avg_balance_eth_mean":0.002144,"streak_best_days":4,"gas_sum_filled":0.005408},"months":{"2023-07":{"txs":1,"uniq":1,"trade":0,"nft":2,"gas":0.000213,"bal":0.00039,"days":1,"spread":0.032258,"streak":1,"rank_m":30204,"pct_m":0.032112,"gas_method":"estimated"},"2023-08":{"txs":25,"uniq":20,"trade":0,"nft":20,"gas":0.002736,"bal":0.000734,"days":8,"spread":0.258065,"streak":3,"rank_m":45575,"pct_m":0.048455,"gas_method":"exact"},"2023-09":{"txs":3,"uniq":3,"trade":0,"nft":2,"gas":0.000148,"bal":0.000039,"days":1,"spread":0.033333,"streak":1,"rank_m":107640,"pct_m":0.114444,"gas_method":"exact"},"2023-10":{"txs":0,"uniq":0,"trade":0,"nft":0,"gas":0,"bal":0.000039,"days":0,"spread":0,"streak":0,"rank_m":212423,"pct_m":0.225851},"2023-11":{"txs":21,"uniq":10,"trade":9,"nft":1,"gas":0.000606,"bal":0.000524,"days":4,"spread":0.133333,"streak":1,"rank_m":65158,"pct_m":0.069276,"gas_method":"estimated"},"2023-12":{"txs":4,"uniq":3,"trade":0,"nft":1,"gas":0.000216,"bal":0.000849,"days":3,"spread":0.096774,"streak":2,"rank_m":111839,"pct_m":0.118908,"gas_method":"estimated"},"2024-01":{"txs":6,"uniq":4,"trade":0,"nft":0,"gas":0.000145,"bal":0.000223,"days":3,"spread":0.096774,"streak":1,"rank_m":115522,"pct_m":0.122824,"gas_method":"exact"},"2024-02":{"txs":0,"uniq":0,"trade":0,"nft":0,"gas":0,"bal":0.000223,"days":0,"spread":0,"streak":0,"rank_m":309878,"pct_m":0.329467},"2024-03":{"txs":25,"uniq":4,"trade":0,"nft":0,"gas":0.001066,"bal":0.00008,"days":2,"spread":0.064516,"streak":1,"rank_m":314004,"pct_m":0.333854,"gas_method":"estimated"},"2024-04":{"txs":28,"uniq":11,"trade":4,"nft":1,"gas":0.000147,"bal":0.001556,"days":8,"spread":0.266667,"streak":4,"rank_m":188676,"pct_m":0.200603,"gas_method":"estimated"},"2024-05":{"txs":29,"uniq":5,"trade":1,"nft":0,"gas":0.000051,"bal":0.042553,"days":9,"spread":0.290323,"streak":3,"rank_m":82223,"pct_m":0.08742,"gas_method":"estimated"},"2024-06":{"txs":20,"uniq":5,"trade":1,"nft":0,"gas":0.000003,"bal":0.00856,"days":4,"spread":0.133333,"streak":1,"rank_m":131237,"pct_m":0.139532,"gas_method":"exact"},"2024-07":{"txs":10,"uniq":5,"trade":0,"nft":0,"gas":0.000003,"bal":0.003069,"days":5,"spread":0.16129,"streak":2,"rank_m":282669,"pct_m":0.300538,"gas_method":"estimated"},"2024-08":{"txs":3,"uniq":1,"trade":0,"nft":0,"gas":0.000001,"bal":0.000161,"days":1,"spread":0.032258,"streak":1,"rank_m":510287,"pct_m":0.542545,"gas_method":"estimated"},"2024-09":{"txs":3,"uniq":3,"trade":0,"nft":0,"gas":0,"bal":0.000048,"days":1,"spread":0.033333,"streak":1,"rank_m":479171,"pct_m":0.509462,"gas_method":"estimated"},"2024-10":{"txs":12,"uniq":6,"trade":0,"nft":0,"gas":0.000002,"bal":0.000156,"days":3,"spread":0.096774,"streak":2,"rank_m":430264,"pct_m":0.457463,"gas_method":"estimated"},"2024-11":{"txs":0,"uniq":0,"trade":0,"nft":0,"gas":0,"bal":0.000156,"days":0,"spread":0,"streak":0,"rank_m":639801,"pct_m":0.680247},"2024-12":{"txs":5,"uniq":2,"trade":0,"nft":0,"gas":0.000044,"bal":0.000119,"days":1,"spread":0.032258,"streak":1,"rank_m":543148,"pct_m":0.577484,"gas_method":"exact"},"2025-01":{"txs":0,"uniq":0,"trade":0,"nft":0,"gas":0,"bal":0.000119,"days":0,"spread":0,"streak":0,"rank_m":692686,"pct_m":0.736475},"2025-02":{"txs":0,"uniq":0,"trade":0,"nft":0,"gas":0,"bal":0.000119,"days":0,"spread":0,"streak":0,"rank_m":717602,"pct_m":0.762966},"2025-03":{"txs":0,"uniq":0,"trade":0,"nft":0,"gas":0,"bal":0.000119,"days":0,"spread":0,"streak":0,"rank_m":727546,"pct_m":0.773539},"2025-04":{"txs":1,"uniq":1,"trade":0,"nft":0,"gas":0.000006,"bal":0.000032,"days":1,"spread":0.033333,"streak":1,"rank_m":565528,"pct_m":0.601278,"gas_method":"exact"},"2025-05":{"txs":0,"uniq":0,"trade":0,"nft":0,"gas":0,"bal":0.000032,"days":0,"spread":0,"streak":0,"rank_m":811123,"pct_m":0.862399},"2025-06":{"txs":0,"uniq":0,"trade":0,"nft":0,"gas":0,"bal":0.000032,"days":0,"spread":0,"streak":0,"rank_m":823047,"pct_m":0.875077},"2025-07":{"txs":3,"uniq":3,"trade":0,"nft":0,"gas":0.000021,"bal":0.000025,"days":1,"spread":0.032258,"streak":1,"rank_m":651130,"pct_m":0.692292,"gas_method":"estimated"},"2025-08":{"txs":0,"uniq":0,"trade":0,"nft":0,"gas":0,"bal":0.000025,"days":0,"spread":0,"streak":0,"rank_m":844262,"pct_m":0.897633},"2025-09":{"txs":0,"uniq":0,"trade":0,"nft":0,"gas":0,"bal":0.000025,"days":0,"spread":0,"streak":0,"rank_m":841420,"pct_m":0.894612},"2025-10":{"txs":0,"uniq":0,"trade":0,"nft":0,"gas":0,"bal":0.000025,"days":0,"spread":0,"streak":0,"rank_m":798830,"pct_m":0.849329}}}