{"wallet":"0xcef8d897ca6523755daf5699b71ba59627c062f0","rank":577982,"lifetime":{"months_active":16,"first":"2023-07","last":"2025-10","tx_sum":105,"uniq_sum":64,"trade_sum":2,"nft_sum":19,"gas_sum":0.001256,"avg_balance_eth_mean":0.00395,"streak_best_days":8,"gas_sum_filled":0.001256},"months":{"2023-07":{"txs":0,"uniq":0,"trade":0,"nft":0,"gas":0,"bal":0,"days":0,"spread":0,"streak":0,"rank_m":221747,"pct_m":0.235764},"2023-08":{"txs":0,"uniq":0,"trade":0,"nft":0,"gas":0,"bal":0,"days":0,"spread":0,"streak":0,"rank_m":314174,"pct_m":0.334034},"2023-09":{"txs":5,"uniq":3,"trade":0,"nft":0,"gas":0.000203,"bal":0.003715,"days":3,"spread":0.1,"streak":1,"rank_m":93464,"pct_m":0.099372,"gas_method":"estimated"},"2023-10":{"txs":6,"uniq":4,"trade":0,"nft":0,"gas":0.000064,"bal":0.007793,"days":3,"spread":0.096774,"streak":1,"rank_m":72827,"pct_m":0.07743,"gas_method":"estimated"},"2023-11":{"txs":4,"uniq":2,"trade":0,"nft":0,"gas":0.000074,"bal":0.008887,"days":2,"spread":0.066667,"streak":1,"rank_m":81274,"pct_m":0.086411,"gas_method":"estimated"},"2023-12":{"txs":3,"uniq":3,"trade":0,"nft":3,"gas":0.000042,"bal":0.008682,"days":2,"spread":0.064516,"streak":1,"rank_m":63018,"pct_m":0.067001,"gas_method":"exact"},"2024-01":{"txs":3,"uniq":3,"trade":0,"nft":3,"gas":0.000097,"bal":0.008611,"days":1,"spread":0.032258,"streak":1,"rank_m":95299,"pct_m":0.101323,"gas_method":"estimated"},"2024-02":{"txs":2,"uniq":2,"trade":0,"nft":2,"gas":0.000037,"bal":0.008495,"days":1,"spread":0.034483,"streak":1,"rank_m":162516,"pct_m":0.172789,"gas_method":"estimated"},"2024-03":{"txs":7,"uniq":6,"trade":0,"nft":5,"gas":0.000192,"bal":0.00835,"days":2,"spread":0.064516,"streak":1,"rank_m":190433,"pct_m":0.202471,"gas_method":"estimated"},"2024-04":{"txs":10,"uniq":9,"trade":0,"nft":4,"gas":0.000034,"bal":0.006499,"days":4,"spread":0.133333,"streak":1,"rank_m":261866,"pct_m":0.27842,"gas_method":"estimated"},"2024-05":{"txs":8,"uniq":5,"trade":0,"nft":1,"gas":0.000009,"bal":0.005467,"days":3,"spread":0.096774,"streak":2,"rank_m":291077,"pct_m":0.309477,"gas_method":"estimated"},"2024-06":{"txs":0,"uniq":0,"trade":0,"nft":0,"gas":0,"bal":0.005467,"days":0,"spread":0,"streak":0,"rank_m":483915,"pct_m":0.514506},"2024-07":{"txs":0,"uniq":0,"trade":0,"nft":0,"gas":0,"bal":0.005467,"days":0,"spread":0,"streak":0,"rank_m":486542,"pct_m":0.517299},"2024-08":{"txs":0,"uniq":0,"trade":0,"nft":0,"gas":0,"bal":0.005467,"days":0,"spread":0,"streak":0,"rank_m":493888,"pct_m":0.525109},"2024-09":{"txs":1,"uniq":1,"trade":0,"nft":1,"gas":0,"bal":0.005431,"days":1,"spread":0.033333,"streak":1,"rank_m":330373,"pct_m":0.351257,"gas_method":"estimated"},"2024-10":{"txs":1,"uniq":0,"trade":0,"nft":0,"gas":0,"bal":0.00543,"days":1,"spread":0.032258,"streak":1,"rank_m":439835,"pct_m":0.467639,"gas_method":"estimated"},"2024-11":{"txs":32,"uniq":11,"trade":1,"nft":0,"gas":0.000074,"bal":0.004706,"days":21,"spread":0.7,"streak":7,"rank_m":69380,"pct_m":0.073765,"gas_method":"exact"},"2024-12":{"txs":16,"uniq":9,"trade":1,"nft":0,"gas":0.000353,"bal":0.004996,"days":15,"spread":0.483871,"streak":3,"rank_m":145852,"pct_m":0.155071,"gas_method":"exact"},"2025-01":{"txs":2,"uniq":2,"trade":0,"nft":0,"gas":0.000052,"bal":0.005018,"days":2,"spread":0.064516,"streak":2,"rank_m":420169,"pct_m":0.44673,"gas_method":"exact"},"2025-02":{"txs":1,"uniq":1,"trade":0,"nft":0,"gas":0.000007,"bal":0.001011,"days":1,"spread":0.035714,"streak":1,"rank_m":490760,"pct_m":0.521784,"gas_method":"exact"},"2025-03":{"txs":0,"uniq":0,"trade":0,"nft":0,"gas":0,"bal":0.001011,"days":0,"spread":0,"streak":0,"rank_m":638995,"pct_m":0.67939},"2025-04":{"txs":4,"uniq":3,"trade":0,"nft":0,"gas":0.000018,"bal":0.000013,"days":2,"spread":0.066667,"streak":2,"rank_m":465910,"pct_m":0.495363,"gas_method":"exact"},"2025-05":{"txs":0,"uniq":0,"trade":0,"nft":0,"gas":0,"bal":0.000013,"days":0,"spread":0,"streak":0,"rank_m":821731,"pct_m":0.873678},"2025-06":{"txs":0,"uniq":0,"trade":0,"nft":0,"gas":0,"bal":0.000013,"days":0,"spread":0,"streak":0,"rank_m":835157,"pct_m":0.887953},"2025-07":{"txs":0,"uniq":0,"trade":0,"nft":0,"gas":0,"bal":0.000013,"days":0,"spread":0,"streak":0,"rank_m":859627,"pct_m":0.91397},"2025-08":{"txs":0,"uniq":0,"trade":0,"nft":0,"gas":0,"bal":0.000013,"days":0,"spread":0,"streak":0,"rank_m":854650,"pct_m":0.908678},"2025-09":{"txs":0,"uniq":0,"trade":0,"nft":0,"gas":0,"bal":0.000013,"days":0,"spread":0,"streak":0,"rank_m":851183,"pct_m":0.904992},"2025-10":{"txs":0,"uniq":0,"trade":0,"nft":0,"gas":0,"bal":0.000013,"days":0,"spread":0,"streak":0,"rank_m":811184,"pct_m":0.862464}}}