{"wallet":"0xce4fa5b6cbfaeb764d655e23a777013f13f9e7f8","rank":635314,"lifetime":{"months_active":19,"first":"2023-07","last":"2025-10","tx_sum":141,"uniq_sum":68,"trade_sum":1,"nft_sum":14,"gas_sum":0.000833,"avg_balance_eth_mean":0.004911,"streak_best_days":2,"gas_sum_filled":0.000833},"months":{"2023-07":{"txs":0,"uniq":0,"trade":0,"nft":0,"gas":0,"bal":0,"days":0,"spread":0,"streak":0,"rank_m":224146,"pct_m":0.238315},"2023-08":{"txs":0,"uniq":0,"trade":0,"nft":0,"gas":0,"bal":0,"days":0,"spread":0,"streak":0,"rank_m":316285,"pct_m":0.336279},"2023-09":{"txs":0,"uniq":0,"trade":0,"nft":0,"gas":0,"bal":0,"days":0,"spread":0,"streak":0,"rank_m":333576,"pct_m":0.354663},"2023-10":{"txs":15,"uniq":11,"trade":0,"nft":5,"gas":0.000106,"bal":0.000078,"days":2,"spread":0.064516,"streak":2,"rank_m":88948,"pct_m":0.09457,"gas_method":"estimated"},"2023-11":{"txs":1,"uniq":1,"trade":0,"nft":1,"gas":0.000012,"bal":0.000104,"days":1,"spread":0.033333,"streak":1,"rank_m":150010,"pct_m":0.159492,"gas_method":"estimated"},"2023-12":{"txs":0,"uniq":0,"trade":0,"nft":0,"gas":0,"bal":0.000104,"days":0,"spread":0,"streak":0,"rank_m":244283,"pct_m":0.259725},"2024-01":{"txs":1,"uniq":1,"trade":0,"nft":1,"gas":0.000021,"bal":0.00007,"days":1,"spread":0.032258,"streak":1,"rank_m":186175,"pct_m":0.197944,"gas_method":"estimated"},"2024-02":{"txs":0,"uniq":0,"trade":0,"nft":0,"gas":0,"bal":0.00007,"days":0,"spread":0,"streak":0,"rank_m":326224,"pct_m":0.346846},"2024-03":{"txs":2,"uniq":1,"trade":0,"nft":0,"gas":0.000036,"bal":0.000037,"days":1,"spread":0.032258,"streak":1,"rank_m":372527,"pct_m":0.396076,"gas_method":"estimated"},"2024-04":{"txs":5,"uniq":5,"trade":0,"nft":2,"gas":0.000011,"bal":0.004306,"days":2,"spread":0.066667,"streak":1,"rank_m":340136,"pct_m":0.361638,"gas_method":"estimated"},"2024-05":{"txs":7,"uniq":3,"trade":0,"nft":3,"gas":0.000005,"bal":0.003603,"days":3,"spread":0.096774,"streak":1,"rank_m":324305,"pct_m":0.344806,"gas_method":"estimated"},"2024-06":{"txs":12,"uniq":4,"trade":0,"nft":1,"gas":0,"bal":0.005467,"days":4,"spread":0.133333,"streak":1,"rank_m":226326,"pct_m":0.240633,"gas_method":"exact"},"2024-07":{"txs":2,"uniq":2,"trade":0,"nft":0,"gas":0,"bal":0.007444,"days":1,"spread":0.032258,"streak":1,"rank_m":373026,"pct_m":0.396607,"gas_method":"estimated"},"2024-08":{"txs":0,"uniq":0,"trade":0,"nft":0,"gas":0,"bal":0.007444,"days":0,"spread":0,"streak":0,"rank_m":480532,"pct_m":0.510909},"2024-09":{"txs":1,"uniq":0,"trade":0,"nft":0,"gas":0,"bal":0.009448,"days":1,"spread":0.033333,"streak":1,"rank_m":354801,"pct_m":0.37723,"gas_method":"estimated"},"2024-10":{"txs":5,"uniq":5,"trade":1,"nft":1,"gas":0,"bal":0.01009,"days":4,"spread":0.129032,"streak":1,"rank_m":203720,"pct_m":0.216598,"gas_method":"estimated"},"2024-11":{"txs":0,"uniq":0,"trade":0,"nft":0,"gas":0,"bal":0.01009,"days":0,"spread":0,"streak":0,"rank_m":514891,"pct_m":0.54744},"2024-12":{"txs":1,"uniq":1,"trade":0,"nft":0,"gas":0.000022,"bal":0.008369,"days":1,"spread":0.032258,"streak":1,"rank_m":495483,"pct_m":0.526805,"gas_method":"exact"},"2025-01":{"txs":0,"uniq":0,"trade":0,"nft":0,"gas":0,"bal":0.008369,"days":0,"spread":0,"streak":0,"rank_m":568026,"pct_m":0.603934},"2025-02":{"txs":0,"uniq":0,"trade":0,"nft":0,"gas":0,"bal":0.008369,"days":0,"spread":0,"streak":0,"rank_m":560736,"pct_m":0.596183},"2025-03":{"txs":1,"uniq":1,"trade":0,"nft":0,"gas":0.000008,"bal":0.004676,"days":1,"spread":0.032258,"streak":1,"rank_m":418718,"pct_m":0.445187,"gas_method":"exact"},"2025-04":{"txs":6,"uniq":6,"trade":0,"nft":0,"gas":0.000036,"bal":0.005793,"days":2,"spread":0.066667,"streak":2,"rank_m":250131,"pct_m":0.265943,"gas_method":"exact"},"2025-05":{"txs":2,"uniq":1,"trade":0,"nft":0,"gas":0.000014,"bal":0.007824,"days":2,"spread":0.064516,"streak":2,"rank_m":278117,"pct_m":0.295698,"gas_method":"estimated"},"2025-06":{"txs":28,"uniq":6,"trade":0,"nft":0,"gas":0.000197,"bal":0.005821,"days":9,"spread":0.3,"streak":2,"rank_m":195656,"pct_m":0.208024,"gas_method":"estimated"},"2025-07":{"txs":36,"uniq":8,"trade":0,"nft":0,"gas":0.000253,"bal":0.00663,"days":6,"spread":0.193548,"streak":1,"rank_m":214700,"pct_m":0.228272,"gas_method":"estimated"},"2025-08":{"txs":3,"uniq":3,"trade":0,"nft":0,"gas":0.000021,"bal":0.006309,"days":1,"spread":0.032258,"streak":1,"rank_m":339479,"pct_m":0.360939,"gas_method":"estimated"},"2025-09":{"txs":11,"uniq":7,"trade":0,"nft":0,"gas":0.000077,"bal":0.007848,"days":2,"spread":0.066667,"streak":1,"rank_m":250150,"pct_m":0.265963,"gas_method":"estimated"},"2025-10":{"txs":2,"uniq":2,"trade":0,"nft":0,"gas":0.000014,"bal":0.009159,"days":1,"spread":0.032258,"streak":1,"rank_m":208909,"pct_m":0.222115,"gas_method":"estimated"}}}