{"wallet":"0xcebc1237e60c14961dc3eacc0cd1a9764137b12c","rank":477965,"lifetime":{"months_active":25,"first":"2023-07","last":"2025-10","tx_sum":132,"uniq_sum":81,"trade_sum":0,"nft_sum":15,"gas_sum":0.001807,"avg_balance_eth_mean":0.006325,"streak_best_days":2,"gas_sum_filled":0.001807},"months":{"2023-07":{"txs":0,"uniq":0,"trade":0,"nft":0,"gas":0,"bal":0,"days":0,"spread":0,"streak":0,"rank_m":222631,"pct_m":0.236704},"2023-08":{"txs":0,"uniq":0,"trade":0,"nft":0,"gas":0,"bal":0,"days":0,"spread":0,"streak":0,"rank_m":314954,"pct_m":0.334864},"2023-09":{"txs":14,"uniq":5,"trade":0,"nft":0,"gas":0.000299,"bal":0.000278,"days":3,"spread":0.1,"streak":2,"rank_m":74498,"pct_m":0.079207,"gas_method":"exact"},"2023-10":{"txs":12,"uniq":8,"trade":0,"nft":1,"gas":0.00005,"bal":0.000973,"days":3,"spread":0.096774,"streak":2,"rank_m":56362,"pct_m":0.059924,"gas_method":"exact"},"2023-11":{"txs":15,"uniq":6,"trade":0,"nft":1,"gas":0.000385,"bal":0.001085,"days":2,"spread":0.066667,"streak":2,"rank_m":77012,"pct_m":0.081879,"gas_method":"estimated"},"2023-12":{"txs":2,"uniq":2,"trade":0,"nft":0,"gas":0.000096,"bal":0.000931,"days":1,"spread":0.032258,"streak":1,"rank_m":160674,"pct_m":0.17083,"gas_method":"estimated"},"2024-01":{"txs":6,"uniq":4,"trade":0,"nft":0,"gas":0.000204,"bal":0.0005,"days":2,"spread":0.064516,"streak":1,"rank_m":111932,"pct_m":0.119007,"gas_method":"exact"},"2024-02":{"txs":6,"uniq":5,"trade":0,"nft":1,"gas":0.00026,"bal":0.000618,"days":2,"spread":0.068966,"streak":1,"rank_m":154293,"pct_m":0.164046,"gas_method":"exact"},"2024-03":{"txs":4,"uniq":3,"trade":0,"nft":0,"gas":0.000152,"bal":0.002468,"days":2,"spread":0.064516,"streak":1,"rank_m":284402,"pct_m":0.30238,"gas_method":"estimated"},"2024-04":{"txs":10,"uniq":7,"trade":0,"nft":0,"gas":0.000047,"bal":0.003068,"days":2,"spread":0.066667,"streak":1,"rank_m":353645,"pct_m":0.376001,"gas_method":"estimated"},"2024-05":{"txs":2,"uniq":2,"trade":0,"nft":0,"gas":0.000003,"bal":0.003819,"days":1,"spread":0.032258,"streak":1,"rank_m":411551,"pct_m":0.437567,"gas_method":"estimated"},"2024-06":{"txs":5,"uniq":4,"trade":0,"nft":0,"gas":0,"bal":0.005805,"days":2,"spread":0.066667,"streak":1,"rank_m":348492,"pct_m":0.370522,"gas_method":"estimated"},"2024-07":{"txs":3,"uniq":2,"trade":0,"nft":0,"gas":0.000001,"bal":0.013801,"days":1,"spread":0.032258,"streak":1,"rank_m":332570,"pct_m":0.353593,"gas_method":"estimated"},"2024-08":{"txs":16,"uniq":12,"trade":0,"nft":12,"gas":0.000003,"bal":0.013415,"days":2,"spread":0.064516,"streak":1,"rank_m":174487,"pct_m":0.185517,"gas_method":"estimated"},"2024-09":{"txs":4,"uniq":2,"trade":0,"nft":0,"gas":0,"bal":0.011884,"days":1,"spread":0.033333,"streak":1,"rank_m":289333,"pct_m":0.307623,"gas_method":"estimated"},"2024-10":{"txs":4,"uniq":3,"trade":0,"nft":0,"gas":0.000001,"bal":0.011474,"days":2,"spread":0.064516,"streak":1,"rank_m":323633,"pct_m":0.344091,"gas_method":"estimated"},"2024-11":{"txs":3,"uniq":2,"trade":0,"nft":0,"gas":0.000007,"bal":0.009832,"days":1,"spread":0.033333,"streak":1,"rank_m":385984,"pct_m":0.410384,"gas_method":"exact"},"2024-12":{"txs":4,"uniq":3,"trade":0,"nft":0,"gas":0.000088,"bal":0.009819,"days":2,"spread":0.064516,"streak":1,"rank_m":408623,"pct_m":0.434454,"gas_method":"exact"},"2025-01":{"txs":3,"uniq":2,"trade":0,"nft":0,"gas":0.000078,"bal":0.00978,"days":1,"spread":0.032258,"streak":1,"rank_m":417195,"pct_m":0.443568,"gas_method":"exact"},"2025-02":{"txs":3,"uniq":2,"trade":0,"nft":0,"gas":0.000021,"bal":0.009756,"days":1,"spread":0.035714,"streak":1,"rank_m":372877,"pct_m":0.396448,"gas_method":"exact"},"2025-03":{"txs":2,"uniq":1,"trade":0,"nft":0,"gas":0.000016,"bal":0.009742,"days":1,"spread":0.032258,"streak":1,"rank_m":374536,"pct_m":0.398212,"gas_method":"exact"},"2025-04":{"txs":2,"uniq":1,"trade":0,"nft":0,"gas":0.000012,"bal":0.009726,"days":1,"spread":0.033333,"streak":1,"rank_m":409879,"pct_m":0.43579,"gas_method":"exact"},"2025-05":{"txs":3,"uniq":1,"trade":0,"nft":0,"gas":0.000021,"bal":0.009711,"days":1,"spread":0.032258,"streak":1,"rank_m":295588,"pct_m":0.314273,"gas_method":"estimated"},"2025-06":{"txs":2,"uniq":0,"trade":0,"nft":0,"gas":0.000014,"bal":0,"days":1,"spread":0.033333,"streak":1,"rank_m":751313,"pct_m":0.798808,"gas_method":"estimated"},"2025-07":{"txs":2,"uniq":1,"trade":0,"nft":0,"gas":0.000014,"bal":0.009686,"days":1,"spread":0.032258,"streak":1,"rank_m":361451,"pct_m":0.3843,"gas_method":"estimated"},"2025-08":{"txs":3,"uniq":2,"trade":0,"nft":0,"gas":0.000021,"bal":0.009668,"days":1,"spread":0.032258,"streak":1,"rank_m":316988,"pct_m":0.337026,"gas_method":"estimated"},"2025-09":{"txs":2,"uniq":1,"trade":0,"nft":0,"gas":0.000014,"bal":0.009637,"days":1,"spread":0.033333,"streak":1,"rank_m":333591,"pct_m":0.354679,"gas_method":"estimated"},"2025-10":{"txs":0,"uniq":0,"trade":0,"nft":0,"gas":0,"bal":0.009637,"days":0,"spread":0,"streak":0,"rank_m":357235,"pct_m":0.379818}}}