{"wallet":"0xce1696b8cdb25f9f9d7635d61054eae4b56f43cf","rank":88043,"lifetime":{"months_active":15,"first":"2023-07","last":"2025-10","tx_sum":593,"uniq_sum":301,"trade_sum":3,"nft_sum":343,"gas_sum":0.006057,"avg_balance_eth_mean":0.013462,"streak_best_days":11,"gas_sum_filled":0.006057},"months":{"2023-07":{"txs":0,"uniq":0,"trade":0,"nft":0,"gas":0,"bal":0,"days":0,"spread":0,"streak":0,"rank_m":224943,"pct_m":0.239162},"2023-08":{"txs":24,"uniq":23,"trade":0,"nft":25,"gas":0.001131,"bal":0.020816,"days":4,"spread":0.129032,"streak":2,"rank_m":38804,"pct_m":0.041256,"gas_method":"exact"},"2023-09":{"txs":3,"uniq":3,"trade":0,"nft":4,"gas":0.000142,"bal":0.013764,"days":2,"spread":0.066667,"streak":1,"rank_m":61718,"pct_m":0.065619,"gas_method":"exact"},"2023-10":{"txs":0,"uniq":0,"trade":0,"nft":0,"gas":0,"bal":0.013764,"days":0,"spread":0,"streak":0,"rank_m":155435,"pct_m":0.16526},"2023-11":{"txs":98,"uniq":59,"trade":2,"nft":80,"gas":0.002005,"bal":0.021609,"days":15,"spread":0.5,"streak":10,"rank_m":3057,"pct_m":0.003249,"gas_method":"estimated"},"2023-12":{"txs":48,"uniq":45,"trade":0,"nft":48,"gas":0.000424,"bal":0.027932,"days":20,"spread":0.645161,"streak":11,"rank_m":1138,"pct_m":0.001209,"gas_method":"exact"},"2024-01":{"txs":4,"uniq":4,"trade":0,"nft":4,"gas":0.000121,"bal":0.02173,"days":3,"spread":0.096774,"streak":1,"rank_m":54459,"pct_m":0.057901,"gas_method":"exact"},"2024-02":{"txs":3,"uniq":3,"trade":0,"nft":2,"gas":0.000061,"bal":0.018687,"days":3,"spread":0.103448,"streak":1,"rank_m":121674,"pct_m":0.129365,"gas_method":"estimated"},"2024-03":{"txs":53,"uniq":28,"trade":1,"nft":56,"gas":0.000769,"bal":0.019528,"days":13,"spread":0.419355,"streak":5,"rank_m":13036,"pct_m":0.013859,"gas_method":"exact"},"2024-04":{"txs":115,"uniq":40,"trade":0,"nft":75,"gas":0.000429,"bal":0.029831,"days":14,"spread":0.466667,"streak":2,"rank_m":40838,"pct_m":0.043419,"gas_method":"estimated"},"2024-05":{"txs":34,"uniq":19,"trade":0,"nft":25,"gas":0.000042,"bal":0.030561,"days":9,"spread":0.290323,"streak":3,"rank_m":50305,"pct_m":0.053484,"gas_method":"estimated"},"2024-06":{"txs":19,"uniq":13,"trade":0,"nft":13,"gas":0.000002,"bal":0.020426,"days":4,"spread":0.133333,"streak":2,"rank_m":71232,"pct_m":0.075734,"gas_method":"exact"},"2024-07":{"txs":8,"uniq":5,"trade":0,"nft":7,"gas":0.000001,"bal":0.017923,"days":3,"spread":0.096774,"streak":2,"rank_m":155472,"pct_m":0.1653,"gas_method":"estimated"},"2024-08":{"txs":0,"uniq":0,"trade":0,"nft":0,"gas":0,"bal":0.017923,"days":0,"spread":0,"streak":0,"rank_m":441694,"pct_m":0.469616},"2024-09":{"txs":0,"uniq":0,"trade":0,"nft":0,"gas":0,"bal":0.017923,"days":0,"spread":0,"streak":0,"rank_m":402810,"pct_m":0.428274},"2024-10":{"txs":0,"uniq":0,"trade":0,"nft":0,"gas":0,"bal":0.017923,"days":0,"spread":0,"streak":0,"rank_m":452882,"pct_m":0.481511},"2024-11":{"txs":13,"uniq":13,"trade":0,"nft":1,"gas":0.00003,"bal":0.018069,"days":1,"spread":0.033333,"streak":1,"rank_m":209695,"pct_m":0.22295,"gas_method":"exact"},"2024-12":{"txs":25,"uniq":21,"trade":0,"nft":1,"gas":0.000551,"bal":0.019631,"days":8,"spread":0.258065,"streak":2,"rank_m":103359,"pct_m":0.109892,"gas_method":"exact"},"2025-01":{"txs":104,"uniq":19,"trade":0,"nft":1,"gas":0.00006,"bal":0.002627,"days":23,"spread":0.741935,"streak":6,"rank_m":99824,"pct_m":0.106134,"gas_method":"exact"},"2025-02":{"txs":42,"uniq":6,"trade":0,"nft":1,"gas":0.000289,"bal":0.002918,"days":11,"spread":0.392857,"streak":8,"rank_m":78264,"pct_m":0.083211,"gas_method":"exact"},"2025-03":{"txs":0,"uniq":0,"trade":0,"nft":0,"gas":0,"bal":0.002918,"days":0,"spread":0,"streak":0,"rank_m":592075,"pct_m":0.629504},"2025-04":{"txs":0,"uniq":0,"trade":0,"nft":0,"gas":0,"bal":0.002918,"days":0,"spread":0,"streak":0,"rank_m":625608,"pct_m":0.665157},"2025-05":{"txs":0,"uniq":0,"trade":0,"nft":0,"gas":0,"bal":0.002918,"days":0,"spread":0,"streak":0,"rank_m":578966,"pct_m":0.615566},"2025-06":{"txs":0,"uniq":0,"trade":0,"nft":0,"gas":0,"bal":0.002918,"days":0,"spread":0,"streak":0,"rank_m":585683,"pct_m":0.622708},"2025-07":{"txs":0,"uniq":0,"trade":0,"nft":0,"gas":0,"bal":0.002918,"days":0,"spread":0,"streak":0,"rank_m":605434,"pct_m":0.643707},"2025-08":{"txs":0,"uniq":0,"trade":0,"nft":0,"gas":0,"bal":0.002918,"days":0,"spread":0,"streak":0,"rank_m":582675,"pct_m":0.619509},"2025-09":{"txs":0,"uniq":0,"trade":0,"nft":0,"gas":0,"bal":0.002918,"days":0,"spread":0,"streak":0,"rank_m":570275,"pct_m":0.606326},"2025-10":{"txs":0,"uniq":0,"trade":0,"nft":0,"gas":0,"bal":0.002918,"days":0,"spread":0,"streak":0,"rank_m":471774,"pct_m":0.501597}}}