{"wallet":"0xce8fb12486843d730c4837358598a5dfad59c532","rank":360819,"lifetime":{"months_active":18,"first":"2023-07","last":"2025-10","tx_sum":194,"uniq_sum":115,"trade_sum":4,"nft_sum":59,"gas_sum":0.002973,"avg_balance_eth_mean":0.001212,"streak_best_days":3,"gas_sum_filled":0.002973},"months":{"2023-07":{"txs":0,"uniq":0,"trade":0,"nft":0,"gas":0,"bal":0,"days":0,"spread":0,"streak":0,"rank_m":223273,"pct_m":0.237387},"2023-08":{"txs":0,"uniq":0,"trade":0,"nft":0,"gas":0,"bal":0,"days":0,"spread":0,"streak":0,"rank_m":315515,"pct_m":0.33546},"2023-09":{"txs":0,"uniq":0,"trade":0,"nft":0,"gas":0,"bal":0,"days":0,"spread":0,"streak":0,"rank_m":332698,"pct_m":0.353729},"2023-10":{"txs":0,"uniq":0,"trade":0,"nft":0,"gas":0,"bal":0,"days":0,"spread":0,"streak":0,"rank_m":351051,"pct_m":0.373243},"2023-11":{"txs":7,"uniq":5,"trade":0,"nft":2,"gas":0.000086,"bal":0.001537,"days":2,"spread":0.066667,"streak":1,"rank_m":81740,"pct_m":0.086906,"gas_method":"estimated"},"2023-12":{"txs":1,"uniq":1,"trade":0,"nft":0,"gas":0.000023,"bal":0.00161,"days":1,"spread":0.032258,"streak":1,"rank_m":162810,"pct_m":0.173101,"gas_method":"estimated"},"2024-01":{"txs":65,"uniq":29,"trade":1,"nft":17,"gas":0.002182,"bal":0.001049,"days":8,"spread":0.258065,"streak":3,"rank_m":18821,"pct_m":0.02001,"gas_method":"exact"},"2024-02":{"txs":11,"uniq":6,"trade":0,"nft":6,"gas":0.000134,"bal":0.000415,"days":6,"spread":0.206897,"streak":1,"rank_m":145711,"pct_m":0.154921,"gas_method":"estimated"},"2024-03":{"txs":8,"uniq":7,"trade":0,"nft":3,"gas":0.000146,"bal":0.00124,"days":4,"spread":0.129032,"streak":1,"rank_m":230477,"pct_m":0.245046,"gas_method":"estimated"},"2024-04":{"txs":13,"uniq":7,"trade":0,"nft":3,"gas":0.000029,"bal":0.00584,"days":3,"spread":0.1,"streak":1,"rank_m":283478,"pct_m":0.301398,"gas_method":"estimated"},"2024-05":{"txs":14,"uniq":6,"trade":1,"nft":4,"gas":0.00001,"bal":0.006167,"days":5,"spread":0.16129,"streak":2,"rank_m":193351,"pct_m":0.205573,"gas_method":"estimated"},"2024-06":{"txs":10,"uniq":6,"trade":0,"nft":3,"gas":0,"bal":0.003817,"days":5,"spread":0.166667,"streak":2,"rank_m":224961,"pct_m":0.239181,"gas_method":"estimated"},"2024-07":{"txs":3,"uniq":3,"trade":0,"nft":3,"gas":0,"bal":0.002475,"days":2,"spread":0.064516,"streak":1,"rank_m":338482,"pct_m":0.359879,"gas_method":"estimated"},"2024-08":{"txs":12,"uniq":12,"trade":1,"nft":12,"gas":0.000001,"bal":0.00194,"days":5,"spread":0.16129,"streak":3,"rank_m":190454,"pct_m":0.202493,"gas_method":"estimated"},"2024-09":{"txs":1,"uniq":1,"trade":0,"nft":1,"gas":0,"bal":0.000885,"days":1,"spread":0.033333,"streak":1,"rank_m":404672,"pct_m":0.430253,"gas_method":"estimated"},"2024-10":{"txs":3,"uniq":3,"trade":0,"nft":4,"gas":0,"bal":0.000807,"days":3,"spread":0.096774,"streak":1,"rank_m":382342,"pct_m":0.406512,"gas_method":"estimated"},"2024-11":{"txs":2,"uniq":2,"trade":1,"nft":1,"gas":0.000005,"bal":0.000379,"days":2,"spread":0.066667,"streak":1,"rank_m":405017,"pct_m":0.43062,"gas_method":"exact"},"2024-12":{"txs":5,"uniq":3,"trade":0,"nft":0,"gas":0.000088,"bal":0.000262,"days":3,"spread":0.096774,"streak":1,"rank_m":483134,"pct_m":0.513676,"gas_method":"exact"},"2025-01":{"txs":0,"uniq":0,"trade":0,"nft":0,"gas":0,"bal":0.000262,"days":0,"spread":0,"streak":0,"rank_m":675913,"pct_m":0.718642},"2025-02":{"txs":8,"uniq":7,"trade":0,"nft":0,"gas":0.000056,"bal":0.000671,"days":3,"spread":0.107143,"streak":1,"rank_m":306727,"pct_m":0.326117,"gas_method":"exact"},"2025-03":{"txs":0,"uniq":0,"trade":0,"nft":0,"gas":0,"bal":0.000671,"days":0,"spread":0,"streak":0,"rank_m":659853,"pct_m":0.701566},"2025-04":{"txs":5,"uniq":5,"trade":0,"nft":0,"gas":0.00003,"bal":0.000652,"days":3,"spread":0.1,"streak":3,"rank_m":326479,"pct_m":0.347117,"gas_method":"exact"},"2025-05":{"txs":0,"uniq":0,"trade":0,"nft":0,"gas":0,"bal":0.000652,"days":0,"spread":0,"streak":0,"rank_m":690266,"pct_m":0.733902},"2025-06":{"txs":0,"uniq":0,"trade":0,"nft":0,"gas":0,"bal":0.000652,"days":0,"spread":0,"streak":0,"rank_m":688891,"pct_m":0.73244},"2025-07":{"txs":0,"uniq":0,"trade":0,"nft":0,"gas":0,"bal":0.000652,"days":0,"spread":0,"streak":0,"rank_m":707251,"pct_m":0.751961},"2025-08":{"txs":3,"uniq":3,"trade":0,"nft":0,"gas":0.000021,"bal":0.000707,"days":1,"spread":0.032258,"streak":1,"rank_m":497077,"pct_m":0.5285,"gas_method":"estimated"},"2025-09":{"txs":23,"uniq":9,"trade":0,"nft":0,"gas":0.000162,"bal":0.000297,"days":2,"spread":0.066667,"streak":1,"rank_m":425050,"pct_m":0.45192,"gas_method":"estimated"},"2025-10":{"txs":0,"uniq":0,"trade":0,"nft":0,"gas":0,"bal":0.000297,"days":0,"spread":0,"streak":0,"rank_m":645055,"pct_m":0.685833}}}