{"wallet":"0xcee67ae88ef7f05e59022996b088124e173fa016","rank":380524,"lifetime":{"months_active":15,"first":"2023-07","last":"2025-10","tx_sum":134,"uniq_sum":63,"trade_sum":0,"nft_sum":27,"gas_sum":0.002732,"avg_balance_eth_mean":0.022535,"streak_best_days":37,"gas_sum_filled":0.002732},"months":{"2023-07":{"txs":0,"uniq":0,"trade":0,"nft":0,"gas":0,"bal":0,"days":0,"spread":0,"streak":0,"rank_m":222027,"pct_m":0.236062},"2023-08":{"txs":0,"uniq":0,"trade":0,"nft":0,"gas":0,"bal":0,"days":0,"spread":0,"streak":0,"rank_m":314417,"pct_m":0.334293},"2023-09":{"txs":2,"uniq":1,"trade":0,"nft":0,"gas":0.000147,"bal":0.001541,"days":1,"spread":0.033333,"streak":1,"rank_m":112409,"pct_m":0.119514,"gas_method":"exact"},"2023-10":{"txs":3,"uniq":3,"trade":0,"nft":1,"gas":0.000067,"bal":0.006728,"days":2,"spread":0.064516,"streak":1,"rank_m":78719,"pct_m":0.083694,"gas_method":"estimated"},"2023-11":{"txs":20,"uniq":10,"trade":0,"nft":3,"gas":0.000773,"bal":0.010257,"days":7,"spread":0.233333,"streak":2,"rank_m":20340,"pct_m":0.021625,"gas_method":"estimated"},"2023-12":{"txs":28,"uniq":17,"trade":0,"nft":13,"gas":0.00008,"bal":0.006191,"days":19,"spread":0.612903,"streak":8,"rank_m":8459,"pct_m":0.008993,"gas_method":"exact"},"2024-01":{"txs":35,"uniq":5,"trade":0,"nft":2,"gas":0.000894,"bal":0.001617,"days":29,"spread":0.935484,"streak":29,"rank_m":25436,"pct_m":0.027043,"gas_method":"exact"},"2024-02":{"txs":1,"uniq":1,"trade":0,"nft":0,"gas":0.000038,"bal":0.002865,"days":1,"spread":0.034483,"streak":1,"rank_m":227678,"pct_m":0.24207,"gas_method":"estimated"},"2024-03":{"txs":8,"uniq":7,"trade":0,"nft":4,"gas":0.000457,"bal":0.002713,"days":5,"spread":0.16129,"streak":1,"rank_m":195110,"pct_m":0.207443,"gas_method":"estimated"},"2024-04":{"txs":16,"uniq":5,"trade":0,"nft":1,"gas":0.000113,"bal":0.367784,"days":3,"spread":0.1,"streak":2,"rank_m":201162,"pct_m":0.213878,"gas_method":"estimated"},"2024-05":{"txs":2,"uniq":1,"trade":0,"nft":1,"gas":0.000005,"bal":0.009823,"days":1,"spread":0.032258,"streak":1,"rank_m":365796,"pct_m":0.38892,"gas_method":"estimated"},"2024-06":{"txs":3,"uniq":3,"trade":0,"nft":2,"gas":0,"bal":0.00579,"days":3,"spread":0.1,"streak":1,"rank_m":310937,"pct_m":0.330593,"gas_method":"estimated"},"2024-07":{"txs":0,"uniq":0,"trade":0,"nft":0,"gas":0,"bal":0.00579,"days":0,"spread":0,"streak":0,"rank_m":483981,"pct_m":0.514576},"2024-08":{"txs":0,"uniq":0,"trade":0,"nft":0,"gas":0,"bal":0.00579,"days":0,"spread":0,"streak":0,"rank_m":491337,"pct_m":0.522397},"2024-09":{"txs":0,"uniq":0,"trade":0,"nft":0,"gas":0,"bal":0.00579,"days":0,"spread":0,"streak":0,"rank_m":460015,"pct_m":0.489095},"2024-10":{"txs":0,"uniq":0,"trade":0,"nft":0,"gas":0,"bal":0.00579,"days":0,"spread":0,"streak":0,"rank_m":507812,"pct_m":0.539914},"2024-11":{"txs":8,"uniq":3,"trade":0,"nft":0,"gas":0.000007,"bal":0.005466,"days":2,"spread":0.066667,"streak":1,"rank_m":361835,"pct_m":0.384708,"gas_method":"exact"},"2024-12":{"txs":5,"uniq":5,"trade":0,"nft":0,"gas":0.00011,"bal":0.012001,"days":1,"spread":0.032258,"streak":1,"rank_m":389414,"pct_m":0.414031,"gas_method":"exact"},"2025-01":{"txs":1,"uniq":1,"trade":0,"nft":0,"gas":0.000026,"bal":0.017513,"days":1,"spread":0.032258,"streak":1,"rank_m":446828,"pct_m":0.475074,"gas_method":"exact"},"2025-02":{"txs":0,"uniq":0,"trade":0,"nft":0,"gas":0,"bal":0.017513,"days":0,"spread":0,"streak":0,"rank_m":530198,"pct_m":0.563715},"2025-03":{"txs":1,"uniq":1,"trade":0,"nft":0,"gas":0.000008,"bal":0.015645,"days":1,"spread":0.032258,"streak":1,"rank_m":380538,"pct_m":0.404594,"gas_method":"exact"},"2025-04":{"txs":0,"uniq":0,"trade":0,"nft":0,"gas":0,"bal":0.015645,"days":0,"spread":0,"streak":0,"rank_m":550745,"pct_m":0.585561},"2025-05":{"txs":0,"uniq":0,"trade":0,"nft":0,"gas":0,"bal":0.015645,"days":0,"spread":0,"streak":0,"rank_m":426282,"pct_m":0.45323},"2025-06":{"txs":0,"uniq":0,"trade":0,"nft":0,"gas":0,"bal":0.015645,"days":0,"spread":0,"streak":0,"rank_m":428037,"pct_m":0.455096},"2025-07":{"txs":0,"uniq":0,"trade":0,"nft":0,"gas":0,"bal":0.015645,"days":0,"spread":0,"streak":0,"rank_m":452285,"pct_m":0.480876},"2025-08":{"txs":0,"uniq":0,"trade":0,"nft":0,"gas":0,"bal":0.015645,"days":0,"spread":0,"streak":0,"rank_m":424338,"pct_m":0.451163},"2025-09":{"txs":1,"uniq":0,"trade":0,"nft":0,"gas":0.000007,"bal":0.023075,"days":1,"spread":0.033333,"streak":1,"rank_m":312570,"pct_m":0.332329,"gas_method":"estimated"},"2025-10":{"txs":0,"uniq":0,"trade":0,"nft":0,"gas":0,"bal":0.023075,"days":0,"spread":0,"streak":0,"rank_m":286621,"pct_m":0.30474}}}