{"wallet":"0xce9411db02259c1932f5a88fbe088f40a9d7538c","rank":312965,"lifetime":{"months_active":22,"first":"2023-07","last":"2025-10","tx_sum":209,"uniq_sum":112,"trade_sum":2,"nft_sum":38,"gas_sum":0.002738,"avg_balance_eth_mean":0.001499,"streak_best_days":4,"gas_sum_filled":0.002738},"months":{"2023-07":{"txs":0,"uniq":0,"trade":0,"nft":0,"gas":0,"bal":0,"days":0,"spread":0,"streak":0,"rank_m":223199,"pct_m":0.237308},"2023-08":{"txs":17,"uniq":6,"trade":0,"nft":4,"gas":0.001375,"bal":0.011064,"days":2,"spread":0.064516,"streak":1,"rank_m":72731,"pct_m":0.077328,"gas_method":"exact"},"2023-09":{"txs":6,"uniq":5,"trade":0,"nft":2,"gas":0.000242,"bal":0.007148,"days":3,"spread":0.1,"streak":1,"rank_m":55665,"pct_m":0.059183,"gas_method":"exact"},"2023-10":{"txs":3,"uniq":2,"trade":0,"nft":0,"gas":0.000183,"bal":0.008491,"days":1,"spread":0.032258,"streak":1,"rank_m":77146,"pct_m":0.082022,"gas_method":"exact"},"2023-11":{"txs":1,"uniq":1,"trade":0,"nft":0,"gas":0.000014,"bal":0.002532,"days":1,"spread":0.033333,"streak":1,"rank_m":129877,"pct_m":0.138086,"gas_method":"estimated"},"2023-12":{"txs":5,"uniq":3,"trade":0,"nft":2,"gas":0.00013,"bal":0.00084,"days":3,"spread":0.096774,"streak":1,"rank_m":110673,"pct_m":0.117668,"gas_method":"estimated"},"2024-01":{"txs":0,"uniq":0,"trade":0,"nft":0,"gas":0,"bal":0.00084,"days":0,"spread":0,"streak":0,"rank_m":220543,"pct_m":0.234484},"2024-02":{"txs":9,"uniq":4,"trade":0,"nft":3,"gas":0.000021,"bal":0.000328,"days":3,"spread":0.103448,"streak":2,"rank_m":134203,"pct_m":0.142686,"gas_method":"exact"},"2024-03":{"txs":0,"uniq":0,"trade":0,"nft":0,"gas":0,"bal":0.000328,"days":0,"spread":0,"streak":0,"rank_m":392540,"pct_m":0.417354},"2024-04":{"txs":12,"uniq":6,"trade":1,"nft":1,"gas":0.00003,"bal":0.000395,"days":8,"spread":0.266667,"streak":4,"rank_m":285732,"pct_m":0.303794,"gas_method":"estimated"},"2024-05":{"txs":3,"uniq":2,"trade":0,"nft":0,"gas":0.000003,"bal":0.001171,"days":2,"spread":0.064516,"streak":1,"rank_m":430222,"pct_m":0.457419,"gas_method":"estimated"},"2024-06":{"txs":18,"uniq":8,"trade":0,"nft":3,"gas":0.000001,"bal":0.000746,"days":2,"spread":0.066667,"streak":1,"rank_m":316691,"pct_m":0.33671,"gas_method":"estimated"},"2024-07":{"txs":31,"uniq":14,"trade":0,"nft":11,"gas":0.000004,"bal":0.005501,"days":10,"spread":0.322581,"streak":3,"rank_m":86874,"pct_m":0.092365,"gas_method":"estimated"},"2024-08":{"txs":8,"uniq":4,"trade":0,"nft":6,"gas":0.000001,"bal":0.000299,"days":5,"spread":0.16129,"streak":2,"rank_m":348784,"pct_m":0.370832,"gas_method":"estimated"},"2024-09":{"txs":6,"uniq":3,"trade":0,"nft":3,"gas":0.000001,"bal":0.000616,"days":4,"spread":0.133333,"streak":2,"rank_m":213028,"pct_m":0.226494,"gas_method":"exact"},"2024-10":{"txs":0,"uniq":0,"trade":0,"nft":0,"gas":0,"bal":0.000616,"days":0,"spread":0,"streak":0,"rank_m":604805,"pct_m":0.643038},"2024-11":{"txs":0,"uniq":0,"trade":0,"nft":0,"gas":0,"bal":0.000616,"days":0,"spread":0,"streak":0,"rank_m":605268,"pct_m":0.643531},"2024-12":{"txs":10,"uniq":6,"trade":0,"nft":0,"gas":0.000198,"bal":0.000035,"days":3,"spread":0.096774,"streak":1,"rank_m":433124,"pct_m":0.460504,"gas_method":"exact"},"2025-01":{"txs":0,"uniq":0,"trade":0,"nft":0,"gas":0,"bal":0.000035,"days":0,"spread":0,"streak":0,"rank_m":712371,"pct_m":0.757405},"2025-02":{"txs":6,"uniq":4,"trade":1,"nft":0,"gas":0.000035,"bal":0.000099,"days":5,"spread":0.178571,"streak":1,"rank_m":334135,"pct_m":0.355257,"gas_method":"exact"},"2025-03":{"txs":11,"uniq":11,"trade":0,"nft":0,"gas":0.000087,"bal":0.000081,"days":3,"spread":0.096774,"streak":2,"rank_m":296352,"pct_m":0.315086,"gas_method":"exact"},"2025-04":{"txs":18,"uniq":7,"trade":0,"nft":3,"gas":0.000097,"bal":0.000064,"days":10,"spread":0.333333,"streak":3,"rank_m":206772,"pct_m":0.219843,"gas_method":"exact"},"2025-05":{"txs":14,"uniq":8,"trade":0,"nft":0,"gas":0.000099,"bal":0.000068,"days":6,"spread":0.193548,"streak":2,"rank_m":462845,"pct_m":0.492104,"gas_method":"estimated"},"2025-06":{"txs":8,"uniq":6,"trade":0,"nft":0,"gas":0.000056,"bal":0.000011,"days":4,"spread":0.133333,"streak":1,"rank_m":595470,"pct_m":0.633113,"gas_method":"estimated"},"2025-07":{"txs":2,"uniq":2,"trade":0,"nft":0,"gas":0.000014,"bal":0.000008,"days":1,"spread":0.032258,"streak":1,"rank_m":679150,"pct_m":0.722083,"gas_method":"estimated"},"2025-08":{"txs":6,"uniq":4,"trade":0,"nft":0,"gas":0.000042,"bal":0.000009,"days":1,"spread":0.032258,"streak":1,"rank_m":632317,"pct_m":0.67229,"gas_method":"estimated"},"2025-09":{"txs":6,"uniq":3,"trade":0,"nft":0,"gas":0.000042,"bal":0.000013,"days":1,"spread":0.033333,"streak":1,"rank_m":618521,"pct_m":0.657622,"gas_method":"estimated"},"2025-10":{"txs":9,"uniq":3,"trade":0,"nft":0,"gas":0.000063,"bal":0.00001,"days":2,"spread":0.064516,"streak":1,"rank_m":490041,"pct_m":0.521019,"gas_method":"estimated"}}}