{"wallet":"0xce3b6dac0e6e6c749d7492ba57ca94abdc26cc7a","rank":159278,"lifetime":{"months_active":27,"first":"2023-07","last":"2025-10","tx_sum":339,"uniq_sum":223,"trade_sum":22,"nft_sum":84,"gas_sum":0.004276,"avg_balance_eth_mean":0.001463,"streak_best_days":0,"gas_sum_filled":0.004276},"months":{"2023-07":{"txs":2,"uniq":1,"trade":0,"nft":0,"gas":0.000186,"bal":0.0016,"days":1,"spread":0.032258,"streak":0,"rank_m":55339,"pct_m":0.058836,"gas_method":"estimated"},"2023-08":{"txs":12,"uniq":8,"trade":0,"nft":6,"gas":0.001998,"bal":0.005397,"days":9,"spread":0.290323,"streak":0,"rank_m":83923,"pct_m":0.089227,"gas_method":"exact"},"2023-09":{"txs":13,"uniq":9,"trade":0,"nft":6,"gas":0.000348,"bal":0.001345,"days":8,"spread":0.266667,"streak":0,"rank_m":70947,"pct_m":0.075431,"gas_method":"exact"},"2023-10":{"txs":4,"uniq":3,"trade":0,"nft":2,"gas":0.000031,"bal":0.000641,"days":3,"spread":0.096774,"streak":0,"rank_m":113791,"pct_m":0.120984,"gas_method":"exact"},"2023-11":{"txs":4,"uniq":3,"trade":0,"nft":2,"gas":0.000195,"bal":0.000297,"days":4,"spread":0.133333,"streak":0,"rank_m":107055,"pct_m":0.113822,"gas_method":"exact"},"2023-12":{"txs":7,"uniq":3,"trade":0,"nft":5,"gas":0.000165,"bal":0.000113,"days":1,"spread":0.032258,"streak":0,"rank_m":173877,"pct_m":0.184868,"gas_method":"estimated"},"2024-01":{"txs":0,"uniq":0,"trade":0,"nft":0,"gas":0,"bal":0.000113,"days":0,"spread":0,"streak":0,"rank_m":255310,"pct_m":0.271449},"2024-02":{"txs":20,"uniq":13,"trade":0,"nft":6,"gas":0.000248,"bal":0.001079,"days":8,"spread":0.275862,"streak":0,"rank_m":129971,"pct_m":0.138186,"gas_method":"estimated"},"2024-03":{"txs":9,"uniq":9,"trade":0,"nft":3,"gas":0.000167,"bal":0.000936,"days":6,"spread":0.193548,"streak":0,"rank_m":250885,"pct_m":0.266744,"gas_method":"estimated"},"2024-04":{"txs":21,"uniq":11,"trade":0,"nft":6,"gas":0.000048,"bal":0.001385,"days":8,"spread":0.266667,"streak":0,"rank_m":297093,"pct_m":0.315874,"gas_method":"estimated"},"2024-05":{"txs":50,"uniq":18,"trade":0,"nft":14,"gas":0.000038,"bal":0.004731,"days":12,"spread":0.387097,"streak":0,"rank_m":157744,"pct_m":0.167715,"gas_method":"estimated"},"2024-06":{"txs":18,"uniq":11,"trade":3,"nft":6,"gas":0.000001,"bal":0.0046,"days":9,"spread":0.3,"streak":0,"rank_m":180145,"pct_m":0.191532,"gas_method":"estimated"},"2024-07":{"txs":4,"uniq":3,"trade":0,"nft":3,"gas":0,"bal":0.000038,"days":3,"spread":0.096774,"streak":0,"rank_m":382191,"pct_m":0.406351,"gas_method":"exact"},"2024-08":{"txs":9,"uniq":9,"trade":2,"nft":3,"gas":0,"bal":0.000801,"days":7,"spread":0.225806,"streak":0,"rank_m":239527,"pct_m":0.254668,"gas_method":"exact"},"2024-09":{"txs":11,"uniq":7,"trade":2,"nft":2,"gas":0,"bal":0.002253,"days":6,"spread":0.2,"streak":0,"rank_m":217174,"pct_m":0.230902,"gas_method":"estimated"},"2024-10":{"txs":30,"uniq":20,"trade":3,"nft":13,"gas":0.000002,"bal":0.001992,"days":11,"spread":0.354839,"streak":0,"rank_m":172999,"pct_m":0.183935,"gas_method":"estimated"},"2024-11":{"txs":38,"uniq":29,"trade":0,"nft":2,"gas":0.000087,"bal":0.000723,"days":8,"spread":0.266667,"streak":0,"rank_m":200574,"pct_m":0.213253,"gas_method":"exact"},"2024-12":{"txs":2,"uniq":1,"trade":0,"nft":0,"gas":0.000022,"bal":0.001108,"days":1,"spread":0.032258,"streak":0,"rank_m":573409,"pct_m":0.609658,"gas_method":"exact"},"2025-01":{"txs":9,"uniq":8,"trade":0,"nft":1,"gas":0.000234,"bal":0.000907,"days":5,"spread":0.16129,"streak":0,"rank_m":330297,"pct_m":0.351177,"gas_method":"exact"},"2025-02":{"txs":23,"uniq":17,"trade":6,"nft":1,"gas":0.000148,"bal":0.000205,"days":6,"spread":0.214286,"streak":0,"rank_m":218097,"pct_m":0.231884,"gas_method":"exact"},"2025-03":{"txs":13,"uniq":10,"trade":3,"nft":1,"gas":0.000087,"bal":0.001744,"days":6,"spread":0.193548,"streak":0,"rank_m":212474,"pct_m":0.225905,"gas_method":"exact"},"2025-04":{"txs":9,"uniq":9,"trade":0,"nft":2,"gas":0.000054,"bal":0.00434,"days":6,"spread":0.2,"streak":0,"rank_m":205458,"pct_m":0.218446,"gas_method":"exact"},"2025-05":{"txs":1,"uniq":1,"trade":0,"nft":0,"gas":0.000007,"bal":0.001666,"days":1,"spread":0.032258,"streak":0,"rank_m":525324,"pct_m":0.558533,"gas_method":"estimated"},"2025-06":{"txs":9,"uniq":7,"trade":0,"nft":0,"gas":0.000063,"bal":0.001397,"days":4,"spread":0.133333,"streak":0,"rank_m":427261,"pct_m":0.45427,"gas_method":"estimated"},"2025-07":{"txs":8,"uniq":5,"trade":3,"nft":0,"gas":0.000056,"bal":0.001017,"days":5,"spread":0.16129,"streak":0,"rank_m":359007,"pct_m":0.381702,"gas_method":"estimated"},"2025-08":{"txs":5,"uniq":3,"trade":0,"nft":0,"gas":0.000035,"bal":0.000343,"days":5,"spread":0.16129,"streak":0,"rank_m":530108,"pct_m":0.563619,"gas_method":"estimated"},"2025-09":{"txs":1,"uniq":0,"trade":0,"nft":0,"gas":0.000007,"bal":0,"days":1,"spread":0.033333,"streak":0,"rank_m":822996,"pct_m":0.875023,"gas_method":"estimated"},"2025-10":{"txs":7,"uniq":5,"trade":0,"nft":0,"gas":0.000049,"bal":0.000193,"days":2,"spread":0.064516,"streak":0,"rank_m":440716,"pct_m":0.468576,"gas_method":"estimated"}}}