{"wallet":"0xce4082758aa4ee601ac191c957095104e24cf59e","rank":249205,"lifetime":{"months_active":23,"first":"2023-07","last":"2025-10","tx_sum":181,"uniq_sum":108,"trade_sum":3,"nft_sum":63,"gas_sum":0.001133,"avg_balance_eth_mean":0.008999,"streak_best_days":6,"gas_sum_filled":0.001133},"months":{"2023-07":{"txs":0,"uniq":0,"trade":0,"nft":0,"gas":0,"bal":0,"days":0,"spread":0,"streak":0,"rank_m":224356,"pct_m":0.238538},"2023-08":{"txs":12,"uniq":9,"trade":0,"nft":9,"gas":0.000554,"bal":0.000787,"days":7,"spread":0.225806,"streak":2,"rank_m":74589,"pct_m":0.079303,"gas_method":"exact"},"2023-09":{"txs":4,"uniq":4,"trade":0,"nft":0,"gas":0.000228,"bal":0.000932,"days":2,"spread":0.066667,"streak":2,"rank_m":84828,"pct_m":0.09019,"gas_method":"exact"},"2023-10":{"txs":0,"uniq":0,"trade":0,"nft":0,"gas":0,"bal":0.000932,"days":0,"spread":0,"streak":0,"rank_m":174720,"pct_m":0.185764},"2023-11":{"txs":1,"uniq":1,"trade":0,"nft":1,"gas":0.000013,"bal":0.000884,"days":1,"spread":0.033333,"streak":1,"rank_m":131211,"pct_m":0.139505,"gas_method":"estimated"},"2023-12":{"txs":1,"uniq":1,"trade":0,"nft":0,"gas":0.000025,"bal":0.000806,"days":1,"spread":0.032258,"streak":1,"rank_m":175805,"pct_m":0.186918,"gas_method":"estimated"},"2024-01":{"txs":0,"uniq":0,"trade":0,"nft":0,"gas":0,"bal":0.000806,"days":0,"spread":0,"streak":0,"rank_m":221062,"pct_m":0.235036},"2024-02":{"txs":1,"uniq":1,"trade":0,"nft":1,"gas":0.000013,"bal":0.000684,"days":1,"spread":0.034483,"streak":1,"rank_m":244610,"pct_m":0.260073,"gas_method":"estimated"},"2024-03":{"txs":0,"uniq":0,"trade":0,"nft":0,"gas":0,"bal":0.000684,"days":0,"spread":0,"streak":0,"rank_m":387742,"pct_m":0.412253},"2024-04":{"txs":8,"uniq":4,"trade":3,"nft":0,"gas":0.000019,"bal":0.003171,"days":3,"spread":0.1,"streak":2,"rank_m":283324,"pct_m":0.301234,"gas_method":"estimated"},"2024-05":{"txs":2,"uniq":2,"trade":0,"nft":2,"gas":0.000002,"bal":0.000405,"days":1,"spread":0.032258,"streak":1,"rank_m":435799,"pct_m":0.463348,"gas_method":"estimated"},"2024-06":{"txs":0,"uniq":0,"trade":0,"nft":0,"gas":0,"bal":0.000405,"days":0,"spread":0,"streak":0,"rank_m":537714,"pct_m":0.571706},"2024-07":{"txs":20,"uniq":14,"trade":0,"nft":18,"gas":0.000002,"bal":0.00041,"days":6,"spread":0.193548,"streak":2,"rank_m":213779,"pct_m":0.227293,"gas_method":"estimated"},"2024-08":{"txs":42,"uniq":21,"trade":0,"nft":22,"gas":0.000004,"bal":0.001478,"days":10,"spread":0.322581,"streak":3,"rank_m":134266,"pct_m":0.142753,"gas_method":"estimated"},"2024-09":{"txs":45,"uniq":14,"trade":0,"nft":9,"gas":0.000007,"bal":0.00826,"days":4,"spread":0.133333,"streak":2,"rank_m":39197,"pct_m":0.041674,"gas_method":"exact"},"2024-10":{"txs":1,"uniq":1,"trade":0,"nft":0,"gas":0.000001,"bal":0.011042,"days":1,"spread":0.032258,"streak":1,"rank_m":347021,"pct_m":0.368958,"gas_method":"exact"},"2024-11":{"txs":16,"uniq":11,"trade":0,"nft":0,"gas":0.000037,"bal":0.011204,"days":14,"spread":0.466667,"streak":6,"rank_m":119309,"pct_m":0.12685,"gas_method":"exact"},"2024-12":{"txs":1,"uniq":1,"trade":0,"nft":0,"gas":0.000022,"bal":0.01128,"days":1,"spread":0.032258,"streak":1,"rank_m":486103,"pct_m":0.516832,"gas_method":"exact"},"2025-01":{"txs":1,"uniq":1,"trade":0,"nft":0,"gas":0.000026,"bal":0.011203,"days":1,"spread":0.032258,"streak":1,"rank_m":459862,"pct_m":0.488932,"gas_method":"exact"},"2025-02":{"txs":4,"uniq":4,"trade":0,"nft":0,"gas":0.000028,"bal":0.017535,"days":2,"spread":0.071429,"streak":1,"rank_m":297754,"pct_m":0.316576,"gas_method":"exact"},"2025-03":{"txs":1,"uniq":1,"trade":0,"nft":0,"gas":0.000008,"bal":0.026967,"days":1,"spread":0.032258,"streak":1,"rank_m":369190,"pct_m":0.392528,"gas_method":"exact"},"2025-04":{"txs":3,"uniq":3,"trade":0,"nft":0,"gas":0.000018,"bal":0.026565,"days":3,"spread":0.1,"streak":1,"rank_m":297234,"pct_m":0.316023,"gas_method":"exact"},"2025-05":{"txs":4,"uniq":3,"trade":0,"nft":0,"gas":0.000028,"bal":0.02537,"days":4,"spread":0.129032,"streak":1,"rank_m":145279,"pct_m":0.154462,"gas_method":"estimated"},"2025-06":{"txs":5,"uniq":5,"trade":0,"nft":0,"gas":0.000035,"bal":0.019386,"days":4,"spread":0.133333,"streak":2,"rank_m":176074,"pct_m":0.187204,"gas_method":"estimated"},"2025-07":{"txs":3,"uniq":3,"trade":0,"nft":0,"gas":0.000021,"bal":0.017845,"days":1,"spread":0.032258,"streak":1,"rank_m":285740,"pct_m":0.303803,"gas_method":"estimated"},"2025-08":{"txs":3,"uniq":2,"trade":0,"nft":1,"gas":0.000021,"bal":0.018288,"days":3,"spread":0.096774,"streak":1,"rank_m":217396,"pct_m":0.231138,"gas_method":"estimated"},"2025-09":{"txs":2,"uniq":1,"trade":0,"nft":0,"gas":0.000014,"bal":0.017334,"days":2,"spread":0.066667,"streak":1,"rank_m":281626,"pct_m":0.299429,"gas_method":"estimated"},"2025-10":{"txs":1,"uniq":1,"trade":0,"nft":0,"gas":0.000007,"bal":0.01732,"days":1,"spread":0.032258,"streak":1,"rank_m":184781,"pct_m":0.196461,"gas_method":"estimated"}}}