{"wallet":"0xce1926a5d9b2032207be7b55e341eb85451f7eac","rank":25133,"lifetime":{"months_active":18,"first":"2023-07","last":"2025-10","tx_sum":1285,"uniq_sum":219,"trade_sum":155,"nft_sum":19,"gas_sum":0.003366,"avg_balance_eth_mean":0.013251,"streak_best_days":29,"gas_sum_filled":0.003366},"months":{"2023-07":{"txs":0,"uniq":0,"trade":0,"nft":0,"gas":0,"bal":0,"days":0,"spread":0,"streak":0,"rank_m":224906,"pct_m":0.239123},"2023-08":{"txs":0,"uniq":0,"trade":0,"nft":0,"gas":0,"bal":0,"days":0,"spread":0,"streak":0,"rank_m":316959,"pct_m":0.336995},"2023-09":{"txs":0,"uniq":0,"trade":0,"nft":0,"gas":0,"bal":0,"days":0,"spread":0,"streak":0,"rank_m":334309,"pct_m":0.355442},"2023-10":{"txs":0,"uniq":0,"trade":0,"nft":0,"gas":0,"bal":0,"days":0,"spread":0,"streak":0,"rank_m":352722,"pct_m":0.375019},"2023-11":{"txs":0,"uniq":0,"trade":0,"nft":0,"gas":0,"bal":0,"days":0,"spread":0,"streak":0,"rank_m":369401,"pct_m":0.392753},"2023-12":{"txs":0,"uniq":0,"trade":0,"nft":0,"gas":0,"bal":0,"days":0,"spread":0,"streak":0,"rank_m":391240,"pct_m":0.415972},"2024-01":{"txs":0,"uniq":0,"trade":0,"nft":0,"gas":0,"bal":0,"days":0,"spread":0,"streak":0,"rank_m":408538,"pct_m":0.434364},"2024-02":{"txs":0,"uniq":0,"trade":0,"nft":0,"gas":0,"bal":0,"days":0,"spread":0,"streak":0,"rank_m":453353,"pct_m":0.482012},"2024-03":{"txs":36,"uniq":8,"trade":5,"nft":2,"gas":0.000214,"bal":0.000494,"days":6,"spread":0.193548,"streak":2,"rank_m":163220,"pct_m":0.173537,"gas_method":"estimated"},"2024-04":{"txs":576,"uniq":46,"trade":116,"nft":8,"gas":0.000423,"bal":0.004226,"days":29,"spread":0.966667,"streak":29,"rank_m":32827,"pct_m":0.034901,"gas_method":"estimated"},"2024-05":{"txs":132,"uniq":24,"trade":5,"nft":4,"gas":0.000032,"bal":0.00902,"days":17,"spread":0.548387,"streak":6,"rank_m":34199,"pct_m":0.03636,"gas_method":"estimated"},"2024-06":{"txs":89,"uniq":22,"trade":4,"nft":1,"gas":0.000001,"bal":0.004514,"days":22,"spread":0.733333,"streak":13,"rank_m":21231,"pct_m":0.022572,"gas_method":"exact"},"2024-07":{"txs":86,"uniq":10,"trade":0,"nft":1,"gas":0.000011,"bal":0.001543,"days":23,"spread":0.741935,"streak":15,"rank_m":63758,"pct_m":0.067788,"gas_method":"exact"},"2024-08":{"txs":56,"uniq":9,"trade":2,"nft":0,"gas":0.000002,"bal":0.001434,"days":19,"spread":0.612903,"streak":5,"rank_m":115065,"pct_m":0.122338,"gas_method":"estimated"},"2024-09":{"txs":40,"uniq":5,"trade":0,"nft":0,"gas":0.000001,"bal":0.00387,"days":22,"spread":0.733333,"streak":10,"rank_m":75786,"pct_m":0.080576,"gas_method":"exact"},"2024-10":{"txs":62,"uniq":12,"trade":0,"nft":2,"gas":0.000001,"bal":0.005274,"days":22,"spread":0.709677,"streak":6,"rank_m":82020,"pct_m":0.087204,"gas_method":"estimated"},"2024-11":{"txs":72,"uniq":23,"trade":16,"nft":1,"gas":0.000166,"bal":0.006052,"days":11,"spread":0.366667,"streak":3,"rank_m":42048,"pct_m":0.044705,"gas_method":"exact"},"2024-12":{"txs":77,"uniq":24,"trade":2,"nft":0,"gas":0.001698,"bal":0.075306,"days":12,"spread":0.387097,"streak":7,"rank_m":19763,"pct_m":0.021011,"gas_method":"exact"},"2025-01":{"txs":21,"uniq":9,"trade":4,"nft":0,"gas":0.000546,"bal":0.120747,"days":8,"spread":0.258065,"streak":3,"rank_m":62001,"pct_m":0.06592,"gas_method":"exact"},"2025-02":{"txs":0,"uniq":0,"trade":0,"nft":0,"gas":0,"bal":0.120747,"days":0,"spread":0,"streak":0,"rank_m":495878,"pct_m":0.527225},"2025-03":{"txs":6,"uniq":5,"trade":0,"nft":0,"gas":0.000047,"bal":0.004341,"days":2,"spread":0.064516,"streak":2,"rank_m":268340,"pct_m":0.285303,"gas_method":"exact"},"2025-04":{"txs":0,"uniq":0,"trade":0,"nft":0,"gas":0,"bal":0.004341,"days":0,"spread":0,"streak":0,"rank_m":609879,"pct_m":0.648433},"2025-05":{"txs":6,"uniq":3,"trade":1,"nft":0,"gas":0.000042,"bal":0.003074,"days":2,"spread":0.064516,"streak":1,"rank_m":250600,"pct_m":0.266441,"gas_method":"estimated"},"2025-06":{"txs":4,"uniq":3,"trade":0,"nft":0,"gas":0.000028,"bal":0.001824,"days":3,"spread":0.1,"streak":1,"rank_m":421684,"pct_m":0.448341,"gas_method":"estimated"},"2025-07":{"txs":8,"uniq":7,"trade":0,"nft":0,"gas":0.000056,"bal":0.001092,"days":2,"spread":0.064516,"streak":1,"rank_m":423740,"pct_m":0.450527,"gas_method":"estimated"},"2025-08":{"txs":10,"uniq":5,"trade":0,"nft":0,"gas":0.00007,"bal":0.001053,"days":5,"spread":0.16129,"streak":2,"rank_m":365236,"pct_m":0.388324,"gas_method":"estimated"},"2025-09":{"txs":3,"uniq":3,"trade":0,"nft":0,"gas":0.000021,"bal":0.001043,"days":2,"spread":0.066667,"streak":1,"rank_m":441063,"pct_m":0.468945,"gas_method":"estimated"},"2025-10":{"txs":1,"uniq":1,"trade":0,"nft":0,"gas":0.000007,"bal":0.001035,"days":1,"spread":0.032258,"streak":1,"rank_m":374514,"pct_m":0.398189,"gas_method":"estimated"}}}