{"wallet":"0xce60ef89f740a87039f3490a783dd6dc2f581e5b","rank":209771,"lifetime":{"months_active":25,"first":"2023-07","last":"2025-10","tx_sum":242,"uniq_sum":168,"trade_sum":2,"nft_sum":80,"gas_sum":0.005368,"avg_balance_eth_mean":0.00138,"streak_best_days":5,"gas_sum_filled":0.005368},"months":{"2023-07":{"txs":0,"uniq":0,"trade":0,"nft":0,"gas":0,"bal":0,"days":0,"spread":0,"streak":0,"rank_m":223912,"pct_m":0.238066},"2023-08":{"txs":23,"uniq":15,"trade":0,"nft":11,"gas":0.003857,"bal":0.002163,"days":11,"spread":0.354839,"streak":5,"rank_m":36808,"pct_m":0.039134,"gas_method":"exact"},"2023-09":{"txs":1,"uniq":1,"trade":0,"nft":2,"gas":0.000494,"bal":0.000167,"days":1,"spread":0.033333,"streak":1,"rank_m":110713,"pct_m":0.117711,"gas_method":"exact"},"2023-10":{"txs":1,"uniq":1,"trade":0,"nft":2,"gas":0.000009,"bal":0.00016,"days":1,"spread":0.032258,"streak":1,"rank_m":117123,"pct_m":0.124526,"gas_method":"exact"},"2023-11":{"txs":0,"uniq":0,"trade":0,"nft":0,"gas":0,"bal":0.00016,"days":0,"spread":0,"streak":0,"rank_m":213731,"pct_m":0.227242},"2023-12":{"txs":0,"uniq":0,"trade":0,"nft":0,"gas":0,"bal":0.00016,"days":0,"spread":0,"streak":0,"rank_m":239003,"pct_m":0.254111},"2024-01":{"txs":2,"uniq":2,"trade":0,"nft":1,"gas":0.000043,"bal":0.000122,"days":2,"spread":0.064516,"streak":1,"rank_m":168470,"pct_m":0.179119,"gas_method":"estimated"},"2024-02":{"txs":1,"uniq":1,"trade":0,"nft":1,"gas":0.000012,"bal":0.000031,"days":1,"spread":0.034483,"streak":1,"rank_m":270091,"pct_m":0.287165,"gas_method":"estimated"},"2024-03":{"txs":11,"uniq":7,"trade":0,"nft":4,"gas":0.000201,"bal":0.000663,"days":3,"spread":0.096774,"streak":2,"rank_m":228158,"pct_m":0.242581,"gas_method":"estimated"},"2024-04":{"txs":9,"uniq":7,"trade":1,"nft":2,"gas":0.000062,"bal":0.00214,"days":5,"spread":0.166667,"streak":2,"rank_m":220814,"pct_m":0.234772,"gas_method":"exact"},"2024-05":{"txs":24,"uniq":14,"trade":0,"nft":6,"gas":0.000018,"bal":0.00163,"days":8,"spread":0.258065,"streak":2,"rank_m":193181,"pct_m":0.205392,"gas_method":"estimated"},"2024-06":{"txs":11,"uniq":8,"trade":1,"nft":3,"gas":0,"bal":0.001001,"days":5,"spread":0.166667,"streak":1,"rank_m":258293,"pct_m":0.274621,"gas_method":"estimated"},"2024-07":{"txs":7,"uniq":4,"trade":0,"nft":4,"gas":0.000001,"bal":0.000936,"days":6,"spread":0.193548,"streak":2,"rank_m":284575,"pct_m":0.302564,"gas_method":"estimated"},"2024-08":{"txs":33,"uniq":24,"trade":0,"nft":24,"gas":0.000003,"bal":0.001459,"days":10,"spread":0.322581,"streak":2,"rank_m":145590,"pct_m":0.154793,"gas_method":"estimated"},"2024-09":{"txs":16,"uniq":12,"trade":0,"nft":6,"gas":0,"bal":0.001445,"days":7,"spread":0.233333,"streak":3,"rank_m":97686,"pct_m":0.10386,"gas_method":"exact"},"2024-10":{"txs":13,"uniq":12,"trade":0,"nft":7,"gas":0.000001,"bal":0.000883,"days":9,"spread":0.290323,"streak":3,"rank_m":211842,"pct_m":0.225233,"gas_method":"estimated"},"2024-11":{"txs":9,"uniq":8,"trade":0,"nft":0,"gas":0.000018,"bal":0.001487,"days":4,"spread":0.133333,"streak":1,"rank_m":310184,"pct_m":0.329792,"gas_method":"exact"},"2024-12":{"txs":2,"uniq":2,"trade":0,"nft":1,"gas":0.000044,"bal":0.001093,"days":2,"spread":0.064516,"streak":1,"rank_m":452313,"pct_m":0.480906,"gas_method":"exact"},"2025-01":{"txs":4,"uniq":4,"trade":0,"nft":0,"gas":0.000104,"bal":0.000536,"days":2,"spread":0.064516,"streak":1,"rank_m":449057,"pct_m":0.477444,"gas_method":"exact"},"2025-02":{"txs":8,"uniq":7,"trade":0,"nft":0,"gas":0.000056,"bal":0.001725,"days":4,"spread":0.142857,"streak":3,"rank_m":232596,"pct_m":0.247299,"gas_method":"exact"},"2025-03":{"txs":12,"uniq":7,"trade":0,"nft":1,"gas":0.000063,"bal":0.001299,"days":7,"spread":0.225806,"streak":2,"rank_m":195691,"pct_m":0.208061,"gas_method":"exact"},"2025-04":{"txs":4,"uniq":4,"trade":0,"nft":1,"gas":0.000024,"bal":0.005657,"days":4,"spread":0.133333,"streak":2,"rank_m":233058,"pct_m":0.24779,"gas_method":"exact"},"2025-05":{"txs":2,"uniq":2,"trade":0,"nft":0,"gas":0.000014,"bal":0.003951,"days":2,"spread":0.064516,"streak":1,"rank_m":339969,"pct_m":0.36146,"gas_method":"estimated"},"2025-06":{"txs":7,"uniq":4,"trade":0,"nft":0,"gas":0.000049,"bal":0.002791,"days":3,"spread":0.1,"streak":1,"rank_m":368668,"pct_m":0.391973,"gas_method":"estimated"},"2025-07":{"txs":13,"uniq":9,"trade":0,"nft":1,"gas":0.000091,"bal":0.002497,"days":5,"spread":0.16129,"streak":1,"rank_m":265308,"pct_m":0.282079,"gas_method":"estimated"},"2025-08":{"txs":3,"uniq":3,"trade":0,"nft":0,"gas":0.000021,"bal":0.002425,"days":2,"spread":0.064516,"streak":1,"rank_m":398325,"pct_m":0.423505,"gas_method":"estimated"},"2025-09":{"txs":9,"uniq":5,"trade":0,"nft":1,"gas":0.000063,"bal":0.001588,"days":5,"spread":0.166667,"streak":1,"rank_m":293405,"pct_m":0.311952,"gas_method":"estimated"},"2025-10":{"txs":17,"uniq":5,"trade":0,"nft":2,"gas":0.00012,"bal":0.000475,"days":7,"spread":0.225806,"streak":3,"rank_m":186153,"pct_m":0.19792,"gas_method":"estimated"}}}