{"wallet":"0xced2f61e4828e714d3f9c364768e5f6628dccd84","rank":193314,"lifetime":{"months_active":21,"first":"2023-07","last":"2025-10","tx_sum":624,"uniq_sum":312,"trade_sum":36,"nft_sum":175,"gas_sum":0.002269,"avg_balance_eth_mean":0.000418,"streak_best_days":0,"gas_sum_filled":0.002269},"months":{"2023-07":{"txs":0,"uniq":0,"trade":0,"nft":0,"gas":0,"bal":0,"days":0,"spread":0,"streak":0,"rank_m":222283,"pct_m":0.236334},"2023-08":{"txs":0,"uniq":0,"trade":0,"nft":0,"gas":0,"bal":0,"days":0,"spread":0,"streak":0,"rank_m":314643,"pct_m":0.334533},"2023-09":{"txs":0,"uniq":0,"trade":0,"nft":0,"gas":0,"bal":0,"days":0,"spread":0,"streak":0,"rank_m":331693,"pct_m":0.352661},"2023-10":{"txs":0,"uniq":0,"trade":0,"nft":0,"gas":0,"bal":0,"days":0,"spread":0,"streak":0,"rank_m":350041,"pct_m":0.372169},"2023-11":{"txs":0,"uniq":0,"trade":0,"nft":0,"gas":0,"bal":0,"days":0,"spread":0,"streak":0,"rank_m":366779,"pct_m":0.389965},"2023-12":{"txs":0,"uniq":0,"trade":0,"nft":0,"gas":0,"bal":0,"days":0,"spread":0,"streak":0,"rank_m":388731,"pct_m":0.413305},"2024-01":{"txs":0,"uniq":0,"trade":0,"nft":0,"gas":0,"bal":0,"days":0,"spread":0,"streak":0,"rank_m":406057,"pct_m":0.431726},"2024-02":{"txs":9,"uniq":5,"trade":0,"nft":19,"gas":0.000083,"bal":0.000035,"days":3,"spread":0.103448,"streak":0,"rank_m":222743,"pct_m":0.236823,"gas_method":"estimated"},"2024-03":{"txs":32,"uniq":20,"trade":0,"nft":15,"gas":0.000445,"bal":0.000322,"days":9,"spread":0.290323,"streak":0,"rank_m":200550,"pct_m":0.213227,"gas_method":"estimated"},"2024-04":{"txs":118,"uniq":49,"trade":0,"nft":74,"gas":0.000067,"bal":0.001639,"days":22,"spread":0.733333,"streak":0,"rank_m":103096,"pct_m":0.109612,"gas_method":"exact"},"2024-05":{"txs":87,"uniq":39,"trade":0,"nft":28,"gas":0.000015,"bal":0.000579,"days":24,"spread":0.774194,"streak":0,"rank_m":122061,"pct_m":0.129776,"gas_method":"exact"},"2024-06":{"txs":30,"uniq":16,"trade":0,"nft":7,"gas":0.000001,"bal":0.001189,"days":11,"spread":0.366667,"streak":0,"rank_m":223832,"pct_m":0.237981,"gas_method":"estimated"},"2024-07":{"txs":20,"uniq":11,"trade":0,"nft":2,"gas":0.000002,"bal":0.000347,"days":5,"spread":0.16129,"streak":0,"rank_m":334234,"pct_m":0.355362,"gas_method":"estimated"},"2024-08":{"txs":25,"uniq":11,"trade":1,"nft":9,"gas":0.000002,"bal":0.001471,"days":15,"spread":0.483871,"streak":0,"rank_m":211622,"pct_m":0.224999,"gas_method":"estimated"},"2024-09":{"txs":22,"uniq":19,"trade":1,"nft":8,"gas":0.000001,"bal":0.001412,"days":9,"spread":0.3,"streak":0,"rank_m":118758,"pct_m":0.126265,"gas_method":"exact"},"2024-10":{"txs":58,"uniq":29,"trade":13,"nft":9,"gas":0.000003,"bal":0.000439,"days":17,"spread":0.548387,"streak":0,"rank_m":201319,"pct_m":0.214045,"gas_method":"estimated"},"2024-11":{"txs":45,"uniq":24,"trade":6,"nft":4,"gas":0.000087,"bal":0.000707,"days":14,"spread":0.466667,"streak":0,"rank_m":156395,"pct_m":0.166281,"gas_method":"exact"},"2024-12":{"txs":18,"uniq":13,"trade":2,"nft":0,"gas":0.000353,"bal":0.000487,"days":9,"spread":0.290323,"streak":0,"rank_m":277675,"pct_m":0.295228,"gas_method":"exact"},"2025-01":{"txs":11,"uniq":6,"trade":0,"nft":0,"gas":0.000182,"bal":0.000379,"days":7,"spread":0.225806,"streak":0,"rank_m":389061,"pct_m":0.413656,"gas_method":"exact"},"2025-02":{"txs":16,"uniq":12,"trade":6,"nft":0,"gas":0.000113,"bal":0.001566,"days":9,"spread":0.321429,"streak":0,"rank_m":170817,"pct_m":0.181615,"gas_method":"exact"},"2025-03":{"txs":58,"uniq":20,"trade":1,"nft":0,"gas":0.000403,"bal":0.000482,"days":6,"spread":0.193548,"streak":0,"rank_m":188420,"pct_m":0.20033,"gas_method":"exact"},"2025-04":{"txs":9,"uniq":8,"trade":0,"nft":0,"gas":0.000048,"bal":0.000144,"days":4,"spread":0.133333,"streak":0,"rank_m":372783,"pct_m":0.396348,"gas_method":"exact"},"2025-05":{"txs":29,"uniq":12,"trade":1,"nft":0,"gas":0.000204,"bal":0.000252,"days":3,"spread":0.096774,"streak":0,"rank_m":344378,"pct_m":0.366148,"gas_method":"estimated"},"2025-06":{"txs":1,"uniq":1,"trade":0,"nft":0,"gas":0.000007,"bal":0.000066,"days":1,"spread":0.033333,"streak":0,"rank_m":691242,"pct_m":0.73494,"gas_method":"estimated"},"2025-07":{"txs":3,"uniq":2,"trade":2,"nft":0,"gas":0.000021,"bal":0.00005,"days":1,"spread":0.032258,"streak":0,"rank_m":586521,"pct_m":0.623599,"gas_method":"estimated"},"2025-08":{"txs":29,"uniq":14,"trade":3,"nft":0,"gas":0.000204,"bal":0.000105,"days":10,"spread":0.322581,"streak":0,"rank_m":347271,"pct_m":0.369224,"gas_method":"estimated"},"2025-09":{"txs":1,"uniq":1,"trade":0,"nft":0,"gas":0.000007,"bal":0.000034,"days":1,"spread":0.033333,"streak":0,"rank_m":694152,"pct_m":0.738034,"gas_method":"estimated"},"2025-10":{"txs":3,"uniq":0,"trade":0,"nft":0,"gas":0.000021,"bal":0.000012,"days":1,"spread":0.032258,"streak":0,"rank_m":670667,"pct_m":0.713064,"gas_method":"estimated"}}}