{"wallet":"0xce75bb6f341975d377e7b68c7638a6f9d52f6885","rank":231481,"lifetime":{"months_active":13,"first":"2023-07","last":"2025-10","tx_sum":422,"uniq_sum":93,"trade_sum":12,"nft_sum":4,"gas_sum":0.001565,"avg_balance_eth_mean":0.046482,"streak_best_days":3,"gas_sum_filled":0.001565},"months":{"2023-07":{"txs":0,"uniq":0,"trade":0,"nft":0,"gas":0,"bal":0,"days":0,"spread":0,"streak":0,"rank_m":223619,"pct_m":0.237755},"2023-08":{"txs":0,"uniq":0,"trade":0,"nft":0,"gas":0,"bal":0,"days":0,"spread":0,"streak":0,"rank_m":315818,"pct_m":0.335782},"2023-09":{"txs":0,"uniq":0,"trade":0,"nft":0,"gas":0,"bal":0,"days":0,"spread":0,"streak":0,"rank_m":333035,"pct_m":0.354088},"2023-10":{"txs":24,"uniq":8,"trade":2,"nft":0,"gas":0.000121,"bal":0.005312,"days":2,"spread":0.064516,"streak":2,"rank_m":38450,"pct_m":0.04088,"gas_method":"estimated"},"2023-11":{"txs":12,"uniq":7,"trade":0,"nft":0,"gas":0.000105,"bal":0.038725,"days":5,"spread":0.166667,"streak":2,"rank_m":29165,"pct_m":0.031008,"gas_method":"estimated"},"2023-12":{"txs":19,"uniq":8,"trade":3,"nft":0,"gas":0.000312,"bal":0.042481,"days":6,"spread":0.193548,"streak":2,"rank_m":10450,"pct_m":0.01111,"gas_method":"estimated"},"2024-01":{"txs":136,"uniq":18,"trade":2,"nft":0,"gas":0.000402,"bal":0.01525,"days":9,"spread":0.290323,"streak":3,"rank_m":5011,"pct_m":0.005327,"gas_method":"exact"},"2024-02":{"txs":33,"uniq":9,"trade":0,"nft":2,"gas":0.000285,"bal":0.007066,"days":6,"spread":0.206897,"streak":3,"rank_m":51403,"pct_m":0.054652,"gas_method":"estimated"},"2024-03":{"txs":1,"uniq":1,"trade":0,"nft":0,"gas":0.000013,"bal":0.003352,"days":1,"spread":0.032258,"streak":1,"rank_m":313423,"pct_m":0.333236,"gas_method":"estimated"},"2024-04":{"txs":62,"uniq":12,"trade":5,"nft":0,"gas":0.000099,"bal":0.005508,"days":8,"spread":0.266667,"streak":3,"rank_m":116351,"pct_m":0.123705,"gas_method":"estimated"},"2024-05":{"txs":80,"uniq":8,"trade":0,"nft":1,"gas":0.000042,"bal":0.006211,"days":8,"spread":0.258065,"streak":2,"rank_m":161871,"pct_m":0.172103,"gas_method":"estimated"},"2024-06":{"txs":26,"uniq":3,"trade":0,"nft":0,"gas":0.000001,"bal":0.00674,"days":3,"spread":0.1,"streak":2,"rank_m":256990,"pct_m":0.273235,"gas_method":"estimated"},"2024-07":{"txs":6,"uniq":4,"trade":0,"nft":1,"gas":0,"bal":0.004923,"days":1,"spread":0.032258,"streak":1,"rank_m":327055,"pct_m":0.34773,"gas_method":"estimated"},"2024-08":{"txs":0,"uniq":0,"trade":0,"nft":0,"gas":0,"bal":0.004923,"days":0,"spread":0,"streak":0,"rank_m":498934,"pct_m":0.530474},"2024-09":{"txs":0,"uniq":0,"trade":0,"nft":0,"gas":0,"bal":0.004923,"days":0,"spread":0,"streak":0,"rank_m":468835,"pct_m":0.498473},"2024-10":{"txs":0,"uniq":0,"trade":0,"nft":0,"gas":0,"bal":0.004923,"days":0,"spread":0,"streak":0,"rank_m":516824,"pct_m":0.549495},"2024-11":{"txs":14,"uniq":8,"trade":0,"nft":0,"gas":0.000032,"bal":0.001405,"days":2,"spread":0.066667,"streak":1,"rank_m":302497,"pct_m":0.321619,"gas_method":"exact"},"2024-12":{"txs":6,"uniq":5,"trade":0,"nft":0,"gas":0.000132,"bal":0.571367,"days":1,"spread":0.032258,"streak":1,"rank_m":339112,"pct_m":0.360549,"gas_method":"exact"},"2025-01":{"txs":0,"uniq":0,"trade":0,"nft":0,"gas":0,"bal":0.571367,"days":0,"spread":0,"streak":0,"rank_m":511966,"pct_m":0.54433},"2025-02":{"txs":3,"uniq":2,"trade":0,"nft":0,"gas":0.000021,"bal":0.00078,"days":1,"spread":0.035714,"streak":1,"rank_m":446793,"pct_m":0.475037,"gas_method":"exact"},"2025-03":{"txs":0,"uniq":0,"trade":0,"nft":0,"gas":0,"bal":0.00078,"days":0,"spread":0,"streak":0,"rank_m":653523,"pct_m":0.694836},"2025-04":{"txs":0,"uniq":0,"trade":0,"nft":0,"gas":0,"bal":0.00078,"days":0,"spread":0,"streak":0,"rank_m":682506,"pct_m":0.725652},"2025-05":{"txs":0,"uniq":0,"trade":0,"nft":0,"gas":0,"bal":0.00078,"days":0,"spread":0,"streak":0,"rank_m":679644,"pct_m":0.722609},"2025-06":{"txs":0,"uniq":0,"trade":0,"nft":0,"gas":0,"bal":0.00078,"days":0,"spread":0,"streak":0,"rank_m":679033,"pct_m":0.721959},"2025-07":{"txs":0,"uniq":0,"trade":0,"nft":0,"gas":0,"bal":0.00078,"days":0,"spread":0,"streak":0,"rank_m":697526,"pct_m":0.741621},"2025-08":{"txs":0,"uniq":0,"trade":0,"nft":0,"gas":0,"bal":0.00078,"days":0,"spread":0,"streak":0,"rank_m":676847,"pct_m":0.719635},"2025-09":{"txs":0,"uniq":0,"trade":0,"nft":0,"gas":0,"bal":0.00078,"days":0,"spread":0,"streak":0,"rank_m":657787,"pct_m":0.69937},"2025-10":{"txs":0,"uniq":0,"trade":0,"nft":0,"gas":0,"bal":0.00078,"days":0,"spread":0,"streak":0,"rank_m":578494,"pct_m":0.615064}}}