{"wallet":"0xce92725edddb3d36e9dc8e250093f78dcd7f4012","rank":73134,"lifetime":{"months_active":28,"first":"2023-07","last":"2025-10","tx_sum":480,"uniq_sum":247,"trade_sum":3,"nft_sum":99,"gas_sum":0.00679,"avg_balance_eth_mean":0.029872,"streak_best_days":4,"gas_sum_filled":0.00679},"months":{"2023-07":{"txs":5,"uniq":2,"trade":0,"nft":2,"gas":0.000507,"bal":0.00036,"days":1,"spread":0.032258,"streak":1,"rank_m":19785,"pct_m":0.021035,"gas_method":"estimated"},"2023-08":{"txs":18,"uniq":14,"trade":0,"nft":10,"gas":0.002318,"bal":0.00445,"days":11,"spread":0.354839,"streak":3,"rank_m":39410,"pct_m":0.0419,"gas_method":"exact"},"2023-09":{"txs":40,"uniq":20,"trade":0,"nft":9,"gas":0.000428,"bal":0.006285,"days":8,"spread":0.266667,"streak":3,"rank_m":16386,"pct_m":0.017421,"gas_method":"exact"},"2023-10":{"txs":24,"uniq":9,"trade":0,"nft":6,"gas":0.000191,"bal":0.015053,"days":5,"spread":0.16129,"streak":2,"rank_m":24282,"pct_m":0.025816,"gas_method":"estimated"},"2023-11":{"txs":24,"uniq":14,"trade":0,"nft":7,"gas":0.000075,"bal":0.280682,"days":8,"spread":0.266667,"streak":2,"rank_m":5360,"pct_m":0.005698,"gas_method":"exact"},"2023-12":{"txs":14,"uniq":4,"trade":0,"nft":2,"gas":0.000109,"bal":0.010198,"days":6,"spread":0.193548,"streak":2,"rank_m":25919,"pct_m":0.027556,"gas_method":"exact"},"2024-01":{"txs":2,"uniq":1,"trade":0,"nft":1,"gas":0.000048,"bal":0.004145,"days":2,"spread":0.064516,"streak":2,"rank_m":116011,"pct_m":0.123344,"gas_method":"estimated"},"2024-02":{"txs":6,"uniq":6,"trade":0,"nft":7,"gas":0.000081,"bal":0.003678,"days":5,"spread":0.172414,"streak":2,"rank_m":93887,"pct_m":0.099821,"gas_method":"estimated"},"2024-03":{"txs":41,"uniq":20,"trade":0,"nft":12,"gas":0.000833,"bal":0.026346,"days":15,"spread":0.483871,"streak":4,"rank_m":28412,"pct_m":0.030207,"gas_method":"estimated"},"2024-04":{"txs":11,"uniq":10,"trade":0,"nft":8,"gas":0.000028,"bal":0.029632,"days":8,"spread":0.266667,"streak":2,"rank_m":148530,"pct_m":0.157919,"gas_method":"estimated"},"2024-05":{"txs":12,"uniq":9,"trade":1,"nft":9,"gas":0.00001,"bal":0.024885,"days":6,"spread":0.193548,"streak":3,"rank_m":106556,"pct_m":0.113291,"gas_method":"estimated"},"2024-06":{"txs":2,"uniq":2,"trade":0,"nft":1,"gas":0,"bal":0.021234,"days":2,"spread":0.066667,"streak":1,"rank_m":292026,"pct_m":0.310486,"gas_method":"estimated"},"2024-07":{"txs":2,"uniq":2,"trade":0,"nft":3,"gas":0,"bal":0.020949,"days":2,"spread":0.064516,"streak":2,"rank_m":229549,"pct_m":0.24406,"gas_method":"estimated"},"2024-08":{"txs":6,"uniq":3,"trade":0,"nft":3,"gas":0.000001,"bal":0.020156,"days":4,"spread":0.129032,"streak":1,"rank_m":222689,"pct_m":0.236766,"gas_method":"estimated"},"2024-09":{"txs":3,"uniq":3,"trade":0,"nft":2,"gas":0,"bal":0.017815,"days":2,"spread":0.066667,"streak":1,"rank_m":209775,"pct_m":0.223035,"gas_method":"estimated"},"2024-10":{"txs":23,"uniq":8,"trade":0,"nft":10,"gas":0.000002,"bal":0.010344,"days":9,"spread":0.290323,"streak":2,"rank_m":100930,"pct_m":0.10731,"gas_method":"estimated"},"2024-11":{"txs":11,"uniq":7,"trade":0,"nft":1,"gas":0.000018,"bal":0.020779,"days":8,"spread":0.266667,"streak":2,"rank_m":161817,"pct_m":0.172046,"gas_method":"exact"},"2024-12":{"txs":24,"uniq":17,"trade":0,"nft":0,"gas":0.000507,"bal":0.009514,"days":10,"spread":0.322581,"streak":3,"rank_m":131631,"pct_m":0.139951,"gas_method":"exact"},"2025-01":{"txs":10,"uniq":7,"trade":1,"nft":0,"gas":0.000234,"bal":0.087659,"days":5,"spread":0.16129,"streak":2,"rank_m":146806,"pct_m":0.156086,"gas_method":"exact"},"2025-02":{"txs":13,"uniq":8,"trade":0,"nft":0,"gas":0.000084,"bal":0.100536,"days":5,"spread":0.178571,"streak":1,"rank_m":128981,"pct_m":0.137134,"gas_method":"exact"},"2025-03":{"txs":16,"uniq":11,"trade":0,"nft":1,"gas":0.000126,"bal":0.01302,"days":7,"spread":0.225806,"streak":2,"rank_m":84648,"pct_m":0.089998,"gas_method":"exact"},"2025-04":{"txs":16,"uniq":8,"trade":0,"nft":0,"gas":0.000085,"bal":0.037424,"days":8,"spread":0.266667,"streak":3,"rank_m":62143,"pct_m":0.06607,"gas_method":"exact"},"2025-05":{"txs":9,"uniq":5,"trade":0,"nft":0,"gas":0.000063,"bal":0.011119,"days":6,"spread":0.193548,"streak":3,"rank_m":114083,"pct_m":0.121294,"gas_method":"estimated"},"2025-06":{"txs":41,"uniq":14,"trade":0,"nft":0,"gas":0.000289,"bal":0.017502,"days":12,"spread":0.4,"streak":4,"rank_m":54452,"pct_m":0.057893,"gas_method":"estimated"},"2025-07":{"txs":51,"uniq":17,"trade":1,"nft":2,"gas":0.000359,"bal":0.013576,"days":17,"spread":0.548387,"streak":3,"rank_m":26636,"pct_m":0.028319,"gas_method":"estimated"},"2025-08":{"txs":30,"uniq":14,"trade":0,"nft":0,"gas":0.000211,"bal":0.008834,"days":9,"spread":0.290323,"streak":2,"rank_m":112778,"pct_m":0.119907,"gas_method":"estimated"},"2025-09":{"txs":19,"uniq":8,"trade":0,"nft":1,"gas":0.000134,"bal":0.009017,"days":6,"spread":0.2,"streak":2,"rank_m":111850,"pct_m":0.11892,"gas_method":"estimated"},"2025-10":{"txs":7,"uniq":4,"trade":0,"nft":2,"gas":0.000049,"bal":0.011234,"days":4,"spread":0.129032,"streak":2,"rank_m":79746,"pct_m":0.084786,"gas_method":"estimated"}}}