{"wallet":"0xce3f9cd8e22421288bf16d911dc8b6495c5016ec","rank":94868,"lifetime":{"months_active":21,"first":"2023-07","last":"2025-10","tx_sum":691,"uniq_sum":150,"trade_sum":16,"nft_sum":21,"gas_sum":0.007435,"avg_balance_eth_mean":0.008389,"streak_best_days":4,"gas_sum_filled":0.007435},"months":{"2023-07":{"txs":0,"uniq":0,"trade":0,"nft":0,"gas":0,"bal":0,"days":0,"spread":0,"streak":0,"rank_m":224375,"pct_m":0.238558},"2023-08":{"txs":0,"uniq":0,"trade":0,"nft":0,"gas":0,"bal":0,"days":0,"spread":0,"streak":0,"rank_m":316491,"pct_m":0.336498},"2023-09":{"txs":0,"uniq":0,"trade":0,"nft":0,"gas":0,"bal":0,"days":0,"spread":0,"streak":0,"rank_m":333800,"pct_m":0.354901},"2023-10":{"txs":0,"uniq":0,"trade":0,"nft":0,"gas":0,"bal":0,"days":0,"spread":0,"streak":0,"rank_m":352189,"pct_m":0.374453},"2023-11":{"txs":8,"uniq":3,"trade":0,"nft":0,"gas":0.000096,"bal":0.003028,"days":4,"spread":0.133333,"streak":1,"rank_m":82712,"pct_m":0.08794,"gas_method":"estimated"},"2023-12":{"txs":55,"uniq":6,"trade":0,"nft":1,"gas":0.00124,"bal":0.010193,"days":7,"spread":0.225806,"streak":4,"rank_m":24165,"pct_m":0.025692,"gas_method":"estimated"},"2024-01":{"txs":19,"uniq":4,"trade":0,"nft":1,"gas":0.000399,"bal":0.01333,"days":3,"spread":0.096774,"streak":1,"rank_m":63429,"pct_m":0.067438,"gas_method":"estimated"},"2024-02":{"txs":70,"uniq":11,"trade":0,"nft":2,"gas":0.00048,"bal":0.00634,"days":10,"spread":0.344828,"streak":2,"rank_m":26696,"pct_m":0.028383,"gas_method":"exact"},"2024-03":{"txs":182,"uniq":20,"trade":0,"nft":4,"gas":0.003236,"bal":0.008319,"days":17,"spread":0.548387,"streak":4,"rank_m":38982,"pct_m":0.041445,"gas_method":"estimated"},"2024-04":{"txs":38,"uniq":8,"trade":0,"nft":3,"gas":0.000083,"bal":0.010751,"days":4,"spread":0.133333,"streak":1,"rank_m":211080,"pct_m":0.224423,"gas_method":"estimated"},"2024-05":{"txs":34,"uniq":11,"trade":0,"nft":2,"gas":0.000025,"bal":0.008595,"days":5,"spread":0.16129,"streak":3,"rank_m":151948,"pct_m":0.161553,"gas_method":"estimated"},"2024-06":{"txs":15,"uniq":8,"trade":0,"nft":1,"gas":0,"bal":0.006448,"days":2,"spread":0.066667,"streak":1,"rank_m":249366,"pct_m":0.265129,"gas_method":"estimated"},"2024-07":{"txs":7,"uniq":3,"trade":0,"nft":1,"gas":0.000001,"bal":0.011409,"days":3,"spread":0.096774,"streak":1,"rank_m":249390,"pct_m":0.265155,"gas_method":"estimated"},"2024-08":{"txs":8,"uniq":5,"trade":0,"nft":2,"gas":0.000001,"bal":0.011755,"days":2,"spread":0.064516,"streak":2,"rank_m":228593,"pct_m":0.243043,"gas_method":"estimated"},"2024-09":{"txs":50,"uniq":13,"trade":0,"nft":1,"gas":0.000002,"bal":0.015148,"days":9,"spread":0.3,"streak":2,"rank_m":52846,"pct_m":0.056186,"gas_method":"estimated"},"2024-10":{"txs":58,"uniq":13,"trade":0,"nft":1,"gas":0.000004,"bal":0.006087,"days":9,"spread":0.290323,"streak":3,"rank_m":114244,"pct_m":0.121465,"gas_method":"estimated"},"2024-11":{"txs":14,"uniq":6,"trade":0,"nft":0,"gas":0.000032,"bal":0.007102,"days":3,"spread":0.1,"streak":2,"rank_m":238359,"pct_m":0.253426,"gas_method":"exact"},"2024-12":{"txs":47,"uniq":9,"trade":0,"nft":0,"gas":0.001036,"bal":0.006907,"days":8,"spread":0.258065,"streak":2,"rank_m":141771,"pct_m":0.150732,"gas_method":"exact"},"2025-01":{"txs":11,"uniq":3,"trade":0,"nft":0,"gas":0.000286,"bal":0.013033,"days":2,"spread":0.064516,"streak":1,"rank_m":300260,"pct_m":0.319241,"gas_method":"exact"},"2025-02":{"txs":13,"uniq":6,"trade":0,"nft":0,"gas":0.000084,"bal":0.009998,"days":2,"spread":0.071429,"streak":1,"rank_m":215284,"pct_m":0.228893,"gas_method":"exact"},"2025-03":{"txs":13,"uniq":4,"trade":0,"nft":1,"gas":0.000103,"bal":0.010165,"days":4,"spread":0.129032,"streak":1,"rank_m":171805,"pct_m":0.182665,"gas_method":"exact"},"2025-04":{"txs":18,"uniq":7,"trade":7,"nft":0,"gas":0.000109,"bal":0.010708,"days":2,"spread":0.066667,"streak":1,"rank_m":131895,"pct_m":0.140232,"gas_method":"exact"},"2025-05":{"txs":24,"uniq":5,"trade":9,"nft":0,"gas":0.000169,"bal":0.013382,"days":4,"spread":0.129032,"streak":2,"rank_m":66213,"pct_m":0.070398,"gas_method":"estimated"},"2025-06":{"txs":0,"uniq":0,"trade":0,"nft":0,"gas":0,"bal":0.013382,"days":0,"spread":0,"streak":0,"rank_m":442052,"pct_m":0.469997},"2025-07":{"txs":2,"uniq":1,"trade":0,"nft":1,"gas":0.000014,"bal":0.014267,"days":1,"spread":0.032258,"streak":1,"rank_m":296540,"pct_m":0.315286,"gas_method":"estimated"},"2025-08":{"txs":5,"uniq":4,"trade":0,"nft":0,"gas":0.000035,"bal":0.008183,"days":2,"spread":0.064516,"streak":1,"rank_m":286622,"pct_m":0.304741,"gas_method":"estimated"},"2025-09":{"txs":0,"uniq":0,"trade":0,"nft":0,"gas":0,"bal":0.008183,"days":0,"spread":0,"streak":0,"rank_m":480619,"pct_m":0.511002},"2025-10":{"txs":0,"uniq":0,"trade":0,"nft":0,"gas":0,"bal":0.008183,"days":0,"spread":0,"streak":0,"rank_m":373557,"pct_m":0.397171}}}