{"wallet":"0xce2f3600d79ea3608feb1ea0f51a88bfc7d485c7","rank":73806,"lifetime":{"months_active":24,"first":"2023-07","last":"2025-10","tx_sum":364,"uniq_sum":167,"trade_sum":13,"nft_sum":33,"gas_sum":0.003838,"avg_balance_eth_mean":0.019025,"streak_best_days":8,"gas_sum_filled":0.003838},"months":{"2023-07":{"txs":0,"uniq":0,"trade":0,"nft":0,"gas":0,"bal":0,"days":0,"spread":0,"streak":0,"rank_m":224613,"pct_m":0.238811},"2023-08":{"txs":4,"uniq":2,"trade":0,"nft":2,"gas":0.00079,"bal":0.004737,"days":1,"spread":0.032258,"streak":1,"rank_m":108710,"pct_m":0.115581,"gas_method":"exact"},"2023-09":{"txs":20,"uniq":10,"trade":0,"nft":3,"gas":0.000589,"bal":0.03096,"days":5,"spread":0.166667,"streak":2,"rank_m":21856,"pct_m":0.023237,"gas_method":"exact"},"2023-10":{"txs":0,"uniq":0,"trade":0,"nft":0,"gas":0,"bal":0.03096,"days":0,"spread":0,"streak":0,"rank_m":152873,"pct_m":0.162536},"2023-11":{"txs":0,"uniq":0,"trade":0,"nft":0,"gas":0,"bal":0.03096,"days":0,"spread":0,"streak":0,"rank_m":160095,"pct_m":0.170215},"2023-12":{"txs":1,"uniq":1,"trade":0,"nft":2,"gas":0.000026,"bal":0.000205,"days":1,"spread":0.032258,"streak":1,"rank_m":166174,"pct_m":0.176678,"gas_method":"estimated"},"2024-01":{"txs":1,"uniq":1,"trade":0,"nft":0,"gas":0.000024,"bal":0.000159,"days":1,"spread":0.032258,"streak":1,"rank_m":198536,"pct_m":0.211086,"gas_method":"estimated"},"2024-02":{"txs":0,"uniq":0,"trade":0,"nft":0,"gas":0,"bal":0.000159,"days":0,"spread":0,"streak":0,"rank_m":315565,"pct_m":0.335513},"2024-03":{"txs":1,"uniq":1,"trade":0,"nft":0,"gas":0.00002,"bal":0.000116,"days":1,"spread":0.032258,"streak":1,"rank_m":369991,"pct_m":0.39338,"gas_method":"estimated"},"2024-04":{"txs":9,"uniq":6,"trade":0,"nft":6,"gas":0.000023,"bal":0.009856,"days":3,"spread":0.1,"streak":1,"rank_m":264719,"pct_m":0.281453,"gas_method":"estimated"},"2024-05":{"txs":10,"uniq":6,"trade":0,"nft":2,"gas":0.000008,"bal":0.019707,"days":4,"spread":0.129032,"streak":1,"rank_m":219037,"pct_m":0.232883,"gas_method":"estimated"},"2024-06":{"txs":8,"uniq":5,"trade":0,"nft":4,"gas":0.000002,"bal":0.022111,"days":2,"spread":0.066667,"streak":1,"rank_m":173237,"pct_m":0.184188,"gas_method":"exact"},"2024-07":{"txs":6,"uniq":4,"trade":0,"nft":3,"gas":0.000001,"bal":0.019886,"days":3,"spread":0.096774,"streak":1,"rank_m":201393,"pct_m":0.214124,"gas_method":"estimated"},"2024-08":{"txs":1,"uniq":1,"trade":0,"nft":1,"gas":0,"bal":0.020118,"days":1,"spread":0.032258,"streak":1,"rank_m":324086,"pct_m":0.344573,"gas_method":"estimated"},"2024-09":{"txs":5,"uniq":4,"trade":0,"nft":2,"gas":0,"bal":0.020033,"days":3,"spread":0.1,"streak":1,"rank_m":172700,"pct_m":0.183617,"gas_method":"estimated"},"2024-10":{"txs":8,"uniq":8,"trade":0,"nft":3,"gas":0.000001,"bal":0.025678,"days":4,"spread":0.129032,"streak":1,"rank_m":158565,"pct_m":0.168588,"gas_method":"estimated"},"2024-11":{"txs":4,"uniq":2,"trade":0,"nft":0,"gas":0.000009,"bal":0.027065,"days":2,"spread":0.066667,"streak":1,"rank_m":336351,"pct_m":0.357613,"gas_method":"exact"},"2024-12":{"txs":11,"uniq":10,"trade":0,"nft":3,"gas":0.00022,"bal":0.019999,"days":7,"spread":0.225806,"streak":2,"rank_m":168319,"pct_m":0.178959,"gas_method":"exact"},"2025-01":{"txs":11,"uniq":6,"trade":1,"nft":0,"gas":0.000286,"bal":0.028471,"days":4,"spread":0.129032,"streak":1,"rank_m":190594,"pct_m":0.202642,"gas_method":"exact"},"2025-02":{"txs":7,"uniq":6,"trade":0,"nft":0,"gas":0.000049,"bal":0.020633,"days":4,"spread":0.142857,"streak":1,"rank_m":209662,"pct_m":0.222915,"gas_method":"exact"},"2025-03":{"txs":4,"uniq":4,"trade":0,"nft":1,"gas":0.000032,"bal":0.006234,"days":1,"spread":0.032258,"streak":1,"rank_m":287456,"pct_m":0.305627,"gas_method":"exact"},"2025-04":{"txs":16,"uniq":10,"trade":0,"nft":0,"gas":0.000091,"bal":0.012235,"days":4,"spread":0.133333,"streak":1,"rank_m":133608,"pct_m":0.142053,"gas_method":"exact"},"2025-05":{"txs":7,"uniq":7,"trade":0,"nft":0,"gas":0.000049,"bal":0.023821,"days":4,"spread":0.129032,"streak":1,"rank_m":105973,"pct_m":0.112671,"gas_method":"estimated"},"2025-06":{"txs":58,"uniq":21,"trade":6,"nft":1,"gas":0.000408,"bal":0.017035,"days":15,"spread":0.5,"streak":4,"rank_m":18282,"pct_m":0.019437,"gas_method":"estimated"},"2025-07":{"txs":63,"uniq":21,"trade":3,"nft":0,"gas":0.000443,"bal":0.02013,"days":18,"spread":0.580645,"streak":3,"rank_m":15275,"pct_m":0.01624,"gas_method":"estimated"},"2025-08":{"txs":13,"uniq":8,"trade":0,"nft":0,"gas":0.000091,"bal":0.02286,"days":8,"spread":0.258065,"streak":2,"rank_m":98130,"pct_m":0.104333,"gas_method":"estimated"},"2025-09":{"txs":93,"uniq":22,"trade":3,"nft":0,"gas":0.000655,"bal":0.039123,"days":18,"spread":0.6,"streak":8,"rank_m":6748,"pct_m":0.007174,"gas_method":"estimated"},"2025-10":{"txs":3,"uniq":1,"trade":0,"nft":0,"gas":0.000021,"bal":0.059457,"days":2,"spread":0.064516,"streak":1,"rank_m":113691,"pct_m":0.120877,"gas_method":"estimated"}}}