{"wallet":"0xce6f13175e20e31965612d1a3c7cd76beb4d087f","rank":333305,"lifetime":{"months_active":5,"first":"2023-07","last":"2025-10","tx_sum":410,"uniq_sum":162,"trade_sum":2,"nft_sum":61,"gas_sum":0.01232,"avg_balance_eth_mean":0.001122,"streak_best_days":7,"gas_sum_filled":0.01232},"months":{"2023-07":{"txs":0,"uniq":0,"trade":0,"nft":0,"gas":0,"bal":0,"days":0,"spread":0,"streak":0,"rank_m":223714,"pct_m":0.237856},"2023-08":{"txs":157,"uniq":67,"trade":0,"nft":58,"gas":0.010322,"bal":0.001911,"days":17,"spread":0.548387,"streak":7,"rank_m":12906,"pct_m":0.013721,"gas_method":"exact"},"2023-09":{"txs":1,"uniq":1,"trade":0,"nft":2,"gas":0.00003,"bal":0.001285,"days":1,"spread":0.033333,"streak":1,"rank_m":119501,"pct_m":0.127055,"gas_method":"estimated"},"2023-10":{"txs":0,"uniq":0,"trade":0,"nft":0,"gas":0,"bal":0.001285,"days":0,"spread":0,"streak":0,"rank_m":167309,"pct_m":0.177885},"2023-11":{"txs":2,"uniq":1,"trade":0,"nft":0,"gas":0.000028,"bal":0.001597,"days":1,"spread":0.033333,"streak":1,"rank_m":134107,"pct_m":0.142584,"gas_method":"estimated"},"2023-12":{"txs":0,"uniq":0,"trade":0,"nft":0,"gas":0,"bal":0.001597,"days":0,"spread":0,"streak":0,"rank_m":204973,"pct_m":0.21793},"2024-01":{"txs":0,"uniq":0,"trade":0,"nft":0,"gas":0,"bal":0.001597,"days":0,"spread":0,"streak":0,"rank_m":214808,"pct_m":0.228387},"2024-02":{"txs":0,"uniq":0,"trade":0,"nft":0,"gas":0,"bal":0.001597,"days":0,"spread":0,"streak":0,"rank_m":287551,"pct_m":0.305728},"2024-03":{"txs":0,"uniq":0,"trade":0,"nft":0,"gas":0,"bal":0.001597,"days":0,"spread":0,"streak":0,"rank_m":379870,"pct_m":0.403884},"2024-04":{"txs":0,"uniq":0,"trade":0,"nft":0,"gas":0,"bal":0.001597,"days":0,"spread":0,"streak":0,"rank_m":469580,"pct_m":0.499265},"2024-05":{"txs":0,"uniq":0,"trade":0,"nft":0,"gas":0,"bal":0.001597,"days":0,"spread":0,"streak":0,"rank_m":496112,"pct_m":0.527474},"2024-06":{"txs":0,"uniq":0,"trade":0,"nft":0,"gas":0,"bal":0.001597,"days":0,"spread":0,"streak":0,"rank_m":516113,"pct_m":0.54874},"2024-07":{"txs":0,"uniq":0,"trade":0,"nft":0,"gas":0,"bal":0.001597,"days":0,"spread":0,"streak":0,"rank_m":527377,"pct_m":0.560716},"2024-08":{"txs":0,"uniq":0,"trade":0,"nft":0,"gas":0,"bal":0.001597,"days":0,"spread":0,"streak":0,"rank_m":540409,"pct_m":0.574571},"2024-09":{"txs":0,"uniq":0,"trade":0,"nft":0,"gas":0,"bal":0.001597,"days":0,"spread":0,"streak":0,"rank_m":518665,"pct_m":0.551453},"2024-10":{"txs":0,"uniq":0,"trade":0,"nft":0,"gas":0,"bal":0.001597,"days":0,"spread":0,"streak":0,"rank_m":566172,"pct_m":0.601963},"2024-11":{"txs":0,"uniq":0,"trade":0,"nft":0,"gas":0,"bal":0.001597,"days":0,"spread":0,"streak":0,"rank_m":572369,"pct_m":0.608552},"2024-12":{"txs":0,"uniq":0,"trade":0,"nft":0,"gas":0,"bal":0.001597,"days":0,"spread":0,"streak":0,"rank_m":629616,"pct_m":0.669418},"2025-01":{"txs":0,"uniq":0,"trade":0,"nft":0,"gas":0,"bal":0.001597,"days":0,"spread":0,"streak":0,"rank_m":616079,"pct_m":0.655025},"2025-02":{"txs":0,"uniq":0,"trade":0,"nft":0,"gas":0,"bal":0.001597,"days":0,"spread":0,"streak":0,"rank_m":627122,"pct_m":0.666766},"2025-03":{"txs":242,"uniq":88,"trade":2,"nft":1,"gas":0.001904,"bal":0.001389,"days":8,"spread":0.258065,"streak":4,"rank_m":47946,"pct_m":0.050976,"gas_method":"exact"},"2025-04":{"txs":8,"uniq":5,"trade":0,"nft":0,"gas":0.000036,"bal":0,"days":3,"spread":0.1,"streak":2,"rank_m":396991,"pct_m":0.422087,"gas_method":"exact"},"2025-05":{"txs":0,"uniq":0,"trade":0,"nft":0,"gas":0,"bal":0,"days":0,"spread":0,"streak":0,"rank_m":858421,"pct_m":0.912687},"2025-06":{"txs":0,"uniq":0,"trade":0,"nft":0,"gas":0,"bal":0,"days":0,"spread":0,"streak":0,"rank_m":872078,"pct_m":0.927208},"2025-07":{"txs":0,"uniq":0,"trade":0,"nft":0,"gas":0,"bal":0,"days":0,"spread":0,"streak":0,"rank_m":894305,"pct_m":0.95084},"2025-08":{"txs":0,"uniq":0,"trade":0,"nft":0,"gas":0,"bal":0,"days":0,"spread":0,"streak":0,"rank_m":897432,"pct_m":0.954165},"2025-09":{"txs":0,"uniq":0,"trade":0,"nft":0,"gas":0,"bal":0,"days":0,"spread":0,"streak":0,"rank_m":898799,"pct_m":0.955618},"2025-10":{"txs":0,"uniq":0,"trade":0,"nft":0,"gas":0,"bal":0,"days":0,"spread":0,"streak":0,"rank_m":874920,"pct_m":0.93023}}}