{"wallet":"0xceac622ae203f151f0b710be8ec9e64fd5690848","rank":357184,"lifetime":{"months_active":17,"first":"2023-07","last":"2025-10","tx_sum":145,"uniq_sum":113,"trade_sum":0,"nft_sum":76,"gas_sum":0.002339,"avg_balance_eth_mean":0.013386,"streak_best_days":5,"gas_sum_filled":0.002339},"months":{"2023-07":{"txs":0,"uniq":0,"trade":0,"nft":0,"gas":0,"bal":0,"days":0,"spread":0,"streak":0,"rank_m":222837,"pct_m":0.236923},"2023-08":{"txs":26,"uniq":13,"trade":0,"nft":7,"gas":0.001041,"bal":0.001501,"days":3,"spread":0.096774,"streak":1,"rank_m":71433,"pct_m":0.075948,"gas_method":"exact"},"2023-09":{"txs":4,"uniq":4,"trade":0,"nft":0,"gas":0.000043,"bal":0.0066,"days":3,"spread":0.1,"streak":1,"rank_m":76779,"pct_m":0.081632,"gas_method":"exact"},"2023-10":{"txs":4,"uniq":4,"trade":0,"nft":1,"gas":0.000104,"bal":0.006439,"days":2,"spread":0.064516,"streak":1,"rank_m":74382,"pct_m":0.079083,"gas_method":"estimated"},"2023-11":{"txs":3,"uniq":3,"trade":0,"nft":0,"gas":0.000107,"bal":0.004327,"days":2,"spread":0.066667,"streak":1,"rank_m":72279,"pct_m":0.076847,"gas_method":"exact"},"2023-12":{"txs":3,"uniq":3,"trade":0,"nft":0,"gas":0.000253,"bal":0.002631,"days":2,"spread":0.064516,"streak":1,"rank_m":117520,"pct_m":0.124948,"gas_method":"estimated"},"2024-01":{"txs":3,"uniq":2,"trade":0,"nft":1,"gas":0.000076,"bal":0.002516,"days":3,"spread":0.096774,"streak":1,"rank_m":98375,"pct_m":0.104593,"gas_method":"exact"},"2024-02":{"txs":6,"uniq":4,"trade":0,"nft":1,"gas":0.000267,"bal":0.002679,"days":4,"spread":0.137931,"streak":1,"rank_m":150756,"pct_m":0.160285,"gas_method":"estimated"},"2024-03":{"txs":4,"uniq":2,"trade":0,"nft":0,"gas":0.000266,"bal":0.001977,"days":2,"spread":0.064516,"streak":1,"rank_m":298981,"pct_m":0.317881,"gas_method":"estimated"},"2024-04":{"txs":4,"uniq":3,"trade":0,"nft":1,"gas":0.000033,"bal":0.001531,"days":2,"spread":0.066667,"streak":1,"rank_m":389972,"pct_m":0.414624,"gas_method":"estimated"},"2024-05":{"txs":6,"uniq":5,"trade":0,"nft":1,"gas":0.000016,"bal":0.004184,"days":3,"spread":0.096774,"streak":1,"rank_m":329038,"pct_m":0.349838,"gas_method":"estimated"},"2024-06":{"txs":11,"uniq":9,"trade":0,"nft":4,"gas":0.000001,"bal":0.014962,"days":3,"spread":0.1,"streak":1,"rank_m":169576,"pct_m":0.180295,"gas_method":"estimated"},"2024-07":{"txs":15,"uniq":11,"trade":0,"nft":20,"gas":0.000003,"bal":0.075969,"days":8,"spread":0.258065,"streak":2,"rank_m":40522,"pct_m":0.043083,"gas_method":"exact"},"2024-08":{"txs":37,"uniq":35,"trade":0,"nft":36,"gas":0.000011,"bal":0.083489,"days":12,"spread":0.387097,"streak":5,"rank_m":16260,"pct_m":0.017287,"gas_method":"estimated"},"2024-09":{"txs":2,"uniq":2,"trade":0,"nft":3,"gas":0,"bal":0.016135,"days":1,"spread":0.033333,"streak":1,"rank_m":239165,"pct_m":0.254283,"gas_method":"estimated"},"2024-10":{"txs":3,"uniq":2,"trade":0,"nft":1,"gas":0.000001,"bal":0.0131,"days":2,"spread":0.064516,"streak":1,"rank_m":304392,"pct_m":0.323634,"gas_method":"estimated"},"2024-11":{"txs":0,"uniq":0,"trade":0,"nft":0,"gas":0,"bal":0.0131,"days":0,"spread":0,"streak":0,"rank_m":506346,"pct_m":0.538355},"2024-12":{"txs":0,"uniq":0,"trade":0,"nft":0,"gas":0,"bal":0.0131,"days":0,"spread":0,"streak":0,"rank_m":569413,"pct_m":0.605409},"2025-01":{"txs":1,"uniq":1,"trade":0,"nft":0,"gas":0.000026,"bal":0.011683,"days":1,"spread":0.032258,"streak":1,"rank_m":458296,"pct_m":0.487267,"gas_method":"exact"},"2025-02":{"txs":0,"uniq":0,"trade":0,"nft":0,"gas":0,"bal":0.011683,"days":0,"spread":0,"streak":0,"rank_m":544248,"pct_m":0.578653},"2025-03":{"txs":0,"uniq":0,"trade":0,"nft":0,"gas":0,"bal":0.011683,"days":0,"spread":0,"streak":0,"rank_m":521416,"pct_m":0.554378},"2025-04":{"txs":0,"uniq":0,"trade":0,"nft":0,"gas":0,"bal":0.011683,"days":0,"spread":0,"streak":0,"rank_m":562596,"pct_m":0.598161},"2025-05":{"txs":0,"uniq":0,"trade":0,"nft":0,"gas":0,"bal":0.011683,"days":0,"spread":0,"streak":0,"rank_m":453121,"pct_m":0.481765},"2025-06":{"txs":0,"uniq":0,"trade":0,"nft":0,"gas":0,"bal":0.011683,"days":0,"spread":0,"streak":0,"rank_m":454553,"pct_m":0.483288},"2025-07":{"txs":0,"uniq":0,"trade":0,"nft":0,"gas":0,"bal":0.011683,"days":0,"spread":0,"streak":0,"rank_m":479375,"pct_m":0.509679},"2025-08":{"txs":0,"uniq":0,"trade":0,"nft":0,"gas":0,"bal":0.011683,"days":0,"spread":0,"streak":0,"rank_m":449041,"pct_m":0.477427},"2025-09":{"txs":13,"uniq":10,"trade":0,"nft":0,"gas":0.000091,"bal":0.008557,"days":1,"spread":0.033333,"streak":1,"rank_m":237176,"pct_m":0.252169,"gas_method":"estimated"},"2025-10":{"txs":0,"uniq":0,"trade":0,"nft":0,"gas":0,"bal":0.008557,"days":0,"spread":0,"streak":0,"rank_m":368811,"pct_m":0.392125}}}