{"wallet":"0xceb120f1325eb841b4ee72c940f38ad4c8590379","rank":87483,"lifetime":{"months_active":25,"first":"2023-07","last":"2025-10","tx_sum":499,"uniq_sum":299,"trade_sum":9,"nft_sum":164,"gas_sum":0.007968,"avg_balance_eth_mean":0.009646,"streak_best_days":0,"gas_sum_filled":0.007968},"months":{"2023-07":{"txs":0,"uniq":0,"trade":0,"nft":0,"gas":0,"bal":0,"days":0,"spread":0,"streak":0,"rank_m":222776,"pct_m":0.236858},"2023-08":{"txs":28,"uniq":20,"trade":0,"nft":14,"gas":0.003089,"bal":0.004732,"days":5,"spread":0.16129,"streak":0,"rank_m":69432,"pct_m":0.07382,"gas_method":"exact"},"2023-09":{"txs":20,"uniq":17,"trade":0,"nft":14,"gas":0.00124,"bal":0.020459,"days":4,"spread":0.133333,"streak":0,"rank_m":44843,"pct_m":0.047677,"gas_method":"exact"},"2023-10":{"txs":0,"uniq":0,"trade":0,"nft":0,"gas":0,"bal":0.020459,"days":0,"spread":0,"streak":0,"rank_m":153848,"pct_m":0.163573},"2023-11":{"txs":15,"uniq":8,"trade":0,"nft":1,"gas":0.00018,"bal":0.014064,"days":4,"spread":0.133333,"streak":0,"rank_m":61850,"pct_m":0.065759,"gas_method":"estimated"},"2023-12":{"txs":2,"uniq":2,"trade":0,"nft":4,"gas":0.000045,"bal":0.009782,"days":2,"spread":0.064516,"streak":0,"rank_m":114541,"pct_m":0.121781,"gas_method":"estimated"},"2024-01":{"txs":0,"uniq":0,"trade":0,"nft":0,"gas":0,"bal":0.009782,"days":0,"spread":0,"streak":0,"rank_m":201387,"pct_m":0.214117},"2024-02":{"txs":11,"uniq":9,"trade":1,"nft":4,"gas":0.000134,"bal":0.007955,"days":4,"spread":0.137931,"streak":0,"rank_m":91923,"pct_m":0.097733,"gas_method":"exact"},"2024-03":{"txs":20,"uniq":8,"trade":2,"nft":4,"gas":0.001602,"bal":0.006087,"days":6,"spread":0.193548,"streak":0,"rank_m":129785,"pct_m":0.137989,"gas_method":"exact"},"2024-04":{"txs":78,"uniq":31,"trade":2,"nft":19,"gas":0.000297,"bal":0.007339,"days":14,"spread":0.466667,"streak":0,"rank_m":80026,"pct_m":0.085084,"gas_method":"exact"},"2024-05":{"txs":20,"uniq":10,"trade":0,"nft":5,"gas":0.000024,"bal":0.005281,"days":5,"spread":0.16129,"streak":0,"rank_m":207583,"pct_m":0.220705,"gas_method":"exact"},"2024-06":{"txs":20,"uniq":12,"trade":0,"nft":9,"gas":0.000001,"bal":0.003618,"days":5,"spread":0.166667,"streak":0,"rank_m":225897,"pct_m":0.240177,"gas_method":"estimated"},"2024-07":{"txs":3,"uniq":3,"trade":0,"nft":5,"gas":0,"bal":0.002639,"days":3,"spread":0.096774,"streak":0,"rank_m":361251,"pct_m":0.384087,"gas_method":"estimated"},"2024-08":{"txs":49,"uniq":43,"trade":0,"nft":47,"gas":0.000004,"bal":0.004444,"days":5,"spread":0.16129,"streak":0,"rank_m":161809,"pct_m":0.172037,"gas_method":"estimated"},"2024-09":{"txs":19,"uniq":12,"trade":0,"nft":10,"gas":0.000001,"bal":0.011183,"days":4,"spread":0.133333,"streak":0,"rank_m":141008,"pct_m":0.149921,"gas_method":"estimated"},"2024-10":{"txs":17,"uniq":12,"trade":0,"nft":12,"gas":0.000001,"bal":0.007839,"days":6,"spread":0.193548,"streak":0,"rank_m":182234,"pct_m":0.193753,"gas_method":"estimated"},"2024-11":{"txs":8,"uniq":7,"trade":0,"nft":0,"gas":0.000018,"bal":0.00617,"days":3,"spread":0.1,"streak":0,"rank_m":331815,"pct_m":0.352791,"gas_method":"exact"},"2024-12":{"txs":16,"uniq":12,"trade":0,"nft":0,"gas":0.000331,"bal":0.016716,"days":6,"spread":0.193548,"streak":0,"rank_m":250972,"pct_m":0.266837,"gas_method":"exact"},"2025-01":{"txs":25,"uniq":12,"trade":2,"nft":0,"gas":0.000009,"bal":0.056656,"days":5,"spread":0.16129,"streak":0,"rank_m":207079,"pct_m":0.220169,"gas_method":"exact"},"2025-02":{"txs":24,"uniq":11,"trade":0,"nft":1,"gas":0.000134,"bal":0.005698,"days":6,"spread":0.214286,"streak":0,"rank_m":157864,"pct_m":0.167843,"gas_method":"exact"},"2025-03":{"txs":15,"uniq":12,"trade":0,"nft":2,"gas":0.000119,"bal":0.005518,"days":5,"spread":0.16129,"streak":0,"rank_m":182125,"pct_m":0.193637,"gas_method":"exact"},"2025-04":{"txs":22,"uniq":16,"trade":0,"nft":0,"gas":0.000127,"bal":0.005773,"days":6,"spread":0.2,"streak":0,"rank_m":152007,"pct_m":0.161615,"gas_method":"exact"},"2025-05":{"txs":4,"uniq":3,"trade":0,"nft":0,"gas":0.000028,"bal":0.00527,"days":2,"spread":0.064516,"streak":0,"rank_m":344259,"pct_m":0.366021,"gas_method":"estimated"},"2025-06":{"txs":2,"uniq":2,"trade":0,"nft":0,"gas":0.000014,"bal":0.00531,"days":1,"spread":0.033333,"streak":0,"rank_m":430873,"pct_m":0.458111,"gas_method":"estimated"},"2025-07":{"txs":16,"uniq":8,"trade":0,"nft":1,"gas":0.000113,"bal":0.007052,"days":6,"spread":0.193548,"streak":0,"rank_m":229273,"pct_m":0.243766,"gas_method":"estimated"},"2025-08":{"txs":32,"uniq":9,"trade":0,"nft":12,"gas":0.000225,"bal":0.0087,"days":6,"spread":0.193548,"streak":0,"rank_m":157696,"pct_m":0.167664,"gas_method":"estimated"},"2025-09":{"txs":10,"uniq":5,"trade":2,"nft":0,"gas":0.00007,"bal":0.005723,"days":3,"spread":0.1,"streak":0,"rank_m":261276,"pct_m":0.277792,"gas_method":"estimated"},"2025-10":{"txs":23,"uniq":15,"trade":0,"nft":0,"gas":0.000162,"bal":0.005843,"days":5,"spread":0.16129,"streak":0,"rank_m":152363,"pct_m":0.161994,"gas_method":"estimated"}}}