{"wallet":"0xcea9c30cf1ad0e64196172be2f538fa1fb7a676b","rank":383468,"lifetime":{"months_active":18,"first":"2023-07","last":"2025-10","tx_sum":221,"uniq_sum":98,"trade_sum":4,"nft_sum":30,"gas_sum":0.001238,"avg_balance_eth_mean":0.000823,"streak_best_days":9,"gas_sum_filled":0.001238},"months":{"2023-07":{"txs":3,"uniq":2,"trade":0,"nft":1,"gas":0.000089,"bal":0.000005,"days":1,"spread":0.032258,"streak":1,"rank_m":42350,"pct_m":0.045026,"gas_method":"estimated"},"2023-08":{"txs":0,"uniq":2,"trade":0,"nft":0,"gas":0.000316,"bal":0.000013,"days":0,"spread":0,"streak":0,"rank_m":193274,"pct_m":0.205491},"2023-09":{"txs":0,"uniq":0,"trade":0,"nft":0,"gas":0,"bal":0.000013,"days":0,"spread":0,"streak":0,"rank_m":203734,"pct_m":0.216613},"2023-10":{"txs":0,"uniq":0,"trade":0,"nft":0,"gas":0,"bal":0.000013,"days":0,"spread":0,"streak":0,"rank_m":216462,"pct_m":0.230145},"2023-11":{"txs":0,"uniq":0,"trade":0,"nft":0,"gas":0,"bal":0.000013,"days":0,"spread":0,"streak":0,"rank_m":231297,"pct_m":0.245918},"2023-12":{"txs":0,"uniq":0,"trade":0,"nft":0,"gas":0,"bal":0.000013,"days":0,"spread":0,"streak":0,"rank_m":258979,"pct_m":0.27535},"2024-01":{"txs":0,"uniq":0,"trade":0,"nft":0,"gas":0,"bal":0.000013,"days":0,"spread":0,"streak":0,"rank_m":273465,"pct_m":0.290752},"2024-02":{"txs":0,"uniq":0,"trade":0,"nft":0,"gas":0,"bal":0.000013,"days":0,"spread":0,"streak":0,"rank_m":337888,"pct_m":0.359247},"2024-03":{"txs":1,"uniq":0,"trade":0,"nft":1,"gas":0.000006,"bal":0.000014,"days":1,"spread":0.032258,"streak":1,"rank_m":367621,"pct_m":0.39086,"gas_method":"estimated"},"2024-04":{"txs":7,"uniq":5,"trade":0,"nft":3,"gas":0.000005,"bal":0.000228,"days":5,"spread":0.166667,"streak":2,"rank_m":360803,"pct_m":0.383611,"gas_method":"estimated"},"2024-05":{"txs":22,"uniq":11,"trade":2,"nft":6,"gas":0.000005,"bal":0.001016,"days":7,"spread":0.225806,"streak":3,"rank_m":197270,"pct_m":0.20974,"gas_method":"estimated"},"2024-06":{"txs":10,"uniq":8,"trade":0,"nft":2,"gas":0,"bal":0.001443,"days":5,"spread":0.166667,"streak":2,"rank_m":194640,"pct_m":0.206944,"gas_method":"exact"},"2024-07":{"txs":14,"uniq":6,"trade":0,"nft":2,"gas":0.000001,"bal":0.001212,"days":7,"spread":0.225806,"streak":2,"rank_m":178400,"pct_m":0.189677,"gas_method":"exact"},"2024-08":{"txs":15,"uniq":6,"trade":0,"nft":2,"gas":0,"bal":0.001387,"days":7,"spread":0.225806,"streak":1,"rank_m":281933,"pct_m":0.299755,"gas_method":"estimated"},"2024-09":{"txs":12,"uniq":6,"trade":0,"nft":3,"gas":0,"bal":0.001647,"days":6,"spread":0.2,"streak":2,"rank_m":139761,"pct_m":0.148595,"gas_method":"exact"},"2024-10":{"txs":21,"uniq":8,"trade":0,"nft":7,"gas":0,"bal":0.001573,"days":12,"spread":0.387097,"streak":3,"rank_m":171439,"pct_m":0.182276,"gas_method":"estimated"},"2024-11":{"txs":12,"uniq":4,"trade":0,"nft":2,"gas":0.000028,"bal":0.001233,"days":5,"spread":0.166667,"streak":3,"rank_m":250206,"pct_m":0.266022,"gas_method":"exact"},"2024-12":{"txs":4,"uniq":3,"trade":0,"nft":0,"gas":0.000088,"bal":0.001114,"days":2,"spread":0.064516,"streak":1,"rank_m":465842,"pct_m":0.49529,"gas_method":"exact"},"2025-01":{"txs":0,"uniq":0,"trade":0,"nft":0,"gas":0,"bal":0.001114,"days":0,"spread":0,"streak":0,"rank_m":627911,"pct_m":0.667605},"2025-02":{"txs":4,"uniq":4,"trade":0,"nft":0,"gas":0.000028,"bal":0.00139,"days":3,"spread":0.107143,"streak":1,"rank_m":359038,"pct_m":0.381735,"gas_method":"exact"},"2025-03":{"txs":0,"uniq":0,"trade":0,"nft":0,"gas":0,"bal":0.00139,"days":0,"spread":0,"streak":0,"rank_m":624224,"pct_m":0.663685},"2025-04":{"txs":3,"uniq":3,"trade":2,"nft":0,"gas":0.000018,"bal":0.001353,"days":3,"spread":0.1,"streak":1,"rank_m":332805,"pct_m":0.353843,"gas_method":"exact"},"2025-05":{"txs":0,"uniq":0,"trade":0,"nft":0,"gas":0,"bal":0.001353,"days":0,"spread":0,"streak":0,"rank_m":634493,"pct_m":0.674603},"2025-06":{"txs":7,"uniq":7,"trade":0,"nft":0,"gas":0.000049,"bal":0.00134,"days":4,"spread":0.133333,"streak":2,"rank_m":378217,"pct_m":0.402126,"gas_method":"estimated"},"2025-07":{"txs":42,"uniq":9,"trade":0,"nft":1,"gas":0.000296,"bal":0.001803,"days":19,"spread":0.612903,"streak":7,"rank_m":143421,"pct_m":0.152487,"gas_method":"estimated"},"2025-08":{"txs":29,"uniq":5,"trade":0,"nft":0,"gas":0.000204,"bal":0.001921,"days":14,"spread":0.451613,"streak":9,"rank_m":237833,"pct_m":0.252867,"gas_method":"estimated"},"2025-09":{"txs":7,"uniq":5,"trade":0,"nft":0,"gas":0.000049,"bal":0.000198,"days":4,"spread":0.133333,"streak":2,"rank_m":478423,"pct_m":0.508667,"gas_method":"estimated"},"2025-10":{"txs":8,"uniq":4,"trade":0,"nft":0,"gas":0.000056,"bal":0.000203,"days":2,"spread":0.064516,"streak":2,"rank_m":381082,"pct_m":0.405172,"gas_method":"estimated"}}}