{"wallet":"0xcec896b6fbe615864b04683d35da1c9ed9770015","rank":186538,"lifetime":{"months_active":12,"first":"2023-07","last":"2025-10","tx_sum":339,"uniq_sum":90,"trade_sum":8,"nft_sum":35,"gas_sum":0.002926,"avg_balance_eth_mean":0.092346,"streak_best_days":5,"gas_sum_filled":0.002926},"months":{"2023-07":{"txs":0,"uniq":0,"trade":0,"nft":0,"gas":0,"bal":0,"days":0,"spread":0,"streak":0,"rank_m":222451,"pct_m":0.236513},"2023-08":{"txs":0,"uniq":0,"trade":0,"nft":0,"gas":0,"bal":0,"days":0,"spread":0,"streak":0,"rank_m":314798,"pct_m":0.334698},"2023-09":{"txs":0,"uniq":0,"trade":0,"nft":0,"gas":0,"bal":0,"days":0,"spread":0,"streak":0,"rank_m":331872,"pct_m":0.352851},"2023-10":{"txs":0,"uniq":0,"trade":0,"nft":0,"gas":0,"bal":0,"days":0,"spread":0,"streak":0,"rank_m":350221,"pct_m":0.37236},"2023-11":{"txs":0,"uniq":0,"trade":0,"nft":0,"gas":0,"bal":0,"days":0,"spread":0,"streak":0,"rank_m":366943,"pct_m":0.390139},"2023-12":{"txs":0,"uniq":0,"trade":0,"nft":0,"gas":0,"bal":0,"days":0,"spread":0,"streak":0,"rank_m":388905,"pct_m":0.41349},"2024-01":{"txs":21,"uniq":10,"trade":0,"nft":4,"gas":0.000508,"bal":0.298623,"days":6,"spread":0.193548,"streak":2,"rank_m":19180,"pct_m":0.020391,"gas_method":"estimated"},"2024-02":{"txs":54,"uniq":17,"trade":0,"nft":11,"gas":0.000829,"bal":1.839671,"days":12,"spread":0.413793,"streak":5,"rank_m":3936,"pct_m":0.004184,"gas_method":"exact"},"2024-03":{"txs":45,"uniq":22,"trade":1,"nft":2,"gas":0.00125,"bal":0.104167,"days":11,"spread":0.354839,"streak":3,"rank_m":14667,"pct_m":0.015593,"gas_method":"exact"},"2024-04":{"txs":12,"uniq":7,"trade":0,"nft":3,"gas":0.000045,"bal":0.100795,"days":8,"spread":0.266667,"streak":2,"rank_m":144836,"pct_m":0.153991,"gas_method":"exact"},"2024-05":{"txs":8,"uniq":4,"trade":3,"nft":6,"gas":0.000007,"bal":0.04384,"days":4,"spread":0.129032,"streak":2,"rank_m":157407,"pct_m":0.167357,"gas_method":"estimated"},"2024-06":{"txs":1,"uniq":1,"trade":0,"nft":2,"gas":0,"bal":0.022287,"days":1,"spread":0.033333,"streak":1,"rank_m":312879,"pct_m":0.332657,"gas_method":"estimated"},"2024-07":{"txs":27,"uniq":7,"trade":0,"nft":3,"gas":0.000003,"bal":0.091116,"days":2,"spread":0.064516,"streak":1,"rank_m":124634,"pct_m":0.132512,"gas_method":"estimated"},"2024-08":{"txs":5,"uniq":4,"trade":0,"nft":0,"gas":0,"bal":0.053313,"days":5,"spread":0.16129,"streak":2,"rank_m":192819,"pct_m":0.205008,"gas_method":"exact"},"2024-09":{"txs":132,"uniq":3,"trade":0,"nft":2,"gas":0.000006,"bal":0.007175,"days":9,"spread":0.3,"streak":3,"rank_m":100588,"pct_m":0.106946,"gas_method":"estimated"},"2024-10":{"txs":11,"uniq":2,"trade":0,"nft":2,"gas":0.000003,"bal":0.001851,"days":8,"spread":0.258065,"streak":2,"rank_m":201493,"pct_m":0.21423,"gas_method":"exact"},"2024-11":{"txs":0,"uniq":0,"trade":0,"nft":0,"gas":0,"bal":0.001851,"days":0,"spread":0,"streak":0,"rank_m":567788,"pct_m":0.603681},"2024-12":{"txs":0,"uniq":0,"trade":0,"nft":0,"gas":0,"bal":0.001851,"days":0,"spread":0,"streak":0,"rank_m":626028,"pct_m":0.665603},"2025-01":{"txs":8,"uniq":5,"trade":0,"nft":0,"gas":0.000156,"bal":0.001954,"days":2,"spread":0.064516,"streak":2,"rank_m":353842,"pct_m":0.37621,"gas_method":"exact"},"2025-02":{"txs":0,"uniq":0,"trade":0,"nft":0,"gas":0,"bal":0.001954,"days":0,"spread":0,"streak":0,"rank_m":619794,"pct_m":0.658975},"2025-03":{"txs":15,"uniq":8,"trade":4,"nft":0,"gas":0.000119,"bal":0.001904,"days":5,"spread":0.16129,"streak":3,"rank_m":140758,"pct_m":0.149655,"gas_method":"exact"},"2025-04":{"txs":0,"uniq":0,"trade":0,"nft":0,"gas":0,"bal":0.001904,"days":0,"spread":0,"streak":0,"rank_m":641143,"pct_m":0.681674},"2025-05":{"txs":0,"uniq":0,"trade":0,"nft":0,"gas":0,"bal":0.001904,"days":0,"spread":0,"streak":0,"rank_m":608729,"pct_m":0.64721},"2025-06":{"txs":0,"uniq":0,"trade":0,"nft":0,"gas":0,"bal":0.001904,"days":0,"spread":0,"streak":0,"rank_m":614254,"pct_m":0.653085},"2025-07":{"txs":0,"uniq":0,"trade":0,"nft":0,"gas":0,"bal":0.001904,"days":0,"spread":0,"streak":0,"rank_m":631759,"pct_m":0.671696},"2025-08":{"txs":0,"uniq":0,"trade":0,"nft":0,"gas":0,"bal":0.001904,"days":0,"spread":0,"streak":0,"rank_m":611076,"pct_m":0.649706},"2025-09":{"txs":0,"uniq":0,"trade":0,"nft":0,"gas":0,"bal":0.001904,"days":0,"spread":0,"streak":0,"rank_m":597444,"pct_m":0.635212},"2025-10":{"txs":0,"uniq":0,"trade":0,"nft":0,"gas":0,"bal":0.001904,"days":0,"spread":0,"streak":0,"rank_m":503022,"pct_m":0.534821}}}