{"wallet":"0xce03234d3f21968ef5031aa20b2956f207d60a64","rank":133380,"lifetime":{"months_active":26,"first":"2023-07","last":"2025-10","tx_sum":223,"uniq_sum":125,"trade_sum":2,"nft_sum":28,"gas_sum":0.003613,"avg_balance_eth_mean":0.032151,"streak_best_days":11,"gas_sum_filled":0.003613},"months":{"2023-07":{"txs":0,"uniq":0,"trade":0,"nft":0,"gas":0,"bal":0,"days":0,"spread":0,"streak":0,"rank_m":225194,"pct_m":0.239429},"2023-08":{"txs":1,"uniq":1,"trade":0,"nft":1,"gas":0.000064,"bal":0.000103,"days":1,"spread":0.032258,"streak":1,"rank_m":149936,"pct_m":0.159414,"gas_method":"exact"},"2023-09":{"txs":2,"uniq":1,"trade":0,"nft":0,"gas":0.000169,"bal":0.00051,"days":1,"spread":0.033333,"streak":1,"rank_m":138492,"pct_m":0.147246,"gas_method":"estimated"},"2023-10":{"txs":1,"uniq":1,"trade":0,"nft":2,"gas":0.000022,"bal":0.00046,"days":1,"spread":0.032258,"streak":1,"rank_m":130680,"pct_m":0.13894,"gas_method":"estimated"},"2023-11":{"txs":2,"uniq":2,"trade":0,"nft":1,"gas":0.000077,"bal":0.000093,"days":2,"spread":0.066667,"streak":1,"rank_m":135805,"pct_m":0.144389,"gas_method":"estimated"},"2023-12":{"txs":4,"uniq":1,"trade":0,"nft":0,"gas":0.00029,"bal":0.000791,"days":4,"spread":0.129032,"streak":3,"rank_m":138145,"pct_m":0.146877,"gas_method":"estimated"},"2024-01":{"txs":13,"uniq":1,"trade":0,"nft":0,"gas":0.00043,"bal":0.000449,"days":12,"spread":0.387097,"streak":6,"rank_m":81895,"pct_m":0.087071,"gas_method":"exact"},"2024-02":{"txs":1,"uniq":1,"trade":0,"nft":0,"gas":0.000049,"bal":0.000185,"days":1,"spread":0.034483,"streak":1,"rank_m":235748,"pct_m":0.25065,"gas_method":"exact"},"2024-03":{"txs":18,"uniq":11,"trade":0,"nft":4,"gas":0.001028,"bal":0.008558,"days":1,"spread":0.032258,"streak":1,"rank_m":169988,"pct_m":0.180733,"gas_method":"estimated"},"2024-04":{"txs":7,"uniq":5,"trade":0,"nft":2,"gas":0.000049,"bal":0.010539,"days":5,"spread":0.166667,"streak":1,"rank_m":270728,"pct_m":0.287842,"gas_method":"estimated"},"2024-05":{"txs":2,"uniq":2,"trade":0,"nft":1,"gas":0.000005,"bal":0.002426,"days":2,"spread":0.064516,"streak":2,"rank_m":378860,"pct_m":0.40281,"gas_method":"estimated"},"2024-06":{"txs":3,"uniq":3,"trade":0,"nft":1,"gas":0,"bal":0.011803,"days":2,"spread":0.066667,"streak":2,"rank_m":275793,"pct_m":0.293227,"gas_method":"estimated"},"2024-07":{"txs":5,"uniq":5,"trade":0,"nft":1,"gas":0.000002,"bal":0.007969,"days":4,"spread":0.129032,"streak":2,"rank_m":228077,"pct_m":0.242494,"gas_method":"estimated"},"2024-08":{"txs":11,"uniq":10,"trade":1,"nft":9,"gas":0.000003,"bal":0.004165,"days":4,"spread":0.129032,"streak":3,"rank_m":175146,"pct_m":0.186217,"gas_method":"estimated"},"2024-09":{"txs":4,"uniq":2,"trade":0,"nft":1,"gas":0,"bal":0.012845,"days":2,"spread":0.066667,"streak":1,"rank_m":239116,"pct_m":0.254231,"gas_method":"estimated"},"2024-10":{"txs":1,"uniq":1,"trade":0,"nft":0,"gas":0,"bal":0.026583,"days":1,"spread":0.032258,"streak":1,"rank_m":352213,"pct_m":0.374478,"gas_method":"estimated"},"2024-11":{"txs":33,"uniq":12,"trade":0,"nft":0,"gas":0.000076,"bal":0.079831,"days":6,"spread":0.2,"streak":2,"rank_m":90784,"pct_m":0.096522,"gas_method":"exact"},"2024-12":{"txs":10,"uniq":8,"trade":0,"nft":0,"gas":0.00022,"bal":0.063996,"days":6,"spread":0.193548,"streak":2,"rank_m":217797,"pct_m":0.231565,"gas_method":"exact"},"2025-01":{"txs":22,"uniq":8,"trade":0,"nft":0,"gas":0.000572,"bal":0.059424,"days":13,"spread":0.419355,"streak":11,"rank_m":72134,"pct_m":0.076693,"gas_method":"exact"},"2025-02":{"txs":18,"uniq":8,"trade":0,"nft":3,"gas":0.000113,"bal":0.057299,"days":2,"spread":0.071429,"streak":1,"rank_m":129889,"pct_m":0.138099,"gas_method":"exact"},"2025-03":{"txs":15,"uniq":7,"trade":1,"nft":0,"gas":0.000119,"bal":0.053111,"days":5,"spread":0.16129,"streak":2,"rank_m":78431,"pct_m":0.083388,"gas_method":"exact"},"2025-04":{"txs":26,"uniq":14,"trade":0,"nft":0,"gas":0.000157,"bal":0.083012,"days":6,"spread":0.2,"streak":3,"rank_m":32621,"pct_m":0.034682,"gas_method":"exact"},"2025-05":{"txs":2,"uniq":2,"trade":0,"nft":0,"gas":0.000014,"bal":0.135962,"days":2,"spread":0.064516,"streak":1,"rank_m":147576,"pct_m":0.156904,"gas_method":"estimated"},"2025-06":{"txs":8,"uniq":7,"trade":0,"nft":1,"gas":0.000056,"bal":0.100369,"days":6,"spread":0.2,"streak":2,"rank_m":87233,"pct_m":0.092747,"gas_method":"estimated"},"2025-07":{"txs":3,"uniq":3,"trade":0,"nft":0,"gas":0.000021,"bal":0.04944,"days":3,"spread":0.096774,"streak":1,"rank_m":211706,"pct_m":0.225089,"gas_method":"estimated"},"2025-08":{"txs":5,"uniq":4,"trade":0,"nft":1,"gas":0.000035,"bal":0.03333,"days":4,"spread":0.129032,"streak":2,"rank_m":133764,"pct_m":0.142219,"gas_method":"estimated"},"2025-09":{"txs":6,"uniq":5,"trade":0,"nft":0,"gas":0.000042,"bal":0.048483,"days":4,"spread":0.133333,"streak":2,"rank_m":125428,"pct_m":0.133356,"gas_method":"estimated"},"2025-10":{"txs":0,"uniq":0,"trade":0,"nft":0,"gas":0,"bal":0.048483,"days":0,"spread":0,"streak":0,"rank_m":255384,"pct_m":0.271528}}}