{"wallet":"0xce47ca26fde974f0eae0a2829389492636184b12","rank":358657,"lifetime":{"months_active":10,"first":"2023-07","last":"2025-10","tx_sum":216,"uniq_sum":86,"trade_sum":9,"nft_sum":48,"gas_sum":0.012177,"avg_balance_eth_mean":0.002008,"streak_best_days":5,"gas_sum_filled":0.012177},"months":{"2023-07":{"txs":0,"uniq":0,"trade":0,"nft":0,"gas":0,"bal":0,"days":0,"spread":0,"streak":0,"rank_m":224257,"pct_m":0.238433},"2023-08":{"txs":36,"uniq":26,"trade":1,"nft":20,"gas":0.005007,"bal":0.000401,"days":12,"spread":0.387097,"streak":5,"rank_m":33214,"pct_m":0.035313,"gas_method":"exact"},"2023-09":{"txs":33,"uniq":13,"trade":0,"nft":4,"gas":0.00245,"bal":0.000308,"days":1,"spread":0.033333,"streak":1,"rank_m":58599,"pct_m":0.062302,"gas_method":"exact"},"2023-10":{"txs":0,"uniq":0,"trade":0,"nft":0,"gas":0,"bal":0.000308,"days":0,"spread":0,"streak":0,"rank_m":195405,"pct_m":0.207757},"2023-11":{"txs":1,"uniq":1,"trade":0,"nft":1,"gas":0.00013,"bal":0.000279,"days":1,"spread":0.033333,"streak":1,"rank_m":144417,"pct_m":0.153546,"gas_method":"estimated"},"2023-12":{"txs":6,"uniq":2,"trade":0,"nft":2,"gas":0.001463,"bal":0.000456,"days":3,"spread":0.096774,"streak":1,"rank_m":123552,"pct_m":0.131362,"gas_method":"estimated"},"2024-01":{"txs":0,"uniq":0,"trade":0,"nft":0,"gas":0,"bal":0.000456,"days":0,"spread":0,"streak":0,"rank_m":228664,"pct_m":0.243119},"2024-02":{"txs":4,"uniq":3,"trade":0,"nft":2,"gas":0.000513,"bal":0.001894,"days":3,"spread":0.103448,"streak":1,"rank_m":169478,"pct_m":0.180191,"gas_method":"estimated"},"2024-03":{"txs":5,"uniq":3,"trade":0,"nft":1,"gas":0.000313,"bal":0.006974,"days":2,"spread":0.064516,"streak":2,"rank_m":193952,"pct_m":0.206212,"gas_method":"exact"},"2024-04":{"txs":87,"uniq":23,"trade":4,"nft":11,"gas":0.002064,"bal":0.007101,"days":2,"spread":0.066667,"streak":1,"rank_m":149012,"pct_m":0.158431,"gas_method":"estimated"},"2024-05":{"txs":29,"uniq":5,"trade":4,"nft":2,"gas":0.000228,"bal":0.004665,"days":3,"spread":0.096774,"streak":1,"rank_m":221881,"pct_m":0.235907,"gas_method":"estimated"},"2024-06":{"txs":10,"uniq":6,"trade":0,"nft":3,"gas":0.000003,"bal":0.001537,"days":1,"spread":0.033333,"streak":1,"rank_m":337640,"pct_m":0.358984,"gas_method":"estimated"},"2024-07":{"txs":5,"uniq":4,"trade":0,"nft":2,"gas":0.000006,"bal":0.00199,"days":4,"spread":0.129032,"streak":1,"rank_m":313312,"pct_m":0.333118,"gas_method":"estimated"},"2024-08":{"txs":0,"uniq":0,"trade":0,"nft":0,"gas":0,"bal":0.00199,"days":0,"spread":0,"streak":0,"rank_m":533180,"pct_m":0.566885},"2024-09":{"txs":0,"uniq":0,"trade":0,"nft":0,"gas":0,"bal":0.00199,"days":0,"spread":0,"streak":0,"rank_m":509055,"pct_m":0.541235},"2024-10":{"txs":0,"uniq":0,"trade":0,"nft":0,"gas":0,"bal":0.00199,"days":0,"spread":0,"streak":0,"rank_m":557659,"pct_m":0.592912},"2024-11":{"txs":0,"uniq":0,"trade":0,"nft":0,"gas":0,"bal":0.00199,"days":0,"spread":0,"streak":0,"rank_m":565860,"pct_m":0.601631},"2024-12":{"txs":0,"uniq":0,"trade":0,"nft":0,"gas":0,"bal":0.00199,"days":0,"spread":0,"streak":0,"rank_m":624332,"pct_m":0.6638},"2025-01":{"txs":0,"uniq":0,"trade":0,"nft":0,"gas":0,"bal":0.00199,"days":0,"spread":0,"streak":0,"rank_m":610041,"pct_m":0.648605},"2025-02":{"txs":0,"uniq":0,"trade":0,"nft":0,"gas":0,"bal":0.00199,"days":0,"spread":0,"streak":0,"rank_m":619308,"pct_m":0.658458},"2025-03":{"txs":0,"uniq":0,"trade":0,"nft":0,"gas":0,"bal":0.00199,"days":0,"spread":0,"streak":0,"rank_m":607481,"pct_m":0.645884},"2025-04":{"txs":0,"uniq":0,"trade":0,"nft":0,"gas":0,"bal":0.00199,"days":0,"spread":0,"streak":0,"rank_m":639587,"pct_m":0.680019},"2025-05":{"txs":0,"uniq":0,"trade":0,"nft":0,"gas":0,"bal":0.00199,"days":0,"spread":0,"streak":0,"rank_m":605591,"pct_m":0.643874},"2025-06":{"txs":0,"uniq":0,"trade":0,"nft":0,"gas":0,"bal":0.00199,"days":0,"spread":0,"streak":0,"rank_m":611286,"pct_m":0.649929},"2025-07":{"txs":0,"uniq":0,"trade":0,"nft":0,"gas":0,"bal":0.00199,"days":0,"spread":0,"streak":0,"rank_m":628888,"pct_m":0.668644},"2025-08":{"txs":0,"uniq":0,"trade":0,"nft":0,"gas":0,"bal":0.00199,"days":0,"spread":0,"streak":0,"rank_m":608097,"pct_m":0.646539},"2025-09":{"txs":0,"uniq":0,"trade":0,"nft":0,"gas":0,"bal":0.00199,"days":0,"spread":0,"streak":0,"rank_m":594745,"pct_m":0.632342},"2025-10":{"txs":0,"uniq":0,"trade":0,"nft":0,"gas":0,"bal":0.00199,"days":0,"spread":0,"streak":0,"rank_m":499790,"pct_m":0.531385}}}