{"wallet":"0xc457ab03f78cd2395f2422942d4bb6675279967b","rank":244537,"lifetime":{"months_active":17,"first":"2023-07","last":"2025-10","tx_sum":162,"uniq_sum":99,"trade_sum":29,"nft_sum":6,"gas_sum":0.001711,"avg_balance_eth_mean":0.004992,"streak_best_days":11,"gas_sum_filled":0.001711},"months":{"2023-07":{"txs":0,"uniq":0,"trade":0,"nft":0,"gas":0,"bal":0,"days":0,"spread":0,"streak":0,"rank_m":258550,"pct_m":0.274894},"2023-08":{"txs":0,"uniq":0,"trade":0,"nft":0,"gas":0,"bal":0,"days":0,"spread":0,"streak":0,"rank_m":346681,"pct_m":0.368596},"2023-09":{"txs":0,"uniq":0,"trade":0,"nft":0,"gas":0,"bal":0,"days":0,"spread":0,"streak":0,"rank_m":367541,"pct_m":0.390775},"2023-10":{"txs":0,"uniq":0,"trade":0,"nft":0,"gas":0,"bal":0,"days":0,"spread":0,"streak":0,"rank_m":385653,"pct_m":0.410032},"2023-11":{"txs":0,"uniq":0,"trade":0,"nft":0,"gas":0,"bal":0,"days":0,"spread":0,"streak":0,"rank_m":401923,"pct_m":0.427331},"2023-12":{"txs":10,"uniq":6,"trade":0,"nft":1,"gas":0.00026,"bal":0.00161,"days":4,"spread":0.129032,"streak":1,"rank_m":82422,"pct_m":0.087631,"gas_method":"estimated"},"2024-01":{"txs":4,"uniq":3,"trade":0,"nft":1,"gas":0.000215,"bal":0.001179,"days":1,"spread":0.032258,"streak":1,"rank_m":109082,"pct_m":0.115977,"gas_method":"exact"},"2024-02":{"txs":10,"uniq":6,"trade":0,"nft":2,"gas":0.000137,"bal":0.000816,"days":3,"spread":0.103448,"streak":1,"rank_m":164492,"pct_m":0.17489,"gas_method":"estimated"},"2024-03":{"txs":0,"uniq":0,"trade":0,"nft":0,"gas":0,"bal":0.000816,"days":0,"spread":0,"streak":0,"rank_m":388346,"pct_m":0.412895},"2024-04":{"txs":0,"uniq":0,"trade":0,"nft":0,"gas":0,"bal":0.000816,"days":0,"spread":0,"streak":0,"rank_m":477764,"pct_m":0.507966},"2024-05":{"txs":3,"uniq":2,"trade":1,"nft":0,"gas":0.000003,"bal":0.000031,"days":1,"spread":0.032258,"streak":1,"rank_m":429496,"pct_m":0.456647,"gas_method":"estimated"},"2024-06":{"txs":0,"uniq":0,"trade":0,"nft":0,"gas":0,"bal":0.000031,"days":0,"spread":0,"streak":0,"rank_m":571534,"pct_m":0.607664},"2024-07":{"txs":0,"uniq":0,"trade":0,"nft":0,"gas":0,"bal":0.000031,"days":0,"spread":0,"streak":0,"rank_m":595382,"pct_m":0.63302},"2024-08":{"txs":1,"uniq":0,"trade":0,"nft":0,"gas":0,"bal":0.006335,"days":1,"spread":0.032258,"streak":1,"rank_m":420414,"pct_m":0.446991,"gas_method":"estimated"},"2024-09":{"txs":18,"uniq":9,"trade":8,"nft":0,"gas":0.000001,"bal":0.009794,"days":2,"spread":0.066667,"streak":1,"rank_m":120156,"pct_m":0.127751,"gas_method":"estimated"},"2024-10":{"txs":8,"uniq":5,"trade":0,"nft":0,"gas":0.000001,"bal":0.004036,"days":6,"spread":0.193548,"streak":3,"rank_m":276289,"pct_m":0.293754,"gas_method":"estimated"},"2024-11":{"txs":19,"uniq":11,"trade":2,"nft":1,"gas":0.000044,"bal":0.006594,"days":9,"spread":0.3,"streak":5,"rank_m":98036,"pct_m":0.104233,"gas_method":"exact"},"2024-12":{"txs":27,"uniq":15,"trade":2,"nft":0,"gas":0.000595,"bal":0.008135,"days":17,"spread":0.548387,"streak":11,"rank_m":67701,"pct_m":0.07198,"gas_method":"exact"},"2025-01":{"txs":2,"uniq":1,"trade":0,"nft":0,"gas":0.000052,"bal":0.008656,"days":2,"spread":0.064516,"streak":1,"rank_m":434915,"pct_m":0.462408,"gas_method":"exact"},"2025-02":{"txs":9,"uniq":6,"trade":0,"nft":0,"gas":0.000063,"bal":0.007559,"days":8,"spread":0.285714,"streak":1,"rank_m":192543,"pct_m":0.204714,"gas_method":"exact"},"2025-03":{"txs":8,"uniq":6,"trade":0,"nft":0,"gas":0.000063,"bal":0.008749,"days":7,"spread":0.225806,"streak":2,"rank_m":179622,"pct_m":0.190976,"gas_method":"exact"},"2025-04":{"txs":19,"uniq":14,"trade":8,"nft":0,"gas":0.000109,"bal":0.007088,"days":12,"spread":0.4,"streak":2,"rank_m":43833,"pct_m":0.046603,"gas_method":"exact"},"2025-05":{"txs":5,"uniq":4,"trade":0,"nft":0,"gas":0.000035,"bal":0.010209,"days":4,"spread":0.129032,"streak":1,"rank_m":187509,"pct_m":0.199362,"gas_method":"estimated"},"2025-06":{"txs":0,"uniq":0,"trade":0,"nft":0,"gas":0,"bal":0.010209,"days":0,"spread":0,"streak":0,"rank_m":476778,"pct_m":0.506918},"2025-07":{"txs":0,"uniq":0,"trade":0,"nft":0,"gas":0,"bal":0.010209,"days":0,"spread":0,"streak":0,"rank_m":501037,"pct_m":0.53271},"2025-08":{"txs":13,"uniq":7,"trade":2,"nft":1,"gas":0.000091,"bal":0.011695,"days":8,"spread":0.258065,"streak":5,"rank_m":78812,"pct_m":0.083793,"gas_method":"estimated"},"2025-09":{"txs":4,"uniq":2,"trade":4,"nft":0,"gas":0.000028,"bal":0.012603,"days":3,"spread":0.1,"streak":2,"rank_m":187391,"pct_m":0.199236,"gas_method":"estimated"},"2025-10":{"txs":2,"uniq":2,"trade":2,"nft":0,"gas":0.000014,"bal":0.012571,"days":1,"spread":0.032258,"streak":1,"rank_m":141154,"pct_m":0.150076,"gas_method":"estimated"}}}