{"wallet":"0xc4366e013e5fecf4895c499144c258d9397a0bb7","rank":44808,"lifetime":{"months_active":26,"first":"2023-07","last":"2025-10","tx_sum":1077,"uniq_sum":420,"trade_sum":4,"nft_sum":122,"gas_sum":0.010807,"avg_balance_eth_mean":0.002486,"streak_best_days":31,"gas_sum_filled":0.010807},"months":{"2023-07":{"txs":0,"uniq":0,"trade":0,"nft":0,"gas":0,"bal":0,"days":0,"spread":0,"streak":0,"rank_m":259008,"pct_m":0.275381},"2023-08":{"txs":33,"uniq":24,"trade":0,"nft":10,"gas":0.004423,"bal":0.01955,"days":8,"spread":0.258065,"streak":2,"rank_m":26601,"pct_m":0.028282,"gas_method":"exact"},"2023-09":{"txs":16,"uniq":8,"trade":0,"nft":4,"gas":0.000276,"bal":0.000546,"days":5,"spread":0.166667,"streak":1,"rank_m":56824,"pct_m":0.060415,"gas_method":"exact"},"2023-10":{"txs":26,"uniq":15,"trade":0,"nft":5,"gas":0.000198,"bal":0.001897,"days":6,"spread":0.193548,"streak":2,"rank_m":44090,"pct_m":0.046876,"gas_method":"estimated"},"2023-11":{"txs":49,"uniq":20,"trade":0,"nft":5,"gas":0.000026,"bal":0.002618,"days":10,"spread":0.333333,"streak":3,"rank_m":16363,"pct_m":0.017396,"gas_method":"exact"},"2023-12":{"txs":45,"uniq":15,"trade":0,"nft":2,"gas":0.000464,"bal":0.001964,"days":9,"spread":0.290323,"streak":2,"rank_m":20224,"pct_m":0.021501,"gas_method":"exact"},"2024-01":{"txs":44,"uniq":19,"trade":0,"nft":3,"gas":0.000331,"bal":0.001827,"days":9,"spread":0.290323,"streak":2,"rank_m":24792,"pct_m":0.026358,"gas_method":"exact"},"2024-02":{"txs":30,"uniq":16,"trade":0,"nft":4,"gas":0.00039,"bal":0.002951,"days":8,"spread":0.275862,"streak":4,"rank_m":50662,"pct_m":0.053864,"gas_method":"estimated"},"2024-03":{"txs":44,"uniq":15,"trade":0,"nft":8,"gas":0.000468,"bal":0.004957,"days":13,"spread":0.419355,"streak":3,"rank_m":44674,"pct_m":0.047497,"gas_method":"exact"},"2024-04":{"txs":63,"uniq":31,"trade":0,"nft":10,"gas":0.000149,"bal":0.005335,"days":9,"spread":0.3,"streak":2,"rank_m":79930,"pct_m":0.084982,"gas_method":"exact"},"2024-05":{"txs":82,"uniq":32,"trade":1,"nft":15,"gas":0.000065,"bal":0.008484,"days":7,"spread":0.225806,"streak":2,"rank_m":70385,"pct_m":0.074834,"gas_method":"estimated"},"2024-06":{"txs":33,"uniq":17,"trade":0,"nft":5,"gas":0.000001,"bal":0.000938,"days":5,"spread":0.166667,"streak":2,"rank_m":200000,"pct_m":0.212643,"gas_method":"estimated"},"2024-07":{"txs":43,"uniq":24,"trade":0,"nft":10,"gas":0.000005,"bal":0.002232,"days":9,"spread":0.290323,"streak":3,"rank_m":107431,"pct_m":0.114221,"gas_method":"estimated"},"2024-08":{"txs":25,"uniq":13,"trade":0,"nft":6,"gas":0.000002,"bal":0.001205,"days":9,"spread":0.290323,"streak":2,"rank_m":132359,"pct_m":0.140725,"gas_method":"exact"},"2024-09":{"txs":97,"uniq":32,"trade":0,"nft":18,"gas":0.000004,"bal":0.001661,"days":14,"spread":0.466667,"streak":4,"rank_m":79794,"pct_m":0.084837,"gas_method":"estimated"},"2024-10":{"txs":66,"uniq":14,"trade":0,"nft":8,"gas":0.000011,"bal":0.001446,"days":19,"spread":0.612903,"streak":5,"rank_m":54045,"pct_m":0.057461,"gas_method":"exact"},"2024-11":{"txs":118,"uniq":23,"trade":0,"nft":4,"gas":0.000269,"bal":0.000403,"days":27,"spread":0.9,"streak":25,"rank_m":70356,"pct_m":0.074803,"gas_method":"exact"},"2024-12":{"txs":105,"uniq":24,"trade":0,"nft":0,"gas":0.002315,"bal":0.001158,"days":20,"spread":0.645161,"streak":8,"rank_m":82845,"pct_m":0.088081,"gas_method":"exact"},"2025-01":{"txs":16,"uniq":7,"trade":0,"nft":1,"gas":0.000416,"bal":0.001155,"days":5,"spread":0.16129,"streak":2,"rank_m":233325,"pct_m":0.248074,"gas_method":"exact"},"2025-02":{"txs":20,"uniq":6,"trade":0,"nft":0,"gas":0.000141,"bal":0.001058,"days":5,"spread":0.178571,"streak":1,"rank_m":215398,"pct_m":0.229014,"gas_method":"exact"},"2025-03":{"txs":26,"uniq":12,"trade":3,"nft":0,"gas":0.000205,"bal":0.001305,"days":9,"spread":0.290323,"streak":3,"rank_m":104660,"pct_m":0.111275,"gas_method":"exact"},"2025-04":{"txs":15,"uniq":7,"trade":0,"nft":0,"gas":0.000078,"bal":0.000731,"days":4,"spread":0.133333,"streak":2,"rank_m":225234,"pct_m":0.239472,"gas_method":"exact"},"2025-05":{"txs":19,"uniq":9,"trade":0,"nft":0,"gas":0.000134,"bal":0.001035,"days":5,"spread":0.16129,"streak":2,"rank_m":269931,"pct_m":0.286994,"gas_method":"estimated"},"2025-06":{"txs":0,"uniq":0,"trade":0,"nft":0,"gas":0,"bal":0.001035,"days":0,"spread":0,"streak":0,"rank_m":661900,"pct_m":0.703743},"2025-07":{"txs":11,"uniq":9,"trade":0,"nft":2,"gas":0.000077,"bal":0.001286,"days":4,"spread":0.129032,"streak":1,"rank_m":301462,"pct_m":0.320519,"gas_method":"estimated"},"2025-08":{"txs":18,"uniq":10,"trade":0,"nft":1,"gas":0.000127,"bal":0.001201,"days":3,"spread":0.096774,"streak":1,"rank_m":282902,"pct_m":0.300785,"gas_method":"estimated"},"2025-09":{"txs":29,"uniq":16,"trade":0,"nft":1,"gas":0.000204,"bal":0.000923,"days":4,"spread":0.133333,"streak":1,"rank_m":258047,"pct_m":0.274359,"gas_method":"estimated"},"2025-10":{"txs":4,"uniq":2,"trade":0,"nft":0,"gas":0.000028,"bal":0.000711,"days":1,"spread":0.032258,"streak":1,"rank_m":367276,"pct_m":0.390493,"gas_method":"estimated"}}}