{"wallet":"0xc4602676af63af3762a5701c279ae3ca4c09f087","rank":334751,"lifetime":{"months_active":19,"first":"2023-07","last":"2025-10","tx_sum":153,"uniq_sum":72,"trade_sum":4,"nft_sum":40,"gas_sum":0.001913,"avg_balance_eth_mean":0.057076,"streak_best_days":4,"gas_sum_filled":0.001913},"months":{"2023-07":{"txs":0,"uniq":0,"trade":0,"nft":0,"gas":0,"bal":0,"days":0,"spread":0,"streak":0,"rank_m":258440,"pct_m":0.274777},"2023-08":{"txs":0,"uniq":0,"trade":1,"nft":0,"gas":0,"bal":0,"days":0,"spread":0,"streak":0,"rank_m":250108,"pct_m":0.265918},"2023-09":{"txs":4,"uniq":2,"trade":0,"nft":0,"gas":0.000112,"bal":0.066445,"days":2,"spread":0.066667,"streak":1,"rank_m":73402,"pct_m":0.078041,"gas_method":"exact"},"2023-10":{"txs":6,"uniq":2,"trade":0,"nft":0,"gas":0.000016,"bal":0.069952,"days":4,"spread":0.129032,"streak":1,"rank_m":55855,"pct_m":0.059385,"gas_method":"exact"},"2023-11":{"txs":1,"uniq":0,"trade":0,"nft":0,"gas":0.000022,"bal":0.098268,"days":1,"spread":0.033333,"streak":1,"rank_m":93514,"pct_m":0.099425,"gas_method":"estimated"},"2023-12":{"txs":0,"uniq":0,"trade":0,"nft":0,"gas":0,"bal":0.098268,"days":0,"spread":0,"streak":0,"rank_m":186255,"pct_m":0.198029},"2024-01":{"txs":0,"uniq":0,"trade":0,"nft":0,"gas":0,"bal":0.098268,"days":0,"spread":0,"streak":0,"rank_m":197249,"pct_m":0.209718},"2024-02":{"txs":2,"uniq":1,"trade":0,"nft":0,"gas":0.000044,"bal":0.188848,"days":2,"spread":0.068966,"streak":2,"rank_m":144150,"pct_m":0.153262,"gas_method":"estimated"},"2024-03":{"txs":20,"uniq":6,"trade":0,"nft":0,"gas":0.000662,"bal":0.026801,"days":6,"spread":0.193548,"streak":3,"rank_m":121116,"pct_m":0.128772,"gas_method":"estimated"},"2024-04":{"txs":5,"uniq":3,"trade":0,"nft":0,"gas":0.000177,"bal":0.026577,"days":2,"spread":0.066667,"streak":1,"rank_m":291040,"pct_m":0.309438,"gas_method":"exact"},"2024-05":{"txs":33,"uniq":14,"trade":2,"nft":6,"gas":0.000045,"bal":0.039827,"days":9,"spread":0.290323,"streak":2,"rank_m":54670,"pct_m":0.058125,"gas_method":"estimated"},"2024-06":{"txs":12,"uniq":7,"trade":1,"nft":0,"gas":0.000001,"bal":0.081589,"days":3,"spread":0.1,"streak":2,"rank_m":114143,"pct_m":0.121358,"gas_method":"estimated"},"2024-07":{"txs":21,"uniq":7,"trade":0,"nft":11,"gas":0.000004,"bal":0.113982,"days":4,"spread":0.129032,"streak":1,"rank_m":94115,"pct_m":0.100064,"gas_method":"estimated"},"2024-08":{"txs":0,"uniq":0,"trade":0,"nft":0,"gas":0,"bal":0.113982,"days":0,"spread":0,"streak":0,"rank_m":413023,"pct_m":0.439132},"2024-09":{"txs":0,"uniq":0,"trade":0,"nft":0,"gas":0,"bal":0.113982,"days":0,"spread":0,"streak":0,"rank_m":369878,"pct_m":0.39326},"2024-10":{"txs":1,"uniq":1,"trade":0,"nft":0,"gas":0,"bal":0.018436,"days":1,"spread":0.032258,"streak":1,"rank_m":365048,"pct_m":0.388124,"gas_method":"estimated"},"2024-11":{"txs":0,"uniq":0,"trade":0,"nft":0,"gas":0,"bal":0.018436,"days":0,"spread":0,"streak":0,"rank_m":502624,"pct_m":0.534398},"2024-12":{"txs":5,"uniq":4,"trade":0,"nft":0,"gas":0.000088,"bal":0.137293,"days":3,"spread":0.096774,"streak":2,"rank_m":323635,"pct_m":0.344093,"gas_method":"exact"},"2025-01":{"txs":23,"uniq":10,"trade":0,"nft":22,"gas":0.000597,"bal":0.148761,"days":11,"spread":0.354839,"streak":3,"rank_m":58254,"pct_m":0.061936,"gas_method":"exact"},"2025-02":{"txs":3,"uniq":2,"trade":0,"nft":0,"gas":0.000021,"bal":0.062815,"days":2,"spread":0.071429,"streak":1,"rank_m":320397,"pct_m":0.340651,"gas_method":"exact"},"2025-03":{"txs":7,"uniq":4,"trade":0,"nft":0,"gas":0.000055,"bal":0.005029,"days":4,"spread":0.129032,"streak":1,"rank_m":261340,"pct_m":0.27786,"gas_method":"exact"},"2025-04":{"txs":1,"uniq":1,"trade":0,"nft":1,"gas":0.000006,"bal":0.013108,"days":1,"spread":0.033333,"streak":1,"rank_m":372500,"pct_m":0.396048,"gas_method":"exact"},"2025-05":{"txs":2,"uniq":2,"trade":0,"nft":0,"gas":0.000014,"bal":0.026224,"days":1,"spread":0.032258,"streak":1,"rank_m":217315,"pct_m":0.231052,"gas_method":"estimated"},"2025-06":{"txs":1,"uniq":1,"trade":0,"nft":0,"gas":0.000007,"bal":0.012509,"days":1,"spread":0.033333,"streak":1,"rank_m":320640,"pct_m":0.340909,"gas_method":"estimated"},"2025-07":{"txs":0,"uniq":0,"trade":0,"nft":0,"gas":0,"bal":0.012509,"days":0,"spread":0,"streak":0,"rank_m":479128,"pct_m":0.509416},"2025-08":{"txs":5,"uniq":4,"trade":0,"nft":0,"gas":0.000035,"bal":0.002056,"days":1,"spread":0.032258,"streak":1,"rank_m":406870,"pct_m":0.43259,"gas_method":"estimated"},"2025-09":{"txs":0,"uniq":0,"trade":0,"nft":0,"gas":0,"bal":0.002056,"days":0,"spread":0,"streak":0,"rank_m":597628,"pct_m":0.635408},"2025-10":{"txs":1,"uniq":1,"trade":0,"nft":0,"gas":0.000007,"bal":0.002095,"days":1,"spread":0.032258,"streak":1,"rank_m":331902,"pct_m":0.352883,"gas_method":"estimated"}}}