{"wallet":"0xc463dc93c7bbc0b43872b79865b5f89c7bd7938c","rank":155910,"lifetime":{"months_active":19,"first":"2023-07","last":"2025-10","tx_sum":226,"uniq_sum":141,"trade_sum":18,"nft_sum":6,"gas_sum":0.002802,"avg_balance_eth_mean":0.441528,"streak_best_days":0,"gas_sum_filled":0.002802},"months":{"2023-07":{"txs":0,"uniq":0,"trade":0,"nft":0,"gas":0,"bal":0,"days":0,"spread":0,"streak":0,"rank_m":258386,"pct_m":0.27472},"2023-08":{"txs":0,"uniq":0,"trade":0,"nft":0,"gas":0,"bal":0,"days":0,"spread":0,"streak":0,"rank_m":346538,"pct_m":0.368444},"2023-09":{"txs":4,"uniq":2,"trade":0,"nft":1,"gas":0.000066,"bal":0.049439,"days":2,"spread":0.066667,"streak":0,"rank_m":108052,"pct_m":0.114882,"gas_method":"exact"},"2023-10":{"txs":1,"uniq":1,"trade":0,"nft":0,"gas":0.000017,"bal":0.049417,"days":1,"spread":0.032258,"streak":0,"rank_m":127987,"pct_m":0.136077,"gas_method":"exact"},"2023-11":{"txs":0,"uniq":0,"trade":0,"nft":0,"gas":0,"bal":0.049417,"days":0,"spread":0,"streak":0,"rank_m":163286,"pct_m":0.173608},"2023-12":{"txs":1,"uniq":1,"trade":0,"nft":0,"gas":0.00004,"bal":0.039546,"days":1,"spread":0.032258,"streak":0,"rank_m":156100,"pct_m":0.165967,"gas_method":"estimated"},"2024-01":{"txs":0,"uniq":0,"trade":0,"nft":0,"gas":0,"bal":0.039546,"days":0,"spread":0,"streak":0,"rank_m":199321,"pct_m":0.211921},"2024-02":{"txs":0,"uniq":0,"trade":0,"nft":0,"gas":0,"bal":0.039546,"days":0,"spread":0,"streak":0,"rank_m":260815,"pct_m":0.277302},"2024-03":{"txs":14,"uniq":8,"trade":7,"nft":2,"gas":0.000443,"bal":0.01238,"days":3,"spread":0.096774,"streak":0,"rank_m":168696,"pct_m":0.17936,"gas_method":"estimated"},"2024-04":{"txs":4,"uniq":4,"trade":3,"nft":0,"gas":0.000016,"bal":0.072566,"days":2,"spread":0.066667,"streak":0,"rank_m":284074,"pct_m":0.302031,"gas_method":"estimated"},"2024-05":{"txs":2,"uniq":2,"trade":0,"nft":1,"gas":0.000003,"bal":0.100197,"days":2,"spread":0.064516,"streak":0,"rank_m":337853,"pct_m":0.35921,"gas_method":"estimated"},"2024-06":{"txs":1,"uniq":1,"trade":0,"nft":1,"gas":0,"bal":0.099226,"days":1,"spread":0.033333,"streak":0,"rank_m":363229,"pct_m":0.386191,"gas_method":"estimated"},"2024-07":{"txs":1,"uniq":1,"trade":0,"nft":0,"gas":0,"bal":0.087854,"days":1,"spread":0.032258,"streak":0,"rank_m":377893,"pct_m":0.401782,"gas_method":"estimated"},"2024-08":{"txs":6,"uniq":4,"trade":0,"nft":1,"gas":0.000001,"bal":0.038628,"days":3,"spread":0.096774,"streak":0,"rank_m":277729,"pct_m":0.295285,"gas_method":"estimated"},"2024-09":{"txs":2,"uniq":2,"trade":1,"nft":0,"gas":0,"bal":0.031368,"days":2,"spread":0.066667,"streak":0,"rank_m":240952,"pct_m":0.256183,"gas_method":"estimated"},"2024-10":{"txs":5,"uniq":3,"trade":0,"nft":0,"gas":0.000036,"bal":0.537582,"days":3,"spread":0.096774,"streak":0,"rank_m":251639,"pct_m":0.267546,"gas_method":"exact"},"2024-11":{"txs":47,"uniq":35,"trade":4,"nft":0,"gas":0.000106,"bal":0.80054,"days":9,"spread":0.3,"streak":0,"rank_m":55880,"pct_m":0.059412,"gas_method":"exact"},"2024-12":{"txs":47,"uniq":26,"trade":1,"nft":0,"gas":0.000992,"bal":0.325396,"days":11,"spread":0.354839,"streak":0,"rank_m":82306,"pct_m":0.087508,"gas_method":"exact"},"2025-01":{"txs":26,"uniq":19,"trade":0,"nft":0,"gas":0.000623,"bal":1.242137,"days":9,"spread":0.290323,"streak":0,"rank_m":117022,"pct_m":0.124419,"gas_method":"exact"},"2025-02":{"txs":32,"uniq":14,"trade":1,"nft":0,"gas":0.000225,"bal":1.309657,"days":5,"spread":0.178571,"streak":0,"rank_m":78868,"pct_m":0.083853,"gas_method":"exact"},"2025-03":{"txs":2,"uniq":2,"trade":0,"nft":0,"gas":0.000016,"bal":1.511461,"days":2,"spread":0.064516,"streak":0,"rank_m":345654,"pct_m":0.367504,"gas_method":"exact"},"2025-04":{"txs":0,"uniq":0,"trade":0,"nft":0,"gas":0,"bal":1.511461,"days":0,"spread":0,"streak":0,"rank_m":500341,"pct_m":0.53197},"2025-05":{"txs":0,"uniq":0,"trade":0,"nft":0,"gas":0,"bal":1.511461,"days":0,"spread":0,"streak":0,"rank_m":308175,"pct_m":0.327656},"2025-06":{"txs":0,"uniq":0,"trade":0,"nft":0,"gas":0,"bal":1.511461,"days":0,"spread":0,"streak":0,"rank_m":315526,"pct_m":0.335472},"2025-07":{"txs":18,"uniq":10,"trade":0,"nft":0,"gas":0.000127,"bal":1.151279,"days":3,"spread":0.096774,"streak":0,"rank_m":128719,"pct_m":0.136855,"gas_method":"estimated"},"2025-08":{"txs":12,"uniq":5,"trade":1,"nft":0,"gas":0.000084,"bal":0.236701,"days":4,"spread":0.129032,"streak":0,"rank_m":126543,"pct_m":0.134542,"gas_method":"estimated"},"2025-09":{"txs":1,"uniq":1,"trade":0,"nft":0,"gas":0.000007,"bal":0.002266,"days":1,"spread":0.033333,"streak":0,"rank_m":506000,"pct_m":0.537987,"gas_method":"estimated"},"2025-10":{"txs":0,"uniq":0,"trade":0,"nft":0,"gas":0,"bal":0.002266,"days":0,"spread":0,"streak":0,"rank_m":497478,"pct_m":0.528926}}}