{"wallet":"0xc4b808fbf903e24c0ab05d498fdf775137c32537","rank":200271,"lifetime":{"months_active":21,"first":"2023-07","last":"2025-10","tx_sum":189,"uniq_sum":125,"trade_sum":4,"nft_sum":60,"gas_sum":0.0015,"avg_balance_eth_mean":0.00774,"streak_best_days":10,"gas_sum_filled":0.0015},"months":{"2023-07":{"txs":0,"uniq":0,"trade":0,"nft":0,"gas":0,"bal":0,"days":0,"spread":0,"streak":0,"rank_m":257290,"pct_m":0.273554},"2023-08":{"txs":13,"uniq":11,"trade":0,"nft":9,"gas":0.000733,"bal":0.000822,"days":8,"spread":0.258065,"streak":3,"rank_m":65707,"pct_m":0.06986,"gas_method":"exact"},"2023-09":{"txs":5,"uniq":5,"trade":0,"nft":1,"gas":0.000272,"bal":0.000243,"days":2,"spread":0.066667,"streak":2,"rank_m":82829,"pct_m":0.088064,"gas_method":"exact"},"2023-10":{"txs":0,"uniq":0,"trade":0,"nft":0,"gas":0,"bal":0.000243,"days":0,"spread":0,"streak":0,"rank_m":208504,"pct_m":0.221684},"2023-11":{"txs":1,"uniq":1,"trade":0,"nft":1,"gas":0.000013,"bal":0.000201,"days":1,"spread":0.033333,"streak":1,"rank_m":147584,"pct_m":0.156913,"gas_method":"estimated"},"2023-12":{"txs":2,"uniq":2,"trade":0,"nft":1,"gas":0.000049,"bal":0.000342,"days":2,"spread":0.064516,"streak":1,"rank_m":154405,"pct_m":0.164165,"gas_method":"estimated"},"2024-01":{"txs":0,"uniq":0,"trade":0,"nft":0,"gas":0,"bal":0.000342,"days":0,"spread":0,"streak":0,"rank_m":246702,"pct_m":0.262297},"2024-02":{"txs":0,"uniq":0,"trade":0,"nft":0,"gas":0,"bal":0.000342,"days":0,"spread":0,"streak":0,"rank_m":310674,"pct_m":0.330313},"2024-03":{"txs":2,"uniq":1,"trade":0,"nft":0,"gas":0.000039,"bal":0.000664,"days":2,"spread":0.064516,"streak":1,"rank_m":340485,"pct_m":0.362009,"gas_method":"estimated"},"2024-04":{"txs":6,"uniq":4,"trade":3,"nft":0,"gas":0.000014,"bal":0.004554,"days":2,"spread":0.066667,"streak":1,"rank_m":306702,"pct_m":0.32609,"gas_method":"estimated"},"2024-05":{"txs":2,"uniq":2,"trade":0,"nft":2,"gas":0.000002,"bal":0.006324,"days":2,"spread":0.064516,"streak":2,"rank_m":330108,"pct_m":0.350976,"gas_method":"estimated"},"2024-06":{"txs":0,"uniq":0,"trade":0,"nft":0,"gas":0,"bal":0.006324,"days":0,"spread":0,"streak":0,"rank_m":482372,"pct_m":0.512865},"2024-07":{"txs":47,"uniq":25,"trade":0,"nft":24,"gas":0.000006,"bal":0.006478,"days":8,"spread":0.258065,"streak":4,"rank_m":59828,"pct_m":0.063609,"gas_method":"estimated"},"2024-08":{"txs":33,"uniq":17,"trade":0,"nft":18,"gas":0.000003,"bal":0.007061,"days":12,"spread":0.387097,"streak":2,"rank_m":87377,"pct_m":0.0929,"gas_method":"estimated"},"2024-09":{"txs":6,"uniq":4,"trade":0,"nft":2,"gas":0,"bal":0.007034,"days":2,"spread":0.066667,"streak":1,"rank_m":232461,"pct_m":0.247156,"gas_method":"estimated"},"2024-10":{"txs":2,"uniq":2,"trade":0,"nft":2,"gas":0,"bal":0.011584,"days":2,"spread":0.064516,"streak":1,"rank_m":302377,"pct_m":0.321492,"gas_method":"estimated"},"2024-11":{"txs":19,"uniq":15,"trade":0,"nft":0,"gas":0.000044,"bal":0.013549,"days":15,"spread":0.5,"streak":10,"rank_m":89304,"pct_m":0.094949,"gas_method":"exact"},"2024-12":{"txs":1,"uniq":1,"trade":1,"nft":0,"gas":0.000022,"bal":0.014033,"days":1,"spread":0.032258,"streak":1,"rank_m":413312,"pct_m":0.43944,"gas_method":"exact"},"2025-01":{"txs":6,"uniq":2,"trade":0,"nft":0,"gas":0,"bal":0.013355,"days":4,"spread":0.129032,"streak":1,"rank_m":402968,"pct_m":0.428442,"gas_method":"exact"},"2025-02":{"txs":11,"uniq":7,"trade":0,"nft":0,"gas":0.000077,"bal":0.013479,"days":3,"spread":0.107143,"streak":2,"rank_m":168605,"pct_m":0.179263,"gas_method":"exact"},"2025-03":{"txs":1,"uniq":1,"trade":0,"nft":0,"gas":0.000008,"bal":0.01392,"days":1,"spread":0.032258,"streak":1,"rank_m":385867,"pct_m":0.41026,"gas_method":"exact"},"2025-04":{"txs":6,"uniq":5,"trade":0,"nft":0,"gas":0.000036,"bal":0.013743,"days":4,"spread":0.133333,"streak":2,"rank_m":198861,"pct_m":0.211432,"gas_method":"exact"},"2025-05":{"txs":5,"uniq":5,"trade":0,"nft":0,"gas":0.000035,"bal":0.013585,"days":5,"spread":0.16129,"streak":2,"rank_m":127728,"pct_m":0.135802,"gas_method":"estimated"},"2025-06":{"txs":11,"uniq":9,"trade":0,"nft":0,"gas":0.000077,"bal":0.011076,"days":6,"spread":0.2,"streak":2,"rank_m":167183,"pct_m":0.177751,"gas_method":"estimated"},"2025-07":{"txs":0,"uniq":0,"trade":0,"nft":0,"gas":0,"bal":0.011076,"days":0,"spread":0,"streak":0,"rank_m":491326,"pct_m":0.522386},"2025-08":{"txs":2,"uniq":1,"trade":0,"nft":0,"gas":0.000014,"bal":0.014748,"days":2,"spread":0.064516,"streak":1,"rank_m":288409,"pct_m":0.306641,"gas_method":"estimated"},"2025-09":{"txs":8,"uniq":5,"trade":0,"nft":0,"gas":0.000056,"bal":0.015801,"days":5,"spread":0.166667,"streak":2,"rank_m":168785,"pct_m":0.179454,"gas_method":"estimated"},"2025-10":{"txs":0,"uniq":0,"trade":0,"nft":0,"gas":0,"bal":0.015801,"days":0,"spread":0,"streak":0,"rank_m":318294,"pct_m":0.338415}}}