{"wallet":"0xc415b7b021ddce9771a1fb0e6d3f8e3387c9c3f8","rank":44460,"lifetime":{"months_active":20,"first":"2023-07","last":"2025-10","tx_sum":1215,"uniq_sum":543,"trade_sum":243,"nft_sum":330,"gas_sum":0.007959,"avg_balance_eth_mean":0.000605,"streak_best_days":60,"gas_sum_filled":0.007959},"months":{"2023-07":{"txs":0,"uniq":0,"trade":0,"nft":0,"gas":0,"bal":0,"days":0,"spread":0,"streak":0,"rank_m":259446,"pct_m":0.275847},"2023-08":{"txs":0,"uniq":0,"trade":0,"nft":0,"gas":0,"bal":0,"days":0,"spread":0,"streak":0,"rank_m":347455,"pct_m":0.369419},"2023-09":{"txs":0,"uniq":0,"trade":0,"nft":0,"gas":0,"bal":0,"days":0,"spread":0,"streak":0,"rank_m":368367,"pct_m":0.391653},"2023-10":{"txs":0,"uniq":0,"trade":0,"nft":0,"gas":0,"bal":0,"days":0,"spread":0,"streak":0,"rank_m":386491,"pct_m":0.410923},"2023-11":{"txs":0,"uniq":0,"trade":0,"nft":0,"gas":0,"bal":0,"days":0,"spread":0,"streak":0,"rank_m":402737,"pct_m":0.428196},"2023-12":{"txs":0,"uniq":0,"trade":0,"nft":0,"gas":0,"bal":0,"days":0,"spread":0,"streak":0,"rank_m":423016,"pct_m":0.449757},"2024-01":{"txs":0,"uniq":0,"trade":0,"nft":0,"gas":0,"bal":0,"days":0,"spread":0,"streak":0,"rank_m":440205,"pct_m":0.468033},"2024-02":{"txs":8,"uniq":5,"trade":0,"nft":4,"gas":0.000001,"bal":0.000315,"days":4,"spread":0.137931,"streak":2,"rank_m":160449,"pct_m":0.170591,"gas_method":"estimated"},"2024-03":{"txs":12,"uniq":10,"trade":0,"nft":5,"gas":0.000003,"bal":0.000341,"days":5,"spread":0.16129,"streak":2,"rank_m":215627,"pct_m":0.229257,"gas_method":"estimated"},"2024-04":{"txs":73,"uniq":29,"trade":0,"nft":23,"gas":0.000002,"bal":0.001386,"days":17,"spread":0.566667,"streak":5,"rank_m":115798,"pct_m":0.123117,"gas_method":"estimated"},"2024-05":{"txs":61,"uniq":25,"trade":0,"nft":17,"gas":0.000001,"bal":0.000778,"days":25,"spread":0.806452,"streak":16,"rank_m":114021,"pct_m":0.121228,"gas_method":"estimated"},"2024-06":{"txs":36,"uniq":16,"trade":0,"nft":15,"gas":0.000001,"bal":0.000582,"days":17,"spread":0.566667,"streak":6,"rank_m":90318,"pct_m":0.096027,"gas_method":"exact"},"2024-07":{"txs":54,"uniq":34,"trade":0,"nft":33,"gas":0.000005,"bal":0.00234,"days":17,"spread":0.548387,"streak":4,"rank_m":33613,"pct_m":0.035737,"gas_method":"exact"},"2024-08":{"txs":79,"uniq":62,"trade":0,"nft":70,"gas":0.000003,"bal":0.000223,"days":15,"spread":0.483871,"streak":6,"rank_m":63737,"pct_m":0.067765,"gas_method":"exact"},"2024-09":{"txs":69,"uniq":49,"trade":16,"nft":42,"gas":0.000001,"bal":0.001296,"days":23,"spread":0.766667,"streak":9,"rank_m":24586,"pct_m":0.026139,"gas_method":"exact"},"2024-10":{"txs":165,"uniq":62,"trade":24,"nft":53,"gas":0,"bal":0.002718,"days":30,"spread":0.967742,"streak":22,"rank_m":18318,"pct_m":0.019475,"gas_method":"exact"},"2024-11":{"txs":164,"uniq":49,"trade":38,"nft":20,"gas":0.000366,"bal":0.001404,"days":30,"spread":1,"streak":30,"rank_m":26745,"pct_m":0.028435,"gas_method":"exact"},"2024-12":{"txs":126,"uniq":46,"trade":43,"nft":16,"gas":0.002734,"bal":0.001512,"days":27,"spread":0.870968,"streak":11,"rank_m":34906,"pct_m":0.037112,"gas_method":"exact"},"2025-01":{"txs":134,"uniq":42,"trade":39,"nft":14,"gas":0.003351,"bal":0.001177,"days":20,"spread":0.645161,"streak":12,"rank_m":35310,"pct_m":0.037541,"gas_method":"exact"},"2025-02":{"txs":50,"uniq":23,"trade":16,"nft":6,"gas":0.000345,"bal":0.00091,"days":20,"spread":0.714286,"streak":6,"rank_m":49687,"pct_m":0.052827,"gas_method":"exact"},"2025-03":{"txs":37,"uniq":19,"trade":23,"nft":0,"gas":0.000292,"bal":0.000296,"days":13,"spread":0.419355,"streak":3,"rank_m":108228,"pct_m":0.115069,"gas_method":"exact"},"2025-04":{"txs":26,"uniq":11,"trade":15,"nft":0,"gas":0.000003,"bal":0.00022,"days":6,"spread":0.2,"streak":2,"rank_m":227490,"pct_m":0.24187,"gas_method":"exact"},"2025-05":{"txs":1,"uniq":1,"trade":0,"nft":0,"gas":0.000007,"bal":0.000154,"days":1,"spread":0.032258,"streak":1,"rank_m":621871,"pct_m":0.661183,"gas_method":"estimated"},"2025-06":{"txs":0,"uniq":0,"trade":0,"nft":0,"gas":0,"bal":0.000154,"days":0,"spread":0,"streak":0,"rank_m":775070,"pct_m":0.824067},"2025-07":{"txs":11,"uniq":8,"trade":1,"nft":0,"gas":0.000077,"bal":0.000122,"days":4,"spread":0.129032,"streak":2,"rank_m":387364,"pct_m":0.411851,"gas_method":"estimated"},"2025-08":{"txs":14,"uniq":8,"trade":2,"nft":1,"gas":0.000099,"bal":0.000388,"days":4,"spread":0.129032,"streak":1,"rank_m":323899,"pct_m":0.344374,"gas_method":"estimated"},"2025-09":{"txs":62,"uniq":29,"trade":11,"nft":7,"gas":0.000436,"bal":0.000274,"days":11,"spread":0.366667,"streak":4,"rank_m":179321,"pct_m":0.190656,"gas_method":"estimated"},"2025-10":{"txs":33,"uniq":15,"trade":15,"nft":4,"gas":0.000232,"bal":0.000349,"days":6,"spread":0.193548,"streak":4,"rank_m":153135,"pct_m":0.162815,"gas_method":"estimated"}}}