{"wallet":"0xc4b9bf31fa201f8c4ccdbe379faa7e50fda46859","rank":598323,"lifetime":{"months_active":17,"first":"2023-07","last":"2025-10","tx_sum":145,"uniq_sum":80,"trade_sum":6,"nft_sum":7,"gas_sum":0.002373,"avg_balance_eth_mean":0.000109,"streak_best_days":3,"gas_sum_filled":0.002373},"months":{"2023-07":{"txs":12,"uniq":8,"trade":0,"nft":1,"gas":0.000139,"bal":0.000352,"days":2,"spread":0.064516,"streak":2,"rank_m":8503,"pct_m":0.009039,"gas_method":"exact"},"2023-08":{"txs":47,"uniq":18,"trade":0,"nft":1,"gas":0.001299,"bal":0.000374,"days":7,"spread":0.225806,"streak":3,"rank_m":63129,"pct_m":0.067119,"gas_method":"exact"},"2023-09":{"txs":1,"uniq":0,"trade":0,"nft":0,"gas":0.000045,"bal":0.000022,"days":1,"spread":0.033333,"streak":1,"rank_m":149770,"pct_m":0.159237,"gas_method":"estimated"},"2023-10":{"txs":1,"uniq":1,"trade":0,"nft":0,"gas":0.000019,"bal":0.000088,"days":1,"spread":0.032258,"streak":1,"rank_m":130106,"pct_m":0.13833,"gas_method":"exact"},"2023-11":{"txs":0,"uniq":0,"trade":0,"nft":0,"gas":0,"bal":0.000088,"days":0,"spread":0,"streak":0,"rank_m":230242,"pct_m":0.244796},"2023-12":{"txs":0,"uniq":0,"trade":0,"nft":0,"gas":0,"bal":0.000088,"days":0,"spread":0,"streak":0,"rank_m":256226,"pct_m":0.272423},"2024-01":{"txs":0,"uniq":0,"trade":0,"nft":0,"gas":0,"bal":0.000088,"days":0,"spread":0,"streak":0,"rank_m":269051,"pct_m":0.286059},"2024-02":{"txs":1,"uniq":1,"trade":0,"nft":0,"gas":0.00002,"bal":0.000068,"days":1,"spread":0.034483,"streak":1,"rank_m":278586,"pct_m":0.296197,"gas_method":"estimated"},"2024-03":{"txs":11,"uniq":6,"trade":0,"nft":0,"gas":0.000331,"bal":0.000008,"days":3,"spread":0.096774,"streak":1,"rank_m":324358,"pct_m":0.344862,"gas_method":"estimated"},"2024-04":{"txs":23,"uniq":14,"trade":2,"nft":2,"gas":0.000085,"bal":0.000102,"days":5,"spread":0.166667,"streak":2,"rank_m":284193,"pct_m":0.302158,"gas_method":"estimated"},"2024-05":{"txs":0,"uniq":0,"trade":0,"nft":0,"gas":0,"bal":0.000102,"days":0,"spread":0,"streak":0,"rank_m":532493,"pct_m":0.566155},"2024-06":{"txs":0,"uniq":0,"trade":0,"nft":0,"gas":0,"bal":0.000102,"days":0,"spread":0,"streak":0,"rank_m":556737,"pct_m":0.591932},"2024-07":{"txs":0,"uniq":0,"trade":0,"nft":0,"gas":0,"bal":0.000102,"days":0,"spread":0,"streak":0,"rank_m":576733,"pct_m":0.613192},"2024-08":{"txs":0,"uniq":0,"trade":0,"nft":0,"gas":0,"bal":0.000102,"days":0,"spread":0,"streak":0,"rank_m":598270,"pct_m":0.63609},"2024-09":{"txs":0,"uniq":0,"trade":0,"nft":0,"gas":0,"bal":0.000102,"days":0,"spread":0,"streak":0,"rank_m":602141,"pct_m":0.640206},"2024-10":{"txs":0,"uniq":0,"trade":0,"nft":0,"gas":0,"bal":0.000102,"days":0,"spread":0,"streak":0,"rank_m":642895,"pct_m":0.683536},"2024-11":{"txs":4,"uniq":3,"trade":1,"nft":0,"gas":0.000007,"bal":0.000002,"days":2,"spread":0.066667,"streak":2,"rank_m":405909,"pct_m":0.431569,"gas_method":"exact"},"2024-12":{"txs":12,"uniq":5,"trade":0,"nft":1,"gas":0.00022,"bal":0.000073,"days":5,"spread":0.16129,"streak":2,"rank_m":353925,"pct_m":0.376298,"gas_method":"exact"},"2025-01":{"txs":3,"uniq":3,"trade":1,"nft":0,"gas":0.000078,"bal":0.000168,"days":3,"spread":0.096774,"streak":1,"rank_m":427390,"pct_m":0.454408,"gas_method":"exact"},"2025-02":{"txs":13,"uniq":9,"trade":2,"nft":0,"gas":0.000077,"bal":0.000533,"days":4,"spread":0.142857,"streak":1,"rank_m":228350,"pct_m":0.242785,"gas_method":"exact"},"2025-03":{"txs":8,"uniq":4,"trade":0,"nft":0,"gas":0,"bal":0.000251,"days":2,"spread":0.064516,"streak":2,"rank_m":410318,"pct_m":0.436256,"gas_method":"exact"},"2025-04":{"txs":4,"uniq":3,"trade":0,"nft":1,"gas":0.000018,"bal":0.000005,"days":2,"spread":0.066667,"streak":1,"rank_m":450396,"pct_m":0.478868,"gas_method":"exact"},"2025-05":{"txs":1,"uniq":1,"trade":0,"nft":0,"gas":0.000007,"bal":0.000001,"days":1,"spread":0.032258,"streak":1,"rank_m":696100,"pct_m":0.740105,"gas_method":"estimated"},"2025-06":{"txs":1,"uniq":1,"trade":0,"nft":0,"gas":0.000007,"bal":0.000001,"days":1,"spread":0.033333,"streak":1,"rank_m":694492,"pct_m":0.738395,"gas_method":"estimated"},"2025-07":{"txs":0,"uniq":0,"trade":0,"nft":0,"gas":0,"bal":0.000001,"days":0,"spread":0,"streak":0,"rank_m":886683,"pct_m":0.942736},"2025-08":{"txs":1,"uniq":1,"trade":0,"nft":0,"gas":0.000007,"bal":0,"days":1,"spread":0.032258,"streak":1,"rank_m":705615,"pct_m":0.750221,"gas_method":"estimated"},"2025-09":{"txs":2,"uniq":2,"trade":0,"nft":1,"gas":0.000014,"bal":0.000059,"days":2,"spread":0.066667,"streak":1,"rank_m":515397,"pct_m":0.547978,"gas_method":"estimated"},"2025-10":{"txs":0,"uniq":0,"trade":0,"nft":0,"gas":0,"bal":0.000059,"days":0,"spread":0,"streak":0,"rank_m":779526,"pct_m":0.828805}}}