{"wallet":"0xc469cfd8948055f51c3f449355a1013fdfa42037","rank":304579,"lifetime":{"months_active":18,"first":"2023-07","last":"2025-10","tx_sum":200,"uniq_sum":100,"trade_sum":0,"nft_sum":50,"gas_sum":0.00994,"avg_balance_eth_mean":0.002133,"streak_best_days":7,"gas_sum_filled":0.00994},"months":{"2023-07":{"txs":3,"uniq":2,"trade":0,"nft":1,"gas":0.000651,"bal":0.000341,"days":1,"spread":0.032258,"streak":1,"rank_m":28729,"pct_m":0.030544,"gas_method":"estimated"},"2023-08":{"txs":44,"uniq":22,"trade":0,"nft":12,"gas":0.006919,"bal":0.005558,"days":13,"spread":0.419355,"streak":3,"rank_m":22469,"pct_m":0.023888,"gas_method":"exact"},"2023-09":{"txs":91,"uniq":31,"trade":0,"nft":15,"gas":0.001153,"bal":0.00586,"days":21,"spread":0.7,"streak":7,"rank_m":7026,"pct_m":0.007469,"gas_method":"exact"},"2023-10":{"txs":16,"uniq":11,"trade":0,"nft":4,"gas":0.000269,"bal":0.00097,"days":5,"spread":0.16129,"streak":2,"rank_m":37994,"pct_m":0.040395,"gas_method":"exact"},"2023-11":{"txs":7,"uniq":5,"trade":0,"nft":0,"gas":0.000206,"bal":0.00153,"days":3,"spread":0.1,"streak":2,"rank_m":89245,"pct_m":0.094886,"gas_method":"estimated"},"2023-12":{"txs":7,"uniq":6,"trade":0,"nft":4,"gas":0.000095,"bal":0.001354,"days":4,"spread":0.129032,"streak":1,"rank_m":56834,"pct_m":0.060426,"gas_method":"exact"},"2024-01":{"txs":1,"uniq":1,"trade":0,"nft":0,"gas":0.000025,"bal":0.000953,"days":1,"spread":0.032258,"streak":1,"rank_m":160372,"pct_m":0.170509,"gas_method":"exact"},"2024-02":{"txs":5,"uniq":3,"trade":0,"nft":3,"gas":0.000145,"bal":0.000903,"days":1,"spread":0.034483,"streak":1,"rank_m":198457,"pct_m":0.211002,"gas_method":"estimated"},"2024-03":{"txs":5,"uniq":3,"trade":0,"nft":0,"gas":0.00039,"bal":0.000465,"days":2,"spread":0.064516,"streak":1,"rank_m":270471,"pct_m":0.287569,"gas_method":"exact"},"2024-04":{"txs":2,"uniq":2,"trade":0,"nft":2,"gas":0.000011,"bal":0.000287,"days":2,"spread":0.066667,"streak":1,"rank_m":419520,"pct_m":0.44604,"gas_method":"estimated"},"2024-05":{"txs":4,"uniq":3,"trade":0,"nft":4,"gas":0.000007,"bal":0.000826,"days":3,"spread":0.096774,"streak":1,"rank_m":379195,"pct_m":0.403166,"gas_method":"estimated"},"2024-06":{"txs":2,"uniq":2,"trade":0,"nft":4,"gas":0,"bal":0.001078,"days":2,"spread":0.066667,"streak":1,"rank_m":392529,"pct_m":0.417343,"gas_method":"estimated"},"2024-07":{"txs":2,"uniq":2,"trade":0,"nft":0,"gas":0.000001,"bal":0.002675,"days":2,"spread":0.064516,"streak":1,"rank_m":404607,"pct_m":0.430184,"gas_method":"estimated"},"2024-08":{"txs":2,"uniq":1,"trade":0,"nft":1,"gas":0,"bal":0.002475,"days":1,"spread":0.032258,"streak":1,"rank_m":409419,"pct_m":0.435301,"gas_method":"estimated"},"2024-09":{"txs":0,"uniq":0,"trade":0,"nft":0,"gas":0,"bal":0.002475,"days":0,"spread":0,"streak":0,"rank_m":504972,"pct_m":0.536894},"2024-10":{"txs":0,"uniq":0,"trade":0,"nft":0,"gas":0,"bal":0.002475,"days":0,"spread":0,"streak":0,"rank_m":553714,"pct_m":0.588718},"2024-11":{"txs":2,"uniq":1,"trade":0,"nft":0,"gas":0.000005,"bal":0.002478,"days":1,"spread":0.033333,"streak":1,"rank_m":443694,"pct_m":0.471742,"gas_method":"exact"},"2024-12":{"txs":1,"uniq":1,"trade":0,"nft":0,"gas":0.000022,"bal":0.002467,"days":1,"spread":0.032258,"streak":1,"rank_m":526235,"pct_m":0.559501,"gas_method":"exact"},"2025-01":{"txs":0,"uniq":0,"trade":0,"nft":0,"gas":0,"bal":0.002467,"days":0,"spread":0,"streak":0,"rank_m":607899,"pct_m":0.646328},"2025-02":{"txs":0,"uniq":0,"trade":0,"nft":0,"gas":0,"bal":0.002467,"days":0,"spread":0,"streak":0,"rank_m":616032,"pct_m":0.654975},"2025-03":{"txs":0,"uniq":0,"trade":0,"nft":0,"gas":0,"bal":0.002467,"days":0,"spread":0,"streak":0,"rank_m":602948,"pct_m":0.641064},"2025-04":{"txs":1,"uniq":1,"trade":0,"nft":0,"gas":0.000006,"bal":0.002451,"days":1,"spread":0.033333,"streak":1,"rank_m":476736,"pct_m":0.506873,"gas_method":"exact"},"2025-05":{"txs":0,"uniq":0,"trade":0,"nft":0,"gas":0,"bal":0.002451,"days":0,"spread":0,"streak":0,"rank_m":596250,"pct_m":0.633943},"2025-06":{"txs":0,"uniq":0,"trade":0,"nft":0,"gas":0,"bal":0.002451,"days":0,"spread":0,"streak":0,"rank_m":602495,"pct_m":0.640582},"2025-07":{"txs":0,"uniq":0,"trade":0,"nft":0,"gas":0,"bal":0.002451,"days":0,"spread":0,"streak":0,"rank_m":620648,"pct_m":0.659883},"2025-08":{"txs":0,"uniq":0,"trade":0,"nft":0,"gas":0,"bal":0.002451,"days":0,"spread":0,"streak":0,"rank_m":599693,"pct_m":0.637603},"2025-09":{"txs":5,"uniq":3,"trade":0,"nft":0,"gas":0.000035,"bal":0.002451,"days":1,"spread":0.033333,"streak":1,"rank_m":396866,"pct_m":0.421954,"gas_method":"estimated"},"2025-10":{"txs":0,"uniq":0,"trade":0,"nft":0,"gas":0,"bal":0.002451,"days":0,"spread":0,"streak":0,"rank_m":491463,"pct_m":0.522531}}}