{"wallet":"0xc4d95a3cd18c701a411f76a6020d33ff88998911","rank":587294,"lifetime":{"months_active":16,"first":"2023-07","last":"2025-10","tx_sum":125,"uniq_sum":72,"trade_sum":4,"nft_sum":22,"gas_sum":0.000525,"avg_balance_eth_mean":0.002792,"streak_best_days":6,"gas_sum_filled":0.000525},"months":{"2023-07":{"txs":0,"uniq":0,"trade":0,"nft":0,"gas":0,"bal":0,"days":0,"spread":0,"streak":0,"rank_m":256860,"pct_m":0.273097},"2023-08":{"txs":0,"uniq":0,"trade":0,"nft":0,"gas":0,"bal":0,"days":0,"spread":0,"streak":0,"rank_m":345199,"pct_m":0.367021},"2023-09":{"txs":0,"uniq":0,"trade":0,"nft":0,"gas":0,"bal":0,"days":0,"spread":0,"streak":0,"rank_m":365940,"pct_m":0.389073},"2023-10":{"txs":4,"uniq":2,"trade":0,"nft":1,"gas":0.000023,"bal":0.000749,"days":2,"spread":0.064516,"streak":1,"rank_m":115318,"pct_m":0.122607,"gas_method":"estimated"},"2023-11":{"txs":1,"uniq":1,"trade":0,"nft":0,"gas":0.00001,"bal":0.001082,"days":1,"spread":0.033333,"streak":1,"rank_m":146215,"pct_m":0.155457,"gas_method":"estimated"},"2023-12":{"txs":0,"uniq":0,"trade":0,"nft":0,"gas":0,"bal":0.001082,"days":0,"spread":0,"streak":0,"rank_m":210546,"pct_m":0.223855},"2024-01":{"txs":0,"uniq":0,"trade":0,"nft":0,"gas":0,"bal":0.001082,"days":0,"spread":0,"streak":0,"rank_m":221225,"pct_m":0.235209},"2024-02":{"txs":2,"uniq":2,"trade":0,"nft":2,"gas":0.00002,"bal":0.00053,"days":2,"spread":0.068966,"streak":1,"rank_m":220726,"pct_m":0.234679,"gas_method":"estimated"},"2024-03":{"txs":8,"uniq":1,"trade":0,"nft":1,"gas":0.000117,"bal":0.000425,"days":1,"spread":0.032258,"streak":1,"rank_m":323719,"pct_m":0.344183,"gas_method":"estimated"},"2024-04":{"txs":3,"uniq":3,"trade":0,"nft":2,"gas":0.000005,"bal":0.000381,"days":1,"spread":0.033333,"streak":1,"rank_m":417785,"pct_m":0.444195,"gas_method":"estimated"},"2024-05":{"txs":0,"uniq":0,"trade":0,"nft":0,"gas":0,"bal":0.000381,"days":0,"spread":0,"streak":0,"rank_m":514451,"pct_m":0.546972},"2024-06":{"txs":0,"uniq":0,"trade":0,"nft":0,"gas":0,"bal":0.000381,"days":0,"spread":0,"streak":0,"rank_m":540864,"pct_m":0.575055},"2024-07":{"txs":7,"uniq":4,"trade":0,"nft":0,"gas":0.000001,"bal":0.001077,"days":2,"spread":0.064516,"streak":1,"rank_m":400063,"pct_m":0.425353,"gas_method":"estimated"},"2024-08":{"txs":17,"uniq":15,"trade":0,"nft":15,"gas":0.000001,"bal":0.001292,"days":10,"spread":0.322581,"streak":6,"rank_m":172753,"pct_m":0.183673,"gas_method":"estimated"},"2024-09":{"txs":7,"uniq":3,"trade":0,"nft":0,"gas":0,"bal":0.003644,"days":4,"spread":0.133333,"streak":1,"rank_m":293257,"pct_m":0.311795,"gas_method":"estimated"},"2024-10":{"txs":8,"uniq":4,"trade":0,"nft":0,"gas":0,"bal":0.000087,"days":2,"spread":0.064516,"streak":2,"rank_m":474738,"pct_m":0.504749,"gas_method":"estimated"},"2024-11":{"txs":22,"uniq":13,"trade":2,"nft":1,"gas":0.000051,"bal":0.009276,"days":3,"spread":0.1,"streak":2,"rank_m":128894,"pct_m":0.137041,"gas_method":"exact"},"2024-12":{"txs":0,"uniq":0,"trade":0,"nft":0,"gas":0,"bal":0.009276,"days":0,"spread":0,"streak":0,"rank_m":583403,"pct_m":0.620283},"2025-01":{"txs":0,"uniq":0,"trade":0,"nft":0,"gas":0,"bal":0.009276,"days":0,"spread":0,"streak":0,"rank_m":568584,"pct_m":0.604528},"2025-02":{"txs":4,"uniq":3,"trade":0,"nft":0,"gas":0.000028,"bal":0.009162,"days":2,"spread":0.071429,"streak":2,"rank_m":304551,"pct_m":0.323803,"gas_method":"exact"},"2025-03":{"txs":3,"uniq":1,"trade":0,"nft":0,"gas":0.000016,"bal":0.009161,"days":3,"spread":0.096774,"streak":3,"rank_m":316229,"pct_m":0.336219,"gas_method":"exact"},"2025-04":{"txs":21,"uniq":6,"trade":0,"nft":0,"gas":0.000127,"bal":0.008988,"days":10,"spread":0.333333,"streak":6,"rank_m":71928,"pct_m":0.076474,"gas_method":"exact"},"2025-05":{"txs":3,"uniq":2,"trade":0,"nft":0,"gas":0.000021,"bal":0.008048,"days":3,"spread":0.096774,"streak":1,"rank_m":263008,"pct_m":0.279634,"gas_method":"estimated"},"2025-06":{"txs":11,"uniq":8,"trade":1,"nft":0,"gas":0.000077,"bal":0.002559,"days":5,"spread":0.166667,"streak":3,"rank_m":228381,"pct_m":0.242818,"gas_method":"estimated"},"2025-07":{"txs":4,"uniq":4,"trade":1,"nft":0,"gas":0.000028,"bal":0.000062,"days":3,"spread":0.096774,"streak":3,"rank_m":454105,"pct_m":0.482811,"gas_method":"estimated"},"2025-08":{"txs":0,"uniq":0,"trade":0,"nft":0,"gas":0,"bal":0.000062,"days":0,"spread":0,"streak":0,"rank_m":826571,"pct_m":0.878824},"2025-09":{"txs":0,"uniq":0,"trade":0,"nft":0,"gas":0,"bal":0.000062,"days":0,"spread":0,"streak":0,"rank_m":823756,"pct_m":0.875831},"2025-10":{"txs":0,"uniq":0,"trade":0,"nft":0,"gas":0,"bal":0.000062,"days":0,"spread":0,"streak":0,"rank_m":777146,"pct_m":0.826274}}}