{"wallet":"0xc458f3944c98d19120ab2f7afe8f8e1568628d3c","rank":493810,"lifetime":{"months_active":20,"first":"2023-07","last":"2025-10","tx_sum":162,"uniq_sum":56,"trade_sum":0,"nft_sum":6,"gas_sum":0.000745,"avg_balance_eth_mean":0.856378,"streak_best_days":0,"gas_sum_filled":0.000745},"months":{"2023-07":{"txs":0,"uniq":0,"trade":0,"nft":0,"gas":0,"bal":0,"days":0,"spread":0,"streak":0,"rank_m":258537,"pct_m":0.27488},"2023-08":{"txs":0,"uniq":0,"trade":0,"nft":0,"gas":0,"bal":0,"days":0,"spread":0,"streak":0,"rank_m":346668,"pct_m":0.368583},"2023-09":{"txs":6,"uniq":2,"trade":0,"nft":0,"gas":0.000117,"bal":0.000027,"days":3,"spread":0.1,"streak":0,"rank_m":148411,"pct_m":0.157792,"gas_method":"estimated"},"2023-10":{"txs":2,"uniq":1,"trade":0,"nft":0,"gas":0.000008,"bal":0.000075,"days":1,"spread":0.032258,"streak":0,"rank_m":152010,"pct_m":0.161619,"gas_method":"exact"},"2023-11":{"txs":2,"uniq":1,"trade":0,"nft":0,"gas":0.000018,"bal":0.000063,"days":1,"spread":0.033333,"streak":0,"rank_m":176072,"pct_m":0.187202,"gas_method":"estimated"},"2023-12":{"txs":2,"uniq":1,"trade":0,"nft":0,"gas":0.000033,"bal":0.000012,"days":1,"spread":0.032258,"streak":0,"rank_m":206098,"pct_m":0.219126,"gas_method":"estimated"},"2024-01":{"txs":0,"uniq":0,"trade":0,"nft":0,"gas":0,"bal":0.000012,"days":0,"spread":0,"streak":0,"rank_m":285478,"pct_m":0.303524},"2024-02":{"txs":0,"uniq":0,"trade":0,"nft":0,"gas":0,"bal":0.000012,"days":0,"spread":0,"streak":0,"rank_m":348046,"pct_m":0.370048},"2024-03":{"txs":0,"uniq":0,"trade":0,"nft":0,"gas":0,"bal":0.000012,"days":0,"spread":0,"streak":0,"rank_m":434825,"pct_m":0.462313},"2024-04":{"txs":0,"uniq":0,"trade":0,"nft":0,"gas":0,"bal":0.000012,"days":0,"spread":0,"streak":0,"rank_m":513921,"pct_m":0.546409},"2024-05":{"txs":2,"uniq":1,"trade":0,"nft":0,"gas":0.000001,"bal":0.119389,"days":2,"spread":0.064516,"streak":0,"rank_m":364577,"pct_m":0.387624,"gas_method":"estimated"},"2024-06":{"txs":1,"uniq":1,"trade":0,"nft":1,"gas":0,"bal":0.009973,"days":1,"spread":0.033333,"streak":0,"rank_m":411056,"pct_m":0.437041,"gas_method":"estimated"},"2024-07":{"txs":2,"uniq":2,"trade":0,"nft":1,"gas":0,"bal":0.009971,"days":2,"spread":0.064516,"streak":0,"rank_m":337990,"pct_m":0.359356,"gas_method":"exact"},"2024-08":{"txs":32,"uniq":4,"trade":0,"nft":1,"gas":0.000003,"bal":3.330907,"days":10,"spread":0.322581,"streak":0,"rank_m":126427,"pct_m":0.134418,"gas_method":"exact"},"2024-09":{"txs":17,"uniq":3,"trade":0,"nft":1,"gas":0,"bal":5.487931,"days":5,"spread":0.166667,"streak":0,"rank_m":141460,"pct_m":0.150402,"gas_method":"estimated"},"2024-10":{"txs":42,"uniq":5,"trade":0,"nft":2,"gas":0.000004,"bal":5.107949,"days":18,"spread":0.580645,"streak":0,"rank_m":80162,"pct_m":0.085229,"gas_method":"exact"},"2024-11":{"txs":17,"uniq":9,"trade":0,"nft":0,"gas":0.000039,"bal":3.68711,"days":7,"spread":0.233333,"streak":0,"rank_m":178414,"pct_m":0.189692,"gas_method":"exact"},"2024-12":{"txs":11,"uniq":6,"trade":0,"nft":0,"gas":0.000243,"bal":2.596542,"days":5,"spread":0.16129,"streak":0,"rank_m":279397,"pct_m":0.297059,"gas_method":"exact"},"2025-01":{"txs":5,"uniq":3,"trade":0,"nft":0,"gas":0.00013,"bal":2.049315,"days":4,"spread":0.129032,"streak":0,"rank_m":332575,"pct_m":0.353599,"gas_method":"exact"},"2025-02":{"txs":7,"uniq":5,"trade":0,"nft":0,"gas":0.000049,"bal":1.117058,"days":5,"spread":0.178571,"streak":0,"rank_m":221274,"pct_m":0.235261,"gas_method":"exact"},"2025-03":{"txs":3,"uniq":2,"trade":0,"nft":0,"gas":0.000024,"bal":0.097452,"days":3,"spread":0.096774,"streak":0,"rank_m":323988,"pct_m":0.344469,"gas_method":"exact"},"2025-04":{"txs":1,"uniq":1,"trade":0,"nft":0,"gas":0.000006,"bal":0.154452,"days":1,"spread":0.033333,"streak":0,"rank_m":444800,"pct_m":0.472918,"gas_method":"exact"},"2025-05":{"txs":0,"uniq":0,"trade":0,"nft":0,"gas":0,"bal":0.154452,"days":0,"spread":0,"streak":0,"rank_m":330999,"pct_m":0.351923},"2025-06":{"txs":2,"uniq":2,"trade":0,"nft":0,"gas":0.000014,"bal":0.041635,"days":2,"spread":0.066667,"streak":0,"rank_m":269292,"pct_m":0.286315,"gas_method":"estimated"},"2025-07":{"txs":2,"uniq":2,"trade":0,"nft":0,"gas":0.000014,"bal":0.009417,"days":2,"spread":0.064516,"streak":0,"rank_m":382875,"pct_m":0.407078,"gas_method":"estimated"},"2025-08":{"txs":4,"uniq":3,"trade":0,"nft":0,"gas":0.000028,"bal":0.001914,"days":1,"spread":0.032258,"streak":0,"rank_m":483340,"pct_m":0.513895,"gas_method":"estimated"},"2025-09":{"txs":0,"uniq":0,"trade":0,"nft":0,"gas":0,"bal":0.001914,"days":0,"spread":0,"streak":0,"rank_m":602551,"pct_m":0.640642},"2025-10":{"txs":2,"uniq":2,"trade":0,"nft":0,"gas":0.000014,"bal":0.000983,"days":2,"spread":0.064516,"streak":0,"rank_m":387451,"pct_m":0.411944,"gas_method":"estimated"}}}