{"wallet":"0xc4a7292eaf696ad1a6cb122846011a1296fd2b84","rank":125815,"lifetime":{"months_active":28,"first":"2023-07","last":"2025-10","tx_sum":391,"uniq_sum":254,"trade_sum":4,"nft_sum":116,"gas_sum":0.003443,"avg_balance_eth_mean":0.004575,"streak_best_days":4,"gas_sum_filled":0.003443},"months":{"2023-07":{"txs":3,"uniq":2,"trade":0,"nft":1,"gas":0.000265,"bal":0.000356,"days":1,"spread":0.032258,"streak":1,"rank_m":27812,"pct_m":0.029569,"gas_method":"estimated"},"2023-08":{"txs":14,"uniq":13,"trade":0,"nft":6,"gas":0.000844,"bal":0.002384,"days":3,"spread":0.096774,"streak":2,"rank_m":69959,"pct_m":0.074381,"gas_method":"exact"},"2023-09":{"txs":1,"uniq":0,"trade":0,"nft":1,"gas":0.000026,"bal":0.008515,"days":1,"spread":0.033333,"streak":1,"rank_m":111921,"pct_m":0.118995,"gas_method":"estimated"},"2023-10":{"txs":12,"uniq":7,"trade":0,"nft":3,"gas":0.000057,"bal":0.003119,"days":5,"spread":0.16129,"streak":2,"rank_m":37470,"pct_m":0.039838,"gas_method":"exact"},"2023-11":{"txs":1,"uniq":1,"trade":0,"nft":1,"gas":0.000012,"bal":0.001503,"days":1,"spread":0.033333,"streak":1,"rank_m":123333,"pct_m":0.131129,"gas_method":"estimated"},"2023-12":{"txs":10,"uniq":5,"trade":0,"nft":7,"gas":0.000225,"bal":0.003771,"days":4,"spread":0.129032,"streak":1,"rank_m":54581,"pct_m":0.05803,"gas_method":"estimated"},"2024-01":{"txs":12,"uniq":10,"trade":0,"nft":5,"gas":0.000213,"bal":0.000698,"days":5,"spread":0.16129,"streak":2,"rank_m":55124,"pct_m":0.058608,"gas_method":"exact"},"2024-02":{"txs":10,"uniq":8,"trade":1,"nft":2,"gas":0.000067,"bal":0.000636,"days":6,"spread":0.206897,"streak":2,"rank_m":81392,"pct_m":0.086536,"gas_method":"exact"},"2024-03":{"txs":5,"uniq":5,"trade":0,"nft":1,"gas":0.000089,"bal":0.000651,"days":3,"spread":0.096774,"streak":1,"rank_m":285582,"pct_m":0.303635,"gas_method":"estimated"},"2024-04":{"txs":10,"uniq":8,"trade":0,"nft":5,"gas":0.000018,"bal":0.001411,"days":5,"spread":0.166667,"streak":2,"rank_m":245502,"pct_m":0.261021,"gas_method":"exact"},"2024-05":{"txs":19,"uniq":6,"trade":0,"nft":5,"gas":0.000014,"bal":0.000951,"days":4,"spread":0.129032,"streak":1,"rank_m":303794,"pct_m":0.322998,"gas_method":"estimated"},"2024-06":{"txs":4,"uniq":4,"trade":0,"nft":3,"gas":0,"bal":0.000295,"days":3,"spread":0.1,"streak":2,"rank_m":374813,"pct_m":0.398507,"gas_method":"estimated"},"2024-07":{"txs":20,"uniq":6,"trade":0,"nft":3,"gas":0.000002,"bal":0.000773,"days":3,"spread":0.096774,"streak":3,"rank_m":266335,"pct_m":0.283171,"gas_method":"estimated"},"2024-08":{"txs":59,"uniq":54,"trade":0,"nft":52,"gas":0.000005,"bal":0.002089,"days":9,"spread":0.290323,"streak":2,"rank_m":104608,"pct_m":0.11122,"gas_method":"estimated"},"2024-09":{"txs":14,"uniq":8,"trade":0,"nft":8,"gas":0.000001,"bal":0.002114,"days":3,"spread":0.1,"streak":1,"rank_m":206624,"pct_m":0.219685,"gas_method":"estimated"},"2024-10":{"txs":21,"uniq":16,"trade":0,"nft":8,"gas":0.000011,"bal":0.013034,"days":9,"spread":0.290323,"streak":3,"rank_m":45784,"pct_m":0.048677,"gas_method":"exact"},"2024-11":{"txs":9,"uniq":6,"trade":3,"nft":1,"gas":0.000021,"bal":0.035072,"days":5,"spread":0.166667,"streak":2,"rank_m":151267,"pct_m":0.160829,"gas_method":"exact"},"2024-12":{"txs":10,"uniq":9,"trade":0,"nft":0,"gas":0.00022,"bal":0.020035,"days":7,"spread":0.225806,"streak":1,"rank_m":246974,"pct_m":0.262586,"gas_method":"exact"},"2025-01":{"txs":14,"uniq":11,"trade":0,"nft":0,"gas":0.000364,"bal":0.005411,"days":8,"spread":0.258065,"streak":1,"rank_m":210969,"pct_m":0.224305,"gas_method":"exact"},"2025-02":{"txs":8,"uniq":6,"trade":0,"nft":1,"gas":0.000056,"bal":0.001469,"days":6,"spread":0.214286,"streak":2,"rank_m":209560,"pct_m":0.222807,"gas_method":"exact"},"2025-03":{"txs":4,"uniq":4,"trade":0,"nft":0,"gas":0.000032,"bal":0.000565,"days":4,"spread":0.129032,"streak":1,"rank_m":363147,"pct_m":0.386103,"gas_method":"exact"},"2025-04":{"txs":17,"uniq":12,"trade":0,"nft":0,"gas":0.000097,"bal":0.007583,"days":6,"spread":0.2,"streak":1,"rank_m":124008,"pct_m":0.131846,"gas_method":"exact"},"2025-05":{"txs":15,"uniq":11,"trade":0,"nft":0,"gas":0.000106,"bal":0.012233,"days":3,"spread":0.096774,"streak":1,"rank_m":120100,"pct_m":0.127691,"gas_method":"estimated"},"2025-06":{"txs":16,"uniq":11,"trade":0,"nft":0,"gas":0.000113,"bal":0.000679,"days":11,"spread":0.366667,"streak":3,"rank_m":348301,"pct_m":0.370319,"gas_method":"estimated"},"2025-07":{"txs":39,"uniq":20,"trade":0,"nft":3,"gas":0.000274,"bal":0.000704,"days":10,"spread":0.322581,"streak":2,"rank_m":212696,"pct_m":0.226141,"gas_method":"estimated"},"2025-08":{"txs":15,"uniq":4,"trade":0,"nft":0,"gas":0.000106,"bal":0.000988,"days":13,"spread":0.419355,"streak":3,"rank_m":324772,"pct_m":0.345302,"gas_method":"estimated"},"2025-09":{"txs":14,"uniq":1,"trade":0,"nft":0,"gas":0.000099,"bal":0.000596,"days":14,"spread":0.466667,"streak":2,"rank_m":381354,"pct_m":0.405461,"gas_method":"estimated"},"2025-10":{"txs":15,"uniq":6,"trade":0,"nft":0,"gas":0.000106,"bal":0.000462,"days":9,"spread":0.290323,"streak":2,"rank_m":270259,"pct_m":0.287343,"gas_method":"estimated"}}}