{"wallet":"0xc4cd3c1adf7101d29f36bf4bf0331f90196701d7","rank":640780,"lifetime":{"months_active":12,"first":"2023-07","last":"2025-10","tx_sum":223,"uniq_sum":49,"trade_sum":4,"nft_sum":2,"gas_sum":0.001693,"avg_balance_eth_mean":0.001917,"streak_best_days":3,"gas_sum_filled":0.001693},"months":{"2023-07":{"txs":0,"uniq":0,"trade":0,"nft":0,"gas":0,"bal":0,"days":0,"spread":0,"streak":0,"rank_m":256992,"pct_m":0.273237},"2023-08":{"txs":0,"uniq":0,"trade":0,"nft":0,"gas":0,"bal":0,"days":0,"spread":0,"streak":0,"rank_m":345321,"pct_m":0.36715},"2023-09":{"txs":2,"uniq":2,"trade":0,"nft":1,"gas":0.000127,"bal":0.000013,"days":1,"spread":0.033333,"streak":1,"rank_m":119842,"pct_m":0.127417,"gas_method":"exact"},"2023-10":{"txs":0,"uniq":0,"trade":0,"nft":0,"gas":0,"bal":0.000013,"days":0,"spread":0,"streak":0,"rank_m":227258,"pct_m":0.241624},"2023-11":{"txs":0,"uniq":0,"trade":0,"nft":0,"gas":0,"bal":0.000013,"days":0,"spread":0,"streak":0,"rank_m":242317,"pct_m":0.257635},"2023-12":{"txs":0,"uniq":0,"trade":0,"nft":0,"gas":0,"bal":0.000013,"days":0,"spread":0,"streak":0,"rank_m":269674,"pct_m":0.286721},"2024-01":{"txs":0,"uniq":0,"trade":0,"nft":0,"gas":0,"bal":0.000013,"days":0,"spread":0,"streak":0,"rank_m":284602,"pct_m":0.302593},"2024-02":{"txs":0,"uniq":0,"trade":0,"nft":0,"gas":0,"bal":0.000013,"days":0,"spread":0,"streak":0,"rank_m":347291,"pct_m":0.369245},"2024-03":{"txs":0,"uniq":0,"trade":0,"nft":0,"gas":0,"bal":0.000013,"days":0,"spread":0,"streak":0,"rank_m":434233,"pct_m":0.461683},"2024-04":{"txs":0,"uniq":0,"trade":0,"nft":0,"gas":0,"bal":0.000013,"days":0,"spread":0,"streak":0,"rank_m":513435,"pct_m":0.545892},"2024-05":{"txs":0,"uniq":0,"trade":0,"nft":0,"gas":0,"bal":0.000013,"days":0,"spread":0,"streak":0,"rank_m":550206,"pct_m":0.584988},"2024-06":{"txs":0,"uniq":0,"trade":0,"nft":0,"gas":0,"bal":0.000013,"days":0,"spread":0,"streak":0,"rank_m":579228,"pct_m":0.615844},"2024-07":{"txs":0,"uniq":0,"trade":0,"nft":0,"gas":0,"bal":0.000013,"days":0,"spread":0,"streak":0,"rank_m":604303,"pct_m":0.642505},"2024-08":{"txs":0,"uniq":0,"trade":0,"nft":0,"gas":0,"bal":0.000013,"days":0,"spread":0,"streak":0,"rank_m":626228,"pct_m":0.665816},"2024-09":{"txs":4,"uniq":2,"trade":0,"nft":1,"gas":0,"bal":0.003635,"days":3,"spread":0.1,"streak":2,"rank_m":272398,"pct_m":0.289617,"gas_method":"estimated"},"2024-10":{"txs":0,"uniq":0,"trade":0,"nft":0,"gas":0,"bal":0.003635,"days":0,"spread":0,"streak":0,"rank_m":537787,"pct_m":0.571784},"2024-11":{"txs":0,"uniq":0,"trade":0,"nft":0,"gas":0,"bal":0.003635,"days":0,"spread":0,"streak":0,"rank_m":553377,"pct_m":0.588359},"2024-12":{"txs":5,"uniq":5,"trade":0,"nft":0,"gas":0.00011,"bal":0.000815,"days":2,"spread":0.064516,"streak":1,"rank_m":447099,"pct_m":0.475363,"gas_method":"exact"},"2025-01":{"txs":0,"uniq":0,"trade":0,"nft":0,"gas":0,"bal":0.000815,"days":0,"spread":0,"streak":0,"rank_m":641809,"pct_m":0.682382},"2025-02":{"txs":2,"uniq":1,"trade":0,"nft":0,"gas":0.000007,"bal":0.000118,"days":1,"spread":0.035714,"streak":1,"rank_m":532668,"pct_m":0.566341,"gas_method":"exact"},"2025-03":{"txs":9,"uniq":2,"trade":0,"nft":0,"gas":0.000055,"bal":0.000057,"days":1,"spread":0.032258,"streak":1,"rank_m":418413,"pct_m":0.444863,"gas_method":"exact"},"2025-04":{"txs":8,"uniq":2,"trade":0,"nft":0,"gas":0.000036,"bal":0.000084,"days":3,"spread":0.1,"streak":1,"rank_m":414217,"pct_m":0.440402,"gas_method":"exact"},"2025-05":{"txs":5,"uniq":4,"trade":0,"nft":0,"gas":0.000035,"bal":0.000301,"days":1,"spread":0.032258,"streak":1,"rank_m":516893,"pct_m":0.549569,"gas_method":"estimated"},"2025-06":{"txs":57,"uniq":12,"trade":4,"nft":0,"gas":0.000401,"bal":0.005341,"days":14,"spread":0.466667,"streak":3,"rank_m":70280,"pct_m":0.074722,"gas_method":"estimated"},"2025-07":{"txs":42,"uniq":8,"trade":0,"nft":0,"gas":0.000296,"bal":0.009273,"days":14,"spread":0.451613,"streak":3,"rank_m":111760,"pct_m":0.118824,"gas_method":"estimated"},"2025-08":{"txs":38,"uniq":6,"trade":0,"nft":0,"gas":0.000267,"bal":0.010051,"days":13,"spread":0.419355,"streak":2,"rank_m":111801,"pct_m":0.118868,"gas_method":"estimated"},"2025-09":{"txs":29,"uniq":4,"trade":0,"nft":0,"gas":0.000204,"bal":0.008097,"days":11,"spread":0.366667,"streak":3,"rank_m":148312,"pct_m":0.157687,"gas_method":"estimated"},"2025-10":{"txs":22,"uniq":1,"trade":0,"nft":0,"gas":0.000155,"bal":0.007659,"days":7,"spread":0.225806,"streak":3,"rank_m":121667,"pct_m":0.129357,"gas_method":"estimated"}}}