{"wallet":"0xc4a959af92b73b3d783fa2569f1f9776d2136ce9","rank":170735,"lifetime":{"months_active":24,"first":"2023-07","last":"2025-10","tx_sum":220,"uniq_sum":83,"trade_sum":16,"nft_sum":64,"gas_sum":0.009944,"avg_balance_eth_mean":0.017066,"streak_best_days":2,"gas_sum_filled":0.009944},"months":{"2023-07":{"txs":0,"uniq":0,"trade":0,"nft":0,"gas":0,"bal":0,"days":0,"spread":0,"streak":0,"rank_m":257499,"pct_m":0.273776},"2023-08":{"txs":38,"uniq":5,"trade":2,"nft":4,"gas":0.006635,"bal":0.011025,"days":4,"spread":0.129032,"streak":1,"rank_m":44036,"pct_m":0.046819,"gas_method":"exact"},"2023-09":{"txs":31,"uniq":3,"trade":0,"nft":3,"gas":0.002339,"bal":0.01453,"days":5,"spread":0.166667,"streak":2,"rank_m":26769,"pct_m":0.02846,"gas_method":"exact"},"2023-10":{"txs":32,"uniq":1,"trade":0,"nft":1,"gas":0.000228,"bal":0.013236,"days":2,"spread":0.064516,"streak":2,"rank_m":52795,"pct_m":0.056132,"gas_method":"estimated"},"2023-11":{"txs":21,"uniq":1,"trade":0,"nft":1,"gas":0.000259,"bal":0.011582,"days":1,"spread":0.033333,"streak":1,"rank_m":63076,"pct_m":0.067062,"gas_method":"estimated"},"2023-12":{"txs":4,"uniq":3,"trade":0,"nft":0,"gas":0.000092,"bal":0.007705,"days":1,"spread":0.032258,"streak":1,"rank_m":101337,"pct_m":0.107742,"gas_method":"estimated"},"2024-01":{"txs":1,"uniq":1,"trade":0,"nft":0,"gas":0.000022,"bal":0.007028,"days":1,"spread":0.032258,"streak":1,"rank_m":149084,"pct_m":0.158508,"gas_method":"estimated"},"2024-02":{"txs":2,"uniq":1,"trade":2,"nft":2,"gas":0.000024,"bal":0.011067,"days":1,"spread":0.034483,"streak":1,"rank_m":148272,"pct_m":0.157644,"gas_method":"estimated"},"2024-03":{"txs":3,"uniq":3,"trade":0,"nft":2,"gas":0.000055,"bal":0.01305,"days":3,"spread":0.096774,"streak":1,"rank_m":208779,"pct_m":0.221977,"gas_method":"estimated"},"2024-04":{"txs":1,"uniq":1,"trade":0,"nft":2,"gas":0.000002,"bal":0.01296,"days":1,"spread":0.033333,"streak":1,"rank_m":346783,"pct_m":0.368705,"gas_method":"estimated"},"2024-05":{"txs":5,"uniq":5,"trade":0,"nft":5,"gas":0.000004,"bal":0.01244,"days":5,"spread":0.16129,"streak":2,"rank_m":212130,"pct_m":0.225539,"gas_method":"estimated"},"2024-06":{"txs":7,"uniq":6,"trade":0,"nft":5,"gas":0,"bal":0.006097,"days":4,"spread":0.133333,"streak":1,"rank_m":232645,"pct_m":0.247351,"gas_method":"estimated"},"2024-07":{"txs":12,"uniq":11,"trade":1,"nft":7,"gas":0.000003,"bal":0.020467,"days":7,"spread":0.225806,"streak":1,"rank_m":68563,"pct_m":0.072896,"gas_method":"exact"},"2024-08":{"txs":8,"uniq":6,"trade":1,"nft":10,"gas":0.000001,"bal":0.030924,"days":7,"spread":0.225806,"streak":2,"rank_m":94936,"pct_m":0.100937,"gas_method":"exact"},"2024-09":{"txs":2,"uniq":2,"trade":0,"nft":2,"gas":0,"bal":0.030059,"days":2,"spread":0.066667,"streak":1,"rank_m":213946,"pct_m":0.22747,"gas_method":"estimated"},"2024-10":{"txs":13,"uniq":6,"trade":0,"nft":7,"gas":0.000001,"bal":0.016533,"days":3,"spread":0.096774,"streak":2,"rank_m":146124,"pct_m":0.155361,"gas_method":"estimated"},"2024-11":{"txs":1,"uniq":1,"trade":0,"nft":0,"gas":0.000002,"bal":0.01438,"days":1,"spread":0.033333,"streak":1,"rank_m":415643,"pct_m":0.441918,"gas_method":"exact"},"2024-12":{"txs":0,"uniq":0,"trade":0,"nft":1,"gas":0,"bal":0.01438,"days":0,"spread":0,"streak":0,"rank_m":517174,"pct_m":0.549868},"2025-01":{"txs":1,"uniq":1,"trade":0,"nft":0,"gas":0.000026,"bal":0.017706,"days":1,"spread":0.032258,"streak":1,"rank_m":448522,"pct_m":0.476876,"gas_method":"exact"},"2025-02":{"txs":13,"uniq":7,"trade":1,"nft":1,"gas":0.000091,"bal":0.017395,"days":3,"spread":0.107143,"streak":1,"rank_m":144842,"pct_m":0.153998,"gas_method":"exact"},"2025-03":{"txs":4,"uniq":4,"trade":0,"nft":0,"gas":0.000032,"bal":0.019586,"days":2,"spread":0.064516,"streak":1,"rank_m":275726,"pct_m":0.293156,"gas_method":"exact"},"2025-04":{"txs":7,"uniq":5,"trade":3,"nft":2,"gas":0.00003,"bal":0.019982,"days":5,"spread":0.166667,"streak":2,"rank_m":129384,"pct_m":0.137562,"gas_method":"exact"},"2025-05":{"txs":2,"uniq":2,"trade":0,"nft":6,"gas":0.000014,"bal":0.018257,"days":1,"spread":0.032258,"streak":1,"rank_m":205323,"pct_m":0.218302,"gas_method":"estimated"},"2025-06":{"txs":2,"uniq":1,"trade":6,"nft":0,"gas":0.000014,"bal":0.014706,"days":1,"spread":0.033333,"streak":1,"rank_m":249111,"pct_m":0.264858,"gas_method":"estimated"},"2025-07":{"txs":0,"uniq":0,"trade":0,"nft":1,"gas":0,"bal":0.014706,"days":0,"spread":0,"streak":0,"rank_m":406341,"pct_m":0.432028},"2025-08":{"txs":0,"uniq":0,"trade":0,"nft":2,"gas":0,"bal":0.014706,"days":0,"spread":0,"streak":0,"rank_m":376407,"pct_m":0.400202},"2025-09":{"txs":3,"uniq":2,"trade":0,"nft":0,"gas":0.000021,"bal":0.014709,"days":1,"spread":0.033333,"streak":1,"rank_m":289073,"pct_m":0.307347,"gas_method":"estimated"},"2025-10":{"txs":7,"uniq":5,"trade":0,"nft":0,"gas":0.000049,"bal":0.078644,"days":4,"spread":0.129032,"streak":2,"rank_m":46639,"pct_m":0.049586,"gas_method":"estimated"}}}