{"wallet":"0xc4574920b2aa2857fb436f0acb1a0e88ded34c57","rank":72522,"lifetime":{"months_active":22,"first":"2023-07","last":"2025-10","tx_sum":368,"uniq_sum":179,"trade_sum":30,"nft_sum":74,"gas_sum":0.006368,"avg_balance_eth_mean":0.012812,"streak_best_days":5,"gas_sum_filled":0.006368},"months":{"2023-07":{"txs":1,"uniq":1,"trade":0,"nft":2,"gas":0.000101,"bal":0.000125,"days":1,"spread":0.032258,"streak":1,"rank_m":37399,"pct_m":0.039762,"gas_method":"estimated"},"2023-08":{"txs":15,"uniq":7,"trade":0,"nft":1,"gas":0.002481,"bal":0.04839,"days":7,"spread":0.225806,"streak":2,"rank_m":54114,"pct_m":0.057534,"gas_method":"exact"},"2023-09":{"txs":21,"uniq":16,"trade":0,"nft":9,"gas":0.001369,"bal":0.03845,"days":6,"spread":0.2,"streak":2,"rank_m":12620,"pct_m":0.013417,"gas_method":"exact"},"2023-10":{"txs":3,"uniq":3,"trade":0,"nft":3,"gas":0.000024,"bal":0.034688,"days":2,"spread":0.064516,"streak":1,"rank_m":57076,"pct_m":0.060683,"gas_method":"estimated"},"2023-11":{"txs":10,"uniq":8,"trade":1,"nft":0,"gas":0.000078,"bal":0.00504,"days":5,"spread":0.166667,"streak":2,"rank_m":23570,"pct_m":0.025059,"gas_method":"exact"},"2023-12":{"txs":22,"uniq":9,"trade":5,"nft":0,"gas":0.000564,"bal":0.06809,"days":5,"spread":0.16129,"streak":2,"rank_m":8861,"pct_m":0.00942,"gas_method":"estimated"},"2024-01":{"txs":24,"uniq":4,"trade":0,"nft":0,"gas":0.000573,"bal":0.011582,"days":6,"spread":0.193548,"streak":3,"rank_m":57265,"pct_m":0.060884,"gas_method":"estimated"},"2024-02":{"txs":24,"uniq":10,"trade":0,"nft":5,"gas":0.000045,"bal":0.007518,"days":12,"spread":0.413793,"streak":5,"rank_m":26259,"pct_m":0.027918,"gas_method":"exact"},"2024-03":{"txs":11,"uniq":8,"trade":7,"nft":4,"gas":0.000305,"bal":0.006084,"days":6,"spread":0.193548,"streak":3,"rank_m":85210,"pct_m":0.090596,"gas_method":"exact"},"2024-04":{"txs":109,"uniq":31,"trade":11,"nft":22,"gas":0.000272,"bal":0.01236,"days":12,"spread":0.4,"streak":4,"rank_m":39937,"pct_m":0.042461,"gas_method":"estimated"},"2024-05":{"txs":30,"uniq":17,"trade":0,"nft":4,"gas":0.000025,"bal":0.012583,"days":14,"spread":0.451613,"streak":3,"rank_m":76132,"pct_m":0.080944,"gas_method":"estimated"},"2024-06":{"txs":23,"uniq":15,"trade":0,"nft":7,"gas":0.000002,"bal":0.010527,"days":13,"spread":0.433333,"streak":5,"rank_m":43774,"pct_m":0.04654,"gas_method":"exact"},"2024-07":{"txs":8,"uniq":6,"trade":0,"nft":2,"gas":0.000001,"bal":0.007301,"days":4,"spread":0.129032,"streak":1,"rank_m":223956,"pct_m":0.238113,"gas_method":"estimated"},"2024-08":{"txs":19,"uniq":16,"trade":1,"nft":11,"gas":0.000002,"bal":0.006837,"days":6,"spread":0.193548,"streak":1,"rank_m":133791,"pct_m":0.142248,"gas_method":"estimated"},"2024-09":{"txs":10,"uniq":8,"trade":0,"nft":0,"gas":0,"bal":0.007575,"days":3,"spread":0.1,"streak":2,"rank_m":196966,"pct_m":0.209417,"gas_method":"estimated"},"2024-10":{"txs":11,"uniq":4,"trade":5,"nft":4,"gas":0.000001,"bal":0.008652,"days":8,"spread":0.258065,"streak":3,"rank_m":128440,"pct_m":0.136559,"gas_method":"estimated"},"2024-11":{"txs":1,"uniq":1,"trade":0,"nft":0,"gas":0.000002,"bal":0.008039,"days":1,"spread":0.033333,"streak":1,"rank_m":432857,"pct_m":0.46022,"gas_method":"exact"},"2024-12":{"txs":19,"uniq":8,"trade":0,"nft":0,"gas":0.000419,"bal":0.007122,"days":3,"spread":0.096774,"streak":2,"rank_m":247780,"pct_m":0.263443,"gas_method":"exact"},"2025-01":{"txs":3,"uniq":3,"trade":0,"nft":0,"gas":0.000078,"bal":0.006701,"days":1,"spread":0.032258,"streak":1,"rank_m":421834,"pct_m":0.4485,"gas_method":"exact"},"2025-02":{"txs":1,"uniq":1,"trade":0,"nft":0,"gas":0.000007,"bal":0.006092,"days":1,"spread":0.035714,"streak":1,"rank_m":445064,"pct_m":0.473199,"gas_method":"exact"},"2025-03":{"txs":0,"uniq":0,"trade":0,"nft":0,"gas":0,"bal":0.006092,"days":0,"spread":0,"streak":0,"rank_m":563106,"pct_m":0.598703},"2025-04":{"txs":2,"uniq":2,"trade":0,"nft":0,"gas":0.000012,"bal":0.005692,"days":1,"spread":0.033333,"streak":1,"rank_m":417199,"pct_m":0.443572,"gas_method":"exact"},"2025-05":{"txs":0,"uniq":0,"trade":0,"nft":0,"gas":0,"bal":0.005692,"days":0,"spread":0,"streak":0,"rank_m":528475,"pct_m":0.561883},"2025-06":{"txs":0,"uniq":0,"trade":0,"nft":0,"gas":0,"bal":0.005692,"days":0,"spread":0,"streak":0,"rank_m":533308,"pct_m":0.567022},"2025-07":{"txs":0,"uniq":0,"trade":0,"nft":0,"gas":0,"bal":0.005692,"days":0,"spread":0,"streak":0,"rank_m":556364,"pct_m":0.591535},"2025-08":{"txs":0,"uniq":0,"trade":0,"nft":0,"gas":0,"bal":0.005692,"days":0,"spread":0,"streak":0,"rank_m":528890,"pct_m":0.562324},"2025-09":{"txs":1,"uniq":1,"trade":0,"nft":0,"gas":0.000007,"bal":0.005211,"days":1,"spread":0.033333,"streak":1,"rank_m":386557,"pct_m":0.410993,"gas_method":"estimated"},"2025-10":{"txs":0,"uniq":0,"trade":0,"nft":0,"gas":0,"bal":0.005211,"days":0,"spread":0,"streak":0,"rank_m":428201,"pct_m":0.45527}}}