{"wallet":"0xc4f7dd795a2c02e427baafc379d3522586d0fcb5","rank":105783,"lifetime":{"months_active":24,"first":"2023-07","last":"2025-10","tx_sum":517,"uniq_sum":222,"trade_sum":9,"nft_sum":70,"gas_sum":0.008997,"avg_balance_eth_mean":0.000509,"streak_best_days":13,"gas_sum_filled":0.008997},"months":{"2023-07":{"txs":11,"uniq":5,"trade":0,"nft":3,"gas":0.000059,"bal":0.000272,"days":3,"spread":0.096774,"streak":2,"rank_m":7556,"pct_m":0.008033,"gas_method":"exact"},"2023-08":{"txs":14,"uniq":13,"trade":0,"nft":6,"gas":0.001755,"bal":0.000726,"days":8,"spread":0.258065,"streak":2,"rank_m":64185,"pct_m":0.068242,"gas_method":"exact"},"2023-09":{"txs":0,"uniq":0,"trade":0,"nft":0,"gas":0,"bal":0.000726,"days":0,"spread":0,"streak":0,"rank_m":187157,"pct_m":0.198988},"2023-10":{"txs":0,"uniq":0,"trade":0,"nft":0,"gas":0,"bal":0.000726,"days":0,"spread":0,"streak":0,"rank_m":190696,"pct_m":0.20275},"2023-11":{"txs":3,"uniq":1,"trade":0,"nft":0,"gas":0.000032,"bal":0.00018,"days":2,"spread":0.066667,"streak":2,"rank_m":148520,"pct_m":0.157908,"gas_method":"estimated"},"2023-12":{"txs":1,"uniq":1,"trade":0,"nft":1,"gas":0.00002,"bal":0.000679,"days":1,"spread":0.032258,"streak":1,"rank_m":164351,"pct_m":0.17474,"gas_method":"estimated"},"2024-01":{"txs":1,"uniq":1,"trade":0,"nft":4,"gas":0.000022,"bal":0.000263,"days":1,"spread":0.032258,"streak":1,"rank_m":147759,"pct_m":0.157099,"gas_method":"exact"},"2024-02":{"txs":148,"uniq":31,"trade":0,"nft":21,"gas":0.005554,"bal":0.008903,"days":17,"spread":0.586207,"streak":13,"rank_m":4929,"pct_m":0.00524,"gas_method":"exact"},"2024-03":{"txs":40,"uniq":24,"trade":0,"nft":11,"gas":0.000631,"bal":0.00013,"days":13,"spread":0.419355,"streak":3,"rank_m":142659,"pct_m":0.151677,"gas_method":"estimated"},"2024-04":{"txs":116,"uniq":57,"trade":0,"nft":13,"gas":0.00003,"bal":0.000038,"days":15,"spread":0.5,"streak":7,"rank_m":93261,"pct_m":0.099156,"gas_method":"exact"},"2024-05":{"txs":26,"uniq":13,"trade":2,"nft":3,"gas":0.000003,"bal":0.000902,"days":10,"spread":0.322581,"streak":3,"rank_m":121667,"pct_m":0.129357,"gas_method":"exact"},"2024-06":{"txs":9,"uniq":4,"trade":0,"nft":2,"gas":0,"bal":0.000319,"days":4,"spread":0.133333,"streak":2,"rank_m":352528,"pct_m":0.374813,"gas_method":"estimated"},"2024-07":{"txs":0,"uniq":0,"trade":0,"nft":0,"gas":0,"bal":0.000319,"days":0,"spread":0,"streak":0,"rank_m":564667,"pct_m":0.600363},"2024-08":{"txs":24,"uniq":10,"trade":0,"nft":0,"gas":0.000004,"bal":0.000008,"days":8,"spread":0.258065,"streak":2,"rank_m":237268,"pct_m":0.252267,"gas_method":"exact"},"2024-09":{"txs":5,"uniq":2,"trade":0,"nft":1,"gas":0,"bal":0,"days":2,"spread":0.066667,"streak":1,"rank_m":437124,"pct_m":0.464757,"gas_method":"estimated"},"2024-10":{"txs":6,"uniq":4,"trade":0,"nft":2,"gas":0,"bal":0,"days":2,"spread":0.064516,"streak":2,"rank_m":453320,"pct_m":0.481977,"gas_method":"estimated"},"2024-11":{"txs":0,"uniq":0,"trade":0,"nft":0,"gas":0,"bal":0,"days":0,"spread":0,"streak":0,"rank_m":706384,"pct_m":0.751039},"2024-12":{"txs":6,"uniq":4,"trade":0,"nft":0,"gas":0.00011,"bal":0,"days":2,"spread":0.064516,"streak":1,"rank_m":509820,"pct_m":0.542049,"gas_method":"exact"},"2025-01":{"txs":5,"uniq":4,"trade":0,"nft":0,"gas":0.000104,"bal":0.000001,"days":2,"spread":0.064516,"streak":1,"rank_m":496108,"pct_m":0.52747,"gas_method":"exact"},"2025-02":{"txs":3,"uniq":2,"trade":0,"nft":1,"gas":0.000014,"bal":0.000004,"days":1,"spread":0.035714,"streak":1,"rank_m":470906,"pct_m":0.500675,"gas_method":"exact"},"2025-03":{"txs":7,"uniq":5,"trade":1,"nft":0,"gas":0.000047,"bal":0.000008,"days":2,"spread":0.064516,"streak":1,"rank_m":365659,"pct_m":0.388774,"gas_method":"exact"},"2025-04":{"txs":16,"uniq":8,"trade":1,"nft":0,"gas":0.000078,"bal":0,"days":4,"spread":0.133333,"streak":2,"rank_m":281799,"pct_m":0.299613,"gas_method":"exact"},"2025-05":{"txs":17,"uniq":9,"trade":0,"nft":0,"gas":0.00012,"bal":0.000041,"days":6,"spread":0.193548,"streak":1,"rank_m":487236,"pct_m":0.518037,"gas_method":"estimated"},"2025-06":{"txs":24,"uniq":8,"trade":4,"nft":0,"gas":0.000169,"bal":0,"days":6,"spread":0.2,"streak":1,"rank_m":440901,"pct_m":0.468773,"gas_method":"estimated"},"2025-07":{"txs":10,"uniq":4,"trade":0,"nft":1,"gas":0.00007,"bal":0.000001,"days":2,"spread":0.064516,"streak":1,"rank_m":539387,"pct_m":0.573485,"gas_method":"estimated"},"2025-08":{"txs":9,"uniq":5,"trade":0,"nft":1,"gas":0.000063,"bal":0,"days":3,"spread":0.096774,"streak":1,"rank_m":516407,"pct_m":0.549052,"gas_method":"estimated"},"2025-09":{"txs":11,"uniq":4,"trade":0,"nft":0,"gas":0.000077,"bal":0,"days":2,"spread":0.066667,"streak":1,"rank_m":618936,"pct_m":0.658063,"gas_method":"estimated"},"2025-10":{"txs":5,"uniq":3,"trade":1,"nft":0,"gas":0.000035,"bal":0.000009,"days":1,"spread":0.032258,"streak":1,"rank_m":391677,"pct_m":0.416437,"gas_method":"estimated"}}}