{"wallet":"0xc48e4235b04f57c0f9ab3e00133ed0733263264d","rank":331601,"lifetime":{"months_active":14,"first":"2023-07","last":"2025-10","tx_sum":228,"uniq_sum":82,"trade_sum":3,"nft_sum":13,"gas_sum":0.002268,"avg_balance_eth_mean":0.034375,"streak_best_days":3,"gas_sum_filled":0.002268},"months":{"2023-07":{"txs":3,"uniq":2,"trade":0,"nft":1,"gas":0.000855,"bal":0.000378,"days":1,"spread":0.032258,"streak":1,"rank_m":27354,"pct_m":0.029082,"gas_method":"estimated"},"2023-08":{"txs":2,"uniq":4,"trade":0,"nft":1,"gas":0.000306,"bal":0.000683,"days":2,"spread":0.064516,"streak":1,"rank_m":126164,"pct_m":0.134139,"gas_method":"exact"},"2023-09":{"txs":0,"uniq":0,"trade":0,"nft":0,"gas":0,"bal":0.000683,"days":0,"spread":0,"streak":0,"rank_m":188396,"pct_m":0.200305},"2023-10":{"txs":0,"uniq":0,"trade":0,"nft":0,"gas":0,"bal":0.000683,"days":0,"spread":0,"streak":0,"rank_m":192428,"pct_m":0.204592},"2023-11":{"txs":0,"uniq":0,"trade":0,"nft":0,"gas":0,"bal":0.000683,"days":0,"spread":0,"streak":0,"rank_m":199491,"pct_m":0.212101},"2023-12":{"txs":0,"uniq":0,"trade":0,"nft":0,"gas":0,"bal":0.000683,"days":0,"spread":0,"streak":0,"rank_m":222012,"pct_m":0.236046},"2024-01":{"txs":0,"uniq":0,"trade":0,"nft":0,"gas":0,"bal":0.000683,"days":0,"spread":0,"streak":0,"rank_m":228803,"pct_m":0.243266},"2024-02":{"txs":0,"uniq":0,"trade":0,"nft":0,"gas":0,"bal":0.000683,"days":0,"spread":0,"streak":0,"rank_m":296564,"pct_m":0.315311},"2024-03":{"txs":3,"uniq":2,"trade":0,"nft":0,"gas":0.000171,"bal":0.001267,"days":2,"spread":0.064516,"streak":1,"rank_m":316152,"pct_m":0.336137,"gas_method":"estimated"},"2024-04":{"txs":2,"uniq":1,"trade":0,"nft":0,"gas":0.000014,"bal":0.00551,"days":2,"spread":0.066667,"streak":2,"rank_m":372686,"pct_m":0.396245,"gas_method":"estimated"},"2024-05":{"txs":1,"uniq":1,"trade":0,"nft":1,"gas":0.000002,"bal":0.005301,"days":1,"spread":0.032258,"streak":1,"rank_m":396509,"pct_m":0.421574,"gas_method":"estimated"},"2024-06":{"txs":27,"uniq":11,"trade":0,"nft":3,"gas":0.000002,"bal":0.006514,"days":4,"spread":0.133333,"streak":3,"rank_m":144027,"pct_m":0.153131,"gas_method":"estimated"},"2024-07":{"txs":19,"uniq":9,"trade":0,"nft":2,"gas":0.000007,"bal":0.052023,"days":3,"spread":0.096774,"streak":1,"rank_m":128616,"pct_m":0.136746,"gas_method":"estimated"},"2024-08":{"txs":6,"uniq":6,"trade":0,"nft":1,"gas":0.000002,"bal":0.061471,"days":3,"spread":0.096774,"streak":1,"rank_m":209174,"pct_m":0.222396,"gas_method":"estimated"},"2024-09":{"txs":35,"uniq":8,"trade":1,"nft":1,"gas":0.000004,"bal":0.06756,"days":5,"spread":0.166667,"streak":3,"rank_m":30249,"pct_m":0.03216,"gas_method":"estimated"},"2024-10":{"txs":50,"uniq":10,"trade":1,"nft":3,"gas":0.000005,"bal":0.106782,"days":6,"spread":0.193548,"streak":2,"rank_m":35560,"pct_m":0.037807,"gas_method":"exact"},"2024-11":{"txs":38,"uniq":9,"trade":1,"nft":0,"gas":0.000085,"bal":0.102162,"days":5,"spread":0.166667,"streak":2,"rank_m":70518,"pct_m":0.074975,"gas_method":"exact"},"2024-12":{"txs":25,"uniq":9,"trade":0,"nft":0,"gas":0.000551,"bal":0.083662,"days":8,"spread":0.258065,"streak":2,"rank_m":131047,"pct_m":0.13933,"gas_method":"exact"},"2025-01":{"txs":9,"uniq":5,"trade":0,"nft":0,"gas":0.000208,"bal":0.05813,"days":3,"spread":0.096774,"streak":2,"rank_m":240058,"pct_m":0.255233,"gas_method":"exact"},"2025-02":{"txs":0,"uniq":0,"trade":0,"nft":0,"gas":0,"bal":0.05813,"days":0,"spread":0,"streak":0,"rank_m":509297,"pct_m":0.541493},"2025-03":{"txs":0,"uniq":0,"trade":0,"nft":0,"gas":0,"bal":0.05813,"days":0,"spread":0,"streak":0,"rank_m":482272,"pct_m":0.512759},"2025-04":{"txs":0,"uniq":0,"trade":0,"nft":0,"gas":0,"bal":0.05813,"days":0,"spread":0,"streak":0,"rank_m":523554,"pct_m":0.556651},"2025-05":{"txs":0,"uniq":0,"trade":0,"nft":0,"gas":0,"bal":0.05813,"days":0,"spread":0,"streak":0,"rank_m":359930,"pct_m":0.382683},"2025-06":{"txs":0,"uniq":0,"trade":0,"nft":0,"gas":0,"bal":0.05813,"days":0,"spread":0,"streak":0,"rank_m":363797,"pct_m":0.386794},"2025-07":{"txs":0,"uniq":0,"trade":0,"nft":0,"gas":0,"bal":0.05813,"days":0,"spread":0,"streak":0,"rank_m":388981,"pct_m":0.41357},"2025-08":{"txs":0,"uniq":0,"trade":0,"nft":0,"gas":0,"bal":0.05813,"days":0,"spread":0,"streak":0,"rank_m":364919,"pct_m":0.387987},"2025-09":{"txs":8,"uniq":5,"trade":0,"nft":0,"gas":0.000056,"bal":0.000032,"days":1,"spread":0.033333,"streak":1,"rank_m":590400,"pct_m":0.627723,"gas_method":"estimated"},"2025-10":{"txs":0,"uniq":0,"trade":0,"nft":0,"gas":0,"bal":0.000032,"days":0,"spread":0,"streak":0,"rank_m":800513,"pct_m":0.851119}}}