{"wallet":"0xc4a625d88bbe85c854d2a3d66921adc1bc895dc4","rank":174202,"lifetime":{"months_active":26,"first":"2023-07","last":"2025-10","tx_sum":251,"uniq_sum":160,"trade_sum":2,"nft_sum":71,"gas_sum":0.002634,"avg_balance_eth_mean":0.004727,"streak_best_days":7,"gas_sum_filled":0.002634},"months":{"2023-07":{"txs":0,"uniq":0,"trade":0,"nft":0,"gas":0,"bal":0,"days":0,"spread":0,"streak":0,"rank_m":257537,"pct_m":0.273817},"2023-08":{"txs":8,"uniq":6,"trade":0,"nft":3,"gas":0.000482,"bal":0.000011,"days":1,"spread":0.032258,"streak":1,"rank_m":121095,"pct_m":0.128749,"gas_method":"exact"},"2023-09":{"txs":5,"uniq":3,"trade":0,"nft":1,"gas":0.000133,"bal":0.000363,"days":1,"spread":0.033333,"streak":1,"rank_m":103630,"pct_m":0.11018,"gas_method":"exact"},"2023-10":{"txs":7,"uniq":4,"trade":1,"nft":0,"gas":0.000238,"bal":0.000174,"days":1,"spread":0.032258,"streak":1,"rank_m":79491,"pct_m":0.084515,"gas_method":"exact"},"2023-11":{"txs":5,"uniq":1,"trade":0,"nft":0,"gas":0.000193,"bal":0.000245,"days":2,"spread":0.066667,"streak":1,"rank_m":147771,"pct_m":0.157112,"gas_method":"estimated"},"2023-12":{"txs":0,"uniq":0,"trade":0,"nft":0,"gas":0,"bal":0.000245,"days":0,"spread":0,"streak":0,"rank_m":243136,"pct_m":0.258505},"2024-01":{"txs":2,"uniq":2,"trade":0,"nft":1,"gas":0.000135,"bal":0.000756,"days":1,"spread":0.032258,"streak":1,"rank_m":156631,"pct_m":0.166532,"gas_method":"estimated"},"2024-02":{"txs":4,"uniq":2,"trade":0,"nft":3,"gas":0.000152,"bal":0.001926,"days":2,"spread":0.068966,"streak":1,"rank_m":177756,"pct_m":0.188992,"gas_method":"estimated"},"2024-03":{"txs":2,"uniq":1,"trade":0,"nft":1,"gas":0.000114,"bal":0.00902,"days":1,"spread":0.032258,"streak":1,"rank_m":267151,"pct_m":0.284039,"gas_method":"estimated"},"2024-04":{"txs":23,"uniq":6,"trade":0,"nft":7,"gas":0.000162,"bal":0.007969,"days":7,"spread":0.233333,"streak":4,"rank_m":179727,"pct_m":0.191088,"gas_method":"estimated"},"2024-05":{"txs":3,"uniq":2,"trade":0,"nft":0,"gas":0.000007,"bal":0.006322,"days":2,"spread":0.064516,"streak":1,"rank_m":379848,"pct_m":0.40386,"gas_method":"estimated"},"2024-06":{"txs":8,"uniq":6,"trade":0,"nft":1,"gas":0.000001,"bal":0.006052,"days":3,"spread":0.1,"streak":1,"rank_m":274035,"pct_m":0.291358,"gas_method":"estimated"},"2024-07":{"txs":26,"uniq":20,"trade":0,"nft":20,"gas":0.000009,"bal":0.004943,"days":6,"spread":0.193548,"streak":2,"rank_m":105532,"pct_m":0.112202,"gas_method":"estimated"},"2024-08":{"txs":23,"uniq":18,"trade":0,"nft":21,"gas":0.000006,"bal":0.003701,"days":8,"spread":0.258065,"streak":2,"rank_m":134345,"pct_m":0.142837,"gas_method":"estimated"},"2024-09":{"txs":11,"uniq":6,"trade":0,"nft":2,"gas":0.000001,"bal":0.006303,"days":8,"spread":0.266667,"streak":3,"rank_m":135586,"pct_m":0.144156,"gas_method":"estimated"},"2024-10":{"txs":13,"uniq":7,"trade":0,"nft":2,"gas":0.000003,"bal":0.0076,"days":7,"spread":0.225806,"streak":3,"rank_m":157634,"pct_m":0.167598,"gas_method":"estimated"},"2024-11":{"txs":5,"uniq":3,"trade":0,"nft":1,"gas":0.000009,"bal":0.003869,"days":5,"spread":0.166667,"streak":2,"rank_m":292339,"pct_m":0.310819,"gas_method":"exact"},"2024-12":{"txs":8,"uniq":8,"trade":0,"nft":0,"gas":0.000176,"bal":0.002539,"days":4,"spread":0.129032,"streak":1,"rank_m":346907,"pct_m":0.368837,"gas_method":"exact"},"2025-01":{"txs":13,"uniq":3,"trade":0,"nft":0,"gas":0.000286,"bal":0.000208,"days":9,"spread":0.290323,"streak":5,"rank_m":319783,"pct_m":0.339998,"gas_method":"exact"},"2025-02":{"txs":8,"uniq":2,"trade":0,"nft":0,"gas":0.000028,"bal":0.00037,"days":2,"spread":0.071429,"streak":1,"rank_m":412194,"pct_m":0.438251,"gas_method":"exact"},"2025-03":{"txs":4,"uniq":2,"trade":0,"nft":0,"gas":0.000032,"bal":0.000541,"days":4,"spread":0.129032,"streak":1,"rank_m":382828,"pct_m":0.407029,"gas_method":"exact"},"2025-04":{"txs":27,"uniq":24,"trade":1,"nft":0,"gas":0.000145,"bal":0.000525,"days":10,"spread":0.333333,"streak":7,"rank_m":95822,"pct_m":0.101879,"gas_method":"exact"},"2025-05":{"txs":8,"uniq":4,"trade":0,"nft":0,"gas":0.000056,"bal":0.006738,"days":5,"spread":0.16129,"streak":3,"rank_m":167191,"pct_m":0.177759,"gas_method":"estimated"},"2025-06":{"txs":7,"uniq":7,"trade":0,"nft":0,"gas":0.000049,"bal":0.014744,"days":5,"spread":0.166667,"streak":2,"rank_m":170501,"pct_m":0.181279,"gas_method":"estimated"},"2025-07":{"txs":8,"uniq":8,"trade":0,"nft":6,"gas":0.000056,"bal":0.014413,"days":3,"spread":0.096774,"streak":2,"rank_m":147235,"pct_m":0.156542,"gas_method":"estimated"},"2025-08":{"txs":7,"uniq":6,"trade":0,"nft":0,"gas":0.000049,"bal":0.010968,"days":5,"spread":0.16129,"streak":1,"rank_m":214461,"pct_m":0.228018,"gas_method":"estimated"},"2025-09":{"txs":9,"uniq":7,"trade":0,"nft":2,"gas":0.000063,"bal":0.009016,"days":5,"spread":0.166667,"streak":1,"rank_m":165954,"pct_m":0.176444,"gas_method":"estimated"},"2025-10":{"txs":7,"uniq":2,"trade":0,"nft":0,"gas":0.000049,"bal":0.012785,"days":3,"spread":0.096774,"streak":2,"rank_m":124808,"pct_m":0.132697,"gas_method":"estimated"}}}