{"wallet":"0xc484e0152e13f9d68f11e1f0f634bfdda7005f74","rank":563364,"lifetime":{"months_active":17,"first":"2023-07","last":"2025-10","tx_sum":130,"uniq_sum":63,"trade_sum":1,"nft_sum":11,"gas_sum":0.002834,"avg_balance_eth_mean":0.002022,"streak_best_days":4,"gas_sum_filled":0.002834},"months":{"2023-07":{"txs":3,"uniq":2,"trade":0,"nft":1,"gas":0.000203,"bal":0.000174,"days":1,"spread":0.032258,"streak":1,"rank_m":23370,"pct_m":0.024846,"gas_method":"exact"},"2023-08":{"txs":13,"uniq":9,"trade":0,"nft":4,"gas":0.00098,"bal":0.000803,"days":5,"spread":0.16129,"streak":2,"rank_m":79075,"pct_m":0.084073,"gas_method":"exact"},"2023-09":{"txs":0,"uniq":0,"trade":0,"nft":0,"gas":0,"bal":0.000803,"days":0,"spread":0,"streak":0,"rank_m":186030,"pct_m":0.197789},"2023-10":{"txs":0,"uniq":0,"trade":0,"nft":0,"gas":0,"bal":0.000803,"days":0,"spread":0,"streak":0,"rank_m":188807,"pct_m":0.200742},"2023-11":{"txs":0,"uniq":0,"trade":0,"nft":0,"gas":0,"bal":0.000803,"days":0,"spread":0,"streak":0,"rank_m":195283,"pct_m":0.207627},"2023-12":{"txs":0,"uniq":0,"trade":0,"nft":0,"gas":0,"bal":0.000803,"days":0,"spread":0,"streak":0,"rank_m":217451,"pct_m":0.231197},"2024-01":{"txs":0,"uniq":0,"trade":0,"nft":0,"gas":0,"bal":0.000803,"days":0,"spread":0,"streak":0,"rank_m":224559,"pct_m":0.238754},"2024-02":{"txs":0,"uniq":0,"trade":0,"nft":0,"gas":0,"bal":0.000803,"days":0,"spread":0,"streak":0,"rank_m":295220,"pct_m":0.313882},"2024-03":{"txs":2,"uniq":2,"trade":0,"nft":2,"gas":0.000078,"bal":0.000354,"days":2,"spread":0.064516,"streak":1,"rank_m":319962,"pct_m":0.340188,"gas_method":"estimated"},"2024-04":{"txs":1,"uniq":1,"trade":0,"nft":1,"gas":0.000005,"bal":0.000303,"days":1,"spread":0.033333,"streak":1,"rank_m":439829,"pct_m":0.467633,"gas_method":"estimated"},"2024-05":{"txs":0,"uniq":0,"trade":0,"nft":0,"gas":0,"bal":0.000303,"days":0,"spread":0,"streak":0,"rank_m":516362,"pct_m":0.549004},"2024-06":{"txs":2,"uniq":2,"trade":0,"nft":1,"gas":0,"bal":0.000301,"days":2,"spread":0.066667,"streak":1,"rank_m":445512,"pct_m":0.473675,"gas_method":"estimated"},"2024-07":{"txs":0,"uniq":0,"trade":0,"nft":0,"gas":0,"bal":0.000301,"days":0,"spread":0,"streak":0,"rank_m":565536,"pct_m":0.601287},"2024-08":{"txs":0,"uniq":0,"trade":0,"nft":0,"gas":0,"bal":0.000301,"days":0,"spread":0,"streak":0,"rank_m":585404,"pct_m":0.622411},"2024-09":{"txs":1,"uniq":1,"trade":0,"nft":0,"gas":0,"bal":0.000256,"days":1,"spread":0.033333,"streak":1,"rank_m":486127,"pct_m":0.516858,"gas_method":"estimated"},"2024-10":{"txs":2,"uniq":2,"trade":1,"nft":1,"gas":0,"bal":0.000246,"days":2,"spread":0.064516,"streak":1,"rank_m":428738,"pct_m":0.455841,"gas_method":"estimated"},"2024-11":{"txs":1,"uniq":1,"trade":0,"nft":0,"gas":0.000002,"bal":0.000592,"days":1,"spread":0.033333,"streak":1,"rank_m":489586,"pct_m":0.520536,"gas_method":"exact"},"2024-12":{"txs":17,"uniq":7,"trade":0,"nft":0,"gas":0.000375,"bal":0.000594,"days":4,"spread":0.129032,"streak":1,"rank_m":336981,"pct_m":0.358283,"gas_method":"exact"},"2025-01":{"txs":37,"uniq":14,"trade":0,"nft":0,"gas":0.000831,"bal":0.01365,"days":10,"spread":0.322581,"streak":4,"rank_m":72862,"pct_m":0.077467,"gas_method":"exact"},"2025-02":{"txs":23,"uniq":10,"trade":0,"nft":0,"gas":0.000162,"bal":0.013469,"days":6,"spread":0.214286,"streak":2,"rank_m":89385,"pct_m":0.095035,"gas_method":"exact"},"2025-03":{"txs":6,"uniq":3,"trade":0,"nft":0,"gas":0.000047,"bal":0.0013,"days":2,"spread":0.064516,"streak":1,"rank_m":343177,"pct_m":0.364871,"gas_method":"exact"},"2025-04":{"txs":3,"uniq":3,"trade":0,"nft":0,"gas":0.000018,"bal":0.001088,"days":2,"spread":0.066667,"streak":1,"rank_m":418094,"pct_m":0.444524,"gas_method":"exact"},"2025-05":{"txs":13,"uniq":2,"trade":0,"nft":0,"gas":0.000091,"bal":0.006301,"days":2,"spread":0.064516,"streak":1,"rank_m":249795,"pct_m":0.265585,"gas_method":"estimated"},"2025-06":{"txs":4,"uniq":2,"trade":0,"nft":0,"gas":0.000028,"bal":0.0094,"days":3,"spread":0.1,"streak":1,"rank_m":292131,"pct_m":0.310598,"gas_method":"estimated"},"2025-07":{"txs":1,"uniq":1,"trade":0,"nft":1,"gas":0.000007,"bal":0.000466,"days":1,"spread":0.032258,"streak":1,"rank_m":501710,"pct_m":0.533426,"gas_method":"estimated"},"2025-08":{"txs":0,"uniq":0,"trade":0,"nft":0,"gas":0,"bal":0.000466,"days":0,"spread":0,"streak":0,"rank_m":716202,"pct_m":0.761478},"2025-09":{"txs":1,"uniq":1,"trade":0,"nft":0,"gas":0.000007,"bal":0.000561,"days":1,"spread":0.033333,"streak":1,"rank_m":534941,"pct_m":0.568758,"gas_method":"estimated"},"2025-10":{"txs":0,"uniq":0,"trade":0,"nft":0,"gas":0,"bal":0.000561,"days":0,"spread":0,"streak":0,"rank_m":609423,"pct_m":0.647948}}}