{"wallet":"0xc438e5d32f9381b59072b9a0c730cbac41575a4e","rank":659111,"lifetime":{"months_active":9,"first":"2023-07","last":"2025-10","tx_sum":171,"uniq_sum":61,"trade_sum":6,"nft_sum":32,"gas_sum":0.000226,"avg_balance_eth_mean":0.002603,"streak_best_days":5,"gas_sum_filled":0.000226},"months":{"2023-07":{"txs":0,"uniq":0,"trade":0,"nft":0,"gas":0,"bal":0,"days":0,"spread":0,"streak":0,"rank_m":258977,"pct_m":0.275348},"2023-08":{"txs":3,"uniq":2,"trade":0,"nft":1,"gas":0.000104,"bal":0.000179,"days":1,"spread":0.032258,"streak":1,"rank_m":142513,"pct_m":0.151521,"gas_method":"exact"},"2023-09":{"txs":1,"uniq":1,"trade":0,"nft":0,"gas":0.000004,"bal":0.000869,"days":1,"spread":0.033333,"streak":1,"rank_m":137515,"pct_m":0.146207,"gas_method":"estimated"},"2023-10":{"txs":0,"uniq":0,"trade":0,"nft":0,"gas":0,"bal":0.000869,"days":0,"spread":0,"streak":0,"rank_m":187201,"pct_m":0.199034},"2023-11":{"txs":0,"uniq":0,"trade":0,"nft":0,"gas":0,"bal":0.000869,"days":0,"spread":0,"streak":0,"rank_m":193346,"pct_m":0.205568},"2023-12":{"txs":1,"uniq":1,"trade":0,"nft":0,"gas":0.000004,"bal":0.000211,"days":1,"spread":0.032258,"streak":1,"rank_m":189009,"pct_m":0.200957,"gas_method":"estimated"},"2024-01":{"txs":0,"uniq":0,"trade":0,"nft":0,"gas":0,"bal":0.000211,"days":0,"spread":0,"streak":0,"rank_m":256295,"pct_m":0.272496},"2024-02":{"txs":0,"uniq":0,"trade":0,"nft":0,"gas":0,"bal":0.000211,"days":0,"spread":0,"streak":0,"rank_m":320172,"pct_m":0.340412},"2024-03":{"txs":14,"uniq":3,"trade":3,"nft":1,"gas":0.000042,"bal":0.000639,"days":3,"spread":0.096774,"streak":2,"rank_m":221617,"pct_m":0.235626,"gas_method":"estimated"},"2024-04":{"txs":79,"uniq":22,"trade":3,"nft":23,"gas":0.000029,"bal":0.030016,"days":15,"spread":0.5,"streak":5,"rank_m":33600,"pct_m":0.035723,"gas_method":"estimated"},"2024-05":{"txs":38,"uniq":22,"trade":0,"nft":7,"gas":0.000011,"bal":0.033092,"days":11,"spread":0.354839,"streak":5,"rank_m":34269,"pct_m":0.036434,"gas_method":"exact"},"2024-06":{"txs":31,"uniq":8,"trade":0,"nft":0,"gas":0.000004,"bal":0.000829,"days":5,"spread":0.166667,"streak":2,"rank_m":187442,"pct_m":0.199291,"gas_method":"exact"},"2024-07":{"txs":0,"uniq":0,"trade":0,"nft":0,"gas":0,"bal":0.000829,"days":0,"spread":0,"streak":0,"rank_m":547574,"pct_m":0.582189},"2024-08":{"txs":0,"uniq":0,"trade":0,"nft":0,"gas":0,"bal":0.000829,"days":0,"spread":0,"streak":0,"rank_m":564704,"pct_m":0.600402},"2024-09":{"txs":0,"uniq":0,"trade":0,"nft":0,"gas":0,"bal":0.000829,"days":0,"spread":0,"streak":0,"rank_m":552965,"pct_m":0.587921},"2024-10":{"txs":0,"uniq":0,"trade":0,"nft":0,"gas":0,"bal":0.000829,"days":0,"spread":0,"streak":0,"rank_m":599213,"pct_m":0.637093},"2024-11":{"txs":2,"uniq":1,"trade":0,"nft":0,"gas":0.000002,"bal":0.00017,"days":2,"spread":0.066667,"streak":2,"rank_m":476994,"pct_m":0.507147,"gas_method":"exact"},"2024-12":{"txs":0,"uniq":0,"trade":0,"nft":0,"gas":0,"bal":0.00017,"days":0,"spread":0,"streak":0,"rank_m":686993,"pct_m":0.730422},"2025-01":{"txs":2,"uniq":1,"trade":0,"nft":0,"gas":0.000026,"bal":0.000124,"days":1,"spread":0.032258,"streak":1,"rank_m":554866,"pct_m":0.589942,"gas_method":"exact"},"2025-02":{"txs":0,"uniq":0,"trade":0,"nft":0,"gas":0,"bal":0.000124,"days":0,"spread":0,"streak":0,"rank_m":720963,"pct_m":0.76654},"2025-03":{"txs":0,"uniq":0,"trade":0,"nft":0,"gas":0,"bal":0.000124,"days":0,"spread":0,"streak":0,"rank_m":730801,"pct_m":0.777},"2025-04":{"txs":0,"uniq":0,"trade":0,"nft":0,"gas":0,"bal":0.000124,"days":0,"spread":0,"streak":0,"rank_m":755920,"pct_m":0.803707},"2025-05":{"txs":0,"uniq":0,"trade":0,"nft":0,"gas":0,"bal":0.000124,"days":0,"spread":0,"streak":0,"rank_m":776066,"pct_m":0.825126},"2025-06":{"txs":0,"uniq":0,"trade":0,"nft":0,"gas":0,"bal":0.000124,"days":0,"spread":0,"streak":0,"rank_m":783908,"pct_m":0.833464},"2025-07":{"txs":0,"uniq":0,"trade":0,"nft":0,"gas":0,"bal":0.000124,"days":0,"spread":0,"streak":0,"rank_m":809400,"pct_m":0.860567},"2025-08":{"txs":0,"uniq":0,"trade":0,"nft":0,"gas":0,"bal":0.000124,"days":0,"spread":0,"streak":0,"rank_m":799283,"pct_m":0.849811},"2025-09":{"txs":0,"uniq":0,"trade":0,"nft":0,"gas":0,"bal":0.000124,"days":0,"spread":0,"streak":0,"rank_m":793853,"pct_m":0.844038},"2025-10":{"txs":0,"uniq":0,"trade":0,"nft":0,"gas":0,"bal":0.000124,"days":0,"spread":0,"streak":0,"rank_m":741937,"pct_m":0.78884}}}