{"wallet":"0xc4b24d2ac2a2ac5172366ac742dc616224c94769","rank":280717,"lifetime":{"months_active":21,"first":"2023-07","last":"2025-10","tx_sum":183,"uniq_sum":119,"trade_sum":5,"nft_sum":45,"gas_sum":0.001194,"avg_balance_eth_mean":0.005694,"streak_best_days":7,"gas_sum_filled":0.001194},"months":{"2023-07":{"txs":0,"uniq":0,"trade":0,"nft":0,"gas":0,"bal":0,"days":0,"spread":0,"streak":0,"rank_m":257362,"pct_m":0.273631},"2023-08":{"txs":2,"uniq":1,"trade":0,"nft":1,"gas":0.000061,"bal":0.000235,"days":1,"spread":0.032258,"streak":1,"rank_m":147206,"pct_m":0.156511,"gas_method":"exact"},"2023-09":{"txs":0,"uniq":0,"trade":0,"nft":0,"gas":0,"bal":0.000235,"days":0,"spread":0,"streak":0,"rank_m":200000,"pct_m":0.212643},"2023-10":{"txs":3,"uniq":2,"trade":0,"nft":1,"gas":0.000024,"bal":0.002367,"days":2,"spread":0.064516,"streak":1,"rank_m":100017,"pct_m":0.106339,"gas_method":"estimated"},"2023-11":{"txs":0,"uniq":0,"trade":0,"nft":0,"gas":0,"bal":0.002367,"days":0,"spread":0,"streak":0,"rank_m":178359,"pct_m":0.189633},"2023-12":{"txs":3,"uniq":2,"trade":0,"nft":0,"gas":0.000078,"bal":0.005088,"days":2,"spread":0.064516,"streak":1,"rank_m":110881,"pct_m":0.11789,"gas_method":"estimated"},"2024-01":{"txs":16,"uniq":9,"trade":4,"nft":1,"gas":0.000387,"bal":0.004577,"days":5,"spread":0.16129,"streak":2,"rank_m":42023,"pct_m":0.044679,"gas_method":"estimated"},"2024-02":{"txs":8,"uniq":5,"trade":0,"nft":2,"gas":0.000109,"bal":0.003049,"days":2,"spread":0.068966,"streak":1,"rank_m":145475,"pct_m":0.154671,"gas_method":"estimated"},"2024-03":{"txs":1,"uniq":1,"trade":0,"nft":0,"gas":0.00002,"bal":0.002684,"days":1,"spread":0.032258,"streak":1,"rank_m":320041,"pct_m":0.340272,"gas_method":"estimated"},"2024-04":{"txs":11,"uniq":7,"trade":1,"nft":1,"gas":0.000028,"bal":0.005523,"days":3,"spread":0.1,"streak":1,"rank_m":267606,"pct_m":0.284522,"gas_method":"estimated"},"2024-05":{"txs":43,"uniq":25,"trade":0,"nft":10,"gas":0.000036,"bal":0.005851,"days":13,"spread":0.419355,"streak":4,"rank_m":79050,"pct_m":0.084046,"gas_method":"estimated"},"2024-06":{"txs":6,"uniq":5,"trade":0,"nft":2,"gas":0,"bal":0.004661,"days":3,"spread":0.1,"streak":1,"rank_m":291769,"pct_m":0.310213,"gas_method":"estimated"},"2024-07":{"txs":2,"uniq":2,"trade":0,"nft":1,"gas":0,"bal":0.004194,"days":2,"spread":0.064516,"streak":1,"rank_m":357207,"pct_m":0.379788,"gas_method":"estimated"},"2024-08":{"txs":32,"uniq":23,"trade":0,"nft":23,"gas":0.000003,"bal":0.008732,"days":15,"spread":0.483871,"streak":7,"rank_m":51175,"pct_m":0.054409,"gas_method":"estimated"},"2024-09":{"txs":2,"uniq":1,"trade":0,"nft":1,"gas":0,"bal":0.010557,"days":1,"spread":0.033333,"streak":1,"rank_m":292746,"pct_m":0.311252,"gas_method":"estimated"},"2024-10":{"txs":2,"uniq":2,"trade":0,"nft":2,"gas":0,"bal":0.01052,"days":2,"spread":0.064516,"streak":1,"rank_m":308241,"pct_m":0.327726,"gas_method":"estimated"},"2024-11":{"txs":6,"uniq":5,"trade":0,"nft":0,"gas":0.000014,"bal":0.010322,"days":3,"spread":0.1,"streak":1,"rank_m":305280,"pct_m":0.324578,"gas_method":"exact"},"2024-12":{"txs":2,"uniq":2,"trade":0,"nft":0,"gas":0.000044,"bal":0.010115,"days":2,"spread":0.064516,"streak":1,"rank_m":449431,"pct_m":0.477842,"gas_method":"exact"},"2025-01":{"txs":5,"uniq":3,"trade":0,"nft":0,"gas":0.00013,"bal":0.009964,"days":2,"spread":0.064516,"streak":1,"rank_m":365820,"pct_m":0.388945,"gas_method":"exact"},"2025-02":{"txs":4,"uniq":3,"trade":0,"nft":0,"gas":0.000028,"bal":0.009755,"days":2,"spread":0.071429,"streak":1,"rank_m":327367,"pct_m":0.348061,"gas_method":"exact"},"2025-03":{"txs":3,"uniq":2,"trade":0,"nft":0,"gas":0.000024,"bal":0.008865,"days":2,"spread":0.064516,"streak":1,"rank_m":334786,"pct_m":0.355949,"gas_method":"exact"},"2025-04":{"txs":17,"uniq":7,"trade":0,"nft":0,"gas":0.000103,"bal":0.007699,"days":4,"spread":0.133333,"streak":1,"rank_m":156924,"pct_m":0.166843,"gas_method":"exact"},"2025-05":{"txs":6,"uniq":5,"trade":0,"nft":0,"gas":0.000042,"bal":0.005602,"days":3,"spread":0.096774,"streak":1,"rank_m":235426,"pct_m":0.250308,"gas_method":"estimated"},"2025-06":{"txs":0,"uniq":0,"trade":0,"nft":0,"gas":0,"bal":0.005602,"days":0,"spread":0,"streak":0,"rank_m":534661,"pct_m":0.56846},"2025-07":{"txs":9,"uniq":7,"trade":0,"nft":0,"gas":0.000063,"bal":0.005214,"days":1,"spread":0.032258,"streak":1,"rank_m":332281,"pct_m":0.353286,"gas_method":"estimated"},"2025-08":{"txs":0,"uniq":0,"trade":0,"nft":0,"gas":0,"bal":0.005214,"days":0,"spread":0,"streak":0,"rank_m":537788,"pct_m":0.571785},"2025-09":{"txs":0,"uniq":0,"trade":0,"nft":0,"gas":0,"bal":0.005214,"days":0,"spread":0,"streak":0,"rank_m":529024,"pct_m":0.562467},"2025-10":{"txs":0,"uniq":0,"trade":0,"nft":0,"gas":0,"bal":0.005214,"days":0,"spread":0,"streak":0,"rank_m":427886,"pct_m":0.454935}}}