{"wallet":"0xc483498be1f07e11e266c69d426e3389363ba395","rank":262154,"lifetime":{"months_active":23,"first":"2023-07","last":"2025-10","tx_sum":251,"uniq_sum":121,"trade_sum":2,"nft_sum":55,"gas_sum":0.00355,"avg_balance_eth_mean":0.002075,"streak_best_days":3,"gas_sum_filled":0.00355},"months":{"2023-07":{"txs":0,"uniq":0,"trade":0,"nft":0,"gas":0,"bal":0,"days":0,"spread":0,"streak":0,"rank_m":257969,"pct_m":0.274276},"2023-08":{"txs":18,"uniq":14,"trade":0,"nft":10,"gas":0.001178,"bal":0.001059,"days":7,"spread":0.225806,"streak":3,"rank_m":56993,"pct_m":0.060595,"gas_method":"exact"},"2023-09":{"txs":1,"uniq":1,"trade":0,"nft":1,"gas":0.00003,"bal":0.001027,"days":1,"spread":0.033333,"streak":1,"rank_m":128287,"pct_m":0.136396,"gas_method":"estimated"},"2023-10":{"txs":0,"uniq":0,"trade":0,"nft":0,"gas":0,"bal":0.001027,"days":0,"spread":0,"streak":0,"rank_m":182909,"pct_m":0.194471},"2023-11":{"txs":0,"uniq":0,"trade":0,"nft":0,"gas":0,"bal":0.001027,"days":0,"spread":0,"streak":0,"rank_m":188362,"pct_m":0.200269},"2023-12":{"txs":1,"uniq":1,"trade":0,"nft":1,"gas":0.000096,"bal":0.000502,"days":1,"spread":0.032258,"streak":1,"rank_m":135696,"pct_m":0.144273,"gas_method":"exact"},"2024-01":{"txs":2,"uniq":2,"trade":0,"nft":1,"gas":0.000078,"bal":0.000429,"days":2,"spread":0.064516,"streak":1,"rank_m":129909,"pct_m":0.138121,"gas_method":"exact"},"2024-02":{"txs":2,"uniq":1,"trade":0,"nft":1,"gas":0.000027,"bal":0.000595,"days":2,"spread":0.068966,"streak":1,"rank_m":235309,"pct_m":0.250184,"gas_method":"estimated"},"2024-03":{"txs":0,"uniq":0,"trade":0,"nft":0,"gas":0,"bal":0.000595,"days":0,"spread":0,"streak":0,"rank_m":390730,"pct_m":0.41543},"2024-04":{"txs":6,"uniq":6,"trade":0,"nft":2,"gas":0.000015,"bal":0.001729,"days":3,"spread":0.1,"streak":1,"rank_m":353678,"pct_m":0.376036,"gas_method":"estimated"},"2024-05":{"txs":7,"uniq":6,"trade":0,"nft":4,"gas":0.000006,"bal":0.00242,"days":3,"spread":0.096774,"streak":1,"rank_m":313570,"pct_m":0.333392,"gas_method":"estimated"},"2024-06":{"txs":7,"uniq":5,"trade":0,"nft":6,"gas":0,"bal":0.002578,"days":4,"spread":0.133333,"streak":1,"rank_m":277876,"pct_m":0.295442,"gas_method":"estimated"},"2024-07":{"txs":17,"uniq":9,"trade":0,"nft":5,"gas":0.000005,"bal":0.001729,"days":6,"spread":0.193548,"streak":2,"rank_m":129101,"pct_m":0.137261,"gas_method":"exact"},"2024-08":{"txs":1,"uniq":1,"trade":0,"nft":1,"gas":0,"bal":0.000775,"days":1,"spread":0.032258,"streak":1,"rank_m":455741,"pct_m":0.484551,"gas_method":"estimated"},"2024-09":{"txs":4,"uniq":3,"trade":0,"nft":2,"gas":0.000002,"bal":0.000297,"days":4,"spread":0.133333,"streak":2,"rank_m":243511,"pct_m":0.258904,"gas_method":"exact"},"2024-10":{"txs":1,"uniq":1,"trade":0,"nft":1,"gas":0,"bal":0.00025,"days":1,"spread":0.032258,"streak":1,"rank_m":498632,"pct_m":0.530153,"gas_method":"estimated"},"2024-11":{"txs":2,"uniq":2,"trade":0,"nft":1,"gas":0.000005,"bal":0.000205,"days":2,"spread":0.066667,"streak":1,"rank_m":433783,"pct_m":0.461205,"gas_method":"exact"},"2024-12":{"txs":17,"uniq":9,"trade":0,"nft":0,"gas":0.000353,"bal":0.000391,"days":3,"spread":0.096774,"streak":1,"rank_m":350428,"pct_m":0.37258,"gas_method":"exact"},"2025-01":{"txs":33,"uniq":10,"trade":0,"nft":4,"gas":0.000857,"bal":0.004252,"days":11,"spread":0.354839,"streak":2,"rank_m":109780,"pct_m":0.116719,"gas_method":"exact"},"2025-02":{"txs":25,"uniq":10,"trade":0,"nft":8,"gas":0.000169,"bal":0.002484,"days":9,"spread":0.321429,"streak":2,"rank_m":103887,"pct_m":0.110453,"gas_method":"exact"},"2025-03":{"txs":5,"uniq":2,"trade":0,"nft":0,"gas":0.00004,"bal":0.006011,"days":3,"spread":0.096774,"streak":1,"rank_m":305220,"pct_m":0.324514,"gas_method":"exact"},"2025-04":{"txs":10,"uniq":4,"trade":0,"nft":1,"gas":0.000042,"bal":0.001964,"days":6,"spread":0.2,"streak":3,"rank_m":195328,"pct_m":0.207675,"gas_method":"exact"},"2025-05":{"txs":0,"uniq":0,"trade":0,"nft":0,"gas":0,"bal":0.001964,"days":0,"spread":0,"streak":0,"rank_m":611792,"pct_m":0.650467},"2025-06":{"txs":20,"uniq":12,"trade":0,"nft":0,"gas":0.000141,"bal":0.003487,"days":8,"spread":0.266667,"streak":1,"rank_m":254270,"pct_m":0.270343,"gas_method":"estimated"},"2025-07":{"txs":22,"uniq":7,"trade":2,"nft":2,"gas":0.000155,"bal":0.004266,"days":8,"spread":0.258065,"streak":2,"rank_m":168135,"pct_m":0.178763,"gas_method":"estimated"},"2025-08":{"txs":12,"uniq":5,"trade":0,"nft":1,"gas":0.000084,"bal":0.005174,"days":5,"spread":0.16129,"streak":1,"rank_m":224611,"pct_m":0.238809,"gas_method":"estimated"},"2025-09":{"txs":10,"uniq":6,"trade":0,"nft":2,"gas":0.00007,"bal":0.00615,"days":6,"spread":0.2,"streak":3,"rank_m":156422,"pct_m":0.16631,"gas_method":"estimated"},"2025-10":{"txs":28,"uniq":4,"trade":0,"nft":1,"gas":0.000197,"bal":0.005716,"days":8,"spread":0.258065,"streak":3,"rank_m":70434,"pct_m":0.074886,"gas_method":"estimated"}}}