{"wallet":"0xc438b2cf974de5f8bfe2ef1e39ed676d7ffcc538","rank":47908,"lifetime":{"months_active":28,"first":"2023-07","last":"2025-10","tx_sum":711,"uniq_sum":440,"trade_sum":38,"nft_sum":230,"gas_sum":0.006899,"avg_balance_eth_mean":0.002106,"streak_best_days":9,"gas_sum_filled":0.006899},"months":{"2023-07":{"txs":3,"uniq":2,"trade":0,"nft":1,"gas":0.000267,"bal":0.000993,"days":1,"spread":0.032258,"streak":1,"rank_m":24164,"pct_m":0.025691,"gas_method":"estimated"},"2023-08":{"txs":14,"uniq":15,"trade":0,"nft":7,"gas":0.001675,"bal":0.002947,"days":10,"spread":0.322581,"streak":2,"rank_m":50890,"pct_m":0.054106,"gas_method":"exact"},"2023-09":{"txs":19,"uniq":14,"trade":0,"nft":6,"gas":0.00036,"bal":0.001853,"days":6,"spread":0.2,"streak":1,"rank_m":39867,"pct_m":0.042386,"gas_method":"exact"},"2023-10":{"txs":34,"uniq":19,"trade":0,"nft":5,"gas":0.000935,"bal":0.002212,"days":10,"spread":0.322581,"streak":3,"rank_m":17960,"pct_m":0.019094,"gas_method":"exact"},"2023-11":{"txs":16,"uniq":10,"trade":0,"nft":2,"gas":0.000108,"bal":0.003021,"days":7,"spread":0.233333,"streak":2,"rank_m":25794,"pct_m":0.027424,"gas_method":"exact"},"2023-12":{"txs":9,"uniq":8,"trade":0,"nft":1,"gas":0.000041,"bal":0.000229,"days":6,"spread":0.193548,"streak":1,"rank_m":72704,"pct_m":0.077299,"gas_method":"exact"},"2024-01":{"txs":6,"uniq":4,"trade":0,"nft":2,"gas":0.000127,"bal":0.000314,"days":4,"spread":0.129032,"streak":1,"rank_m":126255,"pct_m":0.134236,"gas_method":"estimated"},"2024-02":{"txs":24,"uniq":14,"trade":3,"nft":6,"gas":0.000286,"bal":0.001552,"days":8,"spread":0.275862,"streak":3,"rank_m":58358,"pct_m":0.062046,"gas_method":"estimated"},"2024-03":{"txs":24,"uniq":10,"trade":1,"nft":4,"gas":0.000307,"bal":0.001419,"days":7,"spread":0.225806,"streak":2,"rank_m":104538,"pct_m":0.111146,"gas_method":"exact"},"2024-04":{"txs":26,"uniq":9,"trade":0,"nft":7,"gas":0.000009,"bal":0.000611,"days":8,"spread":0.266667,"streak":2,"rank_m":212742,"pct_m":0.22619,"gas_method":"exact"},"2024-05":{"txs":51,"uniq":16,"trade":5,"nft":5,"gas":0.000037,"bal":0.001466,"days":14,"spread":0.451613,"streak":3,"rank_m":118457,"pct_m":0.125945,"gas_method":"estimated"},"2024-06":{"txs":44,"uniq":19,"trade":1,"nft":6,"gas":0.000001,"bal":0.003209,"days":13,"spread":0.433333,"streak":6,"rank_m":91270,"pct_m":0.097039,"gas_method":"estimated"},"2024-07":{"txs":22,"uniq":14,"trade":2,"nft":9,"gas":0.000009,"bal":0.001209,"days":10,"spread":0.322581,"streak":7,"rank_m":64556,"pct_m":0.068636,"gas_method":"exact"},"2024-08":{"txs":81,"uniq":71,"trade":1,"nft":72,"gas":0.000001,"bal":0.002265,"days":23,"spread":0.741935,"streak":8,"rank_m":21090,"pct_m":0.022422,"gas_method":"exact"},"2024-09":{"txs":36,"uniq":35,"trade":0,"nft":43,"gas":0.000001,"bal":0.001597,"days":9,"spread":0.3,"streak":2,"rank_m":110104,"pct_m":0.117063,"gas_method":"estimated"},"2024-10":{"txs":75,"uniq":54,"trade":3,"nft":38,"gas":0.000004,"bal":0.003119,"days":17,"spread":0.548387,"streak":4,"rank_m":27801,"pct_m":0.029557,"gas_method":"exact"},"2024-11":{"txs":35,"uniq":22,"trade":0,"nft":8,"gas":0.00008,"bal":0.000655,"days":13,"spread":0.433333,"streak":9,"rank_m":109303,"pct_m":0.116212,"gas_method":"exact"},"2024-12":{"txs":42,"uniq":22,"trade":10,"nft":3,"gas":0.000904,"bal":0.003722,"days":16,"spread":0.516129,"streak":4,"rank_m":65713,"pct_m":0.069866,"gas_method":"exact"},"2025-01":{"txs":36,"uniq":15,"trade":2,"nft":3,"gas":0.000935,"bal":0.001545,"days":12,"spread":0.387097,"streak":4,"rank_m":92858,"pct_m":0.098727,"gas_method":"exact"},"2025-02":{"txs":9,"uniq":7,"trade":1,"nft":0,"gas":0.000063,"bal":0.001631,"days":7,"spread":0.25,"streak":3,"rank_m":170208,"pct_m":0.180967,"gas_method":"exact"},"2025-03":{"txs":36,"uniq":18,"trade":0,"nft":0,"gas":0.000269,"bal":0.003564,"days":9,"spread":0.290323,"streak":5,"rank_m":77995,"pct_m":0.082925,"gas_method":"exact"},"2025-04":{"txs":5,"uniq":4,"trade":0,"nft":0,"gas":0.00003,"bal":0.00689,"days":2,"spread":0.066667,"streak":1,"rank_m":308167,"pct_m":0.327648,"gas_method":"exact"},"2025-05":{"txs":7,"uniq":5,"trade":1,"nft":0,"gas":0.000049,"bal":0.003445,"days":3,"spread":0.096774,"streak":1,"rank_m":201703,"pct_m":0.214453,"gas_method":"estimated"},"2025-06":{"txs":10,"uniq":8,"trade":3,"nft":0,"gas":0.00007,"bal":0.001147,"days":2,"spread":0.066667,"streak":2,"rank_m":299463,"pct_m":0.318393,"gas_method":"estimated"},"2025-07":{"txs":3,"uniq":3,"trade":0,"nft":1,"gas":0.000021,"bal":0.001574,"days":2,"spread":0.064516,"streak":1,"rank_m":385061,"pct_m":0.409403,"gas_method":"estimated"},"2025-08":{"txs":4,"uniq":4,"trade":2,"nft":0,"gas":0.000028,"bal":0.002901,"days":2,"spread":0.064516,"streak":1,"rank_m":298927,"pct_m":0.317823,"gas_method":"estimated"},"2025-09":{"txs":18,"uniq":9,"trade":3,"nft":1,"gas":0.000127,"bal":0.002101,"days":6,"spread":0.2,"streak":2,"rank_m":184368,"pct_m":0.196022,"gas_method":"estimated"},"2025-10":{"txs":22,"uniq":9,"trade":0,"nft":0,"gas":0.000155,"bal":0.00178,"days":2,"spread":0.064516,"streak":1,"rank_m":228791,"pct_m":0.243254,"gas_method":"estimated"}}}