{"wallet":"0xc5e4b9ca5ca530f94cd50aa80836636bf68fb1cb","rank":318658,"lifetime":{"months_active":19,"first":"2023-07","last":"2025-10","tx_sum":222,"uniq_sum":176,"trade_sum":0,"nft_sum":88,"gas_sum":0.001291,"avg_balance_eth_mean":0.000213,"streak_best_days":47,"gas_sum_filled":0.001291},"months":{"2023-07":{"txs":0,"uniq":0,"trade":0,"nft":0,"gas":0,"bal":0,"days":0,"spread":0,"streak":0,"rank_m":253289,"pct_m":0.2693},"2023-08":{"txs":0,"uniq":0,"trade":0,"nft":0,"gas":0,"bal":0,"days":0,"spread":0,"streak":0,"rank_m":342033,"pct_m":0.363655},"2023-09":{"txs":0,"uniq":0,"trade":0,"nft":0,"gas":0,"bal":0,"days":0,"spread":0,"streak":0,"rank_m":362508,"pct_m":0.385424},"2023-10":{"txs":32,"uniq":21,"trade":0,"nft":20,"gas":0.000135,"bal":0.000196,"days":5,"spread":0.16129,"streak":2,"rank_m":64383,"pct_m":0.068452,"gas_method":"estimated"},"2023-11":{"txs":20,"uniq":10,"trade":0,"nft":4,"gas":0.000146,"bal":0.001819,"days":3,"spread":0.1,"streak":1,"rank_m":56613,"pct_m":0.060191,"gas_method":"estimated"},"2023-12":{"txs":1,"uniq":1,"trade":0,"nft":0,"gas":0.000014,"bal":0.000341,"days":1,"spread":0.032258,"streak":1,"rank_m":186019,"pct_m":0.197778,"gas_method":"estimated"},"2024-01":{"txs":0,"uniq":0,"trade":0,"nft":0,"gas":0,"bal":0.000341,"days":0,"spread":0,"streak":0,"rank_m":245465,"pct_m":0.260982},"2024-02":{"txs":5,"uniq":4,"trade":0,"nft":1,"gas":0.000036,"bal":0.000232,"days":2,"spread":0.068966,"streak":2,"rank_m":209469,"pct_m":0.22271,"gas_method":"estimated"},"2024-03":{"txs":4,"uniq":4,"trade":0,"nft":4,"gas":0.000065,"bal":0.000308,"days":4,"spread":0.129032,"streak":1,"rank_m":236749,"pct_m":0.251715,"gas_method":"exact"},"2024-04":{"txs":2,"uniq":2,"trade":0,"nft":1,"gas":0.000003,"bal":0.000281,"days":2,"spread":0.066667,"streak":1,"rank_m":427007,"pct_m":0.454,"gas_method":"estimated"},"2024-05":{"txs":1,"uniq":1,"trade":0,"nft":1,"gas":0,"bal":0.000275,"days":1,"spread":0.032258,"streak":1,"rank_m":460620,"pct_m":0.489738,"gas_method":"estimated"},"2024-06":{"txs":5,"uniq":4,"trade":0,"nft":5,"gas":0,"bal":0.000269,"days":4,"spread":0.133333,"streak":1,"rank_m":292766,"pct_m":0.311273,"gas_method":"exact"},"2024-07":{"txs":5,"uniq":5,"trade":0,"nft":5,"gas":0,"bal":0.000264,"days":4,"spread":0.129032,"streak":1,"rank_m":356868,"pct_m":0.379427,"gas_method":"estimated"},"2024-08":{"txs":20,"uniq":16,"trade":0,"nft":12,"gas":0.000001,"bal":0.000368,"days":11,"spread":0.354839,"streak":3,"rank_m":145830,"pct_m":0.155048,"gas_method":"exact"},"2024-09":{"txs":14,"uniq":12,"trade":0,"nft":7,"gas":0,"bal":0.000276,"days":9,"spread":0.3,"streak":4,"rank_m":129614,"pct_m":0.137807,"gas_method":"exact"},"2024-10":{"txs":31,"uniq":27,"trade":0,"nft":20,"gas":0.000001,"bal":0.000258,"days":14,"spread":0.451613,"streak":6,"rank_m":98444,"pct_m":0.104666,"gas_method":"exact"},"2024-11":{"txs":38,"uniq":33,"trade":0,"nft":5,"gas":0.000087,"bal":0.000086,"days":29,"spread":0.966667,"streak":27,"rank_m":114202,"pct_m":0.121421,"gas_method":"exact"},"2024-12":{"txs":33,"uniq":26,"trade":0,"nft":3,"gas":0.000728,"bal":0.000069,"days":28,"spread":0.903226,"streak":20,"rank_m":139333,"pct_m":0.14814,"gas_method":"exact"},"2025-01":{"txs":0,"uniq":0,"trade":0,"nft":0,"gas":0,"bal":0.000069,"days":0,"spread":0,"streak":0,"rank_m":705779,"pct_m":0.750396},"2025-02":{"txs":1,"uniq":1,"trade":0,"nft":0,"gas":0.000007,"bal":0.000109,"days":1,"spread":0.035714,"streak":1,"rank_m":541149,"pct_m":0.575358,"gas_method":"exact"},"2025-03":{"txs":1,"uniq":1,"trade":0,"nft":0,"gas":0.000008,"bal":0.000076,"days":1,"spread":0.032258,"streak":1,"rank_m":516902,"pct_m":0.549578,"gas_method":"exact"},"2025-04":{"txs":3,"uniq":2,"trade":0,"nft":0,"gas":0.000018,"bal":0.000056,"days":2,"spread":0.066667,"streak":1,"rank_m":487175,"pct_m":0.517972,"gas_method":"exact"},"2025-05":{"txs":1,"uniq":1,"trade":0,"nft":0,"gas":0.000007,"bal":0.000053,"days":1,"spread":0.032258,"streak":1,"rank_m":658818,"pct_m":0.700466,"gas_method":"estimated"},"2025-06":{"txs":5,"uniq":5,"trade":0,"nft":0,"gas":0.000035,"bal":0.000044,"days":3,"spread":0.1,"streak":2,"rank_m":582333,"pct_m":0.619146,"gas_method":"estimated"},"2025-07":{"txs":0,"uniq":0,"trade":0,"nft":0,"gas":0,"bal":0.000044,"days":0,"spread":0,"streak":0,"rank_m":843573,"pct_m":0.896901},"2025-08":{"txs":0,"uniq":0,"trade":0,"nft":0,"gas":0,"bal":0.000044,"days":0,"spread":0,"streak":0,"rank_m":835141,"pct_m":0.887936},"2025-09":{"txs":0,"uniq":0,"trade":0,"nft":0,"gas":0,"bal":0.000044,"days":0,"spread":0,"streak":0,"rank_m":833381,"pct_m":0.886065},"2025-10":{"txs":0,"uniq":0,"trade":0,"nft":0,"gas":0,"bal":0.000044,"days":0,"spread":0,"streak":0,"rank_m":789149,"pct_m":0.839036}}}