{"wallet":"0xc571969d91b578307b00b7fd43cd92954d5c68d5","rank":450670,"lifetime":{"months_active":15,"first":"2023-07","last":"2025-10","tx_sum":179,"uniq_sum":94,"trade_sum":0,"nft_sum":38,"gas_sum":0.004885,"avg_balance_eth_mean":0.006906,"streak_best_days":2,"gas_sum_filled":0.004885},"months":{"2023-07":{"txs":0,"uniq":0,"trade":0,"nft":0,"gas":0,"bal":0,"days":0,"spread":0,"streak":0,"rank_m":254834,"pct_m":0.270943},"2023-08":{"txs":18,"uniq":10,"trade":0,"nft":8,"gas":0.001077,"bal":0.003063,"days":6,"spread":0.193548,"streak":2,"rank_m":59056,"pct_m":0.062788,"gas_method":"exact"},"2023-09":{"txs":4,"uniq":4,"trade":0,"nft":4,"gas":0.000178,"bal":0.009491,"days":4,"spread":0.133333,"streak":2,"rank_m":48037,"pct_m":0.051073,"gas_method":"exact"},"2023-10":{"txs":0,"uniq":0,"trade":0,"nft":0,"gas":0,"bal":0.009491,"days":0,"spread":0,"streak":0,"rank_m":159161,"pct_m":0.169222},"2023-11":{"txs":0,"uniq":0,"trade":0,"nft":0,"gas":0,"bal":0.009491,"days":0,"spread":0,"streak":0,"rank_m":169751,"pct_m":0.180481},"2023-12":{"txs":29,"uniq":16,"trade":0,"nft":7,"gas":0.001393,"bal":0.0046,"days":4,"spread":0.129032,"streak":2,"rank_m":28494,"pct_m":0.030294,"gas_method":"estimated"},"2024-01":{"txs":19,"uniq":4,"trade":0,"nft":1,"gas":0.000851,"bal":0.009285,"days":2,"spread":0.064516,"streak":1,"rank_m":73859,"pct_m":0.078527,"gas_method":"estimated"},"2024-02":{"txs":14,"uniq":8,"trade":0,"nft":5,"gas":0.000354,"bal":0.003042,"days":2,"spread":0.068966,"streak":1,"rank_m":115628,"pct_m":0.122937,"gas_method":"estimated"},"2024-03":{"txs":20,"uniq":16,"trade":0,"nft":5,"gas":0.000758,"bal":0.000978,"days":1,"spread":0.032258,"streak":1,"rank_m":220768,"pct_m":0.234723,"gas_method":"estimated"},"2024-04":{"txs":20,"uniq":4,"trade":0,"nft":2,"gas":0.000093,"bal":0.002942,"days":2,"spread":0.066667,"streak":1,"rank_m":328952,"pct_m":0.349747,"gas_method":"estimated"},"2024-05":{"txs":6,"uniq":6,"trade":0,"nft":0,"gas":0.000043,"bal":0.002466,"days":2,"spread":0.064516,"streak":1,"rank_m":306182,"pct_m":0.325537,"gas_method":"exact"},"2024-06":{"txs":0,"uniq":0,"trade":0,"nft":0,"gas":0,"bal":0.002466,"days":0,"spread":0,"streak":0,"rank_m":509242,"pct_m":0.541434},"2024-07":{"txs":1,"uniq":0,"trade":0,"nft":1,"gas":0,"bal":0.011739,"days":1,"spread":0.032258,"streak":1,"rank_m":355055,"pct_m":0.3775,"gas_method":"estimated"},"2024-08":{"txs":17,"uniq":15,"trade":0,"nft":5,"gas":0.000003,"bal":0.015511,"days":1,"spread":0.032258,"streak":1,"rank_m":187345,"pct_m":0.199187,"gas_method":"estimated"},"2024-09":{"txs":2,"uniq":1,"trade":0,"nft":0,"gas":0,"bal":0.002314,"days":1,"spread":0.033333,"streak":1,"rank_m":397612,"pct_m":0.422747,"gas_method":"estimated"},"2024-10":{"txs":0,"uniq":0,"trade":0,"nft":0,"gas":0,"bal":0.002314,"days":0,"spread":0,"streak":0,"rank_m":555782,"pct_m":0.590916},"2024-11":{"txs":21,"uniq":5,"trade":0,"nft":0,"gas":0.000048,"bal":0.005306,"days":2,"spread":0.066667,"streak":2,"rank_m":239976,"pct_m":0.255146,"gas_method":"exact"},"2024-12":{"txs":3,"uniq":3,"trade":0,"nft":0,"gas":0.000066,"bal":0.006307,"days":1,"spread":0.032258,"streak":1,"rank_m":453122,"pct_m":0.481766,"gas_method":"exact"},"2025-01":{"txs":0,"uniq":0,"trade":0,"nft":0,"gas":0,"bal":0.006307,"days":0,"spread":0,"streak":0,"rank_m":580167,"pct_m":0.616843},"2025-02":{"txs":4,"uniq":1,"trade":0,"nft":0,"gas":0.000014,"bal":0.007351,"days":2,"spread":0.071429,"streak":1,"rank_m":382818,"pct_m":0.407018,"gas_method":"exact"},"2025-03":{"txs":0,"uniq":0,"trade":0,"nft":0,"gas":0,"bal":0.007351,"days":0,"spread":0,"streak":0,"rank_m":553293,"pct_m":0.58827},"2025-04":{"txs":0,"uniq":0,"trade":0,"nft":0,"gas":0,"bal":0.007351,"days":0,"spread":0,"streak":0,"rank_m":590008,"pct_m":0.627306},"2025-05":{"txs":1,"uniq":1,"trade":0,"nft":0,"gas":0.000007,"bal":0.0107,"days":1,"spread":0.032258,"streak":1,"rank_m":304376,"pct_m":0.323617,"gas_method":"estimated"},"2025-06":{"txs":0,"uniq":0,"trade":0,"nft":0,"gas":0,"bal":0.0107,"days":0,"spread":0,"streak":0,"rank_m":470558,"pct_m":0.500305},"2025-07":{"txs":0,"uniq":0,"trade":0,"nft":0,"gas":0,"bal":0.0107,"days":0,"spread":0,"streak":0,"rank_m":494836,"pct_m":0.526117},"2025-08":{"txs":0,"uniq":0,"trade":0,"nft":0,"gas":0,"bal":0.0107,"days":0,"spread":0,"streak":0,"rank_m":464906,"pct_m":0.494295},"2025-09":{"txs":0,"uniq":0,"trade":0,"nft":0,"gas":0,"bal":0.0107,"days":0,"spread":0,"streak":0,"rank_m":459680,"pct_m":0.488739},"2025-10":{"txs":0,"uniq":0,"trade":0,"nft":0,"gas":0,"bal":0.0107,"days":0,"spread":0,"streak":0,"rank_m":353406,"pct_m":0.375747}}}