{"wallet":"0xc5f8fca008480f98d4702a230030a5769b502460","rank":115263,"lifetime":{"months_active":8,"first":"2023-07","last":"2025-10","tx_sum":970,"uniq_sum":160,"trade_sum":50,"nft_sum":10,"gas_sum":0.211776,"avg_balance_eth_mean":0.002264,"streak_best_days":14,"gas_sum_filled":0.211776},"months":{"2023-07":{"txs":11,"uniq":5,"trade":0,"nft":0,"gas":0.002919,"bal":0.000019,"days":1,"spread":0.032258,"streak":1,"rank_m":20394,"pct_m":0.021682,"gas_method":"exact"},"2023-08":{"txs":795,"uniq":109,"trade":50,"nft":7,"gas":0.175132,"bal":0.006112,"days":19,"spread":0.612903,"streak":14,"rank_m":3076,"pct_m":0.003269,"gas_method":"exact"},"2023-09":{"txs":93,"uniq":23,"trade":0,"nft":0,"gas":0.015049,"bal":0.024821,"days":23,"spread":0.766667,"streak":6,"rank_m":9556,"pct_m":0.010159,"gas_method":"exact"},"2023-10":{"txs":13,"uniq":4,"trade":0,"nft":1,"gas":0.000045,"bal":0.000944,"days":5,"spread":0.16129,"streak":2,"rank_m":58118,"pct_m":0.061791,"gas_method":"exact"},"2023-11":{"txs":16,"uniq":5,"trade":0,"nft":0,"gas":0.005358,"bal":0.000008,"days":2,"spread":0.066667,"streak":1,"rank_m":137052,"pct_m":0.145715,"gas_method":"estimated"},"2023-12":{"txs":0,"uniq":0,"trade":0,"nft":0,"gas":0,"bal":0.000008,"days":0,"spread":0,"streak":0,"rank_m":270277,"pct_m":0.287362},"2024-01":{"txs":0,"uniq":0,"trade":0,"nft":0,"gas":0,"bal":0.000008,"days":0,"spread":0,"streak":0,"rank_m":285365,"pct_m":0.303404},"2024-02":{"txs":40,"uniq":12,"trade":0,"nft":2,"gas":0.013205,"bal":0.008618,"days":7,"spread":0.241379,"streak":2,"rank_m":43588,"pct_m":0.046342,"gas_method":"estimated"},"2024-03":{"txs":0,"uniq":0,"trade":0,"nft":0,"gas":0,"bal":0.008618,"days":0,"spread":0,"streak":0,"rank_m":354211,"pct_m":0.376602},"2024-04":{"txs":1,"uniq":1,"trade":0,"nft":0,"gas":0.000061,"bal":0.000835,"days":1,"spread":0.033333,"streak":1,"rank_m":440452,"pct_m":0.468295,"gas_method":"estimated"},"2024-05":{"txs":0,"uniq":0,"trade":0,"nft":0,"gas":0,"bal":0.000835,"days":0,"spread":0,"streak":0,"rank_m":506737,"pct_m":0.538771},"2024-06":{"txs":0,"uniq":0,"trade":0,"nft":0,"gas":0,"bal":0.000835,"days":0,"spread":0,"streak":0,"rank_m":530225,"pct_m":0.563744},"2024-07":{"txs":0,"uniq":0,"trade":0,"nft":0,"gas":0,"bal":0.000835,"days":0,"spread":0,"streak":0,"rank_m":546910,"pct_m":0.581483},"2024-08":{"txs":0,"uniq":0,"trade":0,"nft":0,"gas":0,"bal":0.000835,"days":0,"spread":0,"streak":0,"rank_m":563927,"pct_m":0.599576},"2024-09":{"txs":0,"uniq":0,"trade":0,"nft":0,"gas":0,"bal":0.000835,"days":0,"spread":0,"streak":0,"rank_m":552012,"pct_m":0.586908},"2024-10":{"txs":0,"uniq":0,"trade":0,"nft":0,"gas":0,"bal":0.000835,"days":0,"spread":0,"streak":0,"rank_m":598394,"pct_m":0.636222},"2024-11":{"txs":0,"uniq":0,"trade":0,"nft":0,"gas":0,"bal":0.000835,"days":0,"spread":0,"streak":0,"rank_m":599607,"pct_m":0.637512},"2024-12":{"txs":0,"uniq":0,"trade":0,"nft":0,"gas":0,"bal":0.000835,"days":0,"spread":0,"streak":0,"rank_m":650364,"pct_m":0.691478},"2025-01":{"txs":0,"uniq":0,"trade":0,"nft":0,"gas":0,"bal":0.000835,"days":0,"spread":0,"streak":0,"rank_m":640650,"pct_m":0.681149},"2025-02":{"txs":0,"uniq":0,"trade":0,"nft":0,"gas":0,"bal":0.000835,"days":0,"spread":0,"streak":0,"rank_m":657169,"pct_m":0.698713},"2025-03":{"txs":0,"uniq":0,"trade":0,"nft":0,"gas":0,"bal":0.000835,"days":0,"spread":0,"streak":0,"rank_m":653685,"pct_m":0.695009},"2025-04":{"txs":0,"uniq":0,"trade":0,"nft":0,"gas":0,"bal":0.000835,"days":0,"spread":0,"streak":0,"rank_m":682607,"pct_m":0.725759},"2025-05":{"txs":0,"uniq":0,"trade":0,"nft":0,"gas":0,"bal":0.000835,"days":0,"spread":0,"streak":0,"rank_m":678284,"pct_m":0.721163},"2025-06":{"txs":0,"uniq":0,"trade":0,"nft":0,"gas":0,"bal":0.000835,"days":0,"spread":0,"streak":0,"rank_m":677582,"pct_m":0.720416},"2025-07":{"txs":0,"uniq":0,"trade":0,"nft":0,"gas":0,"bal":0.000835,"days":0,"spread":0,"streak":0,"rank_m":696198,"pct_m":0.740209},"2025-08":{"txs":0,"uniq":0,"trade":0,"nft":0,"gas":0,"bal":0.000835,"days":0,"spread":0,"streak":0,"rank_m":676130,"pct_m":0.718872},"2025-09":{"txs":1,"uniq":1,"trade":0,"nft":0,"gas":0.000007,"bal":0.000022,"days":1,"spread":0.033333,"streak":1,"rank_m":656177,"pct_m":0.697658,"gas_method":"estimated"},"2025-10":{"txs":0,"uniq":0,"trade":0,"nft":0,"gas":0,"bal":0.000022,"days":0,"spread":0,"streak":0,"rank_m":807792,"pct_m":0.858858}}}