{"wallet":"0xc51c5de1d8fd982cf8600af28d623fc2e6c1d9f7","rank":554973,"lifetime":{"months_active":10,"first":"2023-07","last":"2025-10","tx_sum":449,"uniq_sum":48,"trade_sum":0,"nft_sum":12,"gas_sum":0.007466,"avg_balance_eth_mean":0.002035,"streak_best_days":0,"gas_sum_filled":0.007466},"months":{"2023-07":{"txs":15,"uniq":3,"trade":0,"nft":2,"gas":0.00144,"bal":0.000635,"days":1,"spread":0.032258,"streak":0,"rank_m":45502,"pct_m":0.048377,"gas_method":"exact"},"2023-08":{"txs":12,"uniq":10,"trade":0,"nft":5,"gas":0.001494,"bal":0.016719,"days":4,"spread":0.129032,"streak":0,"rank_m":91726,"pct_m":0.097524,"gas_method":"exact"},"2023-09":{"txs":5,"uniq":3,"trade":0,"nft":0,"gas":0.000235,"bal":0.011474,"days":3,"spread":0.1,"streak":0,"rank_m":101926,"pct_m":0.108368,"gas_method":"exact"},"2023-10":{"txs":0,"uniq":0,"trade":0,"nft":0,"gas":0,"bal":0.011474,"days":0,"spread":0,"streak":0,"rank_m":158557,"pct_m":0.16858},"2023-11":{"txs":2,"uniq":1,"trade":0,"nft":0,"gas":0.000251,"bal":0.002285,"days":1,"spread":0.033333,"streak":0,"rank_m":159176,"pct_m":0.169238,"gas_method":"estimated"},"2023-12":{"txs":0,"uniq":0,"trade":0,"nft":0,"gas":0,"bal":0.002285,"days":0,"spread":0,"streak":0,"rank_m":204898,"pct_m":0.21785},"2024-01":{"txs":0,"uniq":0,"trade":0,"nft":0,"gas":0,"bal":0.002285,"days":0,"spread":0,"streak":0,"rank_m":214727,"pct_m":0.228301},"2024-02":{"txs":8,"uniq":6,"trade":0,"nft":3,"gas":0.000989,"bal":0.001279,"days":6,"spread":0.206897,"streak":0,"rank_m":172263,"pct_m":0.183152,"gas_method":"estimated"},"2024-03":{"txs":1,"uniq":1,"trade":0,"nft":1,"gas":0.000185,"bal":0.000427,"days":1,"spread":0.032258,"streak":0,"rank_m":370943,"pct_m":0.394392,"gas_method":"estimated"},"2024-04":{"txs":0,"uniq":0,"trade":0,"nft":0,"gas":0,"bal":0.000427,"days":0,"spread":0,"streak":0,"rank_m":481376,"pct_m":0.511807},"2024-05":{"txs":0,"uniq":0,"trade":0,"nft":0,"gas":0,"bal":0.000427,"days":0,"spread":0,"streak":0,"rank_m":513405,"pct_m":0.54586},"2024-06":{"txs":0,"uniq":0,"trade":0,"nft":0,"gas":0,"bal":0.000427,"days":0,"spread":0,"streak":0,"rank_m":539409,"pct_m":0.573508},"2024-07":{"txs":0,"uniq":0,"trade":0,"nft":0,"gas":0,"bal":0.000427,"days":0,"spread":0,"streak":0,"rank_m":560347,"pct_m":0.59577},"2024-08":{"txs":0,"uniq":0,"trade":0,"nft":0,"gas":0,"bal":0.000427,"days":0,"spread":0,"streak":0,"rank_m":579570,"pct_m":0.616208},"2024-09":{"txs":0,"uniq":0,"trade":0,"nft":0,"gas":0,"bal":0.000427,"days":0,"spread":0,"streak":0,"rank_m":574472,"pct_m":0.610788},"2024-10":{"txs":0,"uniq":0,"trade":0,"nft":0,"gas":0,"bal":0.000427,"days":0,"spread":0,"streak":0,"rank_m":617920,"pct_m":0.656983},"2024-11":{"txs":0,"uniq":0,"trade":0,"nft":0,"gas":0,"bal":0.000427,"days":0,"spread":0,"streak":0,"rank_m":621803,"pct_m":0.661111},"2024-12":{"txs":1,"uniq":1,"trade":0,"nft":0,"gas":0.000022,"bal":0.000367,"days":1,"spread":0.032258,"streak":0,"rank_m":600847,"pct_m":0.63883,"gas_method":"exact"},"2025-01":{"txs":0,"uniq":0,"trade":0,"nft":0,"gas":0,"bal":0.000367,"days":0,"spread":0,"streak":0,"rank_m":669851,"pct_m":0.712196},"2025-02":{"txs":0,"uniq":0,"trade":0,"nft":0,"gas":0,"bal":0.000367,"days":0,"spread":0,"streak":0,"rank_m":690770,"pct_m":0.734438},"2025-03":{"txs":0,"uniq":0,"trade":0,"nft":0,"gas":0,"bal":0.000367,"days":0,"spread":0,"streak":0,"rank_m":695415,"pct_m":0.739377},"2025-04":{"txs":0,"uniq":0,"trade":0,"nft":0,"gas":0,"bal":0.000367,"days":0,"spread":0,"streak":0,"rank_m":722025,"pct_m":0.767669},"2025-05":{"txs":0,"uniq":0,"trade":0,"nft":0,"gas":0,"bal":0.000367,"days":0,"spread":0,"streak":0,"rank_m":731573,"pct_m":0.77782},"2025-06":{"txs":0,"uniq":0,"trade":0,"nft":0,"gas":0,"bal":0.000367,"days":0,"spread":0,"streak":0,"rank_m":728724,"pct_m":0.774791},"2025-07":{"txs":0,"uniq":0,"trade":0,"nft":0,"gas":0,"bal":0.000367,"days":0,"spread":0,"streak":0,"rank_m":750957,"pct_m":0.79843},"2025-08":{"txs":6,"uniq":4,"trade":0,"nft":0,"gas":0.000042,"bal":0.000345,"days":1,"spread":0.032258,"streak":0,"rank_m":571803,"pct_m":0.60795,"gas_method":"estimated"},"2025-09":{"txs":257,"uniq":17,"trade":0,"nft":1,"gas":0.001809,"bal":0.001163,"days":22,"spread":0.733333,"streak":0,"rank_m":171643,"pct_m":0.182493,"gas_method":"estimated"},"2025-10":{"txs":142,"uniq":2,"trade":0,"nft":0,"gas":0.000999,"bal":0.000258,"days":15,"spread":0.483871,"streak":0,"rank_m":331159,"pct_m":0.352093,"gas_method":"estimated"}}}