{"wallet":"0xc575a4d6a71d7316e3f29615873dde6b6b5b141f","rank":613351,"lifetime":{"months_active":11,"first":"2023-07","last":"2025-10","tx_sum":179,"uniq_sum":44,"trade_sum":0,"nft_sum":7,"gas_sum":0.006801,"avg_balance_eth_mean":0.00474,"streak_best_days":2,"gas_sum_filled":0.006801},"months":{"2023-07":{"txs":0,"uniq":0,"trade":0,"nft":0,"gas":0,"bal":0,"days":0,"spread":0,"streak":0,"rank_m":254771,"pct_m":0.270876},"2023-08":{"txs":0,"uniq":0,"trade":0,"nft":0,"gas":0,"bal":0,"days":0,"spread":0,"streak":0,"rank_m":343332,"pct_m":0.365036},"2023-09":{"txs":0,"uniq":0,"trade":0,"nft":0,"gas":0,"bal":0,"days":0,"spread":0,"streak":0,"rank_m":363927,"pct_m":0.386933},"2023-10":{"txs":31,"uniq":7,"trade":0,"nft":0,"gas":0.000088,"bal":0.047366,"days":5,"spread":0.16129,"streak":2,"rank_m":23885,"pct_m":0.025394,"gas_method":"exact"},"2023-11":{"txs":1,"uniq":1,"trade":0,"nft":0,"gas":0.000037,"bal":0.042343,"days":1,"spread":0.033333,"streak":1,"rank_m":89942,"pct_m":0.095627,"gas_method":"estimated"},"2023-12":{"txs":7,"uniq":3,"trade":0,"nft":0,"gas":0.000481,"bal":0.00782,"days":3,"spread":0.096774,"streak":2,"rank_m":69350,"pct_m":0.073733,"gas_method":"estimated"},"2024-01":{"txs":83,"uniq":8,"trade":0,"nft":4,"gas":0.004896,"bal":0.00589,"days":7,"spread":0.225806,"streak":2,"rank_m":13720,"pct_m":0.014586,"gas_method":"exact"},"2024-02":{"txs":19,"uniq":6,"trade":0,"nft":3,"gas":0.000687,"bal":0.002444,"days":5,"spread":0.172414,"streak":1,"rank_m":107113,"pct_m":0.113883,"gas_method":"estimated"},"2024-03":{"txs":6,"uniq":4,"trade":0,"nft":0,"gas":0.000095,"bal":0.000266,"days":3,"spread":0.096774,"streak":1,"rank_m":264754,"pct_m":0.28149,"gas_method":"exact"},"2024-04":{"txs":1,"uniq":0,"trade":0,"nft":0,"gas":0.000007,"bal":0.001084,"days":1,"spread":0.033333,"streak":1,"rank_m":440113,"pct_m":0.467935,"gas_method":"estimated"},"2024-05":{"txs":7,"uniq":2,"trade":0,"nft":0,"gas":0.000016,"bal":0.005136,"days":1,"spread":0.032258,"streak":1,"rank_m":384783,"pct_m":0.409107,"gas_method":"estimated"},"2024-06":{"txs":3,"uniq":1,"trade":0,"nft":0,"gas":0,"bal":0.00395,"days":2,"spread":0.066667,"streak":1,"rank_m":405022,"pct_m":0.430626,"gas_method":"estimated"},"2024-07":{"txs":0,"uniq":0,"trade":0,"nft":0,"gas":0,"bal":0.00395,"days":0,"spread":0,"streak":0,"rank_m":504033,"pct_m":0.535896},"2024-08":{"txs":0,"uniq":0,"trade":0,"nft":0,"gas":0,"bal":0.00395,"days":0,"spread":0,"streak":0,"rank_m":513576,"pct_m":0.546042},"2024-09":{"txs":2,"uniq":2,"trade":0,"nft":0,"gas":0,"bal":0.000076,"days":1,"spread":0.033333,"streak":1,"rank_m":488471,"pct_m":0.51935,"gas_method":"estimated"},"2024-10":{"txs":0,"uniq":0,"trade":0,"nft":0,"gas":0,"bal":0.000076,"days":0,"spread":0,"streak":0,"rank_m":647690,"pct_m":0.688635},"2024-11":{"txs":0,"uniq":0,"trade":0,"nft":0,"gas":0,"bal":0.000076,"days":0,"spread":0,"streak":0,"rank_m":656333,"pct_m":0.697824},"2024-12":{"txs":0,"uniq":0,"trade":0,"nft":0,"gas":0,"bal":0.000076,"days":0,"spread":0,"streak":0,"rank_m":696905,"pct_m":0.740961},"2025-01":{"txs":19,"uniq":10,"trade":0,"nft":0,"gas":0.000494,"bal":0.000823,"days":4,"spread":0.129032,"streak":2,"rank_m":252382,"pct_m":0.268336,"gas_method":"exact"},"2025-02":{"txs":0,"uniq":0,"trade":0,"nft":0,"gas":0,"bal":0.000823,"days":0,"spread":0,"streak":0,"rank_m":657931,"pct_m":0.699523},"2025-03":{"txs":0,"uniq":0,"trade":0,"nft":0,"gas":0,"bal":0.000823,"days":0,"spread":0,"streak":0,"rank_m":654525,"pct_m":0.695902},"2025-04":{"txs":0,"uniq":0,"trade":0,"nft":0,"gas":0,"bal":0.000823,"days":0,"spread":0,"streak":0,"rank_m":683398,"pct_m":0.7266},"2025-05":{"txs":0,"uniq":0,"trade":0,"nft":0,"gas":0,"bal":0.000823,"days":0,"spread":0,"streak":0,"rank_m":679480,"pct_m":0.722434},"2025-06":{"txs":0,"uniq":0,"trade":0,"nft":0,"gas":0,"bal":0.000823,"days":0,"spread":0,"streak":0,"rank_m":678726,"pct_m":0.721633},"2025-07":{"txs":0,"uniq":0,"trade":0,"nft":0,"gas":0,"bal":0.000823,"days":0,"spread":0,"streak":0,"rank_m":697291,"pct_m":0.741371},"2025-08":{"txs":0,"uniq":0,"trade":0,"nft":0,"gas":0,"bal":0.000823,"days":0,"spread":0,"streak":0,"rank_m":677324,"pct_m":0.720142},"2025-09":{"txs":0,"uniq":0,"trade":0,"nft":0,"gas":0,"bal":0.000823,"days":0,"spread":0,"streak":0,"rank_m":658427,"pct_m":0.70005},"2025-10":{"txs":0,"uniq":0,"trade":0,"nft":0,"gas":0,"bal":0.000823,"days":0,"spread":0,"streak":0,"rank_m":580165,"pct_m":0.616841}}}