{"wallet":"0xc5ce6091ee94100ea6bb9ab31f6e3c46eb361822","rank":59425,"lifetime":{"months_active":17,"first":"2023-07","last":"2025-10","tx_sum":1880,"uniq_sum":277,"trade_sum":196,"nft_sum":3,"gas_sum":0.013142,"avg_balance_eth_mean":0.00061,"streak_best_days":24,"gas_sum_filled":0.013142},"months":{"2023-07":{"txs":0,"uniq":0,"trade":0,"nft":0,"gas":0,"bal":0,"days":0,"spread":0,"streak":0,"rank_m":253606,"pct_m":0.269637},"2023-08":{"txs":0,"uniq":0,"trade":0,"nft":0,"gas":0,"bal":0,"days":0,"spread":0,"streak":0,"rank_m":342311,"pct_m":0.36395},"2023-09":{"txs":0,"uniq":0,"trade":0,"nft":0,"gas":0,"bal":0,"days":0,"spread":0,"streak":0,"rank_m":362821,"pct_m":0.385757},"2023-10":{"txs":1,"uniq":0,"trade":0,"nft":0,"gas":0.000007,"bal":0.000258,"days":1,"spread":0.032258,"streak":1,"rank_m":153208,"pct_m":0.162892,"gas_method":"estimated"},"2023-11":{"txs":9,"uniq":5,"trade":2,"nft":0,"gas":0.000969,"bal":0.000271,"days":1,"spread":0.033333,"streak":1,"rank_m":70548,"pct_m":0.075007,"gas_method":"exact"},"2023-12":{"txs":0,"uniq":0,"trade":0,"nft":0,"gas":0,"bal":0.000271,"days":0,"spread":0,"streak":0,"rank_m":240336,"pct_m":0.255528},"2024-01":{"txs":0,"uniq":0,"trade":0,"nft":0,"gas":0,"bal":0.000271,"days":0,"spread":0,"streak":0,"rank_m":250131,"pct_m":0.265943},"2024-02":{"txs":0,"uniq":0,"trade":0,"nft":0,"gas":0,"bal":0.000271,"days":0,"spread":0,"streak":0,"rank_m":314166,"pct_m":0.334026},"2024-03":{"txs":1,"uniq":1,"trade":0,"nft":0,"gas":0.000017,"bal":0.000197,"days":1,"spread":0.032258,"streak":1,"rank_m":366521,"pct_m":0.389691,"gas_method":"estimated"},"2024-04":{"txs":5,"uniq":4,"trade":3,"nft":0,"gas":0.00001,"bal":0.000255,"days":2,"spread":0.066667,"streak":1,"rank_m":379422,"pct_m":0.403407,"gas_method":"estimated"},"2024-05":{"txs":6,"uniq":4,"trade":0,"nft":0,"gas":0.000004,"bal":0.00019,"days":2,"spread":0.064516,"streak":2,"rank_m":429011,"pct_m":0.456131,"gas_method":"estimated"},"2024-06":{"txs":2,"uniq":2,"trade":0,"nft":0,"gas":0,"bal":0.000176,"days":1,"spread":0.033333,"streak":1,"rank_m":487924,"pct_m":0.518768,"gas_method":"estimated"},"2024-07":{"txs":103,"uniq":17,"trade":0,"nft":0,"gas":0.000011,"bal":0.000407,"days":16,"spread":0.516129,"streak":16,"rank_m":210345,"pct_m":0.223641,"gas_method":"estimated"},"2024-08":{"txs":195,"uniq":14,"trade":1,"nft":1,"gas":0.000042,"bal":0.00098,"days":27,"spread":0.870968,"streak":21,"rank_m":35431,"pct_m":0.03767,"gas_method":"exact"},"2024-09":{"txs":246,"uniq":21,"trade":20,"nft":0,"gas":0.000004,"bal":0.002145,"days":27,"spread":0.9,"streak":19,"rank_m":12512,"pct_m":0.013302,"gas_method":"exact"},"2024-10":{"txs":133,"uniq":16,"trade":2,"nft":2,"gas":0.000011,"bal":0.00173,"days":24,"spread":0.774194,"streak":22,"rank_m":28413,"pct_m":0.030208,"gas_method":"exact"},"2024-11":{"txs":133,"uniq":31,"trade":0,"nft":0,"gas":0.000306,"bal":0.000821,"days":19,"spread":0.633333,"streak":5,"rank_m":81971,"pct_m":0.087152,"gas_method":"exact"},"2024-12":{"txs":105,"uniq":25,"trade":0,"nft":0,"gas":0.002315,"bal":0.001049,"days":16,"spread":0.516129,"streak":4,"rank_m":97261,"pct_m":0.103409,"gas_method":"exact"},"2025-01":{"txs":138,"uniq":27,"trade":0,"nft":0,"gas":0.003585,"bal":0.001006,"days":21,"spread":0.677419,"streak":6,"rank_m":60383,"pct_m":0.064199,"gas_method":"exact"},"2025-02":{"txs":247,"uniq":37,"trade":71,"nft":0,"gas":0.001738,"bal":0.001463,"days":21,"spread":0.75,"streak":7,"rank_m":25626,"pct_m":0.027245,"gas_method":"exact"},"2025-03":{"txs":346,"uniq":33,"trade":72,"nft":0,"gas":0.002734,"bal":0.00141,"days":25,"spread":0.806452,"streak":12,"rank_m":23393,"pct_m":0.024871,"gas_method":"exact"},"2025-04":{"txs":89,"uniq":12,"trade":15,"nft":0,"gas":0.000537,"bal":0.001275,"days":12,"spread":0.4,"streak":4,"rank_m":40115,"pct_m":0.04265,"gas_method":"exact"},"2025-05":{"txs":121,"uniq":28,"trade":10,"nft":0,"gas":0.000852,"bal":0.000439,"days":11,"spread":0.354839,"streak":5,"rank_m":126387,"pct_m":0.134376,"gas_method":"estimated"},"2025-06":{"txs":0,"uniq":0,"trade":0,"nft":0,"gas":0,"bal":0.000439,"days":0,"spread":0,"streak":0,"rank_m":720279,"pct_m":0.765812},"2025-07":{"txs":0,"uniq":0,"trade":0,"nft":0,"gas":0,"bal":0.000439,"days":0,"spread":0,"streak":0,"rank_m":741471,"pct_m":0.788344},"2025-08":{"txs":0,"uniq":0,"trade":0,"nft":0,"gas":0,"bal":0.000439,"days":0,"spread":0,"streak":0,"rank_m":718793,"pct_m":0.764233},"2025-09":{"txs":0,"uniq":0,"trade":0,"nft":0,"gas":0,"bal":0.000439,"days":0,"spread":0,"streak":0,"rank_m":701281,"pct_m":0.745613},"2025-10":{"txs":0,"uniq":0,"trade":0,"nft":0,"gas":0,"bal":0.000439,"days":0,"spread":0,"streak":0,"rank_m":626801,"pct_m":0.666425}}}