{"wallet":"0xc5046889f1557186b36456e64b567b5c7fc50eba","rank":193099,"lifetime":{"months_active":15,"first":"2023-07","last":"2025-10","tx_sum":237,"uniq_sum":84,"trade_sum":13,"nft_sum":20,"gas_sum":0.043473,"avg_balance_eth_mean":0.00807,"streak_best_days":6,"gas_sum_filled":0.043473},"months":{"2023-07":{"txs":3,"uniq":2,"trade":0,"nft":0,"gas":0.000412,"bal":0.002318,"days":1,"spread":0.032258,"streak":1,"rank_m":27786,"pct_m":0.029542,"gas_method":"exact"},"2023-08":{"txs":99,"uniq":35,"trade":10,"nft":12,"gas":0.017009,"bal":0.019134,"days":11,"spread":0.354839,"streak":6,"rank_m":5686,"pct_m":0.006044,"gas_method":"exact"},"2023-09":{"txs":1,"uniq":1,"trade":0,"nft":2,"gas":0.00008,"bal":0.054596,"days":1,"spread":0.033333,"streak":1,"rank_m":81986,"pct_m":0.087168,"gas_method":"exact"},"2023-10":{"txs":0,"uniq":0,"trade":0,"nft":0,"gas":0,"bal":0.054596,"days":0,"spread":0,"streak":0,"rank_m":154841,"pct_m":0.164629},"2023-11":{"txs":5,"uniq":5,"trade":0,"nft":1,"gas":0.001204,"bal":0.039972,"days":2,"spread":0.066667,"streak":2,"rank_m":40002,"pct_m":0.04253,"gas_method":"estimated"},"2023-12":{"txs":9,"uniq":4,"trade":0,"nft":1,"gas":0.004059,"bal":0.007837,"days":3,"spread":0.096774,"streak":3,"rank_m":50924,"pct_m":0.054142,"gas_method":"estimated"},"2024-01":{"txs":2,"uniq":1,"trade":3,"nft":0,"gas":0.000507,"bal":0.00861,"days":1,"spread":0.032258,"streak":1,"rank_m":83839,"pct_m":0.089138,"gas_method":"exact"},"2024-02":{"txs":9,"uniq":6,"trade":0,"nft":2,"gas":0.002136,"bal":0.003509,"days":5,"spread":0.172414,"streak":1,"rank_m":115874,"pct_m":0.123198,"gas_method":"estimated"},"2024-03":{"txs":50,"uniq":18,"trade":0,"nft":0,"gas":0.017787,"bal":0.007313,"days":4,"spread":0.129032,"streak":2,"rank_m":123764,"pct_m":0.131587,"gas_method":"estimated"},"2024-04":{"txs":3,"uniq":3,"trade":0,"nft":0,"gas":0.000132,"bal":0.003635,"days":1,"spread":0.033333,"streak":1,"rank_m":392523,"pct_m":0.417336,"gas_method":"estimated"},"2024-05":{"txs":0,"uniq":0,"trade":0,"nft":0,"gas":0,"bal":0.003635,"days":0,"spread":0,"streak":0,"rank_m":483113,"pct_m":0.513653},"2024-06":{"txs":0,"uniq":0,"trade":0,"nft":0,"gas":0,"bal":0.003635,"days":0,"spread":0,"streak":0,"rank_m":500055,"pct_m":0.531666},"2024-07":{"txs":0,"uniq":0,"trade":0,"nft":0,"gas":0,"bal":0.003635,"days":0,"spread":0,"streak":0,"rank_m":506861,"pct_m":0.538903},"2024-08":{"txs":33,"uniq":5,"trade":0,"nft":2,"gas":0.000053,"bal":0.003467,"days":5,"spread":0.16129,"streak":2,"rank_m":211075,"pct_m":0.224418,"gas_method":"estimated"},"2024-09":{"txs":5,"uniq":0,"trade":0,"nft":0,"gas":0.000004,"bal":0.0008,"days":4,"spread":0.133333,"streak":3,"rank_m":400956,"pct_m":0.426303,"gas_method":"estimated"},"2024-10":{"txs":6,"uniq":0,"trade":0,"nft":0,"gas":0.000007,"bal":0.0008,"days":5,"spread":0.16129,"streak":2,"rank_m":446524,"pct_m":0.474751,"gas_method":"estimated"},"2024-11":{"txs":0,"uniq":0,"trade":0,"nft":0,"gas":0,"bal":0.0008,"days":0,"spread":0,"streak":0,"rank_m":601411,"pct_m":0.63943},"2024-12":{"txs":0,"uniq":0,"trade":0,"nft":0,"gas":0,"bal":0.0008,"days":0,"spread":0,"streak":0,"rank_m":651799,"pct_m":0.693003},"2025-01":{"txs":0,"uniq":0,"trade":0,"nft":0,"gas":0,"bal":0.0008,"days":0,"spread":0,"streak":0,"rank_m":642321,"pct_m":0.682926},"2025-02":{"txs":0,"uniq":0,"trade":0,"nft":0,"gas":0,"bal":0.0008,"days":0,"spread":0,"streak":0,"rank_m":659195,"pct_m":0.700867},"2025-03":{"txs":0,"uniq":0,"trade":0,"nft":0,"gas":0,"bal":0.0008,"days":0,"spread":0,"streak":0,"rank_m":655945,"pct_m":0.697411},"2025-04":{"txs":1,"uniq":1,"trade":0,"nft":0,"gas":0.000006,"bal":0.000797,"days":1,"spread":0.033333,"streak":1,"rank_m":507394,"pct_m":0.539469,"gas_method":"exact"},"2025-05":{"txs":0,"uniq":0,"trade":0,"nft":0,"gas":0,"bal":0.000797,"days":0,"spread":0,"streak":0,"rank_m":682389,"pct_m":0.725527},"2025-06":{"txs":0,"uniq":0,"trade":0,"nft":0,"gas":0,"bal":0.000797,"days":0,"spread":0,"streak":0,"rank_m":681689,"pct_m":0.724783},"2025-07":{"txs":0,"uniq":0,"trade":0,"nft":0,"gas":0,"bal":0.000797,"days":0,"spread":0,"streak":0,"rank_m":700060,"pct_m":0.744315},"2025-08":{"txs":6,"uniq":3,"trade":0,"nft":0,"gas":0.000042,"bal":0.000645,"days":1,"spread":0.032258,"streak":1,"rank_m":490798,"pct_m":0.521824,"gas_method":"estimated"},"2025-09":{"txs":5,"uniq":0,"trade":0,"nft":0,"gas":0.000035,"bal":0,"days":1,"spread":0.033333,"streak":1,"rank_m":753651,"pct_m":0.801294,"gas_method":"estimated"},"2025-10":{"txs":0,"uniq":0,"trade":0,"nft":0,"gas":0,"bal":0.000645,"days":0,"spread":0,"streak":0,"rank_m":597176,"pct_m":0.634927}}}