{"wallet":"0xc5745e19401b3ecf016a6b3bd6553852547c41af","rank":621085,"lifetime":{"months_active":12,"first":"2023-07","last":"2025-10","tx_sum":141,"uniq_sum":50,"trade_sum":4,"nft_sum":15,"gas_sum":0.001687,"avg_balance_eth_mean":0.021545,"streak_best_days":3,"gas_sum_filled":0.001687},"months":{"2023-07":{"txs":0,"uniq":0,"trade":0,"nft":0,"gas":0,"bal":0,"days":0,"spread":0,"streak":0,"rank_m":254789,"pct_m":0.270895},"2023-08":{"txs":1,"uniq":1,"trade":0,"nft":0,"gas":0.000157,"bal":0.000426,"days":1,"spread":0.032258,"streak":1,"rank_m":148377,"pct_m":0.157756,"gas_method":"exact"},"2023-09":{"txs":0,"uniq":0,"trade":0,"nft":0,"gas":0,"bal":0.000426,"days":0,"spread":0,"streak":0,"rank_m":193568,"pct_m":0.205804},"2023-10":{"txs":0,"uniq":0,"trade":0,"nft":0,"gas":0,"bal":0.000426,"days":0,"spread":0,"streak":0,"rank_m":200133,"pct_m":0.212784},"2023-11":{"txs":0,"uniq":0,"trade":0,"nft":0,"gas":0,"bal":0.000426,"days":0,"spread":0,"streak":0,"rank_m":208753,"pct_m":0.221949},"2023-12":{"txs":0,"uniq":0,"trade":0,"nft":0,"gas":0,"bal":0.000426,"days":0,"spread":0,"streak":0,"rank_m":231984,"pct_m":0.246648},"2024-01":{"txs":8,"uniq":1,"trade":0,"nft":0,"gas":0.000367,"bal":0.001732,"days":1,"spread":0.032258,"streak":1,"rank_m":153594,"pct_m":0.163303,"gas_method":"estimated"},"2024-02":{"txs":0,"uniq":0,"trade":0,"nft":0,"gas":0,"bal":0.001732,"days":0,"spread":0,"streak":0,"rank_m":288975,"pct_m":0.307242},"2024-03":{"txs":22,"uniq":7,"trade":1,"nft":4,"gas":0.000853,"bal":0.053435,"days":6,"spread":0.193548,"streak":2,"rank_m":75233,"pct_m":0.079988,"gas_method":"estimated"},"2024-04":{"txs":28,"uniq":11,"trade":0,"nft":3,"gas":0.000134,"bal":0.015147,"days":6,"spread":0.2,"streak":2,"rank_m":158648,"pct_m":0.168676,"gas_method":"estimated"},"2024-05":{"txs":42,"uniq":10,"trade":0,"nft":3,"gas":0.000067,"bal":0.051502,"days":8,"spread":0.258065,"streak":2,"rank_m":81372,"pct_m":0.086515,"gas_method":"estimated"},"2024-06":{"txs":3,"uniq":3,"trade":0,"nft":0,"gas":0,"bal":0.125377,"days":3,"spread":0.1,"streak":1,"rank_m":256561,"pct_m":0.272779,"gas_method":"estimated"},"2024-07":{"txs":11,"uniq":6,"trade":0,"nft":2,"gas":0.000003,"bal":0.005751,"days":3,"spread":0.096774,"streak":1,"rank_m":238126,"pct_m":0.253179,"gas_method":"estimated"},"2024-08":{"txs":14,"uniq":6,"trade":1,"nft":2,"gas":0.000002,"bal":0.008887,"days":5,"spread":0.16129,"streak":2,"rank_m":116578,"pct_m":0.123947,"gas_method":"exact"},"2024-09":{"txs":0,"uniq":0,"trade":0,"nft":0,"gas":0,"bal":0.008887,"days":0,"spread":0,"streak":0,"rank_m":442933,"pct_m":0.470933},"2024-10":{"txs":0,"uniq":0,"trade":0,"nft":0,"gas":0,"bal":0.008887,"days":0,"spread":0,"streak":0,"rank_m":490639,"pct_m":0.521655},"2024-11":{"txs":0,"uniq":0,"trade":0,"nft":0,"gas":0,"bal":0.008887,"days":0,"spread":0,"streak":0,"rank_m":522977,"pct_m":0.556037},"2024-12":{"txs":1,"uniq":1,"trade":0,"nft":1,"gas":0.000022,"bal":0.033819,"days":1,"spread":0.032258,"streak":1,"rank_m":409714,"pct_m":0.435614,"gas_method":"exact"},"2025-01":{"txs":0,"uniq":0,"trade":0,"nft":0,"gas":0,"bal":0.033819,"days":0,"spread":0,"streak":0,"rank_m":537739,"pct_m":0.571733},"2025-02":{"txs":0,"uniq":0,"trade":0,"nft":0,"gas":0,"bal":0.033819,"days":0,"spread":0,"streak":0,"rank_m":518469,"pct_m":0.551244},"2025-03":{"txs":5,"uniq":2,"trade":2,"nft":0,"gas":0.00004,"bal":0.032757,"days":4,"spread":0.129032,"streak":3,"rank_m":169587,"pct_m":0.180307,"gas_method":"exact"},"2025-04":{"txs":0,"uniq":0,"trade":0,"nft":0,"gas":0,"bal":0.032757,"days":0,"spread":0,"streak":0,"rank_m":534220,"pct_m":0.567991},"2025-05":{"txs":0,"uniq":0,"trade":0,"nft":0,"gas":0,"bal":0.032757,"days":0,"spread":0,"streak":0,"rank_m":383716,"pct_m":0.407973},"2025-06":{"txs":0,"uniq":0,"trade":0,"nft":0,"gas":0,"bal":0.032757,"days":0,"spread":0,"streak":0,"rank_m":387381,"pct_m":0.411869},"2025-07":{"txs":0,"uniq":0,"trade":0,"nft":0,"gas":0,"bal":0.032757,"days":0,"spread":0,"streak":0,"rank_m":410220,"pct_m":0.436152},"2025-08":{"txs":2,"uniq":1,"trade":0,"nft":0,"gas":0.000014,"bal":0.020703,"days":1,"spread":0.032258,"streak":1,"rank_m":283348,"pct_m":0.30126,"gas_method":"estimated"},"2025-09":{"txs":4,"uniq":1,"trade":0,"nft":0,"gas":0.000028,"bal":0.012473,"days":3,"spread":0.1,"streak":1,"rank_m":280511,"pct_m":0.298243,"gas_method":"estimated"},"2025-10":{"txs":0,"uniq":0,"trade":0,"nft":0,"gas":0,"bal":0.012473,"days":0,"spread":0,"streak":0,"rank_m":337185,"pct_m":0.3585}}}