{"wallet":"0xc5bf85fcd1587c88e5dea5cbfc412ddbc171d28e","rank":577045,"lifetime":{"months_active":6,"first":"2023-07","last":"2025-10","tx_sum":448,"uniq_sum":67,"trade_sum":19,"nft_sum":3,"gas_sum":0.002451,"avg_balance_eth_mean":0.000234,"streak_best_days":10,"gas_sum_filled":0.002451},"months":{"2023-07":{"txs":0,"uniq":0,"trade":0,"nft":0,"gas":0,"bal":0,"days":0,"spread":0,"streak":0,"rank_m":253814,"pct_m":0.269859},"2023-08":{"txs":0,"uniq":0,"trade":0,"nft":0,"gas":0,"bal":0,"days":0,"spread":0,"streak":0,"rank_m":342488,"pct_m":0.364138},"2023-09":{"txs":0,"uniq":0,"trade":0,"nft":0,"gas":0,"bal":0,"days":0,"spread":0,"streak":0,"rank_m":363019,"pct_m":0.385967},"2023-10":{"txs":2,"uniq":1,"trade":2,"nft":2,"gas":0.000088,"bal":0.000182,"days":2,"spread":0.064516,"streak":2,"rank_m":113325,"pct_m":0.120488,"gas_method":"estimated"},"2023-11":{"txs":27,"uniq":10,"trade":2,"nft":0,"gas":0.002064,"bal":0.003618,"days":6,"spread":0.2,"streak":2,"rank_m":28113,"pct_m":0.029889,"gas_method":"estimated"},"2023-12":{"txs":2,"uniq":2,"trade":0,"nft":0,"gas":0.000087,"bal":0.000558,"days":1,"spread":0.032258,"streak":1,"rank_m":134134,"pct_m":0.142613,"gas_method":"exact"},"2024-01":{"txs":1,"uniq":1,"trade":0,"nft":0,"gas":0.000133,"bal":0.000336,"days":1,"spread":0.032258,"streak":1,"rank_m":195046,"pct_m":0.207375,"gas_method":"estimated"},"2024-02":{"txs":0,"uniq":0,"trade":0,"nft":0,"gas":0,"bal":0.000336,"days":0,"spread":0,"streak":0,"rank_m":310117,"pct_m":0.329721},"2024-03":{"txs":0,"uniq":0,"trade":0,"nft":0,"gas":0,"bal":0.000336,"days":0,"spread":0,"streak":0,"rank_m":396678,"pct_m":0.421754},"2024-04":{"txs":0,"uniq":0,"trade":0,"nft":0,"gas":0,"bal":0.000336,"days":0,"spread":0,"streak":0,"rank_m":482499,"pct_m":0.513},"2024-05":{"txs":0,"uniq":0,"trade":0,"nft":0,"gas":0,"bal":0.000336,"days":0,"spread":0,"streak":0,"rank_m":515396,"pct_m":0.547977},"2024-06":{"txs":415,"uniq":52,"trade":15,"nft":1,"gas":0.000072,"bal":0.000031,"days":10,"spread":0.333333,"streak":10,"rank_m":144732,"pct_m":0.153881,"gas_method":"estimated"},"2024-07":{"txs":0,"uniq":0,"trade":0,"nft":0,"gas":0,"bal":0.000031,"days":0,"spread":0,"streak":0,"rank_m":594342,"pct_m":0.631914},"2024-08":{"txs":0,"uniq":0,"trade":0,"nft":0,"gas":0,"bal":0.000031,"days":0,"spread":0,"streak":0,"rank_m":616241,"pct_m":0.655197},"2024-09":{"txs":0,"uniq":0,"trade":0,"nft":0,"gas":0,"bal":0.000031,"days":0,"spread":0,"streak":0,"rank_m":623578,"pct_m":0.662998},"2024-10":{"txs":0,"uniq":0,"trade":0,"nft":0,"gas":0,"bal":0.000031,"days":0,"spread":0,"streak":0,"rank_m":659903,"pct_m":0.70162},"2024-11":{"txs":0,"uniq":0,"trade":0,"nft":0,"gas":0,"bal":0.000031,"days":0,"spread":0,"streak":0,"rank_m":669856,"pct_m":0.712202},"2024-12":{"txs":0,"uniq":0,"trade":0,"nft":0,"gas":0,"bal":0.000031,"days":0,"spread":0,"streak":0,"rank_m":705087,"pct_m":0.74966},"2025-01":{"txs":0,"uniq":0,"trade":0,"nft":0,"gas":0,"bal":0.000031,"days":0,"spread":0,"streak":0,"rank_m":716699,"pct_m":0.762006},"2025-02":{"txs":0,"uniq":0,"trade":0,"nft":0,"gas":0,"bal":0.000031,"days":0,"spread":0,"streak":0,"rank_m":742963,"pct_m":0.78993},"2025-03":{"txs":0,"uniq":0,"trade":0,"nft":0,"gas":0,"bal":0.000031,"days":0,"spread":0,"streak":0,"rank_m":760462,"pct_m":0.808536},"2025-04":{"txs":0,"uniq":0,"trade":0,"nft":0,"gas":0,"bal":0.000031,"days":0,"spread":0,"streak":0,"rank_m":794461,"pct_m":0.844684},"2025-05":{"txs":0,"uniq":0,"trade":0,"nft":0,"gas":0,"bal":0.000031,"days":0,"spread":0,"streak":0,"rank_m":814620,"pct_m":0.866117},"2025-06":{"txs":0,"uniq":0,"trade":0,"nft":0,"gas":0,"bal":0.000031,"days":0,"spread":0,"streak":0,"rank_m":827149,"pct_m":0.879439},"2025-07":{"txs":0,"uniq":0,"trade":0,"nft":0,"gas":0,"bal":0.000031,"days":0,"spread":0,"streak":0,"rank_m":851456,"pct_m":0.905282},"2025-08":{"txs":1,"uniq":1,"trade":0,"nft":0,"gas":0.000007,"bal":0.00002,"days":1,"spread":0.032258,"streak":1,"rank_m":676323,"pct_m":0.719078,"gas_method":"estimated"},"2025-09":{"txs":0,"uniq":0,"trade":0,"nft":0,"gas":0,"bal":0.00002,"days":0,"spread":0,"streak":0,"rank_m":849485,"pct_m":0.903187},"2025-10":{"txs":0,"uniq":0,"trade":0,"nft":0,"gas":0,"bal":0.00002,"days":0,"spread":0,"streak":0,"rank_m":809820,"pct_m":0.861014}}}