{"wallet":"0xc544cd2ab3cf8132cfdb07fedb1725c37891fb28","rank":696469,"lifetime":{"months_active":17,"first":"2023-07","last":"2025-10","tx_sum":139,"uniq_sum":73,"trade_sum":0,"nft_sum":29,"gas_sum":0.000457,"avg_balance_eth_mean":0.001472,"streak_best_days":4,"gas_sum_filled":0.000457},"months":{"2023-07":{"txs":0,"uniq":0,"trade":0,"nft":0,"gas":0,"bal":0,"days":0,"spread":0,"streak":0,"rank_m":255424,"pct_m":0.27157},"2023-08":{"txs":0,"uniq":0,"trade":0,"nft":0,"gas":0,"bal":0,"days":0,"spread":0,"streak":0,"rank_m":343916,"pct_m":0.365657},"2023-09":{"txs":0,"uniq":0,"trade":0,"nft":0,"gas":0,"bal":0,"days":0,"spread":0,"streak":0,"rank_m":364563,"pct_m":0.387609},"2023-10":{"txs":0,"uniq":0,"trade":0,"nft":0,"gas":0,"bal":0,"days":0,"spread":0,"streak":0,"rank_m":382704,"pct_m":0.406897},"2023-11":{"txs":4,"uniq":4,"trade":0,"nft":0,"gas":0.000049,"bal":0.001176,"days":4,"spread":0.133333,"streak":2,"rank_m":98845,"pct_m":0.105093,"gas_method":"estimated"},"2023-12":{"txs":2,"uniq":2,"trade":0,"nft":1,"gas":0.000046,"bal":0.00116,"days":2,"spread":0.064516,"streak":1,"rank_m":132984,"pct_m":0.14139,"gas_method":"estimated"},"2024-01":{"txs":0,"uniq":0,"trade":0,"nft":0,"gas":0,"bal":0.00116,"days":0,"spread":0,"streak":0,"rank_m":220433,"pct_m":0.234367},"2024-02":{"txs":0,"uniq":0,"trade":0,"nft":0,"gas":0,"bal":0.00116,"days":0,"spread":0,"streak":0,"rank_m":291875,"pct_m":0.310326},"2024-03":{"txs":1,"uniq":1,"trade":0,"nft":0,"gas":0.000018,"bal":0.000903,"days":1,"spread":0.032258,"streak":1,"rank_m":345763,"pct_m":0.36762,"gas_method":"estimated"},"2024-04":{"txs":17,"uniq":6,"trade":0,"nft":3,"gas":0.000038,"bal":0.000739,"days":4,"spread":0.133333,"streak":3,"rank_m":315394,"pct_m":0.335331,"gas_method":"estimated"},"2024-05":{"txs":2,"uniq":2,"trade":0,"nft":2,"gas":0.000001,"bal":0.000129,"days":2,"spread":0.064516,"streak":1,"rank_m":440216,"pct_m":0.468044,"gas_method":"estimated"},"2024-06":{"txs":0,"uniq":0,"trade":0,"nft":0,"gas":0,"bal":0.000129,"days":0,"spread":0,"streak":0,"rank_m":552602,"pct_m":0.587535},"2024-07":{"txs":9,"uniq":8,"trade":0,"nft":8,"gas":0.000001,"bal":0.000114,"days":3,"spread":0.096774,"streak":3,"rank_m":312615,"pct_m":0.332377,"gas_method":"estimated"},"2024-08":{"txs":23,"uniq":7,"trade":0,"nft":7,"gas":0.000002,"bal":0.000397,"days":10,"spread":0.322581,"streak":4,"rank_m":248562,"pct_m":0.264274,"gas_method":"estimated"},"2024-09":{"txs":33,"uniq":11,"trade":0,"nft":6,"gas":0.000001,"bal":0.00088,"days":3,"spread":0.1,"streak":2,"rank_m":201621,"pct_m":0.214366,"gas_method":"estimated"},"2024-10":{"txs":6,"uniq":6,"trade":0,"nft":2,"gas":0,"bal":0.000679,"days":4,"spread":0.129032,"streak":1,"rank_m":360214,"pct_m":0.382985,"gas_method":"estimated"},"2024-11":{"txs":0,"uniq":0,"trade":0,"nft":0,"gas":0,"bal":0.000679,"days":0,"spread":0,"streak":0,"rank_m":606529,"pct_m":0.644871},"2024-12":{"txs":4,"uniq":1,"trade":0,"nft":0,"gas":0.000044,"bal":0.000221,"days":4,"spread":0.129032,"streak":2,"rank_m":496304,"pct_m":0.527678,"gas_method":"exact"},"2025-01":{"txs":0,"uniq":0,"trade":0,"nft":0,"gas":0,"bal":0.000221,"days":0,"spread":0,"streak":0,"rank_m":683129,"pct_m":0.726314},"2025-02":{"txs":7,"uniq":6,"trade":0,"nft":0,"gas":0.000042,"bal":0.004725,"days":5,"spread":0.178571,"streak":2,"rank_m":229694,"pct_m":0.244214,"gas_method":"exact"},"2025-03":{"txs":1,"uniq":1,"trade":0,"nft":0,"gas":0.000008,"bal":0.005807,"days":1,"spread":0.032258,"streak":1,"rank_m":413618,"pct_m":0.439765,"gas_method":"exact"},"2025-04":{"txs":4,"uniq":3,"trade":0,"nft":0,"gas":0.000024,"bal":0.003568,"days":4,"spread":0.133333,"streak":1,"rank_m":331755,"pct_m":0.352727,"gas_method":"exact"},"2025-05":{"txs":1,"uniq":1,"trade":0,"nft":0,"gas":0.000007,"bal":0.000184,"days":1,"spread":0.032258,"streak":1,"rank_m":615800,"pct_m":0.654729,"gas_method":"estimated"},"2025-06":{"txs":20,"uniq":9,"trade":0,"nft":0,"gas":0.000141,"bal":0.002578,"days":11,"spread":0.366667,"streak":4,"rank_m":241014,"pct_m":0.256249,"gas_method":"estimated"},"2025-07":{"txs":1,"uniq":1,"trade":0,"nft":0,"gas":0.000007,"bal":0.004056,"days":1,"spread":0.032258,"streak":1,"rank_m":445511,"pct_m":0.473674,"gas_method":"estimated"},"2025-08":{"txs":4,"uniq":4,"trade":0,"nft":0,"gas":0.000028,"bal":0.003513,"days":2,"spread":0.064516,"streak":1,"rank_m":361626,"pct_m":0.384486,"gas_method":"estimated"},"2025-09":{"txs":0,"uniq":0,"trade":0,"nft":0,"gas":0,"bal":0.003513,"days":0,"spread":0,"streak":0,"rank_m":562463,"pct_m":0.59802},"2025-10":{"txs":0,"uniq":0,"trade":0,"nft":0,"gas":0,"bal":0.003513,"days":0,"spread":0,"streak":0,"rank_m":463992,"pct_m":0.493324}}}