{"wallet":"0xc54ee315e304e564d72463bc52a326ecf4f1d332","rank":52698,"lifetime":{"months_active":23,"first":"2023-07","last":"2025-10","tx_sum":618,"uniq_sum":313,"trade_sum":27,"nft_sum":121,"gas_sum":0.00195,"avg_balance_eth_mean":0.037114,"streak_best_days":5,"gas_sum_filled":0.00195},"months":{"2023-07":{"txs":0,"uniq":0,"trade":0,"nft":0,"gas":0,"bal":0,"days":0,"spread":0,"streak":0,"rank_m":255292,"pct_m":0.27143},"2023-08":{"txs":1,"uniq":1,"trade":0,"nft":0,"gas":0.00004,"bal":0.000008,"days":1,"spread":0.032258,"streak":1,"rank_m":156764,"pct_m":0.166673,"gas_method":"exact"},"2023-09":{"txs":0,"uniq":0,"trade":0,"nft":0,"gas":0,"bal":0.000008,"days":0,"spread":0,"streak":0,"rank_m":214477,"pct_m":0.228035},"2023-10":{"txs":0,"uniq":0,"trade":0,"nft":0,"gas":0,"bal":0.000008,"days":0,"spread":0,"streak":0,"rank_m":228123,"pct_m":0.242543},"2023-11":{"txs":3,"uniq":2,"trade":0,"nft":1,"gas":0.000023,"bal":0.000875,"days":2,"spread":0.066667,"streak":1,"rank_m":114908,"pct_m":0.122171,"gas_method":"estimated"},"2023-12":{"txs":1,"uniq":1,"trade":0,"nft":1,"gas":0.000014,"bal":0.001225,"days":1,"spread":0.032258,"streak":1,"rank_m":152829,"pct_m":0.162489,"gas_method":"estimated"},"2024-01":{"txs":0,"uniq":0,"trade":0,"nft":0,"gas":0,"bal":0.001225,"days":0,"spread":0,"streak":0,"rank_m":219915,"pct_m":0.233816},"2024-02":{"txs":7,"uniq":5,"trade":0,"nft":2,"gas":0.000052,"bal":0.001531,"days":2,"spread":0.068966,"streak":1,"rank_m":166275,"pct_m":0.176785,"gas_method":"estimated"},"2024-03":{"txs":2,"uniq":2,"trade":0,"nft":3,"gas":0.000022,"bal":0.002015,"days":2,"spread":0.064516,"streak":1,"rank_m":274936,"pct_m":0.292316,"gas_method":"estimated"},"2024-04":{"txs":45,"uniq":16,"trade":4,"nft":4,"gas":0.000062,"bal":0.001156,"days":4,"spread":0.133333,"streak":3,"rank_m":202687,"pct_m":0.215499,"gas_method":"estimated"},"2024-05":{"txs":37,"uniq":15,"trade":0,"nft":8,"gas":0.000017,"bal":0.004357,"days":13,"spread":0.419355,"streak":5,"rank_m":104541,"pct_m":0.111149,"gas_method":"estimated"},"2024-06":{"txs":115,"uniq":34,"trade":0,"nft":21,"gas":0.000001,"bal":0.0414,"days":19,"spread":0.633333,"streak":4,"rank_m":9890,"pct_m":0.010514,"gas_method":"exact"},"2024-07":{"txs":90,"uniq":47,"trade":0,"nft":34,"gas":0.000006,"bal":0.09815,"days":19,"spread":0.612903,"streak":5,"rank_m":6632,"pct_m":0.00705,"gas_method":"estimated"},"2024-08":{"txs":31,"uniq":19,"trade":0,"nft":20,"gas":0.00008,"bal":0.02373,"days":16,"spread":0.516129,"streak":3,"rank_m":19915,"pct_m":0.021173,"gas_method":"exact"},"2024-09":{"txs":7,"uniq":3,"trade":1,"nft":4,"gas":0.000001,"bal":0.028021,"days":4,"spread":0.133333,"streak":1,"rank_m":108650,"pct_m":0.115518,"gas_method":"exact"},"2024-10":{"txs":48,"uniq":28,"trade":4,"nft":13,"gas":0.000002,"bal":0.03267,"days":14,"spread":0.451613,"streak":5,"rank_m":18610,"pct_m":0.019785,"gas_method":"estimated"},"2024-11":{"txs":55,"uniq":18,"trade":1,"nft":3,"gas":0.000126,"bal":0.053775,"days":18,"spread":0.6,"streak":5,"rank_m":19581,"pct_m":0.020818,"gas_method":"exact"},"2024-12":{"txs":36,"uniq":24,"trade":3,"nft":2,"gas":0.000772,"bal":0.101007,"days":16,"spread":0.516129,"streak":2,"rank_m":37286,"pct_m":0.039642,"gas_method":"exact"},"2025-01":{"txs":35,"uniq":26,"trade":2,"nft":1,"gas":0.000003,"bal":0.126382,"days":17,"spread":0.548387,"streak":4,"rank_m":58061,"pct_m":0.06173,"gas_method":"exact"},"2025-02":{"txs":19,"uniq":13,"trade":2,"nft":1,"gas":0.00012,"bal":0.109333,"days":9,"spread":0.321429,"streak":4,"rank_m":30132,"pct_m":0.032036,"gas_method":"exact"},"2025-03":{"txs":22,"uniq":14,"trade":1,"nft":2,"gas":0.000174,"bal":0.082668,"days":10,"spread":0.322581,"streak":3,"rank_m":32804,"pct_m":0.034877,"gas_method":"exact"},"2025-04":{"txs":16,"uniq":14,"trade":3,"nft":1,"gas":0.000097,"bal":0.043018,"days":8,"spread":0.266667,"streak":2,"rank_m":32219,"pct_m":0.034255,"gas_method":"exact"},"2025-05":{"txs":19,"uniq":12,"trade":1,"nft":0,"gas":0.000134,"bal":0.015919,"days":9,"spread":0.290323,"streak":4,"rank_m":39289,"pct_m":0.041772,"gas_method":"estimated"},"2025-06":{"txs":16,"uniq":11,"trade":5,"nft":0,"gas":0.000113,"bal":0.013416,"days":7,"spread":0.233333,"streak":2,"rank_m":88124,"pct_m":0.093694,"gas_method":"estimated"},"2025-07":{"txs":2,"uniq":2,"trade":0,"nft":0,"gas":0.000014,"bal":0.019059,"days":1,"spread":0.032258,"streak":1,"rank_m":300484,"pct_m":0.319479,"gas_method":"estimated"},"2025-08":{"txs":9,"uniq":4,"trade":0,"nft":0,"gas":0.000063,"bal":0.045903,"days":5,"spread":0.16129,"streak":3,"rank_m":114167,"pct_m":0.121383,"gas_method":"estimated"},"2025-09":{"txs":2,"uniq":2,"trade":0,"nft":0,"gas":0.000014,"bal":0.096169,"days":2,"spread":0.066667,"streak":2,"rank_m":185685,"pct_m":0.197423,"gas_method":"estimated"},"2025-10":{"txs":0,"uniq":0,"trade":0,"nft":0,"gas":0,"bal":0.096169,"days":0,"spread":0,"streak":0,"rank_m":243731,"pct_m":0.259138}}}