{"wallet":"0xc5071d8c9dff807dd310ae3e4a214d22f0340aaa","rank":397217,"lifetime":{"months_active":17,"first":"2023-07","last":"2025-10","tx_sum":176,"uniq_sum":96,"trade_sum":2,"nft_sum":34,"gas_sum":0.002503,"avg_balance_eth_mean":0.008459,"streak_best_days":0,"gas_sum_filled":0.002503},"months":{"2023-07":{"txs":0,"uniq":0,"trade":0,"nft":0,"gas":0,"bal":0,"days":0,"spread":0,"streak":0,"rank_m":256230,"pct_m":0.272427},"2023-08":{"txs":0,"uniq":0,"trade":0,"nft":0,"gas":0,"bal":0,"days":0,"spread":0,"streak":0,"rank_m":344635,"pct_m":0.366421},"2023-09":{"txs":0,"uniq":0,"trade":0,"nft":0,"gas":0,"bal":0,"days":0,"spread":0,"streak":0,"rank_m":365353,"pct_m":0.388449},"2023-10":{"txs":51,"uniq":27,"trade":2,"nft":16,"gas":0.000689,"bal":0.005046,"days":3,"spread":0.096774,"streak":0,"rank_m":63713,"pct_m":0.06774,"gas_method":"estimated"},"2023-11":{"txs":16,"uniq":5,"trade":0,"nft":1,"gas":0.000327,"bal":0.024674,"days":4,"spread":0.133333,"streak":0,"rank_m":55457,"pct_m":0.058962,"gas_method":"exact"},"2023-12":{"txs":10,"uniq":4,"trade":0,"nft":0,"gas":0.000438,"bal":0.023767,"days":2,"spread":0.064516,"streak":0,"rank_m":103512,"pct_m":0.110055,"gas_method":"estimated"},"2024-01":{"txs":19,"uniq":16,"trade":0,"nft":11,"gas":0.000208,"bal":0.022789,"days":5,"spread":0.16129,"streak":0,"rank_m":49706,"pct_m":0.052847,"gas_method":"exact"},"2024-02":{"txs":15,"uniq":8,"trade":0,"nft":2,"gas":0.0002,"bal":0.024884,"days":6,"spread":0.206897,"streak":0,"rank_m":86125,"pct_m":0.091569,"gas_method":"exact"},"2024-03":{"txs":17,"uniq":9,"trade":0,"nft":4,"gas":0.000499,"bal":0.036464,"days":5,"spread":0.16129,"streak":0,"rank_m":135938,"pct_m":0.144531,"gas_method":"exact"},"2024-04":{"txs":10,"uniq":4,"trade":0,"nft":0,"gas":0.000043,"bal":0.035562,"days":2,"spread":0.066667,"streak":0,"rank_m":333345,"pct_m":0.354417,"gas_method":"estimated"},"2024-05":{"txs":7,"uniq":4,"trade":0,"nft":0,"gas":0.00001,"bal":0.035333,"days":2,"spread":0.064516,"streak":0,"rank_m":331755,"pct_m":0.352727,"gas_method":"estimated"},"2024-06":{"txs":11,"uniq":10,"trade":0,"nft":0,"gas":0.000001,"bal":0.014112,"days":5,"spread":0.166667,"streak":0,"rank_m":202293,"pct_m":0.21508,"gas_method":"exact"},"2024-07":{"txs":0,"uniq":0,"trade":0,"nft":0,"gas":0,"bal":0.014112,"days":0,"spread":0,"streak":0,"rank_m":448367,"pct_m":0.476711},"2024-08":{"txs":4,"uniq":1,"trade":0,"nft":0,"gas":0.000001,"bal":0,"days":1,"spread":0.032258,"streak":0,"rank_m":563423,"pct_m":0.59904,"gas_method":"estimated"},"2024-09":{"txs":3,"uniq":1,"trade":0,"nft":0,"gas":0,"bal":0,"days":1,"spread":0.033333,"streak":0,"rank_m":549732,"pct_m":0.584484,"gas_method":"estimated"},"2024-10":{"txs":6,"uniq":4,"trade":0,"nft":0,"gas":0.000001,"bal":0.000005,"days":3,"spread":0.096774,"streak":0,"rank_m":546737,"pct_m":0.581299,"gas_method":"estimated"},"2024-11":{"txs":0,"uniq":0,"trade":0,"nft":0,"gas":0,"bal":0.000005,"days":0,"spread":0,"streak":0,"rank_m":689461,"pct_m":0.733046},"2024-12":{"txs":2,"uniq":2,"trade":0,"nft":0,"gas":0.000044,"bal":0.000007,"days":2,"spread":0.064516,"streak":0,"rank_m":592446,"pct_m":0.629898,"gas_method":"exact"},"2025-01":{"txs":0,"uniq":0,"trade":0,"nft":0,"gas":0,"bal":0.000007,"days":0,"spread":0,"streak":0,"rank_m":731079,"pct_m":0.777295},"2025-02":{"txs":1,"uniq":0,"trade":0,"nft":0,"gas":0.000013,"bal":0.00001,"days":1,"spread":0.035714,"streak":0,"rank_m":697407,"pct_m":0.741495,"gas_method":"estimated"},"2025-03":{"txs":1,"uniq":1,"trade":0,"nft":0,"gas":0.000008,"bal":0.000012,"days":1,"spread":0.032258,"streak":0,"rank_m":582742,"pct_m":0.619581,"gas_method":"exact"},"2025-04":{"txs":0,"uniq":0,"trade":0,"nft":0,"gas":0,"bal":0.000012,"days":0,"spread":0,"streak":0,"rank_m":805491,"pct_m":0.856411},"2025-05":{"txs":0,"uniq":0,"trade":0,"nft":0,"gas":0,"bal":0.000012,"days":0,"spread":0,"streak":0,"rank_m":827064,"pct_m":0.879348},"2025-06":{"txs":1,"uniq":0,"trade":0,"nft":0,"gas":0.000007,"bal":0,"days":1,"spread":0.033333,"streak":0,"rank_m":796134,"pct_m":0.846463,"gas_method":"estimated"},"2025-07":{"txs":0,"uniq":0,"trade":0,"nft":0,"gas":0,"bal":0.000012,"days":0,"spread":0,"streak":0,"rank_m":865005,"pct_m":0.919688},"2025-08":{"txs":0,"uniq":0,"trade":0,"nft":0,"gas":0,"bal":0.000012,"days":0,"spread":0,"streak":0,"rank_m":860787,"pct_m":0.915203},"2025-09":{"txs":2,"uniq":0,"trade":0,"nft":0,"gas":0.000014,"bal":0,"days":1,"spread":0.033333,"streak":0,"rank_m":816427,"pct_m":0.868039,"gas_method":"estimated"},"2025-10":{"txs":0,"uniq":0,"trade":0,"nft":0,"gas":0,"bal":0.000012,"days":0,"spread":0,"streak":0,"rank_m":819962,"pct_m":0.871797}}}