{"wallet":"0xc540b64c3cd08010ce8c54533f8c1c68e738bf01","rank":98110,"lifetime":{"months_active":6,"first":"2023-07","last":"2025-10","tx_sum":532,"uniq_sum":104,"trade_sum":44,"nft_sum":4,"gas_sum":0.11086,"avg_balance_eth_mean":0.258665,"streak_best_days":17,"gas_sum_filled":0.11086},"months":{"2023-07":{"txs":200,"uniq":28,"trade":0,"nft":1,"gas":0.036715,"bal":0.274447,"days":2,"spread":0.064516,"streak":2,"rank_m":297,"pct_m":0.000315,"gas_method":"exact"},"2023-08":{"txs":308,"uniq":65,"trade":44,"nft":3,"gas":0.074025,"bal":0.693601,"days":15,"spread":0.483871,"streak":15,"rank_m":593,"pct_m":0.000629,"gas_method":"exact"},"2023-09":{"txs":0,"uniq":0,"trade":0,"nft":0,"gas":0,"bal":0.693601,"days":0,"spread":0,"streak":0,"rank_m":151387,"pct_m":0.160956},"2023-10":{"txs":0,"uniq":0,"trade":0,"nft":0,"gas":0,"bal":0.693601,"days":0,"spread":0,"streak":0,"rank_m":152639,"pct_m":0.162287},"2023-11":{"txs":0,"uniq":0,"trade":0,"nft":0,"gas":0,"bal":0.693601,"days":0,"spread":0,"streak":0,"rank_m":159258,"pct_m":0.169325},"2023-12":{"txs":0,"uniq":0,"trade":0,"nft":0,"gas":0,"bal":0.693601,"days":0,"spread":0,"streak":0,"rank_m":183578,"pct_m":0.195182},"2024-01":{"txs":0,"uniq":0,"trade":0,"nft":0,"gas":0,"bal":0.693601,"days":0,"spread":0,"streak":0,"rank_m":195205,"pct_m":0.207544},"2024-02":{"txs":0,"uniq":0,"trade":0,"nft":0,"gas":0,"bal":0.693601,"days":0,"spread":0,"streak":0,"rank_m":252498,"pct_m":0.268459},"2024-03":{"txs":0,"uniq":0,"trade":0,"nft":0,"gas":0,"bal":0.693601,"days":0,"spread":0,"streak":0,"rank_m":322951,"pct_m":0.343366},"2024-04":{"txs":0,"uniq":0,"trade":0,"nft":0,"gas":0,"bal":0.693601,"days":0,"spread":0,"streak":0,"rank_m":395999,"pct_m":0.421032},"2024-05":{"txs":0,"uniq":0,"trade":0,"nft":0,"gas":0,"bal":0.693601,"days":0,"spread":0,"streak":0,"rank_m":406059,"pct_m":0.431728},"2024-06":{"txs":17,"uniq":4,"trade":0,"nft":0,"gas":0.000007,"bal":0.000534,"days":2,"spread":0.066667,"streak":2,"rank_m":389056,"pct_m":0.41365,"gas_method":"estimated"},"2024-07":{"txs":0,"uniq":0,"trade":0,"nft":0,"gas":0,"bal":0.000534,"days":0,"spread":0,"streak":0,"rank_m":556516,"pct_m":0.591697},"2024-08":{"txs":0,"uniq":0,"trade":0,"nft":0,"gas":0,"bal":0.000534,"days":0,"spread":0,"streak":0,"rank_m":575110,"pct_m":0.611466},"2024-09":{"txs":0,"uniq":0,"trade":0,"nft":0,"gas":0,"bal":0.000534,"days":0,"spread":0,"streak":0,"rank_m":567833,"pct_m":0.603729},"2024-10":{"txs":0,"uniq":0,"trade":0,"nft":0,"gas":0,"bal":0.000534,"days":0,"spread":0,"streak":0,"rank_m":612691,"pct_m":0.651423},"2024-11":{"txs":0,"uniq":0,"trade":0,"nft":0,"gas":0,"bal":0.000534,"days":0,"spread":0,"streak":0,"rank_m":615422,"pct_m":0.654327},"2024-12":{"txs":3,"uniq":3,"trade":0,"nft":0,"gas":0.000066,"bal":0.001404,"days":1,"spread":0.032258,"streak":1,"rank_m":492141,"pct_m":0.523252,"gas_method":"exact"},"2025-01":{"txs":1,"uniq":1,"trade":0,"nft":0,"gas":0.000026,"bal":0.001307,"days":1,"spread":0.032258,"streak":1,"rank_m":517328,"pct_m":0.550031,"gas_method":"exact"},"2025-02":{"txs":0,"uniq":0,"trade":0,"nft":0,"gas":0,"bal":0.001307,"days":0,"spread":0,"streak":0,"rank_m":639258,"pct_m":0.679669},"2025-03":{"txs":0,"uniq":0,"trade":0,"nft":0,"gas":0,"bal":0.001307,"days":0,"spread":0,"streak":0,"rank_m":631777,"pct_m":0.671716},"2025-04":{"txs":0,"uniq":0,"trade":0,"nft":0,"gas":0,"bal":0.001307,"days":0,"spread":0,"streak":0,"rank_m":660683,"pct_m":0.702449},"2025-05":{"txs":0,"uniq":0,"trade":0,"nft":0,"gas":0,"bal":0.001307,"days":0,"spread":0,"streak":0,"rank_m":641896,"pct_m":0.682474},"2025-06":{"txs":0,"uniq":0,"trade":0,"nft":0,"gas":0,"bal":0.001307,"days":0,"spread":0,"streak":0,"rank_m":644779,"pct_m":0.685539},"2025-07":{"txs":0,"uniq":0,"trade":0,"nft":0,"gas":0,"bal":0.001307,"days":0,"spread":0,"streak":0,"rank_m":663272,"pct_m":0.705202},"2025-08":{"txs":3,"uniq":3,"trade":0,"nft":0,"gas":0.000021,"bal":0.006129,"days":1,"spread":0.032258,"streak":1,"rank_m":343711,"pct_m":0.365439,"gas_method":"estimated"},"2025-09":{"txs":0,"uniq":0,"trade":0,"nft":0,"gas":0,"bal":0.006129,"days":0,"spread":0,"streak":0,"rank_m":513020,"pct_m":0.545451},"2025-10":{"txs":0,"uniq":0,"trade":0,"nft":0,"gas":0,"bal":0.006129,"days":0,"spread":0,"streak":0,"rank_m":410137,"pct_m":0.436064}}}