{"wallet":"0xc58d50ed990299289e426e783a9b481476cb9eae","rank":262698,"lifetime":{"months_active":19,"first":"2023-07","last":"2025-10","tx_sum":330,"uniq_sum":95,"trade_sum":5,"nft_sum":9,"gas_sum":0.002861,"avg_balance_eth_mean":0.000444,"streak_best_days":9,"gas_sum_filled":0.002861},"months":{"2023-07":{"txs":0,"uniq":0,"trade":0,"nft":0,"gas":0,"bal":0,"days":0,"spread":0,"streak":0,"rank_m":254435,"pct_m":0.270519},"2023-08":{"txs":3,"uniq":2,"trade":0,"nft":1,"gas":0.000105,"bal":0.000018,"days":2,"spread":0.064516,"streak":2,"rank_m":135516,"pct_m":0.144082,"gas_method":"exact"},"2023-09":{"txs":1,"uniq":1,"trade":0,"nft":1,"gas":0.000047,"bal":0.000051,"days":1,"spread":0.033333,"streak":1,"rank_m":128105,"pct_m":0.136202,"gas_method":"exact"},"2023-10":{"txs":2,"uniq":1,"trade":0,"nft":1,"gas":0.000041,"bal":0.000166,"days":1,"spread":0.032258,"streak":1,"rank_m":115922,"pct_m":0.123249,"gas_method":"exact"},"2023-11":{"txs":0,"uniq":0,"trade":0,"nft":0,"gas":0,"bal":0.000166,"days":0,"spread":0,"streak":0,"rank_m":223018,"pct_m":0.237116},"2023-12":{"txs":0,"uniq":0,"trade":0,"nft":0,"gas":0,"bal":0.000166,"days":0,"spread":0,"streak":0,"rank_m":247886,"pct_m":0.263556},"2024-01":{"txs":0,"uniq":0,"trade":0,"nft":0,"gas":0,"bal":0.000166,"days":0,"spread":0,"streak":0,"rank_m":259197,"pct_m":0.275582},"2024-02":{"txs":0,"uniq":0,"trade":0,"nft":0,"gas":0,"bal":0.000166,"days":0,"spread":0,"streak":0,"rank_m":323003,"pct_m":0.343421},"2024-03":{"txs":6,"uniq":3,"trade":0,"nft":0,"gas":0.000091,"bal":0.00096,"days":2,"spread":0.064516,"streak":2,"rank_m":292504,"pct_m":0.310994,"gas_method":"estimated"},"2024-04":{"txs":30,"uniq":10,"trade":0,"nft":1,"gas":0.000056,"bal":0.003658,"days":10,"spread":0.333333,"streak":4,"rank_m":202665,"pct_m":0.215476,"gas_method":"estimated"},"2024-05":{"txs":75,"uniq":13,"trade":0,"nft":0,"gas":0.000052,"bal":0.002877,"days":22,"spread":0.709677,"streak":9,"rank_m":81435,"pct_m":0.086582,"gas_method":"exact"},"2024-06":{"txs":17,"uniq":8,"trade":0,"nft":0,"gas":0,"bal":0.001463,"days":8,"spread":0.266667,"streak":3,"rank_m":184336,"pct_m":0.195988,"gas_method":"exact"},"2024-07":{"txs":3,"uniq":2,"trade":0,"nft":1,"gas":0,"bal":0,"days":2,"spread":0.064516,"streak":1,"rank_m":466868,"pct_m":0.496381,"gas_method":"estimated"},"2024-08":{"txs":2,"uniq":1,"trade":0,"nft":0,"gas":0,"bal":0.000186,"days":1,"spread":0.032258,"streak":1,"rank_m":514140,"pct_m":0.546642,"gas_method":"estimated"},"2024-09":{"txs":1,"uniq":1,"trade":0,"nft":0,"gas":0,"bal":0.000744,"days":1,"spread":0.033333,"streak":1,"rank_m":456641,"pct_m":0.485508,"gas_method":"estimated"},"2024-10":{"txs":12,"uniq":6,"trade":0,"nft":2,"gas":0.000001,"bal":0.000024,"days":4,"spread":0.129032,"streak":2,"rank_m":389616,"pct_m":0.414246,"gas_method":"estimated"},"2024-11":{"txs":26,"uniq":11,"trade":2,"nft":2,"gas":0.000048,"bal":0.000126,"days":9,"spread":0.3,"streak":3,"rank_m":189308,"pct_m":0.201275,"gas_method":"exact"},"2024-12":{"txs":103,"uniq":14,"trade":0,"nft":0,"gas":0.002095,"bal":0.000252,"days":9,"spread":0.290323,"streak":3,"rank_m":170558,"pct_m":0.181339,"gas_method":"exact"},"2025-01":{"txs":4,"uniq":3,"trade":0,"nft":0,"gas":0.000078,"bal":0.000046,"days":1,"spread":0.032258,"streak":1,"rank_m":516047,"pct_m":0.548669,"gas_method":"exact"},"2025-02":{"txs":6,"uniq":4,"trade":1,"nft":0,"gas":0.000035,"bal":0.0001,"days":3,"spread":0.107143,"streak":2,"rank_m":332342,"pct_m":0.353351,"gas_method":"exact"},"2025-03":{"txs":4,"uniq":2,"trade":0,"nft":0,"gas":0.000001,"bal":0.000351,"days":1,"spread":0.032258,"streak":1,"rank_m":467087,"pct_m":0.496614,"gas_method":"exact"},"2025-04":{"txs":23,"uniq":7,"trade":2,"nft":0,"gas":0.000127,"bal":0.00068,"days":6,"spread":0.2,"streak":2,"rank_m":153663,"pct_m":0.163376,"gas_method":"exact"},"2025-05":{"txs":3,"uniq":2,"trade":0,"nft":0,"gas":0.000021,"bal":0.000017,"days":1,"spread":0.032258,"streak":1,"rank_m":645063,"pct_m":0.685841,"gas_method":"estimated"},"2025-06":{"txs":0,"uniq":0,"trade":0,"nft":0,"gas":0,"bal":0.000017,"days":0,"spread":0,"streak":0,"rank_m":836556,"pct_m":0.88944},"2025-07":{"txs":0,"uniq":0,"trade":0,"nft":0,"gas":0,"bal":0.000017,"days":0,"spread":0,"streak":0,"rank_m":860564,"pct_m":0.914966},"2025-08":{"txs":9,"uniq":4,"trade":0,"nft":0,"gas":0.000063,"bal":0.000006,"days":3,"spread":0.096774,"streak":2,"rank_m":593427,"pct_m":0.630941,"gas_method":"estimated"},"2025-09":{"txs":0,"uniq":0,"trade":0,"nft":0,"gas":0,"bal":0.000006,"days":0,"spread":0,"streak":0,"rank_m":867241,"pct_m":0.922065},"2025-10":{"txs":0,"uniq":0,"trade":0,"nft":0,"gas":0,"bal":0.000006,"days":0,"spread":0,"streak":0,"rank_m":832807,"pct_m":0.885454}}}