{"wallet":"0xc59bbe4c05bbdf53b00ea4f685249a54d1a13514","rank":328241,"lifetime":{"months_active":8,"first":"2023-07","last":"2025-10","tx_sum":585,"uniq_sum":34,"trade_sum":100,"nft_sum":0,"gas_sum":0.000389,"avg_balance_eth_mean":0.003724,"streak_best_days":34,"gas_sum_filled":0.000389},"months":{"2023-07":{"txs":0,"uniq":0,"trade":0,"nft":0,"gas":0,"bal":0,"days":0,"spread":0,"streak":0,"rank_m":254269,"pct_m":0.270342},"2023-08":{"txs":0,"uniq":0,"trade":0,"nft":0,"gas":0,"bal":0,"days":0,"spread":0,"streak":0,"rank_m":342893,"pct_m":0.364569},"2023-09":{"txs":0,"uniq":0,"trade":0,"nft":0,"gas":0,"bal":0,"days":0,"spread":0,"streak":0,"rank_m":363465,"pct_m":0.386441},"2023-10":{"txs":0,"uniq":0,"trade":0,"nft":0,"gas":0,"bal":0,"days":0,"spread":0,"streak":0,"rank_m":381620,"pct_m":0.405744},"2023-11":{"txs":7,"uniq":2,"trade":0,"nft":0,"gas":0.000007,"bal":0,"days":3,"spread":0.1,"streak":2,"rank_m":144972,"pct_m":0.154136,"gas_method":"estimated"},"2023-12":{"txs":7,"uniq":1,"trade":0,"nft":0,"gas":0.000013,"bal":0.000923,"days":3,"spread":0.096774,"streak":2,"rank_m":133015,"pct_m":0.141423,"gas_method":"estimated"},"2024-01":{"txs":1,"uniq":1,"trade":0,"nft":0,"gas":0.000019,"bal":0.000967,"days":1,"spread":0.032258,"streak":1,"rank_m":161747,"pct_m":0.171971,"gas_method":"exact"},"2024-02":{"txs":0,"uniq":0,"trade":0,"nft":0,"gas":0,"bal":0.000967,"days":0,"spread":0,"streak":0,"rank_m":293187,"pct_m":0.311721},"2024-03":{"txs":24,"uniq":2,"trade":0,"nft":0,"gas":0.000036,"bal":0.002334,"days":7,"spread":0.225806,"streak":7,"rank_m":192277,"pct_m":0.204431,"gas_method":"estimated"},"2024-04":{"txs":248,"uniq":9,"trade":32,"nft":0,"gas":0.000224,"bal":0.011554,"days":29,"spread":0.966667,"streak":17,"rank_m":18827,"pct_m":0.020016,"gas_method":"exact"},"2024-05":{"txs":151,"uniq":9,"trade":59,"nft":0,"gas":0.000087,"bal":0.015648,"days":27,"spread":0.870968,"streak":17,"rank_m":10226,"pct_m":0.010871,"gas_method":"exact"},"2024-06":{"txs":108,"uniq":5,"trade":9,"nft":0,"gas":0.000001,"bal":0.006142,"days":18,"spread":0.6,"streak":15,"rank_m":39406,"pct_m":0.041896,"gas_method":"exact"},"2024-07":{"txs":39,"uniq":5,"trade":0,"nft":0,"gas":0.000002,"bal":0.004108,"days":12,"spread":0.387097,"streak":5,"rank_m":116920,"pct_m":0.12431,"gas_method":"exact"},"2024-08":{"txs":0,"uniq":0,"trade":0,"nft":0,"gas":0,"bal":0.004108,"days":0,"spread":0,"streak":0,"rank_m":511418,"pct_m":0.543748},"2024-09":{"txs":0,"uniq":0,"trade":0,"nft":0,"gas":0,"bal":0.004108,"days":0,"spread":0,"streak":0,"rank_m":482870,"pct_m":0.513395},"2024-10":{"txs":0,"uniq":0,"trade":0,"nft":0,"gas":0,"bal":0.004108,"days":0,"spread":0,"streak":0,"rank_m":531105,"pct_m":0.564679},"2024-11":{"txs":0,"uniq":0,"trade":0,"nft":0,"gas":0,"bal":0.004108,"days":0,"spread":0,"streak":0,"rank_m":548926,"pct_m":0.583627},"2024-12":{"txs":0,"uniq":0,"trade":0,"nft":0,"gas":0,"bal":0.004108,"days":0,"spread":0,"streak":0,"rank_m":608172,"pct_m":0.646618},"2025-01":{"txs":0,"uniq":0,"trade":0,"nft":0,"gas":0,"bal":0.004108,"days":0,"spread":0,"streak":0,"rank_m":594162,"pct_m":0.631723},"2025-02":{"txs":0,"uniq":0,"trade":0,"nft":0,"gas":0,"bal":0.004108,"days":0,"spread":0,"streak":0,"rank_m":597858,"pct_m":0.635652},"2025-03":{"txs":0,"uniq":0,"trade":0,"nft":0,"gas":0,"bal":0.004108,"days":0,"spread":0,"streak":0,"rank_m":581688,"pct_m":0.61846},"2025-04":{"txs":0,"uniq":0,"trade":0,"nft":0,"gas":0,"bal":0.004108,"days":0,"spread":0,"streak":0,"rank_m":616314,"pct_m":0.655275},"2025-05":{"txs":0,"uniq":0,"trade":0,"nft":0,"gas":0,"bal":0.004108,"days":0,"spread":0,"streak":0,"rank_m":557567,"pct_m":0.592814},"2025-06":{"txs":0,"uniq":0,"trade":0,"nft":0,"gas":0,"bal":0.004108,"days":0,"spread":0,"streak":0,"rank_m":563634,"pct_m":0.599265},"2025-07":{"txs":0,"uniq":0,"trade":0,"nft":0,"gas":0,"bal":0.004108,"days":0,"spread":0,"streak":0,"rank_m":584798,"pct_m":0.621767},"2025-08":{"txs":0,"uniq":0,"trade":0,"nft":0,"gas":0,"bal":0.004108,"days":0,"spread":0,"streak":0,"rank_m":560000,"pct_m":0.595401},"2025-09":{"txs":0,"uniq":0,"trade":0,"nft":0,"gas":0,"bal":0.004108,"days":0,"spread":0,"streak":0,"rank_m":549874,"pct_m":0.584635},"2025-10":{"txs":0,"uniq":0,"trade":0,"nft":0,"gas":0,"bal":0.004108,"days":0,"spread":0,"streak":0,"rank_m":449742,"pct_m":0.478173}}}