{"wallet":"0xc59d8acf2e537bec5f8c026165d8c3fa65f7f168","rank":44298,"lifetime":{"months_active":16,"first":"2023-07","last":"2025-10","tx_sum":1606,"uniq_sum":514,"trade_sum":86,"nft_sum":287,"gas_sum":0.006668,"avg_balance_eth_mean":0.001505,"streak_best_days":109,"gas_sum_filled":0.006668},"months":{"2023-07":{"txs":0,"uniq":0,"trade":0,"nft":0,"gas":0,"bal":0,"days":0,"spread":0,"streak":0,"rank_m":254246,"pct_m":0.270318},"2023-08":{"txs":0,"uniq":0,"trade":0,"nft":0,"gas":0,"bal":0,"days":0,"spread":0,"streak":0,"rank_m":342870,"pct_m":0.364544},"2023-09":{"txs":0,"uniq":0,"trade":0,"nft":0,"gas":0,"bal":0,"days":0,"spread":0,"streak":0,"rank_m":363441,"pct_m":0.386416},"2023-10":{"txs":0,"uniq":0,"trade":0,"nft":0,"gas":0,"bal":0,"days":0,"spread":0,"streak":0,"rank_m":381597,"pct_m":0.40572},"2023-11":{"txs":0,"uniq":0,"trade":0,"nft":0,"gas":0,"bal":0,"days":0,"spread":0,"streak":0,"rank_m":397917,"pct_m":0.423071},"2023-12":{"txs":0,"uniq":0,"trade":0,"nft":0,"gas":0,"bal":0,"days":0,"spread":0,"streak":0,"rank_m":418364,"pct_m":0.444811},"2024-01":{"txs":0,"uniq":0,"trade":0,"nft":0,"gas":0,"bal":0,"days":0,"spread":0,"streak":0,"rank_m":435572,"pct_m":0.463107},"2024-02":{"txs":0,"uniq":0,"trade":0,"nft":0,"gas":0,"bal":0,"days":0,"spread":0,"streak":0,"rank_m":476883,"pct_m":0.507029},"2024-03":{"txs":91,"uniq":27,"trade":0,"nft":16,"gas":0.000209,"bal":0.000335,"days":9,"spread":0.290323,"streak":5,"rank_m":117584,"pct_m":0.125016,"gas_method":"estimated"},"2024-04":{"txs":95,"uniq":27,"trade":1,"nft":18,"gas":0.000081,"bal":0.001289,"days":30,"spread":1,"streak":30,"rank_m":48167,"pct_m":0.051211,"gas_method":"exact"},"2024-05":{"txs":136,"uniq":40,"trade":2,"nft":38,"gas":0.000125,"bal":0.001365,"days":31,"spread":1,"streak":31,"rank_m":25252,"pct_m":0.026847,"gas_method":"exact"},"2024-06":{"txs":169,"uniq":40,"trade":14,"nft":39,"gas":0.000001,"bal":0.003456,"days":30,"spread":1,"streak":30,"rank_m":13864,"pct_m":0.014739,"gas_method":"exact"},"2024-07":{"txs":99,"uniq":37,"trade":6,"nft":20,"gas":0.000001,"bal":0.002519,"days":24,"spread":0.774194,"streak":13,"rank_m":19775,"pct_m":0.021024,"gas_method":"exact"},"2024-08":{"txs":113,"uniq":41,"trade":6,"nft":39,"gas":0.000017,"bal":0.004253,"days":28,"spread":0.903226,"streak":8,"rank_m":8790,"pct_m":0.009345,"gas_method":"exact"},"2024-09":{"txs":113,"uniq":44,"trade":4,"nft":29,"gas":0.000001,"bal":0.002452,"days":27,"spread":0.9,"streak":14,"rank_m":39715,"pct_m":0.042225,"gas_method":"estimated"},"2024-10":{"txs":132,"uniq":51,"trade":3,"nft":45,"gas":0.00002,"bal":0.004148,"days":27,"spread":0.870968,"streak":14,"rank_m":12425,"pct_m":0.013209,"gas_method":"exact"},"2024-11":{"txs":120,"uniq":30,"trade":3,"nft":10,"gas":0.000274,"bal":0.002499,"days":28,"spread":0.933333,"streak":18,"rank_m":28953,"pct_m":0.030782,"gas_method":"exact"},"2024-12":{"txs":204,"uniq":53,"trade":9,"nft":15,"gas":0.004454,"bal":0.002965,"days":31,"spread":1,"streak":31,"rank_m":18656,"pct_m":0.019834,"gas_method":"exact"},"2025-01":{"txs":118,"uniq":29,"trade":1,"nft":8,"gas":0.000002,"bal":0.00565,"days":27,"spread":0.870968,"streak":19,"rank_m":66642,"pct_m":0.070854,"gas_method":"exact"},"2025-02":{"txs":103,"uniq":35,"trade":29,"nft":8,"gas":0.000718,"bal":0.001738,"days":23,"spread":0.821429,"streak":7,"rank_m":26699,"pct_m":0.028386,"gas_method":"exact"},"2025-03":{"txs":41,"uniq":13,"trade":0,"nft":1,"gas":0.000308,"bal":0.00253,"days":19,"spread":0.612903,"streak":4,"rank_m":64787,"pct_m":0.068882,"gas_method":"exact"},"2025-04":{"txs":50,"uniq":32,"trade":7,"nft":1,"gas":0.000302,"bal":0.002143,"days":23,"spread":0.766667,"streak":10,"rank_m":22179,"pct_m":0.02358,"gas_method":"exact"},"2025-05":{"txs":20,"uniq":13,"trade":0,"nft":0,"gas":0.000141,"bal":0.000697,"days":14,"spread":0.451613,"streak":14,"rank_m":237112,"pct_m":0.252101,"gas_method":"estimated"},"2025-06":{"txs":2,"uniq":2,"trade":1,"nft":0,"gas":0.000014,"bal":0.000822,"days":2,"spread":0.066667,"streak":1,"rank_m":422562,"pct_m":0.449274,"gas_method":"estimated"},"2025-07":{"txs":0,"uniq":0,"trade":0,"nft":0,"gas":0,"bal":0.000822,"days":0,"spread":0,"streak":0,"rank_m":697269,"pct_m":0.741348},"2025-08":{"txs":0,"uniq":0,"trade":0,"nft":0,"gas":0,"bal":0.000822,"days":0,"spread":0,"streak":0,"rank_m":677276,"pct_m":0.720091},"2025-09":{"txs":0,"uniq":0,"trade":0,"nft":0,"gas":0,"bal":0.000822,"days":0,"spread":0,"streak":0,"rank_m":658388,"pct_m":0.700009},"2025-10":{"txs":0,"uniq":0,"trade":0,"nft":0,"gas":0,"bal":0.000822,"days":0,"spread":0,"streak":0,"rank_m":580085,"pct_m":0.616756}}}