{"wallet":"0xc52e7e835d36745d3b0e8cf5610e3b503507701b","rank":181394,"lifetime":{"months_active":22,"first":"2023-07","last":"2025-10","tx_sum":277,"uniq_sum":170,"trade_sum":17,"nft_sum":96,"gas_sum":0.010316,"avg_balance_eth_mean":0.000769,"streak_best_days":4,"gas_sum_filled":0.010316},"months":{"2023-07":{"txs":3,"uniq":2,"trade":0,"nft":1,"gas":0.000581,"bal":0.000151,"days":1,"spread":0.032258,"streak":1,"rank_m":37660,"pct_m":0.04004,"gas_method":"estimated"},"2023-08":{"txs":61,"uniq":27,"trade":8,"nft":13,"gas":0.007006,"bal":0.001454,"days":16,"spread":0.516129,"streak":4,"rank_m":20039,"pct_m":0.021305,"gas_method":"exact"},"2023-09":{"txs":9,"uniq":4,"trade":0,"nft":6,"gas":0.000215,"bal":0.001111,"days":7,"spread":0.233333,"streak":2,"rank_m":52951,"pct_m":0.056297,"gas_method":"exact"},"2023-10":{"txs":3,"uniq":1,"trade":0,"nft":1,"gas":0.00008,"bal":0.000263,"days":1,"spread":0.032258,"streak":1,"rank_m":109698,"pct_m":0.116632,"gas_method":"exact"},"2023-11":{"txs":1,"uniq":1,"trade":0,"nft":1,"gas":0.000026,"bal":0.000174,"days":1,"spread":0.033333,"streak":1,"rank_m":148467,"pct_m":0.157852,"gas_method":"estimated"},"2023-12":{"txs":0,"uniq":0,"trade":0,"nft":0,"gas":0,"bal":0.000174,"days":0,"spread":0,"streak":0,"rank_m":247631,"pct_m":0.263285},"2024-01":{"txs":2,"uniq":1,"trade":0,"nft":1,"gas":0.000092,"bal":0.000268,"days":2,"spread":0.064516,"streak":1,"rank_m":169350,"pct_m":0.180055,"gas_method":"estimated"},"2024-02":{"txs":27,"uniq":16,"trade":1,"nft":9,"gas":0.000699,"bal":0.002405,"days":10,"spread":0.344828,"streak":3,"rank_m":45463,"pct_m":0.048336,"gas_method":"estimated"},"2024-03":{"txs":26,"uniq":17,"trade":0,"nft":11,"gas":0.001009,"bal":0.000681,"days":7,"spread":0.225806,"streak":3,"rank_m":147237,"pct_m":0.156544,"gas_method":"estimated"},"2024-04":{"txs":45,"uniq":19,"trade":0,"nft":10,"gas":0.000215,"bal":0.003007,"days":8,"spread":0.266667,"streak":2,"rank_m":165293,"pct_m":0.175741,"gas_method":"estimated"},"2024-05":{"txs":16,"uniq":12,"trade":2,"nft":9,"gas":0.000022,"bal":0.00301,"days":10,"spread":0.322581,"streak":3,"rank_m":100569,"pct_m":0.106926,"gas_method":"exact"},"2024-06":{"txs":7,"uniq":5,"trade":0,"nft":2,"gas":0,"bal":0.001106,"days":5,"spread":0.166667,"streak":1,"rank_m":327643,"pct_m":0.348355,"gas_method":"estimated"},"2024-07":{"txs":6,"uniq":4,"trade":0,"nft":3,"gas":0.000001,"bal":0.00058,"days":5,"spread":0.16129,"streak":2,"rank_m":240528,"pct_m":0.255733,"gas_method":"exact"},"2024-08":{"txs":15,"uniq":13,"trade":0,"nft":16,"gas":0.000003,"bal":0.000332,"days":10,"spread":0.322581,"streak":3,"rank_m":243164,"pct_m":0.258535,"gas_method":"estimated"},"2024-09":{"txs":3,"uniq":2,"trade":0,"nft":2,"gas":0,"bal":0.001834,"days":3,"spread":0.1,"streak":1,"rank_m":316394,"pct_m":0.336395,"gas_method":"estimated"},"2024-10":{"txs":11,"uniq":10,"trade":0,"nft":9,"gas":0.000001,"bal":0.000948,"days":6,"spread":0.193548,"streak":3,"rank_m":232408,"pct_m":0.247099,"gas_method":"estimated"},"2024-11":{"txs":14,"uniq":13,"trade":0,"nft":2,"gas":0.000032,"bal":0.000622,"days":9,"spread":0.3,"streak":2,"rank_m":209394,"pct_m":0.22263,"gas_method":"exact"},"2024-12":{"txs":7,"uniq":7,"trade":1,"nft":0,"gas":0.000154,"bal":0.000761,"days":5,"spread":0.16129,"streak":3,"rank_m":301648,"pct_m":0.320716,"gas_method":"exact"},"2025-01":{"txs":2,"uniq":2,"trade":0,"nft":0,"gas":0.000052,"bal":0.000911,"days":2,"spread":0.064516,"streak":1,"rank_m":485869,"pct_m":0.516584,"gas_method":"exact"},"2025-02":{"txs":3,"uniq":2,"trade":0,"nft":0,"gas":0.000014,"bal":0.000787,"days":3,"spread":0.107143,"streak":2,"rank_m":412066,"pct_m":0.438115,"gas_method":"exact"},"2025-03":{"txs":2,"uniq":2,"trade":0,"nft":0,"gas":0.000016,"bal":0.000082,"days":1,"spread":0.032258,"streak":1,"rank_m":476608,"pct_m":0.506737,"gas_method":"exact"},"2025-04":{"txs":0,"uniq":0,"trade":0,"nft":0,"gas":0,"bal":0.000082,"days":0,"spread":0,"streak":0,"rank_m":765500,"pct_m":0.813892},"2025-05":{"txs":0,"uniq":0,"trade":0,"nft":0,"gas":0,"bal":0.000082,"days":0,"spread":0,"streak":0,"rank_m":788720,"pct_m":0.83858},"2025-06":{"txs":0,"uniq":0,"trade":0,"nft":0,"gas":0,"bal":0.000082,"days":0,"spread":0,"streak":0,"rank_m":797065,"pct_m":0.847453},"2025-07":{"txs":9,"uniq":5,"trade":3,"nft":0,"gas":0.000063,"bal":0.000112,"days":4,"spread":0.129032,"streak":2,"rank_m":405094,"pct_m":0.430702,"gas_method":"estimated"},"2025-08":{"txs":5,"uniq":5,"trade":2,"nft":0,"gas":0.000035,"bal":0.00017,"days":2,"spread":0.064516,"streak":1,"rank_m":426554,"pct_m":0.453519,"gas_method":"estimated"},"2025-09":{"txs":0,"uniq":0,"trade":0,"nft":0,"gas":0,"bal":0.00017,"days":0,"spread":0,"streak":0,"rank_m":766942,"pct_m":0.815425},"2025-10":{"txs":0,"uniq":0,"trade":0,"nft":0,"gas":0,"bal":0.00017,"days":0,"spread":0,"streak":0,"rank_m":707591,"pct_m":0.752322}}}