{"wallet":"0xc5313865d91dc813733ce1bac1bf224b85896034","rank":743171,"lifetime":{"months_active":16,"first":"2023-07","last":"2025-10","tx_sum":116,"uniq_sum":63,"trade_sum":0,"nft_sum":13,"gas_sum":0.00074,"avg_balance_eth_mean":0.002781,"streak_best_days":2,"gas_sum_filled":0.00074},"months":{"2023-07":{"txs":0,"uniq":0,"trade":0,"nft":0,"gas":0,"bal":0,"days":0,"spread":0,"streak":0,"rank_m":255685,"pct_m":0.271848},"2023-08":{"txs":4,"uniq":4,"trade":0,"nft":4,"gas":0.000107,"bal":0.001462,"days":2,"spread":0.064516,"streak":1,"rank_m":114195,"pct_m":0.121413,"gas_method":"exact"},"2023-09":{"txs":0,"uniq":0,"trade":0,"nft":0,"gas":0,"bal":0.001462,"days":0,"spread":0,"streak":0,"rank_m":176536,"pct_m":0.187695},"2023-10":{"txs":11,"uniq":7,"trade":0,"nft":0,"gas":0.000078,"bal":0.00125,"days":2,"spread":0.064516,"streak":1,"rank_m":97946,"pct_m":0.104137,"gas_method":"estimated"},"2023-11":{"txs":0,"uniq":0,"trade":0,"nft":0,"gas":0,"bal":0.00125,"days":0,"spread":0,"streak":0,"rank_m":182796,"pct_m":0.194351},"2023-12":{"txs":1,"uniq":1,"trade":0,"nft":1,"gas":0.000023,"bal":0.001211,"days":1,"spread":0.032258,"streak":1,"rank_m":153066,"pct_m":0.162741,"gas_method":"estimated"},"2024-01":{"txs":5,"uniq":4,"trade":0,"nft":2,"gas":0.000108,"bal":0.001787,"days":1,"spread":0.032258,"streak":1,"rank_m":117543,"pct_m":0.124973,"gas_method":"estimated"},"2024-02":{"txs":0,"uniq":0,"trade":0,"nft":0,"gas":0,"bal":0.001787,"days":0,"spread":0,"streak":0,"rank_m":288810,"pct_m":0.307067},"2024-03":{"txs":0,"uniq":0,"trade":0,"nft":0,"gas":0,"bal":0.001787,"days":0,"spread":0,"streak":0,"rank_m":380991,"pct_m":0.405075},"2024-04":{"txs":3,"uniq":2,"trade":0,"nft":0,"gas":0.000007,"bal":0.009947,"days":2,"spread":0.066667,"streak":1,"rank_m":357627,"pct_m":0.380234,"gas_method":"estimated"},"2024-05":{"txs":6,"uniq":3,"trade":0,"nft":0,"gas":0.000004,"bal":0.020343,"days":3,"spread":0.096774,"streak":1,"rank_m":294202,"pct_m":0.3128,"gas_method":"estimated"},"2024-06":{"txs":3,"uniq":3,"trade":0,"nft":3,"gas":0,"bal":0.006063,"days":3,"spread":0.1,"streak":1,"rank_m":300074,"pct_m":0.319043,"gas_method":"estimated"},"2024-07":{"txs":8,"uniq":8,"trade":0,"nft":2,"gas":0.000001,"bal":0.004694,"days":3,"spread":0.096774,"streak":1,"rank_m":247618,"pct_m":0.263271,"gas_method":"estimated"},"2024-08":{"txs":0,"uniq":0,"trade":0,"nft":0,"gas":0,"bal":0.004694,"days":0,"spread":0,"streak":0,"rank_m":505630,"pct_m":0.537594},"2024-09":{"txs":0,"uniq":0,"trade":0,"nft":0,"gas":0,"bal":0.004694,"days":0,"spread":0,"streak":0,"rank_m":476392,"pct_m":0.506507},"2024-10":{"txs":0,"uniq":0,"trade":0,"nft":0,"gas":0,"bal":0.004694,"days":0,"spread":0,"streak":0,"rank_m":524004,"pct_m":0.557129},"2024-11":{"txs":34,"uniq":13,"trade":0,"nft":1,"gas":0.000076,"bal":0.000791,"days":8,"spread":0.266667,"streak":2,"rank_m":166031,"pct_m":0.176526,"gas_method":"exact"},"2024-12":{"txs":5,"uniq":3,"trade":0,"nft":0,"gas":0.00011,"bal":0.000748,"days":2,"spread":0.064516,"streak":1,"rank_m":464340,"pct_m":0.493694,"gas_method":"exact"},"2025-01":{"txs":0,"uniq":0,"trade":0,"nft":0,"gas":0,"bal":0.000748,"days":0,"spread":0,"streak":0,"rank_m":644680,"pct_m":0.685434},"2025-02":{"txs":2,"uniq":2,"trade":0,"nft":0,"gas":0.000014,"bal":0.000302,"days":1,"spread":0.035714,"streak":1,"rank_m":489239,"pct_m":0.520167,"gas_method":"exact"},"2025-03":{"txs":0,"uniq":0,"trade":0,"nft":0,"gas":0,"bal":0.000302,"days":0,"spread":0,"streak":0,"rank_m":702611,"pct_m":0.747028},"2025-04":{"txs":14,"uniq":2,"trade":0,"nft":0,"gas":0.000072,"bal":0.001478,"days":3,"spread":0.1,"streak":2,"rank_m":264517,"pct_m":0.281238,"gas_method":"exact"},"2025-05":{"txs":3,"uniq":3,"trade":0,"nft":0,"gas":0.000021,"bal":0.00562,"days":2,"spread":0.064516,"streak":1,"rank_m":287778,"pct_m":0.30597,"gas_method":"estimated"},"2025-06":{"txs":12,"uniq":4,"trade":0,"nft":0,"gas":0.000084,"bal":0.000209,"days":3,"spread":0.1,"streak":2,"rank_m":516739,"pct_m":0.549405,"gas_method":"estimated"},"2025-07":{"txs":4,"uniq":3,"trade":0,"nft":0,"gas":0.000028,"bal":0.000187,"days":2,"spread":0.064516,"streak":1,"rank_m":579224,"pct_m":0.61584,"gas_method":"estimated"},"2025-08":{"txs":1,"uniq":1,"trade":0,"nft":0,"gas":0.000007,"bal":0.000119,"days":1,"spread":0.032258,"streak":1,"rank_m":635085,"pct_m":0.675233,"gas_method":"estimated"},"2025-09":{"txs":0,"uniq":0,"trade":0,"nft":0,"gas":0,"bal":0.000119,"days":0,"spread":0,"streak":0,"rank_m":795843,"pct_m":0.846153},"2025-10":{"txs":0,"uniq":0,"trade":0,"nft":0,"gas":0,"bal":0.000119,"days":0,"spread":0,"streak":0,"rank_m":744145,"pct_m":0.791187}}}