{"wallet":"0xc555496ce699c0b9f75d79039ba68ced8c9e77a4","rank":53736,"lifetime":{"months_active":26,"first":"2023-07","last":"2025-10","tx_sum":717,"uniq_sum":229,"trade_sum":1,"nft_sum":23,"gas_sum":0.011266,"avg_balance_eth_mean":0.867185,"streak_best_days":5,"gas_sum_filled":0.011266},"months":{"2023-07":{"txs":0,"uniq":0,"trade":0,"nft":0,"gas":0,"bal":0,"days":0,"spread":0,"streak":0,"rank_m":255211,"pct_m":0.271344},"2023-08":{"txs":6,"uniq":5,"trade":0,"nft":4,"gas":0.001054,"bal":0.003535,"days":1,"spread":0.032258,"streak":1,"rank_m":97993,"pct_m":0.104187,"gas_method":"exact"},"2023-09":{"txs":64,"uniq":14,"trade":0,"nft":3,"gas":0.002648,"bal":0.049748,"days":12,"spread":0.4,"streak":5,"rank_m":6412,"pct_m":0.006816,"gas_method":"exact"},"2023-10":{"txs":27,"uniq":8,"trade":0,"nft":0,"gas":0.000347,"bal":0.009614,"days":4,"spread":0.129032,"streak":1,"rank_m":49709,"pct_m":0.05285,"gas_method":"estimated"},"2023-11":{"txs":24,"uniq":7,"trade":0,"nft":0,"gas":0.000534,"bal":0.004749,"days":4,"spread":0.133333,"streak":1,"rank_m":56465,"pct_m":0.060034,"gas_method":"estimated"},"2023-12":{"txs":23,"uniq":9,"trade":0,"nft":5,"gas":0.000958,"bal":0.010042,"days":4,"spread":0.129032,"streak":1,"rank_m":30014,"pct_m":0.03191,"gas_method":"estimated"},"2024-01":{"txs":11,"uniq":6,"trade":1,"nft":0,"gas":0.000352,"bal":0.00853,"days":3,"spread":0.096774,"streak":1,"rank_m":40868,"pct_m":0.043451,"gas_method":"exact"},"2024-02":{"txs":23,"uniq":7,"trade":0,"nft":0,"gas":0.000292,"bal":0.007331,"days":3,"spread":0.103448,"streak":1,"rank_m":87096,"pct_m":0.092601,"gas_method":"exact"},"2024-03":{"txs":21,"uniq":8,"trade":0,"nft":0,"gas":0.00069,"bal":0.005509,"days":4,"spread":0.129032,"streak":1,"rank_m":188952,"pct_m":0.200896,"gas_method":"estimated"},"2024-04":{"txs":6,"uniq":4,"trade":0,"nft":0,"gas":0.000024,"bal":0.004743,"days":1,"spread":0.033333,"streak":1,"rank_m":373382,"pct_m":0.396985,"gas_method":"estimated"},"2024-05":{"txs":26,"uniq":7,"trade":0,"nft":0,"gas":0.000035,"bal":0.630622,"days":7,"spread":0.225806,"streak":3,"rank_m":115616,"pct_m":0.122924,"gas_method":"estimated"},"2024-06":{"txs":34,"uniq":12,"trade":0,"nft":2,"gas":0.000001,"bal":4.247761,"days":8,"spread":0.266667,"streak":2,"rank_m":45204,"pct_m":0.048061,"gas_method":"exact"},"2024-07":{"txs":4,"uniq":4,"trade":0,"nft":0,"gas":0.000001,"bal":4.159538,"days":1,"spread":0.032258,"streak":1,"rank_m":241495,"pct_m":0.256761,"gas_method":"estimated"},"2024-08":{"txs":0,"uniq":0,"trade":0,"nft":0,"gas":0,"bal":4.159538,"days":0,"spread":0,"streak":0,"rank_m":397882,"pct_m":0.423034},"2024-09":{"txs":9,"uniq":4,"trade":0,"nft":0,"gas":0.000001,"bal":4.159533,"days":2,"spread":0.066667,"streak":1,"rank_m":158517,"pct_m":0.168537,"gas_method":"estimated"},"2024-10":{"txs":6,"uniq":4,"trade":0,"nft":0,"gas":0.000001,"bal":4.160568,"days":2,"spread":0.064516,"streak":1,"rank_m":224401,"pct_m":0.238586,"gas_method":"estimated"},"2024-11":{"txs":41,"uniq":13,"trade":0,"nft":1,"gas":0.000085,"bal":2.183914,"days":12,"spread":0.4,"streak":2,"rank_m":43393,"pct_m":0.046135,"gas_method":"exact"},"2024-12":{"txs":64,"uniq":14,"trade":0,"nft":0,"gas":0.001367,"bal":0.077751,"days":10,"spread":0.322581,"streak":4,"rank_m":53878,"pct_m":0.057283,"gas_method":"exact"},"2025-01":{"txs":31,"uniq":11,"trade":0,"nft":1,"gas":0.000805,"bal":0.049492,"days":4,"spread":0.129032,"streak":1,"rank_m":112022,"pct_m":0.119103,"gas_method":"exact"},"2025-02":{"txs":10,"uniq":5,"trade":0,"nft":0,"gas":0.00007,"bal":0.04937,"days":3,"spread":0.107143,"streak":1,"rank_m":190808,"pct_m":0.202869,"gas_method":"exact"},"2025-03":{"txs":50,"uniq":9,"trade":0,"nft":0,"gas":0.000379,"bal":0.049743,"days":5,"spread":0.16129,"streak":1,"rank_m":70663,"pct_m":0.075129,"gas_method":"exact"},"2025-04":{"txs":46,"uniq":11,"trade":0,"nft":0,"gas":0.000278,"bal":0.052357,"days":6,"spread":0.2,"streak":2,"rank_m":32904,"pct_m":0.034983,"gas_method":"exact"},"2025-05":{"txs":53,"uniq":13,"trade":0,"nft":0,"gas":0.000373,"bal":0.051313,"days":8,"spread":0.258065,"streak":3,"rank_m":26612,"pct_m":0.028293,"gas_method":"estimated"},"2025-06":{"txs":16,"uniq":7,"trade":0,"nft":0,"gas":0.000113,"bal":0.051892,"days":3,"spread":0.1,"streak":1,"rank_m":127660,"pct_m":0.135729,"gas_method":"estimated"},"2025-07":{"txs":37,"uniq":15,"trade":0,"nft":4,"gas":0.00026,"bal":0.047263,"days":5,"spread":0.16129,"streak":2,"rank_m":42911,"pct_m":0.045623,"gas_method":"estimated"},"2025-08":{"txs":56,"uniq":16,"trade":0,"nft":2,"gas":0.000394,"bal":0.011491,"days":8,"spread":0.258065,"streak":2,"rank_m":49932,"pct_m":0.053088,"gas_method":"estimated"},"2025-09":{"txs":7,"uniq":6,"trade":0,"nft":0,"gas":0.000049,"bal":0.014988,"days":1,"spread":0.033333,"streak":1,"rank_m":235208,"pct_m":0.250076,"gas_method":"estimated"},"2025-10":{"txs":22,"uniq":10,"trade":0,"nft":1,"gas":0.000155,"bal":0.020241,"days":4,"spread":0.129032,"streak":3,"rank_m":32179,"pct_m":0.034212,"gas_method":"estimated"}}}