{"wallet":"0xc5171b3daaab795b99e3ab3790420fd3365184d0","rank":121046,"lifetime":{"months_active":23,"first":"2023-07","last":"2025-10","tx_sum":420,"uniq_sum":117,"trade_sum":25,"nft_sum":41,"gas_sum":0.003036,"avg_balance_eth_mean":0.001477,"streak_best_days":14,"gas_sum_filled":0.003036},"months":{"2023-07":{"txs":3,"uniq":2,"trade":0,"nft":1,"gas":0.000243,"bal":0.000337,"days":1,"spread":0.032258,"streak":1,"rank_m":31420,"pct_m":0.033405,"gas_method":"estimated"},"2023-08":{"txs":15,"uniq":11,"trade":0,"nft":5,"gas":0.001421,"bal":0.0011,"days":4,"spread":0.129032,"streak":1,"rank_m":77714,"pct_m":0.082626,"gas_method":"exact"},"2023-09":{"txs":2,"uniq":2,"trade":0,"nft":2,"gas":0.000046,"bal":0.001069,"days":2,"spread":0.066667,"streak":1,"rank_m":98859,"pct_m":0.105108,"gas_method":"exact"},"2023-10":{"txs":1,"uniq":1,"trade":0,"nft":0,"gas":0.000006,"bal":0.00028,"days":1,"spread":0.032258,"streak":1,"rank_m":148833,"pct_m":0.158241,"gas_method":"estimated"},"2023-11":{"txs":8,"uniq":5,"trade":0,"nft":1,"gas":0.000088,"bal":0.00026,"days":2,"spread":0.066667,"streak":1,"rank_m":111814,"pct_m":0.118882,"gas_method":"estimated"},"2023-12":{"txs":4,"uniq":2,"trade":0,"nft":1,"gas":0.000082,"bal":0.000453,"days":3,"spread":0.096774,"streak":2,"rank_m":128995,"pct_m":0.137149,"gas_method":"estimated"},"2024-01":{"txs":5,"uniq":1,"trade":0,"nft":0,"gas":0.000032,"bal":0.000075,"days":5,"spread":0.16129,"streak":2,"rank_m":135882,"pct_m":0.144471,"gas_method":"exact"},"2024-02":{"txs":0,"uniq":0,"trade":0,"nft":0,"gas":0,"bal":0.000075,"days":0,"spread":0,"streak":0,"rank_m":334032,"pct_m":0.355148},"2024-03":{"txs":9,"uniq":6,"trade":0,"nft":2,"gas":0.000146,"bal":0.0005,"days":3,"spread":0.096774,"streak":1,"rank_m":268333,"pct_m":0.285295,"gas_method":"estimated"},"2024-04":{"txs":243,"uniq":25,"trade":19,"nft":10,"gas":0.000486,"bal":0.02048,"days":22,"spread":0.733333,"streak":13,"rank_m":13126,"pct_m":0.013955,"gas_method":"estimated"},"2024-05":{"txs":54,"uniq":25,"trade":3,"nft":11,"gas":0.000261,"bal":0.011934,"days":10,"spread":0.322581,"streak":3,"rank_m":25738,"pct_m":0.027364,"gas_method":"exact"},"2024-06":{"txs":15,"uniq":7,"trade":0,"nft":2,"gas":0,"bal":0.000362,"days":4,"spread":0.133333,"streak":2,"rank_m":311182,"pct_m":0.330853,"gas_method":"estimated"},"2024-07":{"txs":16,"uniq":8,"trade":2,"nft":2,"gas":0.000006,"bal":0.000278,"days":6,"spread":0.193548,"streak":2,"rank_m":151782,"pct_m":0.161376,"gas_method":"exact"},"2024-08":{"txs":15,"uniq":6,"trade":0,"nft":1,"gas":0.000001,"bal":0.000596,"days":7,"spread":0.225806,"streak":4,"rank_m":298125,"pct_m":0.316971,"gas_method":"estimated"},"2024-09":{"txs":2,"uniq":1,"trade":0,"nft":1,"gas":0,"bal":0.00192,"days":2,"spread":0.066667,"streak":1,"rank_m":354377,"pct_m":0.376779,"gas_method":"estimated"},"2024-10":{"txs":8,"uniq":3,"trade":1,"nft":1,"gas":0,"bal":0.000751,"days":4,"spread":0.129032,"streak":1,"rank_m":338035,"pct_m":0.359404,"gas_method":"estimated"},"2024-11":{"txs":1,"uniq":1,"trade":0,"nft":0,"gas":0.000002,"bal":0.000027,"days":1,"spread":0.033333,"streak":1,"rank_m":521055,"pct_m":0.553994,"gas_method":"exact"},"2024-12":{"txs":6,"uniq":5,"trade":0,"nft":0,"gas":0.000132,"bal":0.000008,"days":1,"spread":0.032258,"streak":1,"rank_m":503840,"pct_m":0.535691,"gas_method":"exact"},"2025-01":{"txs":0,"uniq":0,"trade":0,"nft":0,"gas":0,"bal":0.000008,"days":0,"spread":0,"streak":0,"rank_m":729695,"pct_m":0.775824},"2025-02":{"txs":5,"uniq":1,"trade":0,"nft":0,"gas":0.000028,"bal":0.00027,"days":4,"spread":0.142857,"streak":3,"rank_m":387209,"pct_m":0.411686,"gas_method":"exact"},"2025-03":{"txs":1,"uniq":1,"trade":0,"nft":0,"gas":0.000008,"bal":0.000015,"days":1,"spread":0.032258,"streak":1,"rank_m":531214,"pct_m":0.564795,"gas_method":"exact"},"2025-04":{"txs":1,"uniq":1,"trade":0,"nft":0,"gas":0.000006,"bal":0.000014,"days":1,"spread":0.033333,"streak":1,"rank_m":572656,"pct_m":0.608857,"gas_method":"exact"},"2025-05":{"txs":0,"uniq":0,"trade":0,"nft":0,"gas":0,"bal":0.000014,"days":0,"spread":0,"streak":0,"rank_m":824961,"pct_m":0.877112},"2025-06":{"txs":2,"uniq":1,"trade":0,"nft":0,"gas":0.000014,"bal":0.000053,"days":1,"spread":0.033333,"streak":1,"rank_m":652741,"pct_m":0.694005,"gas_method":"estimated"},"2025-07":{"txs":0,"uniq":0,"trade":0,"nft":0,"gas":0,"bal":0.000053,"days":0,"spread":0,"streak":0,"rank_m":839841,"pct_m":0.892933},"2025-08":{"txs":0,"uniq":0,"trade":0,"nft":0,"gas":0,"bal":0.000053,"days":0,"spread":0,"streak":0,"rank_m":831215,"pct_m":0.883762},"2025-09":{"txs":2,"uniq":1,"trade":0,"nft":1,"gas":0.000014,"bal":0.000153,"days":1,"spread":0.033333,"streak":1,"rank_m":513776,"pct_m":0.546255,"gas_method":"estimated"},"2025-10":{"txs":2,"uniq":1,"trade":0,"nft":0,"gas":0.000014,"bal":0.000201,"days":1,"spread":0.032258,"streak":1,"rank_m":466901,"pct_m":0.496416,"gas_method":"estimated"}}}