{"wallet":"0xc5706cf491bf93b3a156a2718eb03af9dee4f6da","rank":67685,"lifetime":{"months_active":25,"first":"2023-07","last":"2025-10","tx_sum":255,"uniq_sum":160,"trade_sum":13,"nft_sum":60,"gas_sum":0.007678,"avg_balance_eth_mean":0.047535,"streak_best_days":8,"gas_sum_filled":0.007678},"months":{"2023-07":{"txs":0,"uniq":0,"trade":0,"nft":0,"gas":0,"bal":0,"days":0,"spread":0,"streak":0,"rank_m":254848,"pct_m":0.270958},"2023-08":{"txs":19,"uniq":13,"trade":0,"nft":7,"gas":0.005299,"bal":0.014632,"days":10,"spread":0.322581,"streak":5,"rank_m":29778,"pct_m":0.031659,"gas_method":"exact"},"2023-09":{"txs":6,"uniq":5,"trade":0,"nft":1,"gas":0.000405,"bal":0.027696,"days":3,"spread":0.1,"streak":1,"rank_m":50011,"pct_m":0.053172,"gas_method":"exact"},"2023-10":{"txs":3,"uniq":2,"trade":0,"nft":3,"gas":0.00003,"bal":0.02713,"days":2,"spread":0.064516,"streak":1,"rank_m":56414,"pct_m":0.059979,"gas_method":"exact"},"2023-11":{"txs":1,"uniq":1,"trade":0,"nft":1,"gas":0.000017,"bal":0.025942,"days":1,"spread":0.033333,"streak":1,"rank_m":79968,"pct_m":0.085022,"gas_method":"estimated"},"2023-12":{"txs":1,"uniq":1,"trade":0,"nft":2,"gas":0.000095,"bal":0.025855,"days":1,"spread":0.032258,"streak":1,"rank_m":85471,"pct_m":0.090873,"gas_method":"exact"},"2024-01":{"txs":0,"uniq":0,"trade":0,"nft":0,"gas":0,"bal":0.025855,"days":0,"spread":0,"streak":0,"rank_m":200123,"pct_m":0.212773},"2024-02":{"txs":1,"uniq":1,"trade":0,"nft":1,"gas":0.000017,"bal":0.02556,"days":1,"spread":0.034483,"streak":1,"rank_m":168002,"pct_m":0.178622,"gas_method":"estimated"},"2024-03":{"txs":5,"uniq":5,"trade":0,"nft":4,"gas":0.000145,"bal":0.020743,"days":4,"spread":0.129032,"streak":1,"rank_m":153512,"pct_m":0.163216,"gas_method":"exact"},"2024-04":{"txs":3,"uniq":3,"trade":0,"nft":2,"gas":0.000009,"bal":0.0166,"days":3,"spread":0.1,"streak":1,"rank_m":297951,"pct_m":0.316786,"gas_method":"estimated"},"2024-05":{"txs":7,"uniq":6,"trade":0,"nft":6,"gas":0.000007,"bal":0.01489,"days":4,"spread":0.129032,"streak":2,"rank_m":194515,"pct_m":0.206811,"gas_method":"estimated"},"2024-06":{"txs":5,"uniq":5,"trade":0,"nft":4,"gas":0,"bal":0.020636,"days":2,"spread":0.066667,"streak":1,"rank_m":222242,"pct_m":0.236291,"gas_method":"estimated"},"2024-07":{"txs":1,"uniq":1,"trade":0,"nft":2,"gas":0,"bal":0.035388,"days":1,"spread":0.032258,"streak":1,"rank_m":290756,"pct_m":0.309136,"gas_method":"estimated"},"2024-08":{"txs":3,"uniq":3,"trade":0,"nft":2,"gas":0,"bal":0.034758,"days":3,"spread":0.096774,"streak":1,"rank_m":228072,"pct_m":0.242489,"gas_method":"exact"},"2024-09":{"txs":0,"uniq":0,"trade":0,"nft":0,"gas":0,"bal":0.034758,"days":0,"spread":0,"streak":0,"rank_m":389604,"pct_m":0.414233},"2024-10":{"txs":7,"uniq":7,"trade":0,"nft":8,"gas":0.000001,"bal":0.009272,"days":6,"spread":0.193548,"streak":2,"rank_m":126913,"pct_m":0.134935,"gas_method":"exact"},"2024-11":{"txs":3,"uniq":3,"trade":0,"nft":1,"gas":0.000007,"bal":0.002444,"days":2,"spread":0.066667,"streak":1,"rank_m":363731,"pct_m":0.386724,"gas_method":"exact"},"2024-12":{"txs":11,"uniq":10,"trade":1,"nft":2,"gas":0.000243,"bal":0.150092,"days":8,"spread":0.258065,"streak":2,"rank_m":129022,"pct_m":0.137177,"gas_method":"exact"},"2025-01":{"txs":8,"uniq":7,"trade":0,"nft":0,"gas":0.000208,"bal":0.221898,"days":6,"spread":0.193548,"streak":2,"rank_m":190058,"pct_m":0.202072,"gas_method":"exact"},"2025-02":{"txs":12,"uniq":10,"trade":4,"nft":0,"gas":0.000084,"bal":0.076103,"days":5,"spread":0.178571,"streak":2,"rank_m":69649,"pct_m":0.074051,"gas_method":"exact"},"2025-03":{"txs":5,"uniq":5,"trade":2,"nft":0,"gas":0.00004,"bal":0.111674,"days":3,"spread":0.096774,"streak":1,"rank_m":165376,"pct_m":0.17583,"gas_method":"exact"},"2025-04":{"txs":7,"uniq":6,"trade":0,"nft":1,"gas":0.000036,"bal":0.112129,"days":4,"spread":0.133333,"streak":2,"rank_m":123268,"pct_m":0.13106,"gas_method":"exact"},"2025-05":{"txs":41,"uniq":20,"trade":6,"nft":0,"gas":0.000289,"bal":0.093752,"days":13,"spread":0.419355,"streak":4,"rank_m":10820,"pct_m":0.011503,"gas_method":"estimated"},"2025-06":{"txs":41,"uniq":18,"trade":0,"nft":0,"gas":0.000289,"bal":0.052999,"days":17,"spread":0.566667,"streak":4,"rank_m":21460,"pct_m":0.022816,"gas_method":"estimated"},"2025-07":{"txs":22,"uniq":15,"trade":0,"nft":1,"gas":0.000155,"bal":0.035824,"days":12,"spread":0.387097,"streak":4,"rank_m":32937,"pct_m":0.035018,"gas_method":"estimated"},"2025-08":{"txs":9,"uniq":5,"trade":0,"nft":1,"gas":0.000063,"bal":0.019478,"days":5,"spread":0.16129,"streak":1,"rank_m":147233,"pct_m":0.15654,"gas_method":"estimated"},"2025-09":{"txs":3,"uniq":1,"trade":0,"nft":0,"gas":0.000021,"bal":0.041132,"days":3,"spread":0.1,"streak":2,"rank_m":203848,"pct_m":0.216734,"gas_method":"estimated"},"2025-10":{"txs":31,"uniq":7,"trade":0,"nft":11,"gas":0.000218,"bal":0.053734,"days":6,"spread":0.193548,"streak":4,"rank_m":13855,"pct_m":0.01473,"gas_method":"estimated"}}}