{"wallet":"0xc5c0418ae1f16822a1ef05aefd4de1476b96aefa","rank":410991,"lifetime":{"months_active":24,"first":"2023-07","last":"2025-10","tx_sum":133,"uniq_sum":80,"trade_sum":2,"nft_sum":37,"gas_sum":0.001257,"avg_balance_eth_mean":0.020809,"streak_best_days":2,"gas_sum_filled":0.001257},"months":{"2023-07":{"txs":0,"uniq":0,"trade":0,"nft":0,"gas":0,"bal":0,"days":0,"spread":0,"streak":0,"rank_m":253805,"pct_m":0.269849},"2023-08":{"txs":1,"uniq":1,"trade":0,"nft":0,"gas":0.000046,"bal":0.000202,"days":1,"spread":0.032258,"streak":1,"rank_m":153973,"pct_m":0.163706,"gas_method":"exact"},"2023-09":{"txs":1,"uniq":1,"trade":0,"nft":0,"gas":0.000052,"bal":0.000969,"days":1,"spread":0.033333,"streak":1,"rank_m":124063,"pct_m":0.131905,"gas_method":"exact"},"2023-10":{"txs":2,"uniq":1,"trade":0,"nft":1,"gas":0.00009,"bal":0.000702,"days":1,"spread":0.032258,"streak":1,"rank_m":105279,"pct_m":0.111933,"gas_method":"exact"},"2023-11":{"txs":1,"uniq":0,"trade":0,"nft":0,"gas":0.000042,"bal":0.000626,"days":1,"spread":0.033333,"streak":1,"rank_m":159967,"pct_m":0.170079,"gas_method":"estimated"},"2023-12":{"txs":1,"uniq":1,"trade":0,"nft":1,"gas":0.000079,"bal":0.000471,"days":1,"spread":0.032258,"streak":1,"rank_m":168928,"pct_m":0.179606,"gas_method":"estimated"},"2024-01":{"txs":2,"uniq":2,"trade":0,"nft":2,"gas":0.000048,"bal":0.000382,"days":2,"spread":0.064516,"streak":1,"rank_m":127822,"pct_m":0.135902,"gas_method":"exact"},"2024-02":{"txs":4,"uniq":3,"trade":0,"nft":5,"gas":0.000167,"bal":0.000234,"days":3,"spread":0.103448,"streak":1,"rank_m":199961,"pct_m":0.212601,"gas_method":"estimated"},"2024-03":{"txs":29,"uniq":15,"trade":1,"nft":5,"gas":0.000074,"bal":0.006129,"days":4,"spread":0.129032,"streak":1,"rank_m":100028,"pct_m":0.10635,"gas_method":"exact"},"2024-04":{"txs":16,"uniq":4,"trade":0,"nft":1,"gas":0.000124,"bal":0.009931,"days":4,"spread":0.133333,"streak":1,"rank_m":277188,"pct_m":0.29471,"gas_method":"estimated"},"2024-05":{"txs":5,"uniq":4,"trade":0,"nft":1,"gas":0.000013,"bal":0.009793,"days":4,"spread":0.129032,"streak":1,"rank_m":292612,"pct_m":0.311109,"gas_method":"estimated"},"2024-06":{"txs":1,"uniq":1,"trade":0,"nft":1,"gas":0,"bal":0.009569,"days":1,"spread":0.033333,"streak":1,"rank_m":364195,"pct_m":0.387218,"gas_method":"estimated"},"2024-07":{"txs":2,"uniq":1,"trade":0,"nft":0,"gas":0.000001,"bal":0.016708,"days":1,"spread":0.032258,"streak":1,"rank_m":346282,"pct_m":0.368172,"gas_method":"estimated"},"2024-08":{"txs":18,"uniq":14,"trade":0,"nft":18,"gas":0.000005,"bal":0.020946,"days":3,"spread":0.096774,"streak":2,"rank_m":110517,"pct_m":0.117503,"gas_method":"estimated"},"2024-09":{"txs":4,"uniq":0,"trade":0,"nft":0,"gas":0.000001,"bal":0.01922,"days":1,"spread":0.033333,"streak":1,"rank_m":295252,"pct_m":0.313916,"gas_method":"estimated"},"2024-10":{"txs":3,"uniq":2,"trade":1,"nft":0,"gas":0.000001,"bal":0.028661,"days":3,"spread":0.096774,"streak":1,"rank_m":221471,"pct_m":0.235471,"gas_method":"estimated"},"2024-11":{"txs":4,"uniq":3,"trade":0,"nft":0,"gas":0.000007,"bal":0.042832,"days":2,"spread":0.066667,"streak":1,"rank_m":331841,"pct_m":0.352818,"gas_method":"exact"},"2024-12":{"txs":13,"uniq":2,"trade":0,"nft":0,"gas":0.000287,"bal":0.042827,"days":1,"spread":0.032258,"streak":1,"rank_m":329554,"pct_m":0.350387,"gas_method":"exact"},"2025-01":{"txs":2,"uniq":2,"trade":0,"nft":0,"gas":0.000052,"bal":0.0428,"days":1,"spread":0.032258,"streak":1,"rank_m":403485,"pct_m":0.428991,"gas_method":"exact"},"2025-02":{"txs":3,"uniq":3,"trade":0,"nft":0,"gas":0.000021,"bal":0.042785,"days":1,"spread":0.035714,"streak":1,"rank_m":331028,"pct_m":0.351954,"gas_method":"exact"},"2025-03":{"txs":0,"uniq":0,"trade":0,"nft":0,"gas":0,"bal":0.042785,"days":0,"spread":0,"streak":0,"rank_m":486738,"pct_m":0.517507},"2025-04":{"txs":0,"uniq":0,"trade":0,"nft":0,"gas":0,"bal":0.042785,"days":0,"spread":0,"streak":0,"rank_m":528320,"pct_m":0.561718},"2025-05":{"txs":0,"uniq":0,"trade":0,"nft":0,"gas":0,"bal":0.042785,"days":0,"spread":0,"streak":0,"rank_m":370700,"pct_m":0.394134},"2025-06":{"txs":2,"uniq":2,"trade":0,"nft":0,"gas":0.000014,"bal":0.042768,"days":1,"spread":0.033333,"streak":1,"rank_m":236338,"pct_m":0.251278,"gas_method":"estimated"},"2025-07":{"txs":7,"uniq":7,"trade":0,"nft":1,"gas":0.000049,"bal":0.044052,"days":2,"spread":0.064516,"streak":1,"rank_m":157800,"pct_m":0.167775,"gas_method":"estimated"},"2025-08":{"txs":2,"uniq":2,"trade":0,"nft":0,"gas":0.000014,"bal":0.049063,"days":2,"spread":0.064516,"streak":1,"rank_m":221864,"pct_m":0.235889,"gas_method":"estimated"},"2025-09":{"txs":9,"uniq":8,"trade":0,"nft":0,"gas":0.000063,"bal":0.021083,"days":1,"spread":0.033333,"streak":1,"rank_m":192955,"pct_m":0.205152,"gas_method":"estimated"},"2025-10":{"txs":1,"uniq":1,"trade":0,"nft":1,"gas":0.000007,"bal":0.001549,"days":1,"spread":0.032258,"streak":1,"rank_m":276422,"pct_m":0.293896,"gas_method":"estimated"}}}