{"wallet":"0xc5478dedd33040b2c0302267819d84057e6001b3","rank":474862,"lifetime":{"months_active":10,"first":"2023-07","last":"2025-10","tx_sum":176,"uniq_sum":51,"trade_sum":36,"nft_sum":15,"gas_sum":0.001824,"avg_balance_eth_mean":0.005177,"streak_best_days":12,"gas_sum_filled":0.001824},"months":{"2023-07":{"txs":2,"uniq":1,"trade":0,"nft":0,"gas":0.000609,"bal":0.0004,"days":1,"spread":0.032258,"streak":1,"rank_m":39179,"pct_m":0.041655,"gas_method":"estimated"},"2023-08":{"txs":3,"uniq":3,"trade":0,"nft":1,"gas":0.000139,"bal":0.000917,"days":2,"spread":0.064516,"streak":1,"rank_m":127755,"pct_m":0.13583,"gas_method":"exact"},"2023-09":{"txs":0,"uniq":0,"trade":0,"nft":0,"gas":0,"bal":0.000917,"days":0,"spread":0,"streak":0,"rank_m":183161,"pct_m":0.194739},"2023-10":{"txs":0,"uniq":0,"trade":0,"nft":0,"gas":0,"bal":0.000917,"days":0,"spread":0,"streak":0,"rank_m":184888,"pct_m":0.196575},"2023-11":{"txs":0,"uniq":0,"trade":0,"nft":0,"gas":0,"bal":0.000917,"days":0,"spread":0,"streak":0,"rank_m":190757,"pct_m":0.202815},"2023-12":{"txs":0,"uniq":0,"trade":0,"nft":0,"gas":0,"bal":0.000917,"days":0,"spread":0,"streak":0,"rank_m":212660,"pct_m":0.226103},"2024-01":{"txs":0,"uniq":0,"trade":0,"nft":0,"gas":0,"bal":0.000917,"days":0,"spread":0,"streak":0,"rank_m":222915,"pct_m":0.237006},"2024-02":{"txs":1,"uniq":1,"trade":0,"nft":0,"gas":0.000041,"bal":0.000814,"days":1,"spread":0.034483,"streak":1,"rank_m":256580,"pct_m":0.272799,"gas_method":"estimated"},"2024-03":{"txs":4,"uniq":3,"trade":0,"nft":2,"gas":0.000244,"bal":0.011873,"days":1,"spread":0.032258,"streak":1,"rank_m":228696,"pct_m":0.243153,"gas_method":"estimated"},"2024-04":{"txs":89,"uniq":17,"trade":24,"nft":6,"gas":0.00067,"bal":0.026809,"days":18,"spread":0.6,"streak":9,"rank_m":25984,"pct_m":0.027626,"gas_method":"estimated"},"2024-05":{"txs":47,"uniq":12,"trade":6,"nft":5,"gas":0.000044,"bal":0.022679,"days":17,"spread":0.548387,"streak":12,"rank_m":18396,"pct_m":0.019558,"gas_method":"exact"},"2024-06":{"txs":15,"uniq":4,"trade":4,"nft":1,"gas":0.000001,"bal":0.022275,"days":4,"spread":0.133333,"streak":3,"rank_m":116103,"pct_m":0.123442,"gas_method":"estimated"},"2024-07":{"txs":0,"uniq":0,"trade":0,"nft":0,"gas":0,"bal":0.022275,"days":0,"spread":0,"streak":0,"rank_m":435455,"pct_m":0.462982},"2024-08":{"txs":0,"uniq":0,"trade":0,"nft":0,"gas":0,"bal":0.022275,"days":0,"spread":0,"streak":0,"rank_m":439994,"pct_m":0.467808},"2024-09":{"txs":11,"uniq":8,"trade":2,"nft":0,"gas":0.000001,"bal":0.008851,"days":2,"spread":0.066667,"streak":1,"rank_m":147214,"pct_m":0.156519,"gas_method":"estimated"},"2024-10":{"txs":3,"uniq":2,"trade":0,"nft":0,"gas":0.000001,"bal":0,"days":2,"spread":0.064516,"streak":1,"rank_m":556805,"pct_m":0.592004,"gas_method":"estimated"},"2024-11":{"txs":0,"uniq":0,"trade":0,"nft":0,"gas":0,"bal":0,"days":0,"spread":0,"streak":0,"rank_m":702872,"pct_m":0.747305},"2024-12":{"txs":1,"uniq":0,"trade":0,"nft":0,"gas":0.000074,"bal":0.000109,"days":1,"spread":0.032258,"streak":1,"rank_m":632682,"pct_m":0.672678,"gas_method":"estimated"},"2025-01":{"txs":0,"uniq":0,"trade":0,"nft":0,"gas":0,"bal":0.000109,"days":0,"spread":0,"streak":0,"rank_m":697420,"pct_m":0.741508},"2025-02":{"txs":0,"uniq":0,"trade":0,"nft":0,"gas":0,"bal":0.000109,"days":0,"spread":0,"streak":0,"rank_m":722949,"pct_m":0.768651},"2025-03":{"txs":0,"uniq":0,"trade":0,"nft":0,"gas":0,"bal":0.000109,"days":0,"spread":0,"streak":0,"rank_m":734414,"pct_m":0.780841},"2025-04":{"txs":0,"uniq":0,"trade":0,"nft":0,"gas":0,"bal":0.000109,"days":0,"spread":0,"streak":0,"rank_m":759405,"pct_m":0.807412},"2025-05":{"txs":0,"uniq":0,"trade":0,"nft":0,"gas":0,"bal":0.000109,"days":0,"spread":0,"streak":0,"rank_m":781779,"pct_m":0.8312},"2025-06":{"txs":0,"uniq":0,"trade":0,"nft":0,"gas":0,"bal":0.000109,"days":0,"spread":0,"streak":0,"rank_m":789216,"pct_m":0.839107},"2025-07":{"txs":0,"uniq":0,"trade":0,"nft":0,"gas":0,"bal":0.000109,"days":0,"spread":0,"streak":0,"rank_m":814755,"pct_m":0.866261},"2025-08":{"txs":0,"uniq":0,"trade":0,"nft":0,"gas":0,"bal":0.000109,"days":0,"spread":0,"streak":0,"rank_m":805185,"pct_m":0.856086},"2025-09":{"txs":0,"uniq":0,"trade":0,"nft":0,"gas":0,"bal":0.000109,"days":0,"spread":0,"streak":0,"rank_m":800684,"pct_m":0.8513},"2025-10":{"txs":0,"uniq":0,"trade":0,"nft":0,"gas":0,"bal":0.000109,"days":0,"spread":0,"streak":0,"rank_m":749576,"pct_m":0.796962}}}