{"wallet":"0xc52521c58d0a0d3939c3c513371fe9f172645c9a","rank":313275,"lifetime":{"months_active":16,"first":"2023-07","last":"2025-10","tx_sum":200,"uniq_sum":106,"trade_sum":21,"nft_sum":67,"gas_sum":0.001186,"avg_balance_eth_mean":0.004645,"streak_best_days":4,"gas_sum_filled":0.001186},"months":{"2023-07":{"txs":0,"uniq":0,"trade":0,"nft":0,"gas":0,"bal":0,"days":0,"spread":0,"streak":0,"rank_m":255841,"pct_m":0.272014},"2023-08":{"txs":0,"uniq":0,"trade":0,"nft":0,"gas":0,"bal":0,"days":0,"spread":0,"streak":0,"rank_m":344279,"pct_m":0.366043},"2023-09":{"txs":0,"uniq":0,"trade":0,"nft":0,"gas":0,"bal":0,"days":0,"spread":0,"streak":0,"rank_m":364974,"pct_m":0.388046},"2023-10":{"txs":0,"uniq":0,"trade":0,"nft":0,"gas":0,"bal":0,"days":0,"spread":0,"streak":0,"rank_m":383114,"pct_m":0.407333},"2023-11":{"txs":0,"uniq":0,"trade":0,"nft":0,"gas":0,"bal":0,"days":0,"spread":0,"streak":0,"rank_m":399424,"pct_m":0.424674},"2023-12":{"txs":10,"uniq":3,"trade":14,"nft":0,"gas":0.00027,"bal":0.021519,"days":5,"spread":0.16129,"streak":2,"rank_m":23629,"pct_m":0.025122,"gas_method":"estimated"},"2024-01":{"txs":29,"uniq":6,"trade":6,"nft":0,"gas":0.000401,"bal":0.024859,"days":9,"spread":0.290323,"streak":4,"rank_m":7802,"pct_m":0.008294,"gas_method":"exact"},"2024-02":{"txs":2,"uniq":1,"trade":0,"nft":1,"gas":0.000028,"bal":0.001884,"days":2,"spread":0.068966,"streak":2,"rank_m":194685,"pct_m":0.206992,"gas_method":"estimated"},"2024-03":{"txs":3,"uniq":2,"trade":0,"nft":0,"gas":0.000064,"bal":0.015565,"days":2,"spread":0.064516,"streak":1,"rank_m":243884,"pct_m":0.259301,"gas_method":"estimated"},"2024-04":{"txs":6,"uniq":5,"trade":0,"nft":1,"gas":0.000016,"bal":0.012392,"days":5,"spread":0.166667,"streak":2,"rank_m":257051,"pct_m":0.2733,"gas_method":"estimated"},"2024-05":{"txs":1,"uniq":0,"trade":0,"nft":1,"gas":0.000001,"bal":0.001509,"days":1,"spread":0.032258,"streak":1,"rank_m":437673,"pct_m":0.465341,"gas_method":"estimated"},"2024-06":{"txs":20,"uniq":9,"trade":0,"nft":3,"gas":0.000001,"bal":0.011566,"days":5,"spread":0.166667,"streak":1,"rank_m":150204,"pct_m":0.159699,"gas_method":"estimated"},"2024-07":{"txs":25,"uniq":18,"trade":1,"nft":20,"gas":0.000004,"bal":0.002878,"days":3,"spread":0.096774,"streak":2,"rank_m":93999,"pct_m":0.09994,"gas_method":"exact"},"2024-08":{"txs":55,"uniq":38,"trade":0,"nft":37,"gas":0.000005,"bal":0.001729,"days":7,"spread":0.225806,"streak":4,"rank_m":113822,"pct_m":0.121017,"gas_method":"estimated"},"2024-09":{"txs":2,"uniq":1,"trade":0,"nft":1,"gas":0,"bal":0.002145,"days":2,"spread":0.066667,"streak":1,"rank_m":349619,"pct_m":0.37172,"gas_method":"estimated"},"2024-10":{"txs":5,"uniq":4,"trade":0,"nft":2,"gas":0.000017,"bal":0.020993,"days":2,"spread":0.064516,"streak":1,"rank_m":199786,"pct_m":0.212415,"gas_method":"exact"},"2024-11":{"txs":7,"uniq":3,"trade":0,"nft":1,"gas":0.000016,"bal":0.000782,"days":6,"spread":0.2,"streak":2,"rank_m":308295,"pct_m":0.327784,"gas_method":"exact"},"2024-12":{"txs":7,"uniq":5,"trade":0,"nft":0,"gas":0.000154,"bal":0.00026,"days":4,"spread":0.129032,"streak":2,"rank_m":406639,"pct_m":0.432345,"gas_method":"exact"},"2025-01":{"txs":2,"uniq":1,"trade":0,"nft":0,"gas":0.000026,"bal":0.000134,"days":1,"spread":0.032258,"streak":1,"rank_m":554096,"pct_m":0.589124,"gas_method":"exact"},"2025-02":{"txs":0,"uniq":0,"trade":0,"nft":0,"gas":0,"bal":0.000134,"days":0,"spread":0,"streak":0,"rank_m":719115,"pct_m":0.764575},"2025-03":{"txs":0,"uniq":0,"trade":0,"nft":0,"gas":0,"bal":0.000134,"days":0,"spread":0,"streak":0,"rank_m":728370,"pct_m":0.774415},"2025-04":{"txs":0,"uniq":0,"trade":0,"nft":0,"gas":0,"bal":0.000134,"days":0,"spread":0,"streak":0,"rank_m":753554,"pct_m":0.801191},"2025-05":{"txs":0,"uniq":0,"trade":0,"nft":0,"gas":0,"bal":0.000134,"days":0,"spread":0,"streak":0,"rank_m":773180,"pct_m":0.822058},"2025-06":{"txs":0,"uniq":0,"trade":0,"nft":0,"gas":0,"bal":0.000134,"days":0,"spread":0,"streak":0,"rank_m":780343,"pct_m":0.829674},"2025-07":{"txs":18,"uniq":10,"trade":0,"nft":0,"gas":0.000127,"bal":0.000148,"days":1,"spread":0.032258,"streak":1,"rank_m":532588,"pct_m":0.566256,"gas_method":"estimated"},"2025-08":{"txs":0,"uniq":0,"trade":0,"nft":0,"gas":0,"bal":0.000148,"days":0,"spread":0,"streak":0,"rank_m":790610,"pct_m":0.84059},"2025-09":{"txs":0,"uniq":0,"trade":0,"nft":0,"gas":0,"bal":0.000148,"days":0,"spread":0,"streak":0,"rank_m":784015,"pct_m":0.833578},"2025-10":{"txs":8,"uniq":0,"trade":0,"nft":0,"gas":0.000056,"bal":0.010719,"days":2,"spread":0.064516,"streak":1,"rank_m":204575,"pct_m":0.217507,"gas_method":"estimated"}}}