{"wallet":"0xc5840af43749fd2a85103165c88e1891d2a64582","rank":53301,"lifetime":{"months_active":28,"first":"2023-07","last":"2025-10","tx_sum":843,"uniq_sum":226,"trade_sum":61,"nft_sum":74,"gas_sum":0.005445,"avg_balance_eth_mean":0.002728,"streak_best_days":16,"gas_sum_filled":0.005445},"months":{"2023-07":{"txs":3,"uniq":2,"trade":0,"nft":1,"gas":0.000278,"bal":0.000356,"days":1,"spread":0.032258,"streak":1,"rank_m":27817,"pct_m":0.029574,"gas_method":"estimated"},"2023-08":{"txs":3,"uniq":5,"trade":0,"nft":3,"gas":0.000114,"bal":0.000832,"days":2,"spread":0.064516,"streak":1,"rank_m":119538,"pct_m":0.127094,"gas_method":"exact"},"2023-09":{"txs":4,"uniq":4,"trade":0,"nft":5,"gas":0.000028,"bal":0.000722,"days":3,"spread":0.1,"streak":2,"rank_m":75865,"pct_m":0.08066,"gas_method":"exact"},"2023-10":{"txs":5,"uniq":4,"trade":0,"nft":4,"gas":0.000036,"bal":0.000734,"days":5,"spread":0.16129,"streak":2,"rank_m":61292,"pct_m":0.065166,"gas_method":"exact"},"2023-11":{"txs":14,"uniq":8,"trade":0,"nft":5,"gas":0.000176,"bal":0.006977,"days":12,"spread":0.4,"streak":11,"rank_m":21097,"pct_m":0.02243,"gas_method":"estimated"},"2023-12":{"txs":1,"uniq":1,"trade":0,"nft":1,"gas":0.000024,"bal":0.003485,"days":1,"spread":0.032258,"streak":1,"rank_m":130925,"pct_m":0.139201,"gas_method":"estimated"},"2024-01":{"txs":1,"uniq":1,"trade":0,"nft":0,"gas":0.000022,"bal":0.003379,"days":1,"spread":0.032258,"streak":1,"rank_m":162013,"pct_m":0.172254,"gas_method":"estimated"},"2024-02":{"txs":3,"uniq":3,"trade":0,"nft":3,"gas":0.000037,"bal":0.003083,"days":3,"spread":0.103448,"streak":1,"rank_m":154205,"pct_m":0.163952,"gas_method":"estimated"},"2024-03":{"txs":5,"uniq":4,"trade":1,"nft":1,"gas":0.000093,"bal":0.002575,"days":3,"spread":0.096774,"streak":1,"rank_m":219812,"pct_m":0.233707,"gas_method":"estimated"},"2024-04":{"txs":1,"uniq":1,"trade":0,"nft":1,"gas":0.000002,"bal":0.002764,"days":1,"spread":0.033333,"streak":1,"rank_m":400915,"pct_m":0.426259,"gas_method":"estimated"},"2024-05":{"txs":4,"uniq":3,"trade":0,"nft":2,"gas":0.000003,"bal":0.002603,"days":2,"spread":0.064516,"streak":1,"rank_m":368183,"pct_m":0.391458,"gas_method":"estimated"},"2024-06":{"txs":11,"uniq":7,"trade":0,"nft":4,"gas":0,"bal":0.001959,"days":4,"spread":0.133333,"streak":2,"rank_m":245314,"pct_m":0.260821,"gas_method":"estimated"},"2024-07":{"txs":91,"uniq":31,"trade":0,"nft":14,"gas":0.00001,"bal":0.000767,"days":14,"spread":0.451613,"streak":13,"rank_m":109116,"pct_m":0.116013,"gas_method":"estimated"},"2024-08":{"txs":113,"uniq":46,"trade":1,"nft":26,"gas":0.00001,"bal":0.004363,"days":19,"spread":0.612903,"streak":10,"rank_m":36582,"pct_m":0.038894,"gas_method":"estimated"},"2024-09":{"txs":9,"uniq":7,"trade":0,"nft":3,"gas":0,"bal":0.007688,"days":4,"spread":0.133333,"streak":1,"rank_m":165748,"pct_m":0.176225,"gas_method":"estimated"},"2024-10":{"txs":3,"uniq":2,"trade":0,"nft":1,"gas":0,"bal":0.003958,"days":3,"spread":0.096774,"streak":1,"rank_m":306144,"pct_m":0.325497,"gas_method":"exact"},"2024-11":{"txs":3,"uniq":2,"trade":0,"nft":0,"gas":0.000005,"bal":0.0011,"days":2,"spread":0.066667,"streak":2,"rank_m":421659,"pct_m":0.448314,"gas_method":"exact"},"2024-12":{"txs":2,"uniq":2,"trade":0,"nft":0,"gas":0.000044,"bal":0.000726,"days":1,"spread":0.032258,"streak":1,"rank_m":529017,"pct_m":0.562459,"gas_method":"exact"},"2025-01":{"txs":32,"uniq":9,"trade":0,"nft":0,"gas":0.000831,"bal":0.001351,"days":17,"spread":0.548387,"streak":9,"rank_m":127742,"pct_m":0.135817,"gas_method":"exact"},"2025-02":{"txs":17,"uniq":15,"trade":0,"nft":0,"gas":0.000113,"bal":0.001076,"days":4,"spread":0.142857,"streak":2,"rank_m":183021,"pct_m":0.19459,"gas_method":"exact"},"2025-03":{"txs":1,"uniq":1,"trade":1,"nft":0,"gas":0.000008,"bal":0.000079,"days":1,"spread":0.032258,"streak":1,"rank_m":454352,"pct_m":0.483074,"gas_method":"exact"},"2025-04":{"txs":14,"uniq":9,"trade":1,"nft":0,"gas":0.000072,"bal":0.001031,"days":8,"spread":0.266667,"streak":3,"rank_m":142880,"pct_m":0.151912,"gas_method":"exact"},"2025-05":{"txs":8,"uniq":5,"trade":0,"nft":0,"gas":0.000056,"bal":0.004002,"days":7,"spread":0.225806,"streak":3,"rank_m":189537,"pct_m":0.201518,"gas_method":"estimated"},"2025-06":{"txs":62,"uniq":17,"trade":3,"nft":0,"gas":0.000436,"bal":0.006782,"days":21,"spread":0.7,"streak":6,"rank_m":32667,"pct_m":0.034731,"gas_method":"estimated"},"2025-07":{"txs":144,"uniq":13,"trade":9,"nft":0,"gas":0.001013,"bal":0.00436,"days":22,"spread":0.709677,"streak":5,"rank_m":40758,"pct_m":0.043334,"gas_method":"estimated"},"2025-08":{"txs":119,"uniq":10,"trade":25,"nft":0,"gas":0.000838,"bal":0.003926,"days":15,"spread":0.483871,"streak":6,"rank_m":51255,"pct_m":0.054494,"gas_method":"estimated"},"2025-09":{"txs":158,"uniq":10,"trade":20,"nft":0,"gas":0.001112,"bal":0.0032,"days":18,"spread":0.6,"streak":10,"rank_m":47619,"pct_m":0.050628,"gas_method":"estimated"},"2025-10":{"txs":12,"uniq":4,"trade":0,"nft":0,"gas":0.000084,"bal":0.00251,"days":8,"spread":0.258065,"streak":3,"rank_m":185252,"pct_m":0.196962,"gas_method":"estimated"}}}