{"wallet":"0xc2a406166299cab46480f334cce0da2d0715bbbb","rank":352530,"lifetime":{"months_active":21,"first":"2023-07","last":"2025-10","tx_sum":107,"uniq_sum":80,"trade_sum":1,"nft_sum":18,"gas_sum":0.003436,"avg_balance_eth_mean":0.173947,"streak_best_days":3,"gas_sum_filled":0.003436},"months":{"2023-07":{"txs":0,"uniq":0,"trade":0,"nft":0,"gas":0,"bal":0,"days":0,"spread":0,"streak":0,"rank_m":264332,"pct_m":0.281041},"2023-08":{"txs":10,"uniq":8,"trade":0,"nft":4,"gas":0.001376,"bal":0.013166,"days":1,"spread":0.032258,"streak":1,"rank_m":80063,"pct_m":0.085123,"gas_method":"exact"},"2023-09":{"txs":13,"uniq":7,"trade":0,"nft":2,"gas":0.000744,"bal":0.072375,"days":4,"spread":0.133333,"streak":2,"rank_m":27351,"pct_m":0.029079,"gas_method":"exact"},"2023-10":{"txs":4,"uniq":4,"trade":0,"nft":2,"gas":0.000063,"bal":0.020066,"days":2,"spread":0.064516,"streak":2,"rank_m":52182,"pct_m":0.05548,"gas_method":"estimated"},"2023-11":{"txs":0,"uniq":0,"trade":0,"nft":0,"gas":0,"bal":0.020066,"days":0,"spread":0,"streak":0,"rank_m":167019,"pct_m":0.177577},"2023-12":{"txs":1,"uniq":1,"trade":0,"nft":1,"gas":0.000051,"bal":0.007015,"days":1,"spread":0.032258,"streak":1,"rank_m":116791,"pct_m":0.124173,"gas_method":"estimated"},"2024-01":{"txs":0,"uniq":0,"trade":0,"nft":0,"gas":0,"bal":0.007015,"days":0,"spread":0,"streak":0,"rank_m":207934,"pct_m":0.221078},"2024-02":{"txs":1,"uniq":1,"trade":0,"nft":1,"gas":0.000027,"bal":0.006969,"days":1,"spread":0.034483,"streak":1,"rank_m":188556,"pct_m":0.200475,"gas_method":"estimated"},"2024-03":{"txs":4,"uniq":3,"trade":0,"nft":0,"gas":0.000162,"bal":0.009275,"days":1,"spread":0.032258,"streak":1,"rank_m":258473,"pct_m":0.274812,"gas_method":"estimated"},"2024-04":{"txs":1,"uniq":1,"trade":0,"nft":0,"gas":0.000005,"bal":0.018687,"days":1,"spread":0.033333,"streak":1,"rank_m":362416,"pct_m":0.385326,"gas_method":"estimated"},"2024-05":{"txs":5,"uniq":3,"trade":0,"nft":0,"gas":0.000046,"bal":0.318076,"days":2,"spread":0.064516,"streak":1,"rank_m":254771,"pct_m":0.270876,"gas_method":"exact"},"2024-06":{"txs":0,"uniq":0,"trade":0,"nft":0,"gas":0,"bal":0.318076,"days":0,"spread":0,"streak":0,"rank_m":410252,"pct_m":0.436186},"2024-07":{"txs":1,"uniq":1,"trade":0,"nft":0,"gas":0,"bal":0.317762,"days":1,"spread":0.032258,"streak":1,"rank_m":307042,"pct_m":0.326451,"gas_method":"estimated"},"2024-08":{"txs":3,"uniq":3,"trade":0,"nft":1,"gas":0.000001,"bal":0.317762,"days":2,"spread":0.064516,"streak":1,"rank_m":242922,"pct_m":0.258278,"gas_method":"estimated"},"2024-09":{"txs":2,"uniq":2,"trade":0,"nft":1,"gas":0,"bal":0.257161,"days":2,"spread":0.066667,"streak":1,"rank_m":199379,"pct_m":0.211982,"gas_method":"estimated"},"2024-10":{"txs":7,"uniq":6,"trade":0,"nft":3,"gas":0.000001,"bal":0.223072,"days":5,"spread":0.16129,"streak":3,"rank_m":109565,"pct_m":0.11649,"gas_method":"estimated"},"2024-11":{"txs":3,"uniq":3,"trade":0,"nft":1,"gas":0.000007,"bal":0.227184,"days":3,"spread":0.1,"streak":1,"rank_m":271677,"pct_m":0.288851,"gas_method":"exact"},"2024-12":{"txs":9,"uniq":7,"trade":0,"nft":2,"gas":0.000198,"bal":0.256729,"days":5,"spread":0.16129,"streak":2,"rank_m":182207,"pct_m":0.193725,"gas_method":"exact"},"2025-01":{"txs":24,"uniq":16,"trade":1,"nft":0,"gas":0.000623,"bal":0.32875,"days":6,"spread":0.193548,"streak":3,"rank_m":55692,"pct_m":0.059212,"gas_method":"exact"},"2025-02":{"txs":7,"uniq":6,"trade":0,"nft":0,"gas":0.000049,"bal":0.185324,"days":2,"spread":0.071429,"streak":1,"rank_m":215180,"pct_m":0.228782,"gas_method":"exact"},"2025-03":{"txs":0,"uniq":0,"trade":0,"nft":0,"gas":0,"bal":0.185324,"days":0,"spread":0,"streak":0,"rank_m":470238,"pct_m":0.499964},"2025-04":{"txs":1,"uniq":1,"trade":0,"nft":0,"gas":0.000006,"bal":0.163323,"days":1,"spread":0.033333,"streak":1,"rank_m":387838,"pct_m":0.412355,"gas_method":"exact"},"2025-05":{"txs":4,"uniq":3,"trade":0,"nft":0,"gas":0.000028,"bal":0.163319,"days":2,"spread":0.064516,"streak":1,"rank_m":122567,"pct_m":0.130314,"gas_method":"estimated"},"2025-06":{"txs":0,"uniq":0,"trade":0,"nft":0,"gas":0,"bal":0.163319,"days":0,"spread":0,"streak":0,"rank_m":336678,"pct_m":0.357961},"2025-07":{"txs":5,"uniq":2,"trade":0,"nft":0,"gas":0.000035,"bal":0.266319,"days":3,"spread":0.096774,"streak":1,"rank_m":186239,"pct_m":0.198012,"gas_method":"estimated"},"2025-08":{"txs":1,"uniq":1,"trade":0,"nft":0,"gas":0.000007,"bal":0.335086,"days":1,"spread":0.032258,"streak":1,"rank_m":224217,"pct_m":0.23839,"gas_method":"estimated"},"2025-09":{"txs":0,"uniq":0,"trade":0,"nft":0,"gas":0,"bal":0.335086,"days":0,"spread":0,"streak":0,"rank_m":337866,"pct_m":0.359224},"2025-10":{"txs":1,"uniq":1,"trade":0,"nft":0,"gas":0.000007,"bal":0.334203,"days":1,"spread":0.032258,"streak":1,"rank_m":115529,"pct_m":0.122831,"gas_method":"estimated"}}}