{"wallet":"0xc2bf642f3419ce4e3ecb41f5ae2f366893eee3cf","rank":82389,"lifetime":{"months_active":25,"first":"2023-07","last":"2025-10","tx_sum":681,"uniq_sum":245,"trade_sum":30,"nft_sum":40,"gas_sum":0.007542,"avg_balance_eth_mean":0.005907,"streak_best_days":0,"gas_sum_filled":0.007542},"months":{"2023-07":{"txs":1,"uniq":1,"trade":0,"nft":1,"gas":0.000154,"bal":0.000125,"days":1,"spread":0.032258,"streak":0,"rank_m":59139,"pct_m":0.062877,"gas_method":"exact"},"2023-08":{"txs":9,"uniq":7,"trade":0,"nft":3,"gas":0.001417,"bal":0.000975,"days":6,"spread":0.193548,"streak":0,"rank_m":114639,"pct_m":0.121885,"gas_method":"exact"},"2023-09":{"txs":15,"uniq":10,"trade":1,"nft":4,"gas":0.000699,"bal":0.000749,"days":5,"spread":0.166667,"streak":0,"rank_m":75542,"pct_m":0.080317,"gas_method":"exact"},"2023-10":{"txs":0,"uniq":0,"trade":0,"nft":0,"gas":0,"bal":0.000749,"days":0,"spread":0,"streak":0,"rank_m":192399,"pct_m":0.204561},"2023-11":{"txs":2,"uniq":1,"trade":0,"nft":0,"gas":0.000074,"bal":0.0002,"days":2,"spread":0.066667,"streak":0,"rank_m":171301,"pct_m":0.182129,"gas_method":"estimated"},"2023-12":{"txs":2,"uniq":1,"trade":0,"nft":1,"gas":0.000139,"bal":0.000314,"days":2,"spread":0.064516,"streak":0,"rank_m":189112,"pct_m":0.201066,"gas_method":"estimated"},"2024-01":{"txs":0,"uniq":0,"trade":0,"nft":0,"gas":0,"bal":0.000314,"days":0,"spread":0,"streak":0,"rank_m":250678,"pct_m":0.266524},"2024-02":{"txs":0,"uniq":0,"trade":0,"nft":0,"gas":0,"bal":0.000314,"days":0,"spread":0,"streak":0,"rank_m":314288,"pct_m":0.334156},"2024-03":{"txs":7,"uniq":5,"trade":1,"nft":3,"gas":0.000382,"bal":0.000371,"days":2,"spread":0.064516,"streak":0,"rank_m":306779,"pct_m":0.326172,"gas_method":"estimated"},"2024-04":{"txs":11,"uniq":9,"trade":1,"nft":5,"gas":0.000074,"bal":0.000379,"days":3,"spread":0.1,"streak":0,"rank_m":374064,"pct_m":0.39771,"gas_method":"estimated"},"2024-05":{"txs":13,"uniq":8,"trade":0,"nft":4,"gas":0.000029,"bal":0.000702,"days":5,"spread":0.16129,"streak":0,"rank_m":351454,"pct_m":0.373671,"gas_method":"estimated"},"2024-06":{"txs":11,"uniq":7,"trade":0,"nft":4,"gas":0.000001,"bal":0.005532,"days":3,"spread":0.1,"streak":0,"rank_m":287269,"pct_m":0.305428,"gas_method":"estimated"},"2024-07":{"txs":21,"uniq":10,"trade":0,"nft":4,"gas":0.000007,"bal":0.006786,"days":7,"spread":0.225806,"streak":0,"rank_m":187706,"pct_m":0.199571,"gas_method":"estimated"},"2024-08":{"txs":8,"uniq":3,"trade":1,"nft":1,"gas":0.000002,"bal":0.006493,"days":1,"spread":0.032258,"streak":0,"rank_m":337394,"pct_m":0.358722,"gas_method":"estimated"},"2024-09":{"txs":10,"uniq":5,"trade":1,"nft":2,"gas":0.000001,"bal":0.007502,"days":1,"spread":0.033333,"streak":0,"rank_m":256641,"pct_m":0.272864,"gas_method":"estimated"},"2024-10":{"txs":22,"uniq":10,"trade":1,"nft":4,"gas":0.000004,"bal":0.015317,"days":7,"spread":0.225806,"streak":0,"rank_m":134054,"pct_m":0.142528,"gas_method":"estimated"},"2024-11":{"txs":7,"uniq":7,"trade":0,"nft":1,"gas":0.000016,"bal":0.012695,"days":5,"spread":0.166667,"streak":0,"rank_m":268422,"pct_m":0.28539,"gas_method":"exact"},"2024-12":{"txs":23,"uniq":12,"trade":1,"nft":0,"gas":0.000485,"bal":0.01045,"days":6,"spread":0.193548,"streak":0,"rank_m":202868,"pct_m":0.215692,"gas_method":"exact"},"2025-01":{"txs":27,"uniq":12,"trade":5,"nft":1,"gas":0.000701,"bal":0.021813,"days":8,"spread":0.258065,"streak":0,"rank_m":121652,"pct_m":0.129342,"gas_method":"exact"},"2025-02":{"txs":26,"uniq":14,"trade":6,"nft":1,"gas":0.000183,"bal":0.010363,"days":11,"spread":0.392857,"streak":0,"rank_m":90481,"pct_m":0.0962,"gas_method":"exact"},"2025-03":{"txs":42,"uniq":13,"trade":3,"nft":0,"gas":0.000277,"bal":0.008304,"days":10,"spread":0.322581,"streak":0,"rank_m":95701,"pct_m":0.10175,"gas_method":"exact"},"2025-04":{"txs":51,"uniq":18,"trade":3,"nft":0,"gas":0.000272,"bal":0.006184,"days":9,"spread":0.3,"streak":0,"rank_m":78670,"pct_m":0.083642,"gas_method":"exact"},"2025-05":{"txs":48,"uniq":14,"trade":1,"nft":0,"gas":0.000338,"bal":0.008766,"days":10,"spread":0.322581,"streak":0,"rank_m":83502,"pct_m":0.08878,"gas_method":"estimated"},"2025-06":{"txs":86,"uniq":21,"trade":5,"nft":0,"gas":0.000605,"bal":0.008475,"days":15,"spread":0.5,"streak":0,"rank_m":67162,"pct_m":0.071407,"gas_method":"estimated"},"2025-07":{"txs":84,"uniq":25,"trade":0,"nft":0,"gas":0.000591,"bal":0.009813,"days":15,"spread":0.483871,"streak":0,"rank_m":115208,"pct_m":0.12249,"gas_method":"estimated"},"2025-08":{"txs":51,"uniq":18,"trade":0,"nft":0,"gas":0.000359,"bal":0.00545,"days":14,"spread":0.451613,"streak":0,"rank_m":173128,"pct_m":0.184072,"gas_method":"estimated"},"2025-09":{"txs":60,"uniq":10,"trade":0,"nft":0,"gas":0.000422,"bal":0.011065,"days":15,"spread":0.5,"streak":0,"rank_m":114178,"pct_m":0.121395,"gas_method":"estimated"},"2025-10":{"txs":44,"uniq":4,"trade":0,"nft":1,"gas":0.00031,"bal":0.005193,"days":7,"spread":0.225806,"streak":0,"rank_m":122463,"pct_m":0.130204,"gas_method":"estimated"}}}