{"wallet":"0xc20abef24c4ba4eb528c5be31ab0b8f261aa50a3","rank":266185,"lifetime":{"months_active":21,"first":"2023-07","last":"2025-10","tx_sum":189,"uniq_sum":108,"trade_sum":3,"nft_sum":30,"gas_sum":0.00194,"avg_balance_eth_mean":0.022145,"streak_best_days":3,"gas_sum_filled":0.00194},"months":{"2023-07":{"txs":0,"uniq":0,"trade":0,"nft":0,"gas":0,"bal":0,"days":0,"spread":0,"streak":0,"rank_m":266445,"pct_m":0.283288},"2023-08":{"txs":2,"uniq":2,"trade":0,"nft":0,"gas":0.00074,"bal":0.00009,"days":1,"spread":0.032258,"streak":1,"rank_m":140299,"pct_m":0.149167,"gas_method":"exact"},"2023-09":{"txs":0,"uniq":0,"trade":0,"nft":0,"gas":0,"bal":0.00009,"days":0,"spread":0,"streak":0,"rank_m":209511,"pct_m":0.222755},"2023-10":{"txs":7,"uniq":5,"trade":0,"nft":0,"gas":0.000096,"bal":0.000389,"days":2,"spread":0.064516,"streak":1,"rank_m":122239,"pct_m":0.129966,"gas_method":"estimated"},"2023-11":{"txs":1,"uniq":1,"trade":0,"nft":0,"gas":0.000024,"bal":0.001264,"days":1,"spread":0.033333,"streak":1,"rank_m":143527,"pct_m":0.152599,"gas_method":"estimated"},"2023-12":{"txs":0,"uniq":0,"trade":0,"nft":0,"gas":0,"bal":0.001264,"days":0,"spread":0,"streak":0,"rank_m":210143,"pct_m":0.223427},"2024-01":{"txs":0,"uniq":0,"trade":0,"nft":0,"gas":0,"bal":0.001264,"days":0,"spread":0,"streak":0,"rank_m":220716,"pct_m":0.234668},"2024-02":{"txs":3,"uniq":3,"trade":0,"nft":2,"gas":0.00007,"bal":0.00105,"days":1,"spread":0.034483,"streak":1,"rank_m":207016,"pct_m":0.220102,"gas_method":"estimated"},"2024-03":{"txs":3,"uniq":2,"trade":0,"nft":1,"gas":0.000105,"bal":0.000567,"days":2,"spread":0.064516,"streak":1,"rank_m":318729,"pct_m":0.338877,"gas_method":"estimated"},"2024-04":{"txs":17,"uniq":9,"trade":0,"nft":2,"gas":0.000073,"bal":0.001284,"days":2,"spread":0.066667,"streak":1,"rank_m":339745,"pct_m":0.361222,"gas_method":"estimated"},"2024-05":{"txs":6,"uniq":6,"trade":0,"nft":0,"gas":0.000009,"bal":0.001663,"days":1,"spread":0.032258,"streak":1,"rank_m":399450,"pct_m":0.424701,"gas_method":"estimated"},"2024-06":{"txs":2,"uniq":1,"trade":0,"nft":0,"gas":0,"bal":0.001551,"days":1,"spread":0.033333,"streak":1,"rank_m":454078,"pct_m":0.482783,"gas_method":"estimated"},"2024-07":{"txs":3,"uniq":2,"trade":0,"nft":1,"gas":0.000001,"bal":0.001206,"days":1,"spread":0.032258,"streak":1,"rank_m":412838,"pct_m":0.438936,"gas_method":"estimated"},"2024-08":{"txs":10,"uniq":8,"trade":0,"nft":4,"gas":0.000002,"bal":0.004206,"days":2,"spread":0.064516,"streak":1,"rank_m":276167,"pct_m":0.293625,"gas_method":"estimated"},"2024-09":{"txs":24,"uniq":21,"trade":0,"nft":18,"gas":0.000002,"bal":0.015305,"days":3,"spread":0.1,"streak":1,"rank_m":77437,"pct_m":0.082331,"gas_method":"estimated"},"2024-10":{"txs":10,"uniq":7,"trade":1,"nft":2,"gas":0.00001,"bal":0.012315,"days":4,"spread":0.129032,"streak":1,"rank_m":122256,"pct_m":0.129984,"gas_method":"exact"},"2024-11":{"txs":1,"uniq":1,"trade":1,"nft":0,"gas":0.000002,"bal":0.010836,"days":1,"spread":0.033333,"streak":1,"rank_m":363445,"pct_m":0.38642,"gas_method":"exact"},"2024-12":{"txs":2,"uniq":1,"trade":0,"nft":0,"gas":0.000044,"bal":0.01896,"days":1,"spread":0.032258,"streak":1,"rank_m":458275,"pct_m":0.487245,"gas_method":"exact"},"2025-01":{"txs":6,"uniq":4,"trade":0,"nft":0,"gas":0.00013,"bal":0.024303,"days":3,"spread":0.096774,"streak":1,"rank_m":317867,"pct_m":0.337961,"gas_method":"exact"},"2025-02":{"txs":0,"uniq":0,"trade":0,"nft":0,"gas":0,"bal":0.024303,"days":0,"spread":0,"streak":0,"rank_m":527251,"pct_m":0.560582},"2025-03":{"txs":0,"uniq":0,"trade":0,"nft":0,"gas":0,"bal":0.024303,"days":0,"spread":0,"streak":0,"rank_m":500657,"pct_m":0.532306},"2025-04":{"txs":9,"uniq":6,"trade":0,"nft":0,"gas":0.000048,"bal":0.050472,"days":4,"spread":0.133333,"streak":1,"rank_m":164187,"pct_m":0.174565,"gas_method":"exact"},"2025-05":{"txs":0,"uniq":0,"trade":0,"nft":0,"gas":0,"bal":0.050472,"days":0,"spread":0,"streak":0,"rank_m":366833,"pct_m":0.390022},"2025-06":{"txs":2,"uniq":2,"trade":0,"nft":0,"gas":0.000014,"bal":0.058863,"days":1,"spread":0.033333,"streak":1,"rank_m":227901,"pct_m":0.242307,"gas_method":"estimated"},"2025-07":{"txs":7,"uniq":6,"trade":0,"nft":0,"gas":0.000049,"bal":0.063962,"days":3,"spread":0.096774,"streak":1,"rank_m":166751,"pct_m":0.177292,"gas_method":"estimated"},"2025-08":{"txs":18,"uniq":10,"trade":1,"nft":0,"gas":0.000127,"bal":0.086558,"days":6,"spread":0.193548,"streak":2,"rank_m":42980,"pct_m":0.045696,"gas_method":"estimated"},"2025-09":{"txs":25,"uniq":7,"trade":0,"nft":0,"gas":0.000176,"bal":0.083838,"days":8,"spread":0.266667,"streak":3,"rank_m":48199,"pct_m":0.051245,"gas_method":"estimated"},"2025-10":{"txs":31,"uniq":4,"trade":0,"nft":0,"gas":0.000218,"bal":0.07969,"days":6,"spread":0.193548,"streak":2,"rank_m":27121,"pct_m":0.028834,"gas_method":"estimated"}}}