{"wallet":"0xc2e87846656b651925e64806bded6887028a815e","rank":379575,"lifetime":{"months_active":14,"first":"2023-07","last":"2025-10","tx_sum":118,"uniq_sum":90,"trade_sum":1,"nft_sum":53,"gas_sum":0.003962,"avg_balance_eth_mean":0.009327,"streak_best_days":9,"gas_sum_filled":0.003962},"months":{"2023-07":{"txs":0,"uniq":0,"trade":0,"nft":0,"gas":0,"bal":0,"days":0,"spread":0,"streak":0,"rank_m":263432,"pct_m":0.280085},"2023-08":{"txs":55,"uniq":40,"trade":0,"nft":39,"gas":0.002625,"bal":0.001222,"days":11,"spread":0.354839,"streak":9,"rank_m":27030,"pct_m":0.028738,"gas_method":"exact"},"2023-09":{"txs":0,"uniq":0,"trade":0,"nft":0,"gas":0,"bal":0.001222,"days":0,"spread":0,"streak":0,"rank_m":181222,"pct_m":0.192677},"2023-10":{"txs":0,"uniq":0,"trade":0,"nft":0,"gas":0,"bal":0.001222,"days":0,"spread":0,"streak":0,"rank_m":180878,"pct_m":0.192312},"2023-11":{"txs":0,"uniq":0,"trade":0,"nft":0,"gas":0,"bal":0.001222,"days":0,"spread":0,"streak":0,"rank_m":185472,"pct_m":0.197196},"2023-12":{"txs":5,"uniq":4,"trade":0,"nft":4,"gas":0.000377,"bal":0.000452,"days":3,"spread":0.096774,"streak":2,"rank_m":101462,"pct_m":0.107875,"gas_method":"estimated"},"2024-01":{"txs":0,"uniq":0,"trade":0,"nft":0,"gas":0,"bal":0.000452,"days":0,"spread":0,"streak":0,"rank_m":241632,"pct_m":0.256906},"2024-02":{"txs":0,"uniq":0,"trade":0,"nft":0,"gas":0,"bal":0.000452,"days":0,"spread":0,"streak":0,"rank_m":305645,"pct_m":0.324966},"2024-03":{"txs":4,"uniq":3,"trade":0,"nft":3,"gas":0.000238,"bal":0.009031,"days":2,"spread":0.064516,"streak":1,"rank_m":220030,"pct_m":0.233939,"gas_method":"estimated"},"2024-04":{"txs":5,"uniq":3,"trade":0,"nft":0,"gas":0.000037,"bal":0.021118,"days":1,"spread":0.033333,"streak":1,"rank_m":332628,"pct_m":0.353655,"gas_method":"estimated"},"2024-05":{"txs":1,"uniq":1,"trade":0,"nft":2,"gas":0.000002,"bal":0.023006,"days":1,"spread":0.032258,"streak":1,"rank_m":327665,"pct_m":0.348378,"gas_method":"estimated"},"2024-06":{"txs":1,"uniq":1,"trade":0,"nft":1,"gas":0.000026,"bal":0.013241,"days":1,"spread":0.033333,"streak":1,"rank_m":298726,"pct_m":0.31761,"gas_method":"exact"},"2024-07":{"txs":0,"uniq":0,"trade":0,"nft":0,"gas":0,"bal":0.013241,"days":0,"spread":0,"streak":0,"rank_m":451720,"pct_m":0.480276},"2024-08":{"txs":0,"uniq":0,"trade":0,"nft":0,"gas":0,"bal":0.013241,"days":0,"spread":0,"streak":0,"rank_m":458255,"pct_m":0.487224},"2024-09":{"txs":3,"uniq":3,"trade":0,"nft":3,"gas":0,"bal":0.010715,"days":1,"spread":0.033333,"streak":1,"rank_m":243556,"pct_m":0.258952,"gas_method":"estimated"},"2024-10":{"txs":0,"uniq":0,"trade":0,"nft":0,"gas":0,"bal":0.010715,"days":0,"spread":0,"streak":0,"rank_m":481298,"pct_m":0.511724},"2024-11":{"txs":0,"uniq":0,"trade":0,"nft":0,"gas":0,"bal":0.010715,"days":0,"spread":0,"streak":0,"rank_m":517508,"pct_m":0.550223},"2024-12":{"txs":11,"uniq":5,"trade":0,"nft":0,"gas":0.00022,"bal":0.009324,"days":1,"spread":0.032258,"streak":1,"rank_m":352574,"pct_m":0.374862,"gas_method":"exact"},"2025-01":{"txs":11,"uniq":10,"trade":1,"nft":0,"gas":0.000286,"bal":0.004216,"days":4,"spread":0.129032,"streak":1,"rank_m":226886,"pct_m":0.241228,"gas_method":"exact"},"2025-02":{"txs":0,"uniq":0,"trade":0,"nft":0,"gas":0,"bal":0.004216,"days":0,"spread":0,"streak":0,"rank_m":597066,"pct_m":0.63481},"2025-03":{"txs":2,"uniq":2,"trade":0,"nft":0,"gas":0.000016,"bal":0.020182,"days":1,"spread":0.032258,"streak":1,"rank_m":345858,"pct_m":0.367721,"gas_method":"exact"},"2025-04":{"txs":5,"uniq":4,"trade":0,"nft":0,"gas":0.00003,"bal":0.019522,"days":2,"spread":0.066667,"streak":1,"rank_m":272421,"pct_m":0.289642,"gas_method":"exact"},"2025-05":{"txs":0,"uniq":0,"trade":0,"nft":0,"gas":0,"bal":0.019522,"days":0,"spread":0,"streak":0,"rank_m":418314,"pct_m":0.444758},"2025-06":{"txs":0,"uniq":0,"trade":0,"nft":0,"gas":0,"bal":0.019522,"days":0,"spread":0,"streak":0,"rank_m":419843,"pct_m":0.446384},"2025-07":{"txs":1,"uniq":1,"trade":0,"nft":0,"gas":0.000007,"bal":0.0147,"days":1,"spread":0.032258,"streak":1,"rank_m":334524,"pct_m":0.355671,"gas_method":"estimated"},"2025-08":{"txs":0,"uniq":0,"trade":0,"nft":0,"gas":0,"bal":0.0147,"days":0,"spread":0,"streak":0,"rank_m":437070,"pct_m":0.4647},"2025-09":{"txs":12,"uniq":11,"trade":0,"nft":1,"gas":0.000084,"bal":0.003294,"days":2,"spread":0.066667,"streak":1,"rank_m":246043,"pct_m":0.261596,"gas_method":"estimated"},"2025-10":{"txs":2,"uniq":2,"trade":0,"nft":0,"gas":0.000014,"bal":0.00069,"days":1,"spread":0.032258,"streak":1,"rank_m":378967,"pct_m":0.402923,"gas_method":"estimated"}}}