{"wallet":"0xc26eddb0cb7f3fa587dbc064c2cde49f1c942750","rank":38980,"lifetime":{"months_active":24,"first":"2023-07","last":"2025-10","tx_sum":403,"uniq_sum":186,"trade_sum":37,"nft_sum":26,"gas_sum":0.004296,"avg_balance_eth_mean":0.055952,"streak_best_days":12,"gas_sum_filled":0.004296},"months":{"2023-07":{"txs":0,"uniq":0,"trade":0,"nft":0,"gas":0,"bal":0,"days":0,"spread":0,"streak":0,"rank_m":265091,"pct_m":0.281848},"2023-08":{"txs":2,"uniq":1,"trade":0,"nft":1,"gas":0.000302,"bal":0.00044,"days":1,"spread":0.032258,"streak":1,"rank_m":139618,"pct_m":0.148443,"gas_method":"exact"},"2023-09":{"txs":1,"uniq":1,"trade":0,"nft":0,"gas":0.000039,"bal":0.002166,"days":1,"spread":0.033333,"streak":1,"rank_m":119474,"pct_m":0.127026,"gas_method":"exact"},"2023-10":{"txs":0,"uniq":0,"trade":0,"nft":0,"gas":0,"bal":0.002166,"days":0,"spread":0,"streak":0,"rank_m":169377,"pct_m":0.180084},"2023-11":{"txs":2,"uniq":2,"trade":0,"nft":1,"gas":0.000051,"bal":0.002106,"days":1,"spread":0.033333,"streak":1,"rank_m":109152,"pct_m":0.116051,"gas_method":"estimated"},"2023-12":{"txs":0,"uniq":0,"trade":0,"nft":0,"gas":0,"bal":0.002106,"days":0,"spread":0,"streak":0,"rank_m":206171,"pct_m":0.219204},"2024-01":{"txs":1,"uniq":1,"trade":0,"nft":0,"gas":0.000028,"bal":0.001336,"days":1,"spread":0.032258,"streak":1,"rank_m":155831,"pct_m":0.165681,"gas_method":"exact"},"2024-02":{"txs":1,"uniq":1,"trade":0,"nft":1,"gas":0.000025,"bal":0.001139,"days":1,"spread":0.034483,"streak":1,"rank_m":234668,"pct_m":0.249502,"gas_method":"estimated"},"2024-03":{"txs":26,"uniq":5,"trade":0,"nft":4,"gas":0.000989,"bal":0.00318,"days":18,"spread":0.580645,"streak":12,"rank_m":106328,"pct_m":0.113049,"gas_method":"estimated"},"2024-04":{"txs":32,"uniq":7,"trade":0,"nft":3,"gas":0.00015,"bal":0.002754,"days":23,"spread":0.766667,"streak":8,"rank_m":171522,"pct_m":0.182364,"gas_method":"estimated"},"2024-05":{"txs":12,"uniq":7,"trade":0,"nft":3,"gas":0.000015,"bal":0.004067,"days":6,"spread":0.193548,"streak":2,"rank_m":184275,"pct_m":0.195923,"gas_method":"exact"},"2024-06":{"txs":5,"uniq":5,"trade":0,"nft":5,"gas":0,"bal":0.003542,"days":3,"spread":0.1,"streak":1,"rank_m":289121,"pct_m":0.307398,"gas_method":"estimated"},"2024-07":{"txs":6,"uniq":5,"trade":0,"nft":4,"gas":0.000001,"bal":0.00115,"days":4,"spread":0.129032,"streak":1,"rank_m":311018,"pct_m":0.330679,"gas_method":"estimated"},"2024-08":{"txs":0,"uniq":0,"trade":0,"nft":0,"gas":0,"bal":0.00115,"days":0,"spread":0,"streak":0,"rank_m":554489,"pct_m":0.589542},"2024-09":{"txs":3,"uniq":3,"trade":1,"nft":2,"gas":0,"bal":0.017214,"days":2,"spread":0.066667,"streak":1,"rank_m":181507,"pct_m":0.19298,"gas_method":"estimated"},"2024-10":{"txs":2,"uniq":1,"trade":0,"nft":0,"gas":0,"bal":0.022268,"days":1,"spread":0.032258,"streak":1,"rank_m":352442,"pct_m":0.374722,"gas_method":"estimated"},"2024-11":{"txs":76,"uniq":24,"trade":0,"nft":1,"gas":0.000175,"bal":0.037244,"days":5,"spread":0.166667,"streak":1,"rank_m":66875,"pct_m":0.071102,"gas_method":"exact"},"2024-12":{"txs":37,"uniq":21,"trade":0,"nft":1,"gas":0.000794,"bal":0.137811,"days":10,"spread":0.322581,"streak":3,"rank_m":52207,"pct_m":0.055506,"gas_method":"exact"},"2025-01":{"txs":19,"uniq":10,"trade":0,"nft":0,"gas":0.000494,"bal":0.048283,"days":8,"spread":0.258065,"streak":2,"rank_m":116653,"pct_m":0.124026,"gas_method":"exact"},"2025-02":{"txs":29,"uniq":13,"trade":9,"nft":0,"gas":0.000204,"bal":0.050705,"days":5,"spread":0.178571,"streak":2,"rank_m":37739,"pct_m":0.040124,"gas_method":"exact"},"2025-03":{"txs":3,"uniq":2,"trade":0,"nft":0,"gas":0.000024,"bal":0.091984,"days":1,"spread":0.032258,"streak":1,"rank_m":308768,"pct_m":0.328287,"gas_method":"exact"},"2025-04":{"txs":22,"uniq":14,"trade":2,"nft":0,"gas":0.000133,"bal":0.111424,"days":6,"spread":0.2,"streak":2,"rank_m":27425,"pct_m":0.029158,"gas_method":"exact"},"2025-05":{"txs":26,"uniq":12,"trade":19,"nft":0,"gas":0.000183,"bal":0.132815,"days":5,"spread":0.16129,"streak":2,"rank_m":23170,"pct_m":0.024634,"gas_method":"estimated"},"2025-06":{"txs":50,"uniq":21,"trade":0,"nft":0,"gas":0.000352,"bal":0.186412,"days":13,"spread":0.433333,"streak":7,"rank_m":12975,"pct_m":0.013794,"gas_method":"estimated"},"2025-07":{"txs":27,"uniq":19,"trade":1,"nft":0,"gas":0.00019,"bal":0.180043,"days":7,"spread":0.225806,"streak":1,"rank_m":38062,"pct_m":0.040467,"gas_method":"estimated"},"2025-08":{"txs":4,"uniq":4,"trade":3,"nft":0,"gas":0.000028,"bal":0.173391,"days":1,"spread":0.032258,"streak":1,"rank_m":148112,"pct_m":0.157474,"gas_method":"estimated"},"2025-09":{"txs":13,"uniq":4,"trade":2,"nft":0,"gas":0.000091,"bal":0.138965,"days":4,"spread":0.133333,"streak":1,"rank_m":87652,"pct_m":0.093192,"gas_method":"estimated"},"2025-10":{"txs":4,"uniq":3,"trade":0,"nft":0,"gas":0.000028,"bal":0.2108,"days":2,"spread":0.064516,"streak":1,"rank_m":74136,"pct_m":0.078822,"gas_method":"estimated"}}}