{"wallet":"0xc2a4749ddd278798b3d608860864871c24977404","rank":205068,"lifetime":{"months_active":16,"first":"2023-07","last":"2025-10","tx_sum":291,"uniq_sum":108,"trade_sum":2,"nft_sum":34,"gas_sum":0.001266,"avg_balance_eth_mean":0.033705,"streak_best_days":8,"gas_sum_filled":0.001266},"months":{"2023-07":{"txs":0,"uniq":0,"trade":0,"nft":0,"gas":0,"bal":0,"days":0,"spread":0,"streak":0,"rank_m":264326,"pct_m":0.281035},"2023-08":{"txs":0,"uniq":0,"trade":0,"nft":0,"gas":0,"bal":0,"days":0,"spread":0,"streak":0,"rank_m":351787,"pct_m":0.374025},"2023-09":{"txs":0,"uniq":0,"trade":0,"nft":0,"gas":0,"bal":0,"days":0,"spread":0,"streak":0,"rank_m":373001,"pct_m":0.39658},"2023-10":{"txs":0,"uniq":0,"trade":0,"nft":0,"gas":0,"bal":0,"days":0,"spread":0,"streak":0,"rank_m":391071,"pct_m":0.415793},"2023-11":{"txs":0,"uniq":0,"trade":0,"nft":0,"gas":0,"bal":0,"days":0,"spread":0,"streak":0,"rank_m":407309,"pct_m":0.433057},"2023-12":{"txs":0,"uniq":0,"trade":0,"nft":0,"gas":0,"bal":0,"days":0,"spread":0,"streak":0,"rank_m":427356,"pct_m":0.454371},"2024-01":{"txs":28,"uniq":4,"trade":0,"nft":1,"gas":0.000373,"bal":0.00036,"days":2,"spread":0.064516,"streak":1,"rank_m":125717,"pct_m":0.133663,"gas_method":"estimated"},"2024-02":{"txs":1,"uniq":0,"trade":0,"nft":0,"gas":0.000008,"bal":0.001812,"days":1,"spread":0.034483,"streak":1,"rank_m":246622,"pct_m":0.262212,"gas_method":"estimated"},"2024-03":{"txs":21,"uniq":8,"trade":0,"nft":5,"gas":0.000379,"bal":0.015732,"days":12,"spread":0.387097,"streak":2,"rank_m":63225,"pct_m":0.067221,"gas_method":"exact"},"2024-04":{"txs":20,"uniq":14,"trade":0,"nft":7,"gas":0.000028,"bal":0.026178,"days":9,"spread":0.3,"streak":3,"rank_m":110111,"pct_m":0.117071,"gas_method":"estimated"},"2024-05":{"txs":20,"uniq":9,"trade":0,"nft":2,"gas":0.000002,"bal":0.04341,"days":12,"spread":0.387097,"streak":5,"rank_m":80155,"pct_m":0.085221,"gas_method":"exact"},"2024-06":{"txs":19,"uniq":7,"trade":0,"nft":2,"gas":0,"bal":0.001768,"days":13,"spread":0.433333,"streak":7,"rank_m":190033,"pct_m":0.202045,"gas_method":"estimated"},"2024-07":{"txs":47,"uniq":14,"trade":0,"nft":11,"gas":0,"bal":0.003555,"days":21,"spread":0.677419,"streak":5,"rank_m":43565,"pct_m":0.046318,"gas_method":"exact"},"2024-08":{"txs":46,"uniq":11,"trade":1,"nft":2,"gas":0,"bal":0.047801,"days":23,"spread":0.741935,"streak":5,"rank_m":16288,"pct_m":0.017317,"gas_method":"exact"},"2024-09":{"txs":15,"uniq":8,"trade":1,"nft":2,"gas":0,"bal":0.039522,"days":8,"spread":0.266667,"streak":2,"rank_m":35341,"pct_m":0.037574,"gas_method":"exact"},"2024-10":{"txs":9,"uniq":2,"trade":0,"nft":1,"gas":0,"bal":0.341084,"days":4,"spread":0.129032,"streak":2,"rank_m":166433,"pct_m":0.176953,"gas_method":"estimated"},"2024-11":{"txs":27,"uniq":10,"trade":0,"nft":1,"gas":0.000062,"bal":0.356474,"days":10,"spread":0.333333,"streak":2,"rank_m":67182,"pct_m":0.071428,"gas_method":"exact"},"2024-12":{"txs":8,"uniq":5,"trade":0,"nft":0,"gas":0.000132,"bal":0.034811,"days":5,"spread":0.16129,"streak":1,"rank_m":304397,"pct_m":0.323639,"gas_method":"exact"},"2025-01":{"txs":5,"uniq":4,"trade":0,"nft":0,"gas":0.000104,"bal":0.001693,"days":2,"spread":0.064516,"streak":1,"rank_m":415948,"pct_m":0.442242,"gas_method":"exact"},"2025-02":{"txs":11,"uniq":7,"trade":0,"nft":0,"gas":0.00007,"bal":0.002255,"days":4,"spread":0.142857,"streak":3,"rank_m":205730,"pct_m":0.218735,"gas_method":"exact"},"2025-03":{"txs":11,"uniq":3,"trade":0,"nft":0,"gas":0.000087,"bal":0.003425,"days":2,"spread":0.064516,"streak":1,"rank_m":276168,"pct_m":0.293626,"gas_method":"exact"},"2025-04":{"txs":0,"uniq":0,"trade":0,"nft":0,"gas":0,"bal":0.003425,"days":0,"spread":0,"streak":0,"rank_m":624389,"pct_m":0.66386},"2025-05":{"txs":0,"uniq":0,"trade":0,"nft":0,"gas":0,"bal":0.003425,"days":0,"spread":0,"streak":0,"rank_m":574020,"pct_m":0.610307},"2025-06":{"txs":0,"uniq":0,"trade":0,"nft":0,"gas":0,"bal":0.003425,"days":0,"spread":0,"streak":0,"rank_m":579971,"pct_m":0.616634},"2025-07":{"txs":0,"uniq":0,"trade":0,"nft":0,"gas":0,"bal":0.003425,"days":0,"spread":0,"streak":0,"rank_m":600350,"pct_m":0.638302},"2025-08":{"txs":3,"uniq":2,"trade":0,"nft":0,"gas":0.000021,"bal":0.003386,"days":2,"spread":0.064516,"streak":1,"rank_m":389471,"pct_m":0.414091,"gas_method":"estimated"},"2025-09":{"txs":0,"uniq":0,"trade":0,"nft":0,"gas":0,"bal":0.003386,"days":0,"spread":0,"streak":0,"rank_m":566383,"pct_m":0.602187},"2025-10":{"txs":0,"uniq":0,"trade":0,"nft":0,"gas":0,"bal":0.003386,"days":0,"spread":0,"streak":0,"rank_m":468860,"pct_m":0.498499}}}