{"wallet":"0xc2b229bb3372399f85d628a21a99e4b4fa8a25e0","rank":15868,"lifetime":{"months_active":26,"first":"2023-07","last":"2025-10","tx_sum":849,"uniq_sum":450,"trade_sum":45,"nft_sum":379,"gas_sum":0.01197,"avg_balance_eth_mean":0.022652,"streak_best_days":9,"gas_sum_filled":0.01197},"months":{"2023-07":{"txs":0,"uniq":0,"trade":0,"nft":0,"gas":0,"bal":0,"days":0,"spread":0,"streak":0,"rank_m":264164,"pct_m":0.280863},"2023-08":{"txs":80,"uniq":44,"trade":2,"nft":42,"gas":0.005305,"bal":0.020568,"days":19,"spread":0.612903,"streak":6,"rank_m":5025,"pct_m":0.005342,"gas_method":"exact"},"2023-09":{"txs":14,"uniq":13,"trade":0,"nft":13,"gas":0.001073,"bal":0.011791,"days":4,"spread":0.133333,"streak":2,"rank_m":21883,"pct_m":0.023265,"gas_method":"exact"},"2023-10":{"txs":1,"uniq":1,"trade":0,"nft":0,"gas":0.000015,"bal":0.011212,"days":1,"spread":0.032258,"streak":1,"rank_m":105293,"pct_m":0.111948,"gas_method":"estimated"},"2023-11":{"txs":13,"uniq":5,"trade":0,"nft":4,"gas":0.000332,"bal":0.020028,"days":3,"spread":0.1,"streak":2,"rank_m":27130,"pct_m":0.028844,"gas_method":"estimated"},"2023-12":{"txs":21,"uniq":15,"trade":5,"nft":18,"gas":0.000643,"bal":0.026366,"days":6,"spread":0.193548,"streak":3,"rank_m":3900,"pct_m":0.004145,"gas_method":"exact"},"2024-01":{"txs":18,"uniq":6,"trade":0,"nft":3,"gas":0.000207,"bal":0.01486,"days":4,"spread":0.129032,"streak":2,"rank_m":26960,"pct_m":0.028663,"gas_method":"exact"},"2024-02":{"txs":55,"uniq":30,"trade":5,"nft":35,"gas":0.001384,"bal":0.0267,"days":16,"spread":0.551724,"streak":6,"rank_m":5745,"pct_m":0.006107,"gas_method":"estimated"},"2024-03":{"txs":46,"uniq":24,"trade":2,"nft":19,"gas":0.000949,"bal":0.018139,"days":17,"spread":0.548387,"streak":6,"rank_m":11355,"pct_m":0.012072,"gas_method":"exact"},"2024-04":{"txs":35,"uniq":17,"trade":6,"nft":15,"gas":0.000163,"bal":0.030039,"days":12,"spread":0.4,"streak":3,"rank_m":60194,"pct_m":0.063998,"gas_method":"estimated"},"2024-05":{"txs":19,"uniq":12,"trade":1,"nft":8,"gas":0.000029,"bal":0.018992,"days":5,"spread":0.16129,"streak":1,"rank_m":126878,"pct_m":0.134898,"gas_method":"estimated"},"2024-06":{"txs":82,"uniq":24,"trade":1,"nft":19,"gas":0.000005,"bal":0.001725,"days":16,"spread":0.533333,"streak":4,"rank_m":98643,"pct_m":0.104878,"gas_method":"estimated"},"2024-07":{"txs":82,"uniq":46,"trade":2,"nft":49,"gas":0.000019,"bal":0.023003,"days":16,"spread":0.516129,"streak":9,"rank_m":9619,"pct_m":0.010226,"gas_method":"estimated"},"2024-08":{"txs":108,"uniq":53,"trade":0,"nft":64,"gas":0.000002,"bal":0.124329,"days":13,"spread":0.419355,"streak":3,"rank_m":6061,"pct_m":0.006443,"gas_method":"exact"},"2024-09":{"txs":69,"uniq":40,"trade":2,"nft":56,"gas":0.000006,"bal":0.028532,"days":12,"spread":0.4,"streak":3,"rank_m":11256,"pct_m":0.011967,"gas_method":"estimated"},"2024-10":{"txs":28,"uniq":21,"trade":0,"nft":25,"gas":0.000004,"bal":0.021976,"days":7,"spread":0.225806,"streak":3,"rank_m":52256,"pct_m":0.055558,"gas_method":"estimated"},"2024-11":{"txs":24,"uniq":7,"trade":0,"nft":0,"gas":0.000046,"bal":0.008031,"days":7,"spread":0.233333,"streak":3,"rank_m":162149,"pct_m":0.172399,"gas_method":"exact"},"2024-12":{"txs":20,"uniq":16,"trade":0,"nft":0,"gas":0.000353,"bal":0.046679,"days":6,"spread":0.193548,"streak":2,"rank_m":147188,"pct_m":0.156492,"gas_method":"exact"},"2025-01":{"txs":27,"uniq":14,"trade":4,"nft":2,"gas":0.000701,"bal":0.036979,"days":4,"spread":0.129032,"streak":2,"rank_m":75837,"pct_m":0.08063,"gas_method":"exact"},"2025-02":{"txs":15,"uniq":10,"trade":2,"nft":1,"gas":0.000099,"bal":0.015317,"days":7,"spread":0.25,"streak":2,"rank_m":75097,"pct_m":0.079843,"gas_method":"exact"},"2025-03":{"txs":10,"uniq":8,"trade":1,"nft":0,"gas":0.000079,"bal":0.019478,"days":7,"spread":0.225806,"streak":1,"rank_m":117468,"pct_m":0.124893,"gas_method":"exact"},"2025-04":{"txs":15,"uniq":10,"trade":4,"nft":0,"gas":0.000085,"bal":0.014936,"days":7,"spread":0.233333,"streak":2,"rank_m":55154,"pct_m":0.05864,"gas_method":"exact"},"2025-05":{"txs":39,"uniq":13,"trade":8,"nft":2,"gas":0.000274,"bal":0.027769,"days":9,"spread":0.290323,"streak":5,"rank_m":20500,"pct_m":0.021795,"gas_method":"estimated"},"2025-06":{"txs":9,"uniq":8,"trade":0,"nft":0,"gas":0.000063,"bal":0.014847,"days":3,"spread":0.1,"streak":1,"rank_m":192018,"pct_m":0.204156,"gas_method":"estimated"},"2025-07":{"txs":4,"uniq":4,"trade":0,"nft":2,"gas":0.000028,"bal":0.005613,"days":2,"spread":0.064516,"streak":1,"rank_m":294305,"pct_m":0.312909,"gas_method":"estimated"},"2025-08":{"txs":1,"uniq":0,"trade":0,"nft":0,"gas":0.000007,"bal":0.015272,"days":1,"spread":0.032258,"streak":1,"rank_m":337178,"pct_m":0.358493,"gas_method":"estimated"},"2025-09":{"txs":0,"uniq":0,"trade":0,"nft":1,"gas":0,"bal":0.015272,"days":0,"spread":0,"streak":0,"rank_m":377719,"pct_m":0.401597},"2025-10":{"txs":14,"uniq":9,"trade":0,"nft":1,"gas":0.000099,"bal":0.015796,"days":2,"spread":0.064516,"streak":2,"rank_m":58377,"pct_m":0.062066,"gas_method":"estimated"}}}