{"wallet":"0xc21d1a06fca75900f2714afd4aaf4d845febbea4","rank":527589,"lifetime":{"months_active":5,"first":"2023-07","last":"2025-10","tx_sum":157,"uniq_sum":113,"trade_sum":0,"nft_sum":84,"gas_sum":0.004843,"avg_balance_eth_mean":0.000632,"streak_best_days":45,"gas_sum_filled":0.004843},"months":{"2023-07":{"txs":0,"uniq":0,"trade":0,"nft":0,"gas":0,"bal":0,"days":0,"spread":0,"streak":0,"rank_m":266192,"pct_m":0.283019},"2023-08":{"txs":32,"uniq":19,"trade":0,"nft":10,"gas":0.003286,"bal":0.004887,"days":15,"spread":0.483871,"streak":7,"rank_m":25259,"pct_m":0.026855,"gas_method":"exact"},"2023-09":{"txs":74,"uniq":54,"trade":0,"nft":43,"gas":0.000996,"bal":0.003135,"days":30,"spread":1,"streak":30,"rank_m":8006,"pct_m":0.008511,"gas_method":"exact"},"2023-10":{"txs":45,"uniq":34,"trade":0,"nft":28,"gas":0.000411,"bal":0.000805,"days":30,"spread":0.967742,"streak":17,"rank_m":16557,"pct_m":0.017603,"gas_method":"exact"},"2023-11":{"txs":2,"uniq":2,"trade":0,"nft":2,"gas":0.000149,"bal":0.000039,"days":2,"spread":0.066667,"streak":2,"rank_m":91858,"pct_m":0.097664,"gas_method":"exact"},"2023-12":{"txs":0,"uniq":0,"trade":0,"nft":0,"gas":0,"bal":0.000039,"days":0,"spread":0,"streak":0,"rank_m":266005,"pct_m":0.28282},"2024-01":{"txs":0,"uniq":0,"trade":0,"nft":0,"gas":0,"bal":0.000039,"days":0,"spread":0,"streak":0,"rank_m":280397,"pct_m":0.298122},"2024-02":{"txs":0,"uniq":0,"trade":0,"nft":0,"gas":0,"bal":0.000039,"days":0,"spread":0,"streak":0,"rank_m":343091,"pct_m":0.364779},"2024-03":{"txs":0,"uniq":0,"trade":0,"nft":0,"gas":0,"bal":0.000039,"days":0,"spread":0,"streak":0,"rank_m":430109,"pct_m":0.457299},"2024-04":{"txs":0,"uniq":0,"trade":0,"nft":0,"gas":0,"bal":0.000039,"days":0,"spread":0,"streak":0,"rank_m":510100,"pct_m":0.542346},"2024-05":{"txs":0,"uniq":0,"trade":0,"nft":0,"gas":0,"bal":0.000039,"days":0,"spread":0,"streak":0,"rank_m":544519,"pct_m":0.578941},"2024-06":{"txs":0,"uniq":0,"trade":0,"nft":0,"gas":0,"bal":0.000039,"days":0,"spread":0,"streak":0,"rank_m":570782,"pct_m":0.606865},"2024-07":{"txs":0,"uniq":0,"trade":0,"nft":0,"gas":0,"bal":0.000039,"days":0,"spread":0,"streak":0,"rank_m":594638,"pct_m":0.632229},"2024-08":{"txs":0,"uniq":0,"trade":0,"nft":0,"gas":0,"bal":0.000039,"days":0,"spread":0,"streak":0,"rank_m":615631,"pct_m":0.654549},"2024-09":{"txs":4,"uniq":4,"trade":0,"nft":1,"gas":0.000001,"bal":0.000605,"days":2,"spread":0.066667,"streak":2,"rank_m":344332,"pct_m":0.366099,"gas_method":"estimated"},"2024-10":{"txs":0,"uniq":0,"trade":0,"nft":0,"gas":0,"bal":0.000605,"days":0,"spread":0,"streak":0,"rank_m":610015,"pct_m":0.648578},"2024-11":{"txs":0,"uniq":0,"trade":0,"nft":0,"gas":0,"bal":0.000605,"days":0,"spread":0,"streak":0,"rank_m":611686,"pct_m":0.650354},"2024-12":{"txs":0,"uniq":0,"trade":0,"nft":0,"gas":0,"bal":0.000605,"days":0,"spread":0,"streak":0,"rank_m":659628,"pct_m":0.701327},"2025-01":{"txs":0,"uniq":0,"trade":0,"nft":0,"gas":0,"bal":0.000605,"days":0,"spread":0,"streak":0,"rank_m":651956,"pct_m":0.69317},"2025-02":{"txs":0,"uniq":0,"trade":0,"nft":0,"gas":0,"bal":0.000605,"days":0,"spread":0,"streak":0,"rank_m":670878,"pct_m":0.713288},"2025-03":{"txs":0,"uniq":0,"trade":0,"nft":0,"gas":0,"bal":0.000605,"days":0,"spread":0,"streak":0,"rank_m":670810,"pct_m":0.713216},"2025-04":{"txs":0,"uniq":0,"trade":0,"nft":0,"gas":0,"bal":0.000605,"days":0,"spread":0,"streak":0,"rank_m":697822,"pct_m":0.741936},"2025-05":{"txs":0,"uniq":0,"trade":0,"nft":0,"gas":0,"bal":0.000605,"days":0,"spread":0,"streak":0,"rank_m":700745,"pct_m":0.745044},"2025-06":{"txs":0,"uniq":0,"trade":0,"nft":0,"gas":0,"bal":0.000605,"days":0,"spread":0,"streak":0,"rank_m":699741,"pct_m":0.743976},"2025-07":{"txs":0,"uniq":0,"trade":0,"nft":0,"gas":0,"bal":0.000605,"days":0,"spread":0,"streak":0,"rank_m":718452,"pct_m":0.76387},"2025-08":{"txs":0,"uniq":0,"trade":0,"nft":0,"gas":0,"bal":0.000605,"days":0,"spread":0,"streak":0,"rank_m":697841,"pct_m":0.741956},"2025-09":{"txs":0,"uniq":0,"trade":0,"nft":0,"gas":0,"bal":0.000605,"days":0,"spread":0,"streak":0,"rank_m":678932,"pct_m":0.721852},"2025-10":{"txs":0,"uniq":0,"trade":0,"nft":0,"gas":0,"bal":0.000605,"days":0,"spread":0,"streak":0,"rank_m":603657,"pct_m":0.641818}}}