{"wallet":"0xc2c0d7b9293f10878d48f7ac2f129ac4ca318bb7","rank":76302,"lifetime":{"months_active":19,"first":"2023-07","last":"2025-10","tx_sum":625,"uniq_sum":209,"trade_sum":42,"nft_sum":20,"gas_sum":0.005693,"avg_balance_eth_mean":0.058699,"streak_best_days":0,"gas_sum_filled":0.005693},"months":{"2023-07":{"txs":0,"uniq":0,"trade":0,"nft":0,"gas":0,"bal":0,"days":0,"spread":0,"streak":0,"rank_m":263974,"pct_m":0.280661},"2023-08":{"txs":4,"uniq":3,"trade":0,"nft":1,"gas":0.000314,"bal":0.000274,"days":1,"spread":0.032258,"streak":0,"rank_m":158697,"pct_m":0.168728,"gas_method":"exact"},"2023-09":{"txs":0,"uniq":0,"trade":0,"nft":0,"gas":0,"bal":0.000274,"days":0,"spread":0,"streak":0,"rank_m":200661,"pct_m":0.213345},"2023-10":{"txs":0,"uniq":0,"trade":0,"nft":0,"gas":0,"bal":0.000274,"days":0,"spread":0,"streak":0,"rank_m":209237,"pct_m":0.222463},"2023-11":{"txs":0,"uniq":0,"trade":0,"nft":0,"gas":0,"bal":0.000274,"days":0,"spread":0,"streak":0,"rank_m":219259,"pct_m":0.233119},"2023-12":{"txs":0,"uniq":0,"trade":0,"nft":0,"gas":0,"bal":0.000274,"days":0,"spread":0,"streak":0,"rank_m":243325,"pct_m":0.258706},"2024-01":{"txs":0,"uniq":0,"trade":0,"nft":0,"gas":0,"bal":0.000274,"days":0,"spread":0,"streak":0,"rank_m":253184,"pct_m":0.269189},"2024-02":{"txs":2,"uniq":1,"trade":0,"nft":2,"gas":0.000027,"bal":0.000562,"days":1,"spread":0.034483,"streak":0,"rank_m":268903,"pct_m":0.285901,"gas_method":"estimated"},"2024-03":{"txs":0,"uniq":0,"trade":0,"nft":0,"gas":0,"bal":0.000562,"days":0,"spread":0,"streak":0,"rank_m":391537,"pct_m":0.416288},"2024-04":{"txs":0,"uniq":0,"trade":0,"nft":0,"gas":0,"bal":0.000562,"days":0,"spread":0,"streak":0,"rank_m":480330,"pct_m":0.510694},"2024-05":{"txs":0,"uniq":0,"trade":0,"nft":0,"gas":0,"bal":0.000562,"days":0,"spread":0,"streak":0,"rank_m":511472,"pct_m":0.543805},"2024-06":{"txs":4,"uniq":3,"trade":0,"nft":0,"gas":0,"bal":0.001451,"days":2,"spread":0.066667,"streak":0,"rank_m":456099,"pct_m":0.484932,"gas_method":"estimated"},"2024-07":{"txs":2,"uniq":1,"trade":0,"nft":0,"gas":0,"bal":0.001438,"days":1,"spread":0.032258,"streak":0,"rank_m":490143,"pct_m":0.521128,"gas_method":"estimated"},"2024-08":{"txs":3,"uniq":2,"trade":0,"nft":1,"gas":0,"bal":0.016356,"days":2,"spread":0.064516,"streak":0,"rank_m":347080,"pct_m":0.369021,"gas_method":"estimated"},"2024-09":{"txs":5,"uniq":2,"trade":0,"nft":1,"gas":0,"bal":0.050585,"days":2,"spread":0.066667,"streak":0,"rank_m":253422,"pct_m":0.269442,"gas_method":"estimated"},"2024-10":{"txs":18,"uniq":8,"trade":0,"nft":2,"gas":0.000001,"bal":0.068702,"days":5,"spread":0.16129,"streak":0,"rank_m":160211,"pct_m":0.170338,"gas_method":"estimated"},"2024-11":{"txs":12,"uniq":8,"trade":0,"nft":0,"gas":0.000028,"bal":0.196104,"days":5,"spread":0.166667,"streak":0,"rank_m":227992,"pct_m":0.242404,"gas_method":"exact"},"2024-12":{"txs":32,"uniq":15,"trade":0,"nft":1,"gas":0.000684,"bal":0.151817,"days":9,"spread":0.290323,"streak":0,"rank_m":127221,"pct_m":0.135263,"gas_method":"exact"},"2025-01":{"txs":45,"uniq":19,"trade":0,"nft":0,"gas":0.001143,"bal":0.032618,"days":7,"spread":0.225806,"streak":0,"rank_m":120180,"pct_m":0.127776,"gas_method":"exact"},"2025-02":{"txs":45,"uniq":15,"trade":18,"nft":1,"gas":0.000303,"bal":0.107875,"days":10,"spread":0.357143,"streak":0,"rank_m":45249,"pct_m":0.048108,"gas_method":"exact"},"2025-03":{"txs":38,"uniq":13,"trade":6,"nft":1,"gas":0.000292,"bal":0.092315,"days":9,"spread":0.290323,"streak":0,"rank_m":58768,"pct_m":0.062482,"gas_method":"exact"},"2025-04":{"txs":19,"uniq":13,"trade":0,"nft":0,"gas":0.000115,"bal":0.077139,"days":7,"spread":0.233333,"streak":0,"rank_m":103648,"pct_m":0.110199,"gas_method":"exact"},"2025-05":{"txs":61,"uniq":24,"trade":0,"nft":0,"gas":0.000429,"bal":0.250309,"days":11,"spread":0.354839,"streak":0,"rank_m":33354,"pct_m":0.035462,"gas_method":"estimated"},"2025-06":{"txs":12,"uniq":6,"trade":0,"nft":1,"gas":0.000084,"bal":0.050909,"days":8,"spread":0.266667,"streak":0,"rank_m":134146,"pct_m":0.142625,"gas_method":"estimated"},"2025-07":{"txs":36,"uniq":14,"trade":3,"nft":4,"gas":0.000253,"bal":0.144302,"days":9,"spread":0.290323,"streak":0,"rank_m":48759,"pct_m":0.05184,"gas_method":"estimated"},"2025-08":{"txs":64,"uniq":30,"trade":15,"nft":2,"gas":0.00045,"bal":0.246998,"days":15,"spread":0.483871,"streak":0,"rank_m":17857,"pct_m":0.018985,"gas_method":"estimated"},"2025-09":{"txs":102,"uniq":21,"trade":0,"nft":3,"gas":0.000718,"bal":0.147162,"days":18,"spread":0.6,"streak":0,"rank_m":21958,"pct_m":0.023345,"gas_method":"estimated"},"2025-10":{"txs":121,"uniq":11,"trade":0,"nft":0,"gas":0.000852,"bal":0.003587,"days":13,"spread":0.419355,"streak":0,"rank_m":147612,"pct_m":0.156943,"gas_method":"estimated"}}}