{"wallet":"0xc2178a45185f4fc73bab03577be586ff517d4ce0","rank":507205,"lifetime":{"months_active":18,"first":"2023-07","last":"2025-10","tx_sum":138,"uniq_sum":96,"trade_sum":7,"nft_sum":44,"gas_sum":0.000795,"avg_balance_eth_mean":0.002225,"streak_best_days":2,"gas_sum_filled":0.000795},"months":{"2023-07":{"txs":0,"uniq":0,"trade":0,"nft":0,"gas":0,"bal":0,"days":0,"spread":0,"streak":0,"rank_m":266264,"pct_m":0.283096},"2023-08":{"txs":0,"uniq":0,"trade":0,"nft":0,"gas":0,"bal":0,"days":0,"spread":0,"streak":0,"rank_m":353480,"pct_m":0.375825},"2023-09":{"txs":0,"uniq":0,"trade":0,"nft":0,"gas":0,"bal":0,"days":0,"spread":0,"streak":0,"rank_m":374799,"pct_m":0.398492},"2023-10":{"txs":1,"uniq":0,"trade":0,"nft":0,"gas":0.000004,"bal":0.0054,"days":1,"spread":0.032258,"streak":1,"rank_m":121605,"pct_m":0.129292,"gas_method":"estimated"},"2023-11":{"txs":0,"uniq":0,"trade":0,"nft":0,"gas":0,"bal":0.0054,"days":0,"spread":0,"streak":0,"rank_m":173789,"pct_m":0.184775},"2023-12":{"txs":4,"uniq":3,"trade":0,"nft":2,"gas":0.000058,"bal":0.003764,"days":4,"spread":0.129032,"streak":1,"rank_m":77949,"pct_m":0.082876,"gas_method":"estimated"},"2024-01":{"txs":1,"uniq":1,"trade":0,"nft":1,"gas":0.000013,"bal":0.000746,"days":1,"spread":0.032258,"streak":1,"rank_m":167264,"pct_m":0.177837,"gas_method":"estimated"},"2024-02":{"txs":17,"uniq":9,"trade":0,"nft":3,"gas":0.000287,"bal":0.000641,"days":7,"spread":0.241379,"streak":2,"rank_m":75737,"pct_m":0.080524,"gas_method":"exact"},"2024-03":{"txs":12,"uniq":8,"trade":0,"nft":5,"gas":0.000136,"bal":0.000708,"days":7,"spread":0.225806,"streak":1,"rank_m":211558,"pct_m":0.224931,"gas_method":"estimated"},"2024-04":{"txs":9,"uniq":5,"trade":0,"nft":4,"gas":0.000013,"bal":0.000208,"days":3,"spread":0.1,"streak":1,"rank_m":382093,"pct_m":0.406247,"gas_method":"estimated"},"2024-05":{"txs":21,"uniq":13,"trade":3,"nft":5,"gas":0.000012,"bal":0.000234,"days":5,"spread":0.16129,"streak":1,"rank_m":201054,"pct_m":0.213763,"gas_method":"exact"},"2024-06":{"txs":6,"uniq":5,"trade":0,"nft":6,"gas":0,"bal":0.000753,"days":2,"spread":0.066667,"streak":1,"rank_m":357047,"pct_m":0.379618,"gas_method":"estimated"},"2024-07":{"txs":5,"uniq":4,"trade":0,"nft":2,"gas":0.000001,"bal":0.001563,"days":4,"spread":0.129032,"streak":2,"rank_m":237359,"pct_m":0.252363,"gas_method":"exact"},"2024-08":{"txs":15,"uniq":11,"trade":0,"nft":9,"gas":0.000001,"bal":0.001561,"days":5,"spread":0.16129,"streak":2,"rank_m":230539,"pct_m":0.245112,"gas_method":"estimated"},"2024-09":{"txs":5,"uniq":4,"trade":0,"nft":1,"gas":0,"bal":0.000791,"days":3,"spread":0.1,"streak":1,"rank_m":338873,"pct_m":0.360295,"gas_method":"estimated"},"2024-10":{"txs":14,"uniq":11,"trade":0,"nft":5,"gas":0.000001,"bal":0.000897,"days":5,"spread":0.16129,"streak":2,"rank_m":247634,"pct_m":0.263288,"gas_method":"estimated"},"2024-11":{"txs":7,"uniq":5,"trade":2,"nft":1,"gas":0.000011,"bal":0.003227,"days":4,"spread":0.133333,"streak":1,"rank_m":271842,"pct_m":0.289026,"gas_method":"exact"},"2024-12":{"txs":10,"uniq":9,"trade":2,"nft":0,"gas":0.000198,"bal":0.000988,"days":5,"spread":0.16129,"streak":2,"rank_m":272277,"pct_m":0.289489,"gas_method":"exact"},"2025-01":{"txs":0,"uniq":0,"trade":0,"nft":0,"gas":0,"bal":0.000988,"days":0,"spread":0,"streak":0,"rank_m":636302,"pct_m":0.676527},"2025-02":{"txs":1,"uniq":1,"trade":0,"nft":0,"gas":0.000007,"bal":0.000337,"days":1,"spread":0.035714,"streak":1,"rank_m":521471,"pct_m":0.554436,"gas_method":"exact"},"2025-03":{"txs":2,"uniq":1,"trade":0,"nft":0,"gas":0.000008,"bal":0.000282,"days":1,"spread":0.032258,"streak":1,"rank_m":483946,"pct_m":0.514539,"gas_method":"exact"},"2025-04":{"txs":5,"uniq":3,"trade":0,"nft":0,"gas":0.000024,"bal":0.0067,"days":4,"spread":0.133333,"streak":1,"rank_m":303235,"pct_m":0.322404,"gas_method":"exact"},"2025-05":{"txs":0,"uniq":0,"trade":0,"nft":0,"gas":0,"bal":0.0067,"days":0,"spread":0,"streak":0,"rank_m":515018,"pct_m":0.547575},"2025-06":{"txs":0,"uniq":0,"trade":0,"nft":0,"gas":0,"bal":0.0067,"days":0,"spread":0,"streak":0,"rank_m":518894,"pct_m":0.551696},"2025-07":{"txs":0,"uniq":0,"trade":0,"nft":0,"gas":0,"bal":0.0067,"days":0,"spread":0,"streak":0,"rank_m":542564,"pct_m":0.576863},"2025-08":{"txs":0,"uniq":0,"trade":0,"nft":0,"gas":0,"bal":0.0067,"days":0,"spread":0,"streak":0,"rank_m":514564,"pct_m":0.547093},"2025-09":{"txs":3,"uniq":3,"trade":0,"nft":0,"gas":0.000021,"bal":0.000161,"days":1,"spread":0.033333,"streak":1,"rank_m":569578,"pct_m":0.605584,"gas_method":"estimated"},"2025-10":{"txs":0,"uniq":0,"trade":0,"nft":0,"gas":0,"bal":0.000161,"days":0,"spread":0,"streak":0,"rank_m":713625,"pct_m":0.758738}}}