{"wallet":"0xc23475137f9d4c3353e9e3961cdb355d424573b7","rank":47778,"lifetime":{"months_active":16,"first":"2023-07","last":"2025-10","tx_sum":607,"uniq_sum":157,"trade_sum":188,"nft_sum":8,"gas_sum":0.00943,"avg_balance_eth_mean":0.013038,"streak_best_days":11,"gas_sum_filled":0.00943},"months":{"2023-07":{"txs":0,"uniq":0,"trade":0,"nft":0,"gas":0,"bal":0,"days":0,"spread":0,"streak":0,"rank_m":265878,"pct_m":0.282685},"2023-08":{"txs":0,"uniq":0,"trade":0,"nft":0,"gas":0,"bal":0,"days":0,"spread":0,"streak":0,"rank_m":353145,"pct_m":0.375469},"2023-09":{"txs":0,"uniq":0,"trade":0,"nft":0,"gas":0,"bal":0,"days":0,"spread":0,"streak":0,"rank_m":374448,"pct_m":0.398119},"2023-10":{"txs":15,"uniq":4,"trade":16,"nft":2,"gas":0.00012,"bal":0.097269,"days":3,"spread":0.096774,"streak":1,"rank_m":27943,"pct_m":0.029708,"gas_method":"estimated"},"2023-11":{"txs":3,"uniq":1,"trade":1,"nft":0,"gas":0.000042,"bal":0.049743,"days":2,"spread":0.066667,"streak":1,"rank_m":54673,"pct_m":0.058128,"gas_method":"estimated"},"2023-12":{"txs":19,"uniq":6,"trade":22,"nft":1,"gas":0.000493,"bal":0.022744,"days":6,"spread":0.193548,"streak":3,"rank_m":11831,"pct_m":0.012578,"gas_method":"estimated"},"2024-01":{"txs":26,"uniq":5,"trade":29,"nft":1,"gas":0.002887,"bal":0.009896,"days":13,"spread":0.419355,"streak":3,"rank_m":8674,"pct_m":0.009221,"gas_method":"exact"},"2024-02":{"txs":6,"uniq":2,"trade":10,"nft":0,"gas":0.000082,"bal":0.002259,"days":2,"spread":0.068966,"streak":1,"rank_m":146067,"pct_m":0.1553,"gas_method":"estimated"},"2024-03":{"txs":63,"uniq":15,"trade":14,"nft":0,"gas":0.00129,"bal":0.017672,"days":11,"spread":0.354839,"streak":4,"rank_m":24675,"pct_m":0.026234,"gas_method":"estimated"},"2024-04":{"txs":102,"uniq":15,"trade":34,"nft":1,"gas":0.000516,"bal":0.00396,"days":17,"spread":0.566667,"streak":9,"rank_m":36911,"pct_m":0.039243,"gas_method":"exact"},"2024-05":{"txs":54,"uniq":11,"trade":15,"nft":1,"gas":0.000255,"bal":0.002172,"days":12,"spread":0.387097,"streak":2,"rank_m":66185,"pct_m":0.070368,"gas_method":"exact"},"2024-06":{"txs":95,"uniq":11,"trade":21,"nft":0,"gas":0.000003,"bal":0.007719,"days":15,"spread":0.5,"streak":5,"rank_m":48355,"pct_m":0.051411,"gas_method":"estimated"},"2024-07":{"txs":6,"uniq":4,"trade":0,"nft":0,"gas":0.000001,"bal":0.021292,"days":1,"spread":0.032258,"streak":1,"rank_m":281162,"pct_m":0.298935,"gas_method":"estimated"},"2024-08":{"txs":5,"uniq":5,"trade":0,"nft":0,"gas":0,"bal":0.041219,"days":2,"spread":0.064516,"streak":2,"rank_m":233493,"pct_m":0.248253,"gas_method":"estimated"},"2024-09":{"txs":0,"uniq":0,"trade":0,"nft":0,"gas":0,"bal":0.041219,"days":0,"spread":0,"streak":0,"rank_m":387767,"pct_m":0.41228},"2024-10":{"txs":13,"uniq":5,"trade":2,"nft":2,"gas":0.000001,"bal":0.013036,"days":3,"spread":0.096774,"streak":2,"rank_m":144537,"pct_m":0.153673,"gas_method":"estimated"},"2024-11":{"txs":39,"uniq":11,"trade":6,"nft":0,"gas":0.00009,"bal":0.022618,"days":7,"spread":0.233333,"streak":4,"rank_m":48843,"pct_m":0.05193,"gas_method":"exact"},"2024-12":{"txs":71,"uniq":15,"trade":17,"nft":0,"gas":0.001565,"bal":0.00406,"days":11,"spread":0.354839,"streak":4,"rank_m":64982,"pct_m":0.069089,"gas_method":"exact"},"2025-01":{"txs":76,"uniq":38,"trade":1,"nft":0,"gas":0.001974,"bal":0.001974,"days":9,"spread":0.290323,"streak":3,"rank_m":69324,"pct_m":0.073705,"gas_method":"exact"},"2025-02":{"txs":0,"uniq":0,"trade":0,"nft":0,"gas":0,"bal":0.001974,"days":0,"spread":0,"streak":0,"rank_m":624351,"pct_m":0.66382},"2025-03":{"txs":14,"uniq":9,"trade":0,"nft":0,"gas":0.000111,"bal":0.00053,"days":1,"spread":0.032258,"streak":1,"rank_m":304722,"pct_m":0.323985,"gas_method":"exact"},"2025-04":{"txs":0,"uniq":0,"trade":0,"nft":0,"gas":0,"bal":0.00053,"days":0,"spread":0,"streak":0,"rank_m":706232,"pct_m":0.750877},"2025-05":{"txs":0,"uniq":0,"trade":0,"nft":0,"gas":0,"bal":0.00053,"days":0,"spread":0,"streak":0,"rank_m":711431,"pct_m":0.756405},"2025-06":{"txs":0,"uniq":0,"trade":0,"nft":0,"gas":0,"bal":0.00053,"days":0,"spread":0,"streak":0,"rank_m":709512,"pct_m":0.754365},"2025-07":{"txs":0,"uniq":0,"trade":0,"nft":0,"gas":0,"bal":0.00053,"days":0,"spread":0,"streak":0,"rank_m":729529,"pct_m":0.775647},"2025-08":{"txs":0,"uniq":0,"trade":0,"nft":0,"gas":0,"bal":0.00053,"days":0,"spread":0,"streak":0,"rank_m":708186,"pct_m":0.752955},"2025-09":{"txs":0,"uniq":0,"trade":0,"nft":0,"gas":0,"bal":0.00053,"days":0,"spread":0,"streak":0,"rank_m":689743,"pct_m":0.733346},"2025-10":{"txs":0,"uniq":0,"trade":0,"nft":0,"gas":0,"bal":0.00053,"days":0,"spread":0,"streak":0,"rank_m":616545,"pct_m":0.655521}}}