{"wallet":"0xc2de23a4c57b60b523b703daae1b87df3328e656","rank":247059,"lifetime":{"months_active":21,"first":"2023-07","last":"2025-10","tx_sum":176,"uniq_sum":95,"trade_sum":0,"nft_sum":29,"gas_sum":0.007065,"avg_balance_eth_mean":0.059465,"streak_best_days":4,"gas_sum_filled":0.007065},"months":{"2023-07":{"txs":0,"uniq":0,"trade":0,"nft":0,"gas":0,"bal":0,"days":0,"spread":0,"streak":0,"rank_m":263576,"pct_m":0.280238},"2023-08":{"txs":24,"uniq":17,"trade":0,"nft":14,"gas":0.003037,"bal":0.29413,"days":5,"spread":0.16129,"streak":3,"rank_m":29141,"pct_m":0.030982,"gas_method":"exact"},"2023-09":{"txs":3,"uniq":1,"trade":0,"nft":1,"gas":0.000105,"bal":0.480315,"days":1,"spread":0.033333,"streak":1,"rank_m":78038,"pct_m":0.08297,"gas_method":"exact"},"2023-10":{"txs":1,"uniq":1,"trade":0,"nft":0,"gas":0.000026,"bal":0.209965,"days":1,"spread":0.032258,"streak":1,"rank_m":88980,"pct_m":0.094604,"gas_method":"estimated"},"2023-11":{"txs":2,"uniq":2,"trade":0,"nft":0,"gas":0.000099,"bal":0.035635,"days":2,"spread":0.066667,"streak":1,"rank_m":64919,"pct_m":0.069022,"gas_method":"exact"},"2023-12":{"txs":18,"uniq":7,"trade":0,"nft":4,"gas":0.001536,"bal":0.041719,"days":5,"spread":0.16129,"streak":2,"rank_m":16847,"pct_m":0.017911,"gas_method":"estimated"},"2024-01":{"txs":6,"uniq":2,"trade":0,"nft":0,"gas":0.000477,"bal":0.011508,"days":2,"spread":0.064516,"streak":1,"rank_m":106387,"pct_m":0.113111,"gas_method":"estimated"},"2024-02":{"txs":20,"uniq":10,"trade":0,"nft":4,"gas":0.000898,"bal":0.027487,"days":4,"spread":0.137931,"streak":4,"rank_m":38216,"pct_m":0.040631,"gas_method":"estimated"},"2024-03":{"txs":2,"uniq":2,"trade":0,"nft":2,"gas":0.00007,"bal":0.022094,"days":2,"spread":0.064516,"streak":1,"rank_m":210068,"pct_m":0.223347,"gas_method":"exact"},"2024-04":{"txs":12,"uniq":8,"trade":0,"nft":2,"gas":0.000047,"bal":0.024743,"days":4,"spread":0.133333,"streak":1,"rank_m":207798,"pct_m":0.220933,"gas_method":"exact"},"2024-05":{"txs":2,"uniq":2,"trade":0,"nft":1,"gas":0.000006,"bal":0.03329,"days":2,"spread":0.064516,"streak":1,"rank_m":304261,"pct_m":0.323495,"gas_method":"estimated"},"2024-06":{"txs":4,"uniq":3,"trade":0,"nft":1,"gas":0,"bal":0.033471,"days":2,"spread":0.066667,"streak":1,"rank_m":262468,"pct_m":0.27906,"gas_method":"estimated"},"2024-07":{"txs":10,"uniq":4,"trade":0,"nft":0,"gas":0.000004,"bal":0.033802,"days":3,"spread":0.096774,"streak":1,"rank_m":218321,"pct_m":0.232122,"gas_method":"estimated"},"2024-08":{"txs":4,"uniq":2,"trade":0,"nft":0,"gas":0.000001,"bal":0.034796,"days":1,"spread":0.032258,"streak":1,"rank_m":309962,"pct_m":0.329556,"gas_method":"estimated"},"2024-09":{"txs":2,"uniq":2,"trade":0,"nft":0,"gas":0,"bal":0.039265,"days":1,"spread":0.033333,"streak":1,"rank_m":264834,"pct_m":0.281575,"gas_method":"estimated"},"2024-10":{"txs":7,"uniq":5,"trade":0,"nft":0,"gas":0.000002,"bal":0.054755,"days":3,"spread":0.096774,"streak":1,"rank_m":224983,"pct_m":0.239205,"gas_method":"estimated"},"2024-11":{"txs":4,"uniq":2,"trade":0,"nft":0,"gas":0.000009,"bal":0.043723,"days":2,"spread":0.066667,"streak":1,"rank_m":331792,"pct_m":0.352766,"gas_method":"exact"},"2024-12":{"txs":19,"uniq":7,"trade":0,"nft":0,"gas":0.000419,"bal":0.032711,"days":6,"spread":0.193548,"streak":1,"rank_m":207310,"pct_m":0.220415,"gas_method":"exact"},"2025-01":{"txs":4,"uniq":3,"trade":0,"nft":0,"gas":0.000104,"bal":0.025004,"days":3,"spread":0.096774,"streak":1,"rank_m":343157,"pct_m":0.36485,"gas_method":"exact"},"2025-02":{"txs":1,"uniq":1,"trade":0,"nft":0,"gas":0.000007,"bal":0.020343,"days":1,"spread":0.035714,"streak":1,"rank_m":409570,"pct_m":0.435461,"gas_method":"exact"},"2025-03":{"txs":0,"uniq":0,"trade":0,"nft":0,"gas":0,"bal":0.020343,"days":0,"spread":0,"streak":0,"rank_m":505309,"pct_m":0.537252},"2025-04":{"txs":0,"uniq":0,"trade":0,"nft":0,"gas":0,"bal":0.020343,"days":0,"spread":0,"streak":0,"rank_m":547653,"pct_m":0.582273},"2025-05":{"txs":0,"uniq":0,"trade":0,"nft":0,"gas":0,"bal":0.020343,"days":0,"spread":0,"streak":0,"rank_m":415203,"pct_m":0.44145},"2025-06":{"txs":0,"uniq":0,"trade":0,"nft":0,"gas":0,"bal":0.020343,"days":0,"spread":0,"streak":0,"rank_m":416850,"pct_m":0.443201},"2025-07":{"txs":0,"uniq":0,"trade":0,"nft":0,"gas":0,"bal":0.020343,"days":0,"spread":0,"streak":0,"rank_m":440009,"pct_m":0.467824},"2025-08":{"txs":0,"uniq":0,"trade":0,"nft":0,"gas":0,"bal":0.020343,"days":0,"spread":0,"streak":0,"rank_m":413464,"pct_m":0.439601},"2025-09":{"txs":8,"uniq":6,"trade":0,"nft":0,"gas":0.000056,"bal":0.017636,"days":3,"spread":0.1,"streak":1,"rank_m":192696,"pct_m":0.204877,"gas_method":"estimated"},"2025-10":{"txs":23,"uniq":8,"trade":0,"nft":0,"gas":0.000162,"bal":0.026567,"days":3,"spread":0.096774,"streak":1,"rank_m":58137,"pct_m":0.061811,"gas_method":"estimated"}}}