{"wallet":"0xc235c5477ab5220473cc8bfb90484f3a2c890750","rank":262078,"lifetime":{"months_active":23,"first":"2023-07","last":"2025-10","tx_sum":267,"uniq_sum":149,"trade_sum":4,"nft_sum":46,"gas_sum":0.003206,"avg_balance_eth_mean":0.000892,"streak_best_days":3,"gas_sum_filled":0.003206},"months":{"2023-07":{"txs":0,"uniq":0,"trade":0,"nft":0,"gas":0,"bal":0,"days":0,"spread":0,"streak":0,"rank_m":265863,"pct_m":0.282669},"2023-08":{"txs":0,"uniq":0,"trade":0,"nft":0,"gas":0,"bal":0,"days":0,"spread":0,"streak":0,"rank_m":353132,"pct_m":0.375455},"2023-09":{"txs":17,"uniq":11,"trade":0,"nft":11,"gas":0.00035,"bal":0.000252,"days":9,"spread":0.3,"streak":2,"rank_m":44893,"pct_m":0.04773,"gas_method":"exact"},"2023-10":{"txs":22,"uniq":13,"trade":0,"nft":8,"gas":0.000101,"bal":0.000548,"days":9,"spread":0.290323,"streak":3,"rank_m":34924,"pct_m":0.037131,"gas_method":"exact"},"2023-11":{"txs":15,"uniq":8,"trade":0,"nft":2,"gas":0.00005,"bal":0.001215,"days":7,"spread":0.233333,"streak":2,"rank_m":37551,"pct_m":0.039924,"gas_method":"exact"},"2023-12":{"txs":7,"uniq":6,"trade":0,"nft":6,"gas":0.000163,"bal":0.000194,"days":4,"spread":0.129032,"streak":2,"rank_m":96113,"pct_m":0.102188,"gas_method":"estimated"},"2024-01":{"txs":7,"uniq":6,"trade":0,"nft":3,"gas":0.000631,"bal":0.000446,"days":2,"spread":0.064516,"streak":1,"rank_m":86162,"pct_m":0.091608,"gas_method":"exact"},"2024-02":{"txs":11,"uniq":8,"trade":0,"nft":5,"gas":0.000135,"bal":0.00036,"days":5,"spread":0.172414,"streak":2,"rank_m":137228,"pct_m":0.145902,"gas_method":"estimated"},"2024-03":{"txs":1,"uniq":1,"trade":0,"nft":1,"gas":0.000018,"bal":0.000425,"days":1,"spread":0.032258,"streak":1,"rank_m":343643,"pct_m":0.365366,"gas_method":"estimated"},"2024-04":{"txs":5,"uniq":5,"trade":0,"nft":3,"gas":0.000011,"bal":0.000205,"days":3,"spread":0.1,"streak":1,"rank_m":393498,"pct_m":0.418373,"gas_method":"estimated"},"2024-05":{"txs":0,"uniq":0,"trade":0,"nft":0,"gas":0,"bal":0.000205,"days":0,"spread":0,"streak":0,"rank_m":522659,"pct_m":0.555699},"2024-06":{"txs":4,"uniq":3,"trade":0,"nft":0,"gas":0,"bal":0.000884,"days":1,"spread":0.033333,"streak":1,"rank_m":446921,"pct_m":0.475173,"gas_method":"estimated"},"2024-07":{"txs":1,"uniq":1,"trade":0,"nft":1,"gas":0,"bal":0.000918,"days":1,"spread":0.032258,"streak":1,"rank_m":439084,"pct_m":0.466841,"gas_method":"estimated"},"2024-08":{"txs":2,"uniq":1,"trade":0,"nft":1,"gas":0,"bal":0.000428,"days":1,"spread":0.032258,"streak":1,"rank_m":466830,"pct_m":0.496341,"gas_method":"estimated"},"2024-09":{"txs":0,"uniq":0,"trade":0,"nft":0,"gas":0,"bal":0.000428,"days":0,"spread":0,"streak":0,"rank_m":575666,"pct_m":0.612057},"2024-10":{"txs":6,"uniq":4,"trade":0,"nft":1,"gas":0,"bal":0.000316,"days":2,"spread":0.064516,"streak":2,"rank_m":413814,"pct_m":0.439973,"gas_method":"estimated"},"2024-11":{"txs":6,"uniq":5,"trade":0,"nft":0,"gas":0.000011,"bal":0.000306,"days":2,"spread":0.066667,"streak":1,"rank_m":409774,"pct_m":0.435678,"gas_method":"exact"},"2024-12":{"txs":43,"uniq":12,"trade":0,"nft":0,"gas":0.000926,"bal":0.000851,"days":11,"spread":0.354839,"streak":2,"rank_m":183918,"pct_m":0.195544,"gas_method":"exact"},"2025-01":{"txs":1,"uniq":1,"trade":0,"nft":0,"gas":0.000026,"bal":0.000324,"days":1,"spread":0.032258,"streak":1,"rank_m":547751,"pct_m":0.582378,"gas_method":"exact"},"2025-02":{"txs":3,"uniq":3,"trade":0,"nft":0,"gas":0.000021,"bal":0.000316,"days":1,"spread":0.035714,"streak":1,"rank_m":462151,"pct_m":0.491366,"gas_method":"exact"},"2025-03":{"txs":11,"uniq":9,"trade":1,"nft":0,"gas":0.000079,"bal":0.000847,"days":4,"spread":0.129032,"streak":1,"rank_m":230649,"pct_m":0.245229,"gas_method":"exact"},"2025-04":{"txs":42,"uniq":20,"trade":1,"nft":1,"gas":0.000241,"bal":0.005106,"days":9,"spread":0.3,"streak":2,"rank_m":41337,"pct_m":0.043949,"gas_method":"exact"},"2025-05":{"txs":5,"uniq":4,"trade":0,"nft":0,"gas":0.000035,"bal":0.003403,"days":1,"spread":0.032258,"streak":1,"rank_m":325490,"pct_m":0.346066,"gas_method":"estimated"},"2025-06":{"txs":8,"uniq":5,"trade":2,"nft":0,"gas":0.000056,"bal":0.000764,"days":2,"spread":0.066667,"streak":1,"rank_m":372989,"pct_m":0.396568,"gas_method":"estimated"},"2025-07":{"txs":4,"uniq":3,"trade":0,"nft":0,"gas":0.000028,"bal":0.000931,"days":1,"spread":0.032258,"streak":1,"rank_m":504560,"pct_m":0.536456,"gas_method":"estimated"},"2025-08":{"txs":14,"uniq":8,"trade":0,"nft":2,"gas":0.000099,"bal":0.002081,"days":8,"spread":0.258065,"streak":3,"rank_m":201793,"pct_m":0.214549,"gas_method":"estimated"},"2025-09":{"txs":32,"uniq":12,"trade":0,"nft":1,"gas":0.000225,"bal":0.001615,"days":11,"spread":0.366667,"streak":3,"rank_m":156000,"pct_m":0.165861,"gas_method":"estimated"},"2025-10":{"txs":0,"uniq":0,"trade":0,"nft":0,"gas":0,"bal":0.001615,"days":0,"spread":0,"streak":0,"rank_m":525581,"pct_m":0.558806}}}