{"wallet":"0xc24e49e59c04ccd837bdae74c25257231a8bc96f","rank":123961,"lifetime":{"months_active":20,"first":"2023-07","last":"2025-10","tx_sum":1378,"uniq_sum":560,"trade_sum":1,"nft_sum":669,"gas_sum":0.001659,"avg_balance_eth_mean":0.000725,"streak_best_days":79,"gas_sum_filled":0.001659},"months":{"2023-07":{"txs":0,"uniq":0,"trade":0,"nft":0,"gas":0,"bal":0,"days":0,"spread":0,"streak":0,"rank_m":265551,"pct_m":0.282338},"2023-08":{"txs":0,"uniq":0,"trade":0,"nft":0,"gas":0,"bal":0,"days":0,"spread":0,"streak":0,"rank_m":352859,"pct_m":0.375165},"2023-09":{"txs":0,"uniq":0,"trade":0,"nft":0,"gas":0,"bal":0,"days":0,"spread":0,"streak":0,"rank_m":374144,"pct_m":0.397796},"2023-10":{"txs":0,"uniq":0,"trade":0,"nft":0,"gas":0,"bal":0,"days":0,"spread":0,"streak":0,"rank_m":392193,"pct_m":0.416986},"2023-11":{"txs":0,"uniq":0,"trade":0,"nft":0,"gas":0,"bal":0,"days":0,"spread":0,"streak":0,"rank_m":408406,"pct_m":0.434223},"2023-12":{"txs":0,"uniq":0,"trade":0,"nft":0,"gas":0,"bal":0,"days":0,"spread":0,"streak":0,"rank_m":428426,"pct_m":0.455509},"2024-01":{"txs":0,"uniq":0,"trade":0,"nft":0,"gas":0,"bal":0,"days":0,"spread":0,"streak":0,"rank_m":445564,"pct_m":0.473731},"2024-02":{"txs":0,"uniq":0,"trade":0,"nft":0,"gas":0,"bal":0,"days":0,"spread":0,"streak":0,"rank_m":485695,"pct_m":0.516399},"2024-03":{"txs":26,"uniq":3,"trade":0,"nft":2,"gas":0.000016,"bal":0.000057,"days":5,"spread":0.16129,"streak":3,"rank_m":249291,"pct_m":0.26505,"gas_method":"estimated"},"2024-04":{"txs":175,"uniq":63,"trade":0,"nft":87,"gas":0.000022,"bal":0.000547,"days":30,"spread":1,"streak":30,"rank_m":54401,"pct_m":0.057839,"gas_method":"exact"},"2024-05":{"txs":215,"uniq":95,"trade":0,"nft":129,"gas":0.000077,"bal":0.000869,"days":31,"spread":1,"streak":31,"rank_m":33429,"pct_m":0.035541,"gas_method":"exact"},"2024-06":{"txs":200,"uniq":81,"trade":0,"nft":133,"gas":0.000001,"bal":0.000486,"days":29,"spread":0.966667,"streak":15,"rank_m":44910,"pct_m":0.047748,"gas_method":"exact"},"2024-07":{"txs":153,"uniq":63,"trade":0,"nft":98,"gas":0.000015,"bal":0.000401,"days":28,"spread":0.903226,"streak":21,"rank_m":35431,"pct_m":0.03767,"gas_method":"exact"},"2024-08":{"txs":259,"uniq":83,"trade":0,"nft":125,"gas":0.000005,"bal":0.000332,"days":30,"spread":0.967742,"streak":22,"rank_m":36170,"pct_m":0.038456,"gas_method":"exact"},"2024-09":{"txs":85,"uniq":33,"trade":0,"nft":55,"gas":0,"bal":0.000302,"days":24,"spread":0.8,"streak":16,"rank_m":125657,"pct_m":0.1336,"gas_method":"estimated"},"2024-10":{"txs":46,"uniq":20,"trade":0,"nft":31,"gas":0.000002,"bal":0.011769,"days":23,"spread":0.741935,"streak":9,"rank_m":19088,"pct_m":0.020294,"gas_method":"exact"},"2024-11":{"txs":9,"uniq":7,"trade":0,"nft":4,"gas":0.000021,"bal":0.000453,"days":6,"spread":0.2,"streak":2,"rank_m":270680,"pct_m":0.287791,"gas_method":"exact"},"2024-12":{"txs":19,"uniq":11,"trade":0,"nft":0,"gas":0.000419,"bal":0.000392,"days":10,"spread":0.322581,"streak":2,"rank_m":266578,"pct_m":0.283429,"gas_method":"exact"},"2025-01":{"txs":36,"uniq":9,"trade":0,"nft":1,"gas":0.000003,"bal":0.000307,"days":15,"spread":0.483871,"streak":4,"rank_m":245707,"pct_m":0.261239,"gas_method":"exact"},"2025-02":{"txs":39,"uniq":10,"trade":0,"nft":0,"gas":0.000267,"bal":0.000158,"days":20,"spread":0.714286,"streak":9,"rank_m":138740,"pct_m":0.14751,"gas_method":"exact"},"2025-03":{"txs":24,"uniq":13,"trade":0,"nft":1,"gas":0.00019,"bal":0.000216,"days":14,"spread":0.451613,"streak":6,"rank_m":151944,"pct_m":0.161549,"gas_method":"exact"},"2025-04":{"txs":12,"uniq":7,"trade":0,"nft":0,"gas":0.00006,"bal":0.000227,"days":6,"spread":0.2,"streak":2,"rank_m":261504,"pct_m":0.278035,"gas_method":"exact"},"2025-05":{"txs":9,"uniq":6,"trade":0,"nft":0,"gas":0.000063,"bal":0.000245,"days":8,"spread":0.258065,"streak":2,"rank_m":408241,"pct_m":0.434048,"gas_method":"estimated"},"2025-06":{"txs":12,"uniq":7,"trade":0,"nft":0,"gas":0.000084,"bal":0.000212,"days":9,"spread":0.3,"streak":2,"rank_m":467234,"pct_m":0.49677,"gas_method":"estimated"},"2025-07":{"txs":6,"uniq":4,"trade":0,"nft":2,"gas":0.000042,"bal":0.000219,"days":5,"spread":0.16129,"streak":1,"rank_m":424847,"pct_m":0.451704,"gas_method":"estimated"},"2025-08":{"txs":39,"uniq":37,"trade":0,"nft":0,"gas":0.000274,"bal":0.001826,"days":7,"spread":0.225806,"streak":3,"rank_m":215982,"pct_m":0.229635,"gas_method":"estimated"},"2025-09":{"txs":13,"uniq":8,"trade":1,"nft":0,"gas":0.000091,"bal":0.001273,"days":9,"spread":0.3,"streak":3,"rank_m":206872,"pct_m":0.219949,"gas_method":"estimated"},"2025-10":{"txs":1,"uniq":0,"trade":0,"nft":1,"gas":0.000007,"bal":0,"days":1,"spread":0.032258,"streak":1,"rank_m":493130,"pct_m":0.524304,"gas_method":"estimated"}}}