{"wallet":"0xc21877078e2c253632dd40a87f9e01765ac0e350","rank":590270,"lifetime":{"months_active":13,"first":"2023-07","last":"2025-10","tx_sum":144,"uniq_sum":80,"trade_sum":3,"nft_sum":34,"gas_sum":0.001061,"avg_balance_eth_mean":0.002407,"streak_best_days":3,"gas_sum_filled":0.001061},"months":{"2023-07":{"txs":0,"uniq":0,"trade":0,"nft":0,"gas":0,"bal":0,"days":0,"spread":0,"streak":0,"rank_m":266252,"pct_m":0.283083},"2023-08":{"txs":0,"uniq":0,"trade":0,"nft":0,"gas":0,"bal":0,"days":0,"spread":0,"streak":0,"rank_m":353469,"pct_m":0.375813},"2023-09":{"txs":0,"uniq":0,"trade":0,"nft":0,"gas":0,"bal":0,"days":0,"spread":0,"streak":0,"rank_m":374788,"pct_m":0.39848},"2023-10":{"txs":0,"uniq":0,"trade":0,"nft":0,"gas":0,"bal":0,"days":0,"spread":0,"streak":0,"rank_m":392835,"pct_m":0.417668},"2023-11":{"txs":0,"uniq":0,"trade":0,"nft":0,"gas":0,"bal":0,"days":0,"spread":0,"streak":0,"rank_m":409033,"pct_m":0.43489},"2023-12":{"txs":0,"uniq":0,"trade":0,"nft":0,"gas":0,"bal":0,"days":0,"spread":0,"streak":0,"rank_m":429012,"pct_m":0.456132},"2024-01":{"txs":0,"uniq":0,"trade":0,"nft":0,"gas":0,"bal":0,"days":0,"spread":0,"streak":0,"rank_m":446162,"pct_m":0.474366},"2024-02":{"txs":4,"uniq":1,"trade":0,"nft":0,"gas":0.000052,"bal":0.000104,"days":1,"spread":0.034483,"streak":1,"rank_m":268199,"pct_m":0.285153,"gas_method":"estimated"},"2024-03":{"txs":3,"uniq":1,"trade":0,"nft":1,"gas":0.000235,"bal":0.000061,"days":3,"spread":0.096774,"streak":2,"rank_m":272205,"pct_m":0.289412,"gas_method":"exact"},"2024-04":{"txs":41,"uniq":23,"trade":2,"nft":7,"gas":0.000098,"bal":0.003824,"days":4,"spread":0.133333,"streak":1,"rank_m":184937,"pct_m":0.196627,"gas_method":"estimated"},"2024-05":{"txs":7,"uniq":4,"trade":0,"nft":1,"gas":0.000006,"bal":0.006153,"days":3,"spread":0.096774,"streak":1,"rank_m":317650,"pct_m":0.33773,"gas_method":"estimated"},"2024-06":{"txs":0,"uniq":0,"trade":0,"nft":0,"gas":0,"bal":0.006153,"days":0,"spread":0,"streak":0,"rank_m":484351,"pct_m":0.51497},"2024-07":{"txs":9,"uniq":4,"trade":0,"nft":0,"gas":0.000001,"bal":0.006043,"days":3,"spread":0.096774,"streak":1,"rank_m":303032,"pct_m":0.322188,"gas_method":"estimated"},"2024-08":{"txs":16,"uniq":15,"trade":0,"nft":17,"gas":0.000001,"bal":0.005696,"days":5,"spread":0.16129,"streak":2,"rank_m":151133,"pct_m":0.160686,"gas_method":"estimated"},"2024-09":{"txs":14,"uniq":10,"trade":0,"nft":8,"gas":0.000001,"bal":0.004005,"days":3,"spread":0.1,"streak":1,"rank_m":121816,"pct_m":0.129516,"gas_method":"exact"},"2024-10":{"txs":0,"uniq":0,"trade":0,"nft":0,"gas":0,"bal":0.004005,"days":0,"spread":0,"streak":0,"rank_m":534708,"pct_m":0.56851},"2024-11":{"txs":9,"uniq":5,"trade":0,"nft":0,"gas":0.000021,"bal":0.004147,"days":2,"spread":0.066667,"streak":2,"rank_m":299910,"pct_m":0.318869,"gas_method":"exact"},"2024-12":{"txs":17,"uniq":6,"trade":1,"nft":0,"gas":0.000375,"bal":0.003662,"days":4,"spread":0.129032,"streak":3,"rank_m":225326,"pct_m":0.23957,"gas_method":"exact"},"2025-01":{"txs":6,"uniq":2,"trade":0,"nft":0,"gas":0.000156,"bal":0.001965,"days":3,"spread":0.096774,"streak":2,"rank_m":373375,"pct_m":0.396978,"gas_method":"exact"},"2025-02":{"txs":3,"uniq":2,"trade":0,"nft":0,"gas":0.000021,"bal":0.001647,"days":1,"spread":0.035714,"streak":1,"rank_m":427813,"pct_m":0.454857,"gas_method":"exact"},"2025-03":{"txs":2,"uniq":1,"trade":0,"nft":0,"gas":0.000016,"bal":0.001643,"days":1,"spread":0.032258,"streak":1,"rank_m":426946,"pct_m":0.453936,"gas_method":"exact"},"2025-04":{"txs":13,"uniq":6,"trade":0,"nft":0,"gas":0.000078,"bal":0.002612,"days":4,"spread":0.133333,"streak":2,"rank_m":191217,"pct_m":0.203304,"gas_method":"exact"},"2025-05":{"txs":0,"uniq":0,"trade":0,"nft":0,"gas":0,"bal":0.002612,"days":0,"spread":0,"streak":0,"rank_m":593077,"pct_m":0.630569},"2025-06":{"txs":0,"uniq":0,"trade":0,"nft":0,"gas":0,"bal":0.002612,"days":0,"spread":0,"streak":0,"rank_m":599475,"pct_m":0.637371},"2025-07":{"txs":0,"uniq":0,"trade":0,"nft":0,"gas":0,"bal":0.002612,"days":0,"spread":0,"streak":0,"rank_m":618042,"pct_m":0.657112},"2025-08":{"txs":0,"uniq":0,"trade":0,"nft":0,"gas":0,"bal":0.002612,"days":0,"spread":0,"streak":0,"rank_m":596598,"pct_m":0.634313},"2025-09":{"txs":0,"uniq":0,"trade":0,"nft":0,"gas":0,"bal":0.002612,"days":0,"spread":0,"streak":0,"rank_m":583526,"pct_m":0.620414},"2025-10":{"txs":0,"uniq":0,"trade":0,"nft":0,"gas":0,"bal":0.002612,"days":0,"spread":0,"streak":0,"rank_m":488476,"pct_m":0.519355}}}