{"wallet":"0xc2921bc5e19e75401d695e2847691eebac147d63","rank":429676,"lifetime":{"months_active":20,"first":"2023-07","last":"2025-10","tx_sum":229,"uniq_sum":83,"trade_sum":3,"nft_sum":22,"gas_sum":0.002053,"avg_balance_eth_mean":0.002594,"streak_best_days":3,"gas_sum_filled":0.002053},"months":{"2023-07":{"txs":0,"uniq":0,"trade":0,"nft":0,"gas":0,"bal":0,"days":0,"spread":0,"streak":0,"rank_m":264612,"pct_m":0.281339},"2023-08":{"txs":0,"uniq":0,"trade":0,"nft":0,"gas":0,"bal":0,"days":0,"spread":0,"streak":0,"rank_m":352025,"pct_m":0.374278},"2023-09":{"txs":0,"uniq":0,"trade":0,"nft":0,"gas":0,"bal":0,"days":0,"spread":0,"streak":0,"rank_m":373252,"pct_m":0.396847},"2023-10":{"txs":0,"uniq":0,"trade":0,"nft":0,"gas":0,"bal":0,"days":0,"spread":0,"streak":0,"rank_m":391318,"pct_m":0.416055},"2023-11":{"txs":0,"uniq":0,"trade":0,"nft":0,"gas":0,"bal":0,"days":0,"spread":0,"streak":0,"rank_m":407551,"pct_m":0.433314},"2023-12":{"txs":32,"uniq":3,"trade":0,"nft":1,"gas":0.000908,"bal":0.000638,"days":3,"spread":0.096774,"streak":1,"rank_m":105373,"pct_m":0.112033,"gas_method":"estimated"},"2024-01":{"txs":0,"uniq":0,"trade":0,"nft":0,"gas":0,"bal":0.000638,"days":0,"spread":0,"streak":0,"rank_m":232992,"pct_m":0.24772},"2024-02":{"txs":11,"uniq":8,"trade":0,"nft":2,"gas":0.000144,"bal":0.000399,"days":4,"spread":0.137931,"streak":1,"rank_m":121906,"pct_m":0.129612,"gas_method":"exact"},"2024-03":{"txs":1,"uniq":1,"trade":0,"nft":1,"gas":0.000022,"bal":0.000406,"days":1,"spread":0.032258,"streak":1,"rank_m":344242,"pct_m":0.366003,"gas_method":"estimated"},"2024-04":{"txs":8,"uniq":4,"trade":0,"nft":1,"gas":0.000022,"bal":0.004069,"days":5,"spread":0.166667,"streak":1,"rank_m":324729,"pct_m":0.345257,"gas_method":"estimated"},"2024-05":{"txs":14,"uniq":6,"trade":0,"nft":0,"gas":0.000013,"bal":0.006168,"days":2,"spread":0.064516,"streak":1,"rank_m":316033,"pct_m":0.336011,"gas_method":"estimated"},"2024-06":{"txs":4,"uniq":3,"trade":0,"nft":4,"gas":0,"bal":0.005094,"days":2,"spread":0.066667,"streak":1,"rank_m":314010,"pct_m":0.33386,"gas_method":"estimated"},"2024-07":{"txs":4,"uniq":1,"trade":0,"nft":2,"gas":0.000001,"bal":0.000059,"days":2,"spread":0.064516,"streak":1,"rank_m":444145,"pct_m":0.472222,"gas_method":"estimated"},"2024-08":{"txs":14,"uniq":11,"trade":0,"nft":11,"gas":0.000001,"bal":0.000706,"days":1,"spread":0.032258,"streak":1,"rank_m":340600,"pct_m":0.362131,"gas_method":"estimated"},"2024-09":{"txs":0,"uniq":0,"trade":0,"nft":0,"gas":0,"bal":0.000706,"days":0,"spread":0,"streak":0,"rank_m":559821,"pct_m":0.595211},"2024-10":{"txs":1,"uniq":1,"trade":0,"nft":0,"gas":0,"bal":0.000183,"days":1,"spread":0.032258,"streak":1,"rank_m":550379,"pct_m":0.585172,"gas_method":"estimated"},"2024-11":{"txs":1,"uniq":1,"trade":0,"nft":0,"gas":0.000002,"bal":0.000008,"days":1,"spread":0.033333,"streak":1,"rank_m":525593,"pct_m":0.558819,"gas_method":"exact"},"2024-12":{"txs":4,"uniq":2,"trade":0,"nft":0,"gas":0.000044,"bal":0.000005,"days":1,"spread":0.032258,"streak":1,"rank_m":564388,"pct_m":0.600066,"gas_method":"exact"},"2025-01":{"txs":2,"uniq":1,"trade":0,"nft":0,"gas":0.000026,"bal":0.000012,"days":1,"spread":0.032258,"streak":1,"rank_m":569235,"pct_m":0.60522,"gas_method":"exact"},"2025-02":{"txs":9,"uniq":5,"trade":0,"nft":0,"gas":0.000056,"bal":0.000007,"days":3,"spread":0.107143,"streak":1,"rank_m":378927,"pct_m":0.402881,"gas_method":"exact"},"2025-03":{"txs":15,"uniq":3,"trade":0,"nft":0,"gas":0.000047,"bal":0.000054,"days":2,"spread":0.064516,"streak":2,"rank_m":367719,"pct_m":0.390964,"gas_method":"exact"},"2025-04":{"txs":1,"uniq":0,"trade":0,"nft":0,"gas":0.000007,"bal":0.001067,"days":1,"spread":0.033333,"streak":1,"rank_m":587644,"pct_m":0.624793,"gas_method":"estimated"},"2025-05":{"txs":0,"uniq":0,"trade":0,"nft":0,"gas":0,"bal":0.001067,"days":0,"spread":0,"streak":0,"rank_m":657996,"pct_m":0.699592},"2025-06":{"txs":1,"uniq":0,"trade":0,"nft":0,"gas":0.000007,"bal":0.005068,"days":1,"spread":0.033333,"streak":1,"rank_m":440932,"pct_m":0.468806,"gas_method":"estimated"},"2025-07":{"txs":36,"uniq":10,"trade":0,"nft":0,"gas":0.000253,"bal":0.008516,"days":9,"spread":0.290323,"streak":2,"rank_m":144274,"pct_m":0.153394,"gas_method":"estimated"},"2025-08":{"txs":32,"uniq":11,"trade":3,"nft":0,"gas":0.000225,"bal":0.014031,"days":13,"spread":0.419355,"streak":3,"rank_m":35277,"pct_m":0.037506,"gas_method":"estimated"},"2025-09":{"txs":24,"uniq":8,"trade":0,"nft":0,"gas":0.000169,"bal":0.014637,"days":9,"spread":0.3,"streak":3,"rank_m":86423,"pct_m":0.091885,"gas_method":"estimated"},"2025-10":{"txs":15,"uniq":4,"trade":0,"nft":0,"gas":0.000106,"bal":0.009087,"days":3,"spread":0.096774,"streak":1,"rank_m":133880,"pct_m":0.142343,"gas_method":"estimated"}}}