{"wallet":"0xc28547ba2910a29340418f5af953c0688dcebec8","rank":234812,"lifetime":{"months_active":20,"first":"2023-07","last":"2025-10","tx_sum":177,"uniq_sum":120,"trade_sum":2,"nft_sum":64,"gas_sum":0.001331,"avg_balance_eth_mean":0.009439,"streak_best_days":10,"gas_sum_filled":0.001331},"months":{"2023-07":{"txs":0,"uniq":0,"trade":0,"nft":0,"gas":0,"bal":0,"days":0,"spread":0,"streak":0,"rank_m":264770,"pct_m":0.281507},"2023-08":{"txs":12,"uniq":10,"trade":0,"nft":8,"gas":0.000723,"bal":0.000984,"days":8,"spread":0.258065,"streak":2,"rank_m":69843,"pct_m":0.074257,"gas_method":"exact"},"2023-09":{"txs":3,"uniq":3,"trade":0,"nft":1,"gas":0.000128,"bal":0.00105,"days":2,"spread":0.066667,"streak":2,"rank_m":86427,"pct_m":0.09189,"gas_method":"exact"},"2023-10":{"txs":1,"uniq":1,"trade":0,"nft":1,"gas":0.000008,"bal":0.001008,"days":1,"spread":0.032258,"streak":1,"rank_m":128461,"pct_m":0.136581,"gas_method":"estimated"},"2023-11":{"txs":1,"uniq":1,"trade":0,"nft":1,"gas":0.000013,"bal":0.000904,"days":1,"spread":0.033333,"streak":1,"rank_m":131761,"pct_m":0.14009,"gas_method":"estimated"},"2023-12":{"txs":2,"uniq":2,"trade":0,"nft":1,"gas":0.000049,"bal":0.000756,"days":2,"spread":0.064516,"streak":1,"rank_m":142886,"pct_m":0.151918,"gas_method":"estimated"},"2024-01":{"txs":0,"uniq":0,"trade":0,"nft":0,"gas":0,"bal":0.000756,"days":0,"spread":0,"streak":0,"rank_m":227930,"pct_m":0.242338},"2024-02":{"txs":0,"uniq":0,"trade":0,"nft":0,"gas":0,"bal":0.000756,"days":0,"spread":0,"streak":0,"rank_m":296275,"pct_m":0.315004},"2024-03":{"txs":3,"uniq":2,"trade":0,"nft":0,"gas":0.000058,"bal":0.000624,"days":2,"spread":0.064516,"streak":1,"rank_m":331694,"pct_m":0.352662,"gas_method":"estimated"},"2024-04":{"txs":5,"uniq":4,"trade":2,"nft":0,"gas":0.000012,"bal":0.002719,"days":3,"spread":0.1,"streak":1,"rank_m":321864,"pct_m":0.34221,"gas_method":"estimated"},"2024-05":{"txs":2,"uniq":2,"trade":0,"nft":2,"gas":0.000002,"bal":0.003139,"days":2,"spread":0.064516,"streak":2,"rank_m":358021,"pct_m":0.380653,"gas_method":"estimated"},"2024-06":{"txs":0,"uniq":0,"trade":0,"nft":0,"gas":0,"bal":0.003139,"days":0,"spread":0,"streak":0,"rank_m":504657,"pct_m":0.536559},"2024-07":{"txs":20,"uniq":15,"trade":0,"nft":18,"gas":0.000002,"bal":0.00281,"days":8,"spread":0.258065,"streak":7,"rank_m":115593,"pct_m":0.122899,"gas_method":"estimated"},"2024-08":{"txs":68,"uniq":34,"trade":0,"nft":30,"gas":0.000007,"bal":0.004959,"days":18,"spread":0.580645,"streak":5,"rank_m":21666,"pct_m":0.023035,"gas_method":"exact"},"2024-09":{"txs":8,"uniq":5,"trade":0,"nft":2,"gas":0,"bal":0.006961,"days":4,"spread":0.133333,"streak":2,"rank_m":172094,"pct_m":0.182972,"gas_method":"estimated"},"2024-10":{"txs":0,"uniq":0,"trade":0,"nft":0,"gas":0,"bal":0.006961,"days":0,"spread":0,"streak":0,"rank_m":504846,"pct_m":0.53676},"2024-11":{"txs":15,"uniq":12,"trade":0,"nft":0,"gas":0.000034,"bal":0.012724,"days":14,"spread":0.466667,"streak":10,"rank_m":111866,"pct_m":0.118937,"gas_method":"exact"},"2024-12":{"txs":0,"uniq":0,"trade":0,"nft":0,"gas":0,"bal":0.012724,"days":0,"spread":0,"streak":0,"rank_m":574385,"pct_m":0.610695},"2025-01":{"txs":2,"uniq":2,"trade":0,"nft":0,"gas":0.000052,"bal":0.013095,"days":1,"spread":0.032258,"streak":1,"rank_m":426282,"pct_m":0.45323,"gas_method":"exact"},"2025-02":{"txs":8,"uniq":5,"trade":0,"nft":0,"gas":0.000056,"bal":0.018622,"days":3,"spread":0.107143,"streak":2,"rank_m":197472,"pct_m":0.209955,"gas_method":"exact"},"2025-03":{"txs":1,"uniq":1,"trade":0,"nft":0,"gas":0.000008,"bal":0.027183,"days":1,"spread":0.032258,"streak":1,"rank_m":371643,"pct_m":0.395136,"gas_method":"exact"},"2025-04":{"txs":3,"uniq":3,"trade":0,"nft":0,"gas":0.000018,"bal":0.02685,"days":2,"spread":0.066667,"streak":1,"rank_m":315412,"pct_m":0.335351,"gas_method":"exact"},"2025-05":{"txs":6,"uniq":6,"trade":0,"nft":0,"gas":0.000042,"bal":0.025701,"days":4,"spread":0.129032,"streak":1,"rank_m":113461,"pct_m":0.120633,"gas_method":"estimated"},"2025-06":{"txs":11,"uniq":9,"trade":0,"nft":0,"gas":0.000077,"bal":0.019429,"days":6,"spread":0.2,"streak":3,"rank_m":117466,"pct_m":0.124891,"gas_method":"estimated"},"2025-07":{"txs":0,"uniq":0,"trade":0,"nft":0,"gas":0,"bal":0.019429,"days":0,"spread":0,"streak":0,"rank_m":443809,"pct_m":0.471865},"2025-08":{"txs":3,"uniq":2,"trade":0,"nft":0,"gas":0.000021,"bal":0.017638,"days":3,"spread":0.096774,"streak":1,"rank_m":249948,"pct_m":0.265748,"gas_method":"estimated"},"2025-09":{"txs":3,"uniq":1,"trade":0,"nft":0,"gas":0.000021,"bal":0.016691,"days":3,"spread":0.1,"streak":1,"rank_m":269069,"pct_m":0.286078,"gas_method":"estimated"},"2025-10":{"txs":0,"uniq":0,"trade":0,"nft":0,"gas":0,"bal":0.016691,"days":0,"spread":0,"streak":0,"rank_m":316198,"pct_m":0.336186}}}