{"wallet":"0xc24e0b5a6cc61d6f46ef0529a5fed990b0941c13","rank":15464,"lifetime":{"months_active":27,"first":"2023-07","last":"2025-10","tx_sum":1344,"uniq_sum":262,"trade_sum":2,"nft_sum":76,"gas_sum":0.012016,"avg_balance_eth_mean":0.084109,"streak_best_days":144,"gas_sum_filled":0.012016},"months":{"2023-07":{"txs":0,"uniq":0,"trade":0,"nft":0,"gas":0,"bal":0,"days":0,"spread":0,"streak":0,"rank_m":265553,"pct_m":0.28234},"2023-08":{"txs":17,"uniq":10,"trade":0,"nft":4,"gas":0.001661,"bal":0.001038,"days":6,"spread":0.193548,"streak":1,"rank_m":73907,"pct_m":0.078578,"gas_method":"exact"},"2023-09":{"txs":42,"uniq":9,"trade":0,"nft":2,"gas":0.00154,"bal":0.002101,"days":26,"spread":0.866667,"streak":23,"rank_m":23179,"pct_m":0.024643,"gas_method":"exact"},"2023-10":{"txs":34,"uniq":7,"trade":0,"nft":2,"gas":0.000371,"bal":0.000542,"days":30,"spread":0.967742,"streak":19,"rank_m":32563,"pct_m":0.034621,"gas_method":"exact"},"2023-11":{"txs":25,"uniq":7,"trade":0,"nft":2,"gas":0.00046,"bal":0.003715,"days":14,"spread":0.466667,"streak":8,"rank_m":16428,"pct_m":0.017465,"gas_method":"exact"},"2023-12":{"txs":1,"uniq":1,"trade":0,"nft":1,"gas":0.000015,"bal":0.01693,"days":1,"spread":0.032258,"streak":1,"rank_m":103602,"pct_m":0.11015,"gas_method":"estimated"},"2024-01":{"txs":10,"uniq":2,"trade":0,"nft":1,"gas":0.000138,"bal":0.000706,"days":10,"spread":0.322581,"streak":8,"rank_m":102290,"pct_m":0.108755,"gas_method":"estimated"},"2024-02":{"txs":12,"uniq":7,"trade":0,"nft":5,"gas":0.000702,"bal":0.001847,"days":5,"spread":0.172414,"streak":2,"rank_m":69863,"pct_m":0.074279,"gas_method":"exact"},"2024-03":{"txs":30,"uniq":11,"trade":0,"nft":6,"gas":0.00035,"bal":0.002316,"days":15,"spread":0.483871,"streak":6,"rank_m":95825,"pct_m":0.101882,"gas_method":"estimated"},"2024-04":{"txs":50,"uniq":13,"trade":0,"nft":5,"gas":0.000008,"bal":0.002762,"days":30,"spread":1,"streak":30,"rank_m":82978,"pct_m":0.088223,"gas_method":"exact"},"2024-05":{"txs":39,"uniq":9,"trade":0,"nft":5,"gas":0.000001,"bal":0.000787,"days":26,"spread":0.83871,"streak":25,"rank_m":108919,"pct_m":0.115804,"gas_method":"exact"},"2024-06":{"txs":36,"uniq":4,"trade":0,"nft":3,"gas":0,"bal":0.000842,"days":27,"spread":0.9,"streak":21,"rank_m":123277,"pct_m":0.131069,"gas_method":"exact"},"2024-07":{"txs":36,"uniq":3,"trade":0,"nft":3,"gas":0,"bal":0.002258,"days":31,"spread":1,"streak":31,"rank_m":96351,"pct_m":0.102441,"gas_method":"exact"},"2024-08":{"txs":38,"uniq":8,"trade":0,"nft":7,"gas":0,"bal":0.002594,"days":31,"spread":1,"streak":31,"rank_m":70081,"pct_m":0.07451,"gas_method":"exact"},"2024-09":{"txs":52,"uniq":14,"trade":0,"nft":12,"gas":0,"bal":0.002312,"days":30,"spread":1,"streak":30,"rank_m":30020,"pct_m":0.031917,"gas_method":"exact"},"2024-10":{"txs":73,"uniq":14,"trade":1,"nft":11,"gas":0.000001,"bal":0.001505,"days":31,"spread":1,"streak":31,"rank_m":38594,"pct_m":0.041033,"gas_method":"exact"},"2024-11":{"txs":1,"uniq":1,"trade":0,"nft":0,"gas":0.000002,"bal":0.002714,"days":1,"spread":0.033333,"streak":1,"rank_m":458793,"pct_m":0.487796,"gas_method":"exact"},"2024-12":{"txs":44,"uniq":18,"trade":0,"nft":1,"gas":0.000794,"bal":0.106551,"days":4,"spread":0.129032,"streak":2,"rank_m":91296,"pct_m":0.097066,"gas_method":"exact"},"2025-01":{"txs":26,"uniq":18,"trade":0,"nft":0,"gas":0.000675,"bal":0.252918,"days":15,"spread":0.483871,"streak":8,"rank_m":41104,"pct_m":0.043701,"gas_method":"exact"},"2025-02":{"txs":22,"uniq":15,"trade":0,"nft":0,"gas":0.000148,"bal":0.315178,"days":14,"spread":0.5,"streak":4,"rank_m":31813,"pct_m":0.033823,"gas_method":"exact"},"2025-03":{"txs":283,"uniq":19,"trade":0,"nft":1,"gas":0.002212,"bal":0.349345,"days":31,"spread":1,"streak":31,"rank_m":2045,"pct_m":0.002173,"gas_method":"exact"},"2025-04":{"txs":56,"uniq":7,"trade":1,"nft":0,"gas":0.000003,"bal":0.343824,"days":30,"spread":1,"streak":30,"rank_m":30878,"pct_m":0.032829,"gas_method":"exact"},"2025-05":{"txs":86,"uniq":5,"trade":0,"nft":0,"gas":0.000605,"bal":0.318541,"days":31,"spread":1,"streak":31,"rank_m":9507,"pct_m":0.010107,"gas_method":"estimated"},"2025-06":{"txs":61,"uniq":12,"trade":0,"nft":1,"gas":0.000429,"bal":0.300769,"days":29,"spread":0.966667,"streak":22,"rank_m":7384,"pct_m":0.00785,"gas_method":"estimated"},"2025-07":{"txs":52,"uniq":13,"trade":0,"nft":2,"gas":0.000366,"bal":0.191824,"days":31,"spread":1,"streak":31,"rank_m":6074,"pct_m":0.006457,"gas_method":"estimated"},"2025-08":{"txs":70,"uniq":16,"trade":0,"nft":1,"gas":0.000493,"bal":0.106077,"days":31,"spread":1,"streak":31,"rank_m":5257,"pct_m":0.005588,"gas_method":"estimated"},"2025-09":{"txs":97,"uniq":14,"trade":0,"nft":1,"gas":0.000683,"bal":0.016727,"days":30,"spread":1,"streak":30,"rank_m":12045,"pct_m":0.012805,"gas_method":"estimated"},"2025-10":{"txs":51,"uniq":5,"trade":0,"nft":0,"gas":0.000359,"bal":0.008333,"days":15,"spread":0.483871,"streak":15,"rank_m":54028,"pct_m":0.057442,"gas_method":"estimated"}}}