{"wallet":"0xc252de8bb337cd59da7369930a6030da7bae6e52","rank":351815,"lifetime":{"months_active":8,"first":"2023-07","last":"2025-10","tx_sum":505,"uniq_sum":33,"trade_sum":73,"nft_sum":0,"gas_sum":0.00028,"avg_balance_eth_mean":0.003893,"streak_best_days":34,"gas_sum_filled":0.00028},"months":{"2023-07":{"txs":0,"uniq":0,"trade":0,"nft":0,"gas":0,"bal":0,"days":0,"spread":0,"streak":0,"rank_m":265491,"pct_m":0.282274},"2023-08":{"txs":0,"uniq":0,"trade":0,"nft":0,"gas":0,"bal":0,"days":0,"spread":0,"streak":0,"rank_m":352805,"pct_m":0.375108},"2023-09":{"txs":0,"uniq":0,"trade":0,"nft":0,"gas":0,"bal":0,"days":0,"spread":0,"streak":0,"rank_m":374083,"pct_m":0.397731},"2023-10":{"txs":0,"uniq":0,"trade":0,"nft":0,"gas":0,"bal":0,"days":0,"spread":0,"streak":0,"rank_m":392134,"pct_m":0.416923},"2023-11":{"txs":6,"uniq":2,"trade":0,"nft":0,"gas":0.000006,"bal":0.000001,"days":3,"spread":0.1,"streak":2,"rank_m":146028,"pct_m":0.155259,"gas_method":"estimated"},"2023-12":{"txs":7,"uniq":1,"trade":0,"nft":0,"gas":0.000013,"bal":0.000928,"days":3,"spread":0.096774,"streak":1,"rank_m":141968,"pct_m":0.150942,"gas_method":"estimated"},"2024-01":{"txs":1,"uniq":1,"trade":0,"nft":0,"gas":0.00002,"bal":0.000925,"days":1,"spread":0.032258,"streak":1,"rank_m":162319,"pct_m":0.172579,"gas_method":"exact"},"2024-02":{"txs":0,"uniq":0,"trade":0,"nft":0,"gas":0,"bal":0.000925,"days":0,"spread":0,"streak":0,"rank_m":294595,"pct_m":0.313218},"2024-03":{"txs":22,"uniq":2,"trade":0,"nft":0,"gas":0.000033,"bal":0.002022,"days":5,"spread":0.16129,"streak":4,"rank_m":214825,"pct_m":0.228405,"gas_method":"estimated"},"2024-04":{"txs":208,"uniq":9,"trade":26,"nft":0,"gas":0.000139,"bal":0.010465,"days":29,"spread":0.966667,"streak":17,"rank_m":23445,"pct_m":0.024926,"gas_method":"exact"},"2024-05":{"txs":135,"uniq":7,"trade":42,"nft":0,"gas":0.000068,"bal":0.018219,"days":27,"spread":0.870968,"streak":17,"rank_m":13291,"pct_m":0.01413,"gas_method":"exact"},"2024-06":{"txs":73,"uniq":5,"trade":5,"nft":0,"gas":0.000001,"bal":0.009399,"days":15,"spread":0.5,"streak":9,"rank_m":40732,"pct_m":0.043306,"gas_method":"exact"},"2024-07":{"txs":53,"uniq":6,"trade":0,"nft":0,"gas":0,"bal":0.004133,"days":11,"spread":0.354839,"streak":5,"rank_m":170019,"pct_m":0.180766,"gas_method":"estimated"},"2024-08":{"txs":0,"uniq":0,"trade":0,"nft":0,"gas":0,"bal":0.004133,"days":0,"spread":0,"streak":0,"rank_m":512172,"pct_m":0.544549},"2024-09":{"txs":0,"uniq":0,"trade":0,"nft":0,"gas":0,"bal":0.004133,"days":0,"spread":0,"streak":0,"rank_m":483752,"pct_m":0.514333},"2024-10":{"txs":0,"uniq":0,"trade":0,"nft":0,"gas":0,"bal":0.004133,"days":0,"spread":0,"streak":0,"rank_m":531951,"pct_m":0.565579},"2024-11":{"txs":0,"uniq":0,"trade":0,"nft":0,"gas":0,"bal":0.004133,"days":0,"spread":0,"streak":0,"rank_m":549603,"pct_m":0.584347},"2024-12":{"txs":0,"uniq":0,"trade":0,"nft":0,"gas":0,"bal":0.004133,"days":0,"spread":0,"streak":0,"rank_m":608696,"pct_m":0.647175},"2025-01":{"txs":0,"uniq":0,"trade":0,"nft":0,"gas":0,"bal":0.004133,"days":0,"spread":0,"streak":0,"rank_m":594703,"pct_m":0.632298},"2025-02":{"txs":0,"uniq":0,"trade":0,"nft":0,"gas":0,"bal":0.004133,"days":0,"spread":0,"streak":0,"rank_m":598467,"pct_m":0.6363},"2025-03":{"txs":0,"uniq":0,"trade":0,"nft":0,"gas":0,"bal":0.004133,"days":0,"spread":0,"streak":0,"rank_m":582327,"pct_m":0.619139},"2025-04":{"txs":0,"uniq":0,"trade":0,"nft":0,"gas":0,"bal":0.004133,"days":0,"spread":0,"streak":0,"rank_m":616864,"pct_m":0.65586},"2025-05":{"txs":0,"uniq":0,"trade":0,"nft":0,"gas":0,"bal":0.004133,"days":0,"spread":0,"streak":0,"rank_m":558313,"pct_m":0.593607},"2025-06":{"txs":0,"uniq":0,"trade":0,"nft":0,"gas":0,"bal":0.004133,"days":0,"spread":0,"streak":0,"rank_m":564253,"pct_m":0.599923},"2025-07":{"txs":0,"uniq":0,"trade":0,"nft":0,"gas":0,"bal":0.004133,"days":0,"spread":0,"streak":0,"rank_m":585311,"pct_m":0.622312},"2025-08":{"txs":0,"uniq":0,"trade":0,"nft":0,"gas":0,"bal":0.004133,"days":0,"spread":0,"streak":0,"rank_m":560705,"pct_m":0.596151},"2025-09":{"txs":0,"uniq":0,"trade":0,"nft":0,"gas":0,"bal":0.004133,"days":0,"spread":0,"streak":0,"rank_m":550564,"pct_m":0.585368},"2025-10":{"txs":0,"uniq":0,"trade":0,"nft":0,"gas":0,"bal":0.004133,"days":0,"spread":0,"streak":0,"rank_m":450968,"pct_m":0.479476}}}