{"wallet":"0xc2f00beb7441c3623951f33649202d86e8dd6046","rank":11751,"lifetime":{"months_active":26,"first":"2023-07","last":"2025-10","tx_sum":626,"uniq_sum":311,"trade_sum":43,"nft_sum":59,"gas_sum":0.005266,"avg_balance_eth_mean":0.029091,"streak_best_days":109,"gas_sum_filled":0.005266},"months":{"2023-07":{"txs":0,"uniq":0,"trade":0,"nft":0,"gas":0,"bal":0,"days":0,"spread":0,"streak":0,"rank_m":263329,"pct_m":0.279975},"2023-08":{"txs":0,"uniq":0,"trade":0,"nft":0,"gas":0,"bal":0,"days":0,"spread":0,"streak":0,"rank_m":350907,"pct_m":0.37309},"2023-09":{"txs":9,"uniq":6,"trade":0,"nft":2,"gas":0.000272,"bal":0.003898,"days":1,"spread":0.033333,"streak":1,"rank_m":79848,"pct_m":0.084895,"gas_method":"estimated"},"2023-10":{"txs":6,"uniq":3,"trade":0,"nft":2,"gas":0.000048,"bal":0.017422,"days":2,"spread":0.064516,"streak":1,"rank_m":59552,"pct_m":0.063316,"gas_method":"estimated"},"2023-11":{"txs":7,"uniq":6,"trade":0,"nft":1,"gas":0.000097,"bal":0.01528,"days":3,"spread":0.1,"streak":1,"rank_m":44532,"pct_m":0.047346,"gas_method":"estimated"},"2023-12":{"txs":14,"uniq":11,"trade":5,"nft":7,"gas":0.000363,"bal":0.006392,"days":3,"spread":0.096774,"streak":1,"rank_m":34917,"pct_m":0.037123,"gas_method":"estimated"},"2024-01":{"txs":30,"uniq":12,"trade":0,"nft":4,"gas":0.000292,"bal":0.006277,"days":6,"spread":0.193548,"streak":2,"rank_m":19082,"pct_m":0.020287,"gas_method":"exact"},"2024-02":{"txs":29,"uniq":15,"trade":0,"nft":6,"gas":0.000839,"bal":0.008645,"days":4,"spread":0.137931,"streak":1,"rank_m":39527,"pct_m":0.042025,"gas_method":"exact"},"2024-03":{"txs":14,"uniq":10,"trade":4,"nft":4,"gas":0.000296,"bal":0.009802,"days":5,"spread":0.16129,"streak":2,"rank_m":81646,"pct_m":0.086806,"gas_method":"exact"},"2024-04":{"txs":34,"uniq":13,"trade":0,"nft":6,"gas":0.000086,"bal":0.010129,"days":5,"spread":0.166667,"streak":2,"rank_m":161248,"pct_m":0.171441,"gas_method":"estimated"},"2024-05":{"txs":3,"uniq":2,"trade":0,"nft":4,"gas":0.000003,"bal":0.009161,"days":2,"spread":0.064516,"streak":1,"rank_m":316607,"pct_m":0.336621,"gas_method":"estimated"},"2024-06":{"txs":4,"uniq":1,"trade":0,"nft":1,"gas":0,"bal":0.012293,"days":2,"spread":0.066667,"streak":1,"rank_m":313373,"pct_m":0.333183,"gas_method":"estimated"},"2024-07":{"txs":8,"uniq":5,"trade":0,"nft":1,"gas":0.000001,"bal":0.016492,"days":2,"spread":0.064516,"streak":1,"rank_m":227325,"pct_m":0.241695,"gas_method":"estimated"},"2024-08":{"txs":13,"uniq":9,"trade":4,"nft":4,"gas":0.000001,"bal":0.016139,"days":4,"spread":0.129032,"streak":2,"rank_m":111938,"pct_m":0.119013,"gas_method":"estimated"},"2024-09":{"txs":78,"uniq":21,"trade":0,"nft":6,"gas":0.000002,"bal":0.02018,"days":30,"spread":1,"streak":30,"rank_m":4342,"pct_m":0.004615,"gas_method":"exact"},"2024-10":{"txs":93,"uniq":28,"trade":0,"nft":9,"gas":0.000002,"bal":0.071994,"days":31,"spread":1,"streak":31,"rank_m":5118,"pct_m":0.00544,"gas_method":"exact"},"2024-11":{"txs":50,"uniq":27,"trade":7,"nft":2,"gas":0.000115,"bal":0.058599,"days":30,"spread":1,"streak":30,"rank_m":7635,"pct_m":0.008117,"gas_method":"exact"},"2024-12":{"txs":45,"uniq":20,"trade":8,"nft":0,"gas":0.000992,"bal":0.033998,"days":19,"spread":0.612903,"streak":16,"rank_m":21464,"pct_m":0.02282,"gas_method":"exact"},"2025-01":{"txs":28,"uniq":19,"trade":2,"nft":0,"gas":0.000727,"bal":0.039379,"days":4,"spread":0.129032,"streak":2,"rank_m":72238,"pct_m":0.076804,"gas_method":"exact"},"2025-02":{"txs":13,"uniq":8,"trade":4,"nft":0,"gas":0.000091,"bal":0.082074,"days":3,"spread":0.107143,"streak":1,"rank_m":111957,"pct_m":0.119034,"gas_method":"exact"},"2025-03":{"txs":13,"uniq":8,"trade":5,"nft":0,"gas":0.000103,"bal":0.075185,"days":3,"spread":0.096774,"streak":1,"rank_m":102416,"pct_m":0.108889,"gas_method":"exact"},"2025-04":{"txs":15,"uniq":8,"trade":2,"nft":0,"gas":0.000091,"bal":0.046713,"days":4,"spread":0.133333,"streak":2,"rank_m":63643,"pct_m":0.067665,"gas_method":"exact"},"2025-05":{"txs":23,"uniq":15,"trade":1,"nft":0,"gas":0.000162,"bal":0.042894,"days":9,"spread":0.290323,"streak":4,"rank_m":23384,"pct_m":0.024861,"gas_method":"estimated"},"2025-06":{"txs":44,"uniq":27,"trade":1,"nft":0,"gas":0.00031,"bal":0.042677,"days":11,"spread":0.366667,"streak":3,"rank_m":22077,"pct_m":0.023472,"gas_method":"estimated"},"2025-07":{"txs":18,"uniq":10,"trade":0,"nft":0,"gas":0.000127,"bal":0.042351,"days":8,"spread":0.258065,"streak":5,"rank_m":62281,"pct_m":0.066217,"gas_method":"estimated"},"2025-08":{"txs":20,"uniq":17,"trade":0,"nft":0,"gas":0.000141,"bal":0.042203,"days":3,"spread":0.096774,"streak":1,"rank_m":91438,"pct_m":0.097217,"gas_method":"estimated"},"2025-09":{"txs":13,"uniq":9,"trade":0,"nft":0,"gas":0.000091,"bal":0.04219,"days":3,"spread":0.1,"streak":1,"rank_m":114919,"pct_m":0.122183,"gas_method":"estimated"},"2025-10":{"txs":2,"uniq":1,"trade":0,"nft":0,"gas":0.000014,"bal":0.042174,"days":1,"spread":0.032258,"streak":1,"rank_m":142727,"pct_m":0.151749,"gas_method":"estimated"}}}