{"wallet":"0xc240c1b92be74a97985ddbdf360cfc4a3f891bed","rank":162727,"lifetime":{"months_active":18,"first":"2023-07","last":"2025-10","tx_sum":312,"uniq_sum":141,"trade_sum":19,"nft_sum":70,"gas_sum":0.001578,"avg_balance_eth_mean":0.024658,"streak_best_days":3,"gas_sum_filled":0.001578},"months":{"2023-07":{"txs":0,"uniq":0,"trade":0,"nft":0,"gas":0,"bal":0,"days":0,"spread":0,"streak":0,"rank_m":265727,"pct_m":0.282525},"2023-08":{"txs":0,"uniq":0,"trade":0,"nft":0,"gas":0,"bal":0,"days":0,"spread":0,"streak":0,"rank_m":353012,"pct_m":0.375328},"2023-09":{"txs":0,"uniq":0,"trade":0,"nft":0,"gas":0,"bal":0,"days":0,"spread":0,"streak":0,"rank_m":374307,"pct_m":0.397969},"2023-10":{"txs":0,"uniq":0,"trade":0,"nft":0,"gas":0,"bal":0,"days":0,"spread":0,"streak":0,"rank_m":392359,"pct_m":0.417162},"2023-11":{"txs":0,"uniq":0,"trade":0,"nft":0,"gas":0,"bal":0,"days":0,"spread":0,"streak":0,"rank_m":408551,"pct_m":0.434378},"2023-12":{"txs":3,"uniq":1,"trade":0,"nft":1,"gas":0.000049,"bal":0.001884,"days":2,"spread":0.064516,"streak":2,"rank_m":116198,"pct_m":0.123543,"gas_method":"estimated"},"2024-01":{"txs":7,"uniq":2,"trade":0,"nft":1,"gas":0.000107,"bal":0.009051,"days":2,"spread":0.064516,"streak":1,"rank_m":93321,"pct_m":0.099219,"gas_method":"estimated"},"2024-02":{"txs":57,"uniq":27,"trade":16,"nft":13,"gas":0.000492,"bal":0.027552,"days":5,"spread":0.172414,"streak":1,"rank_m":21623,"pct_m":0.022989,"gas_method":"estimated"},"2024-03":{"txs":5,"uniq":3,"trade":0,"nft":2,"gas":0.000065,"bal":0.046117,"days":4,"spread":0.129032,"streak":1,"rank_m":176207,"pct_m":0.187345,"gas_method":"estimated"},"2024-04":{"txs":3,"uniq":3,"trade":0,"nft":2,"gas":0.000005,"bal":0.024999,"days":3,"spread":0.1,"streak":1,"rank_m":289041,"pct_m":0.307312,"gas_method":"estimated"},"2024-05":{"txs":9,"uniq":4,"trade":0,"nft":3,"gas":0.000013,"bal":0.01837,"days":3,"spread":0.096774,"streak":1,"rank_m":219056,"pct_m":0.232903,"gas_method":"exact"},"2024-06":{"txs":21,"uniq":10,"trade":2,"nft":2,"gas":0,"bal":0.016275,"days":4,"spread":0.133333,"streak":1,"rank_m":116323,"pct_m":0.123676,"gas_method":"estimated"},"2024-07":{"txs":99,"uniq":36,"trade":0,"nft":26,"gas":0.000008,"bal":0.019711,"days":9,"spread":0.290323,"streak":3,"rank_m":23029,"pct_m":0.024484,"gas_method":"estimated"},"2024-08":{"txs":35,"uniq":17,"trade":0,"nft":14,"gas":0.000002,"bal":0.023841,"days":5,"spread":0.16129,"streak":1,"rank_m":90863,"pct_m":0.096606,"gas_method":"estimated"},"2024-09":{"txs":20,"uniq":5,"trade":0,"nft":0,"gas":0,"bal":0.027063,"days":2,"spread":0.066667,"streak":1,"rank_m":145006,"pct_m":0.154172,"gas_method":"exact"},"2024-10":{"txs":9,"uniq":9,"trade":0,"nft":6,"gas":0,"bal":0.030724,"days":3,"spread":0.096774,"streak":1,"rank_m":150400,"pct_m":0.159907,"gas_method":"estimated"},"2024-11":{"txs":2,"uniq":2,"trade":1,"nft":0,"gas":0.000005,"bal":0.025706,"days":1,"spread":0.033333,"streak":1,"rank_m":321692,"pct_m":0.342028,"gas_method":"exact"},"2024-12":{"txs":11,"uniq":7,"trade":0,"nft":0,"gas":0.000243,"bal":0.109778,"days":2,"spread":0.064516,"streak":1,"rank_m":280365,"pct_m":0.298088,"gas_method":"exact"},"2025-01":{"txs":20,"uniq":7,"trade":0,"nft":0,"gas":0.00052,"bal":0.033383,"days":3,"spread":0.096774,"streak":2,"rank_m":168571,"pct_m":0.179227,"gas_method":"exact"},"2025-02":{"txs":6,"uniq":5,"trade":0,"nft":0,"gas":0.000042,"bal":0.016698,"days":2,"spread":0.071429,"streak":1,"rank_m":264207,"pct_m":0.280909,"gas_method":"exact"},"2025-03":{"txs":2,"uniq":1,"trade":0,"nft":0,"gas":0.000008,"bal":0.014321,"days":1,"spread":0.032258,"streak":1,"rank_m":381058,"pct_m":0.405147,"gas_method":"exact"},"2025-04":{"txs":2,"uniq":2,"trade":0,"nft":0,"gas":0.000012,"bal":0.020737,"days":1,"spread":0.033333,"streak":1,"rank_m":377482,"pct_m":0.401345,"gas_method":"exact"},"2025-05":{"txs":0,"uniq":0,"trade":0,"nft":0,"gas":0,"bal":0.020737,"days":0,"spread":0,"streak":0,"rank_m":414324,"pct_m":0.440516},"2025-06":{"txs":0,"uniq":0,"trade":0,"nft":0,"gas":0,"bal":0.020737,"days":0,"spread":0,"streak":0,"rank_m":416032,"pct_m":0.442332},"2025-07":{"txs":1,"uniq":0,"trade":0,"nft":0,"gas":0.000007,"bal":0.045684,"days":1,"spread":0.032258,"streak":1,"rank_m":309079,"pct_m":0.328617,"gas_method":"estimated"},"2025-08":{"txs":0,"uniq":0,"trade":0,"nft":0,"gas":0,"bal":0.045684,"days":0,"spread":0,"streak":0,"rank_m":374400,"pct_m":0.398068},"2025-09":{"txs":0,"uniq":0,"trade":0,"nft":0,"gas":0,"bal":0.045684,"days":0,"spread":0,"streak":0,"rank_m":374270,"pct_m":0.397929},"2025-10":{"txs":0,"uniq":0,"trade":0,"nft":0,"gas":0,"bal":0.045684,"days":0,"spread":0,"streak":0,"rank_m":266095,"pct_m":0.282916}}}