{"wallet":"0xc2696b72f3969183744eaa15d1016a5b3541595a","rank":561374,"lifetime":{"months_active":12,"first":"2023-07","last":"2025-10","tx_sum":121,"uniq_sum":102,"trade_sum":2,"nft_sum":87,"gas_sum":0.005038,"avg_balance_eth_mean":0.000227,"streak_best_days":8,"gas_sum_filled":0.005038},"months":{"2023-07":{"txs":0,"uniq":0,"trade":0,"nft":0,"gas":0,"bal":0,"days":0,"spread":0,"streak":0,"rank_m":265165,"pct_m":0.281927},"2023-08":{"txs":41,"uniq":33,"trade":0,"nft":30,"gas":0.002578,"bal":0.000859,"days":11,"spread":0.354839,"streak":5,"rank_m":32996,"pct_m":0.035081,"gas_method":"exact"},"2023-09":{"txs":49,"uniq":45,"trade":0,"nft":46,"gas":0.001856,"bal":0.000986,"days":8,"spread":0.266667,"streak":3,"rank_m":21825,"pct_m":0.023204,"gas_method":"exact"},"2023-10":{"txs":1,"uniq":1,"trade":0,"nft":0,"gas":0.000038,"bal":0.000106,"days":1,"spread":0.032258,"streak":1,"rank_m":151932,"pct_m":0.161536,"gas_method":"estimated"},"2023-11":{"txs":0,"uniq":0,"trade":0,"nft":0,"gas":0,"bal":0.000106,"days":0,"spread":0,"streak":0,"rank_m":231099,"pct_m":0.245708},"2023-12":{"txs":0,"uniq":0,"trade":0,"nft":0,"gas":0,"bal":0.000106,"days":0,"spread":0,"streak":0,"rank_m":256655,"pct_m":0.272879},"2024-01":{"txs":1,"uniq":1,"trade":0,"nft":0,"gas":0.000116,"bal":0.000073,"days":1,"spread":0.032258,"streak":1,"rank_m":201615,"pct_m":0.21436,"gas_method":"estimated"},"2024-02":{"txs":4,"uniq":3,"trade":1,"nft":0,"gas":0.000262,"bal":0.000022,"days":1,"spread":0.034483,"streak":1,"rank_m":226727,"pct_m":0.241059,"gas_method":"estimated"},"2024-03":{"txs":0,"uniq":0,"trade":0,"nft":0,"gas":0,"bal":0.000022,"days":0,"spread":0,"streak":0,"rank_m":433420,"pct_m":0.460819},"2024-04":{"txs":8,"uniq":6,"trade":1,"nft":1,"gas":0.000097,"bal":0.000434,"days":2,"spread":0.066667,"streak":1,"rank_m":364674,"pct_m":0.387727,"gas_method":"estimated"},"2024-05":{"txs":7,"uniq":6,"trade":0,"nft":4,"gas":0.000028,"bal":0.00035,"days":3,"spread":0.096774,"streak":2,"rank_m":351072,"pct_m":0.373265,"gas_method":"estimated"},"2024-06":{"txs":0,"uniq":0,"trade":0,"nft":0,"gas":0,"bal":0.00035,"days":0,"spread":0,"streak":0,"rank_m":542429,"pct_m":0.576719},"2024-07":{"txs":3,"uniq":3,"trade":0,"nft":1,"gas":0.000002,"bal":0.000245,"days":2,"spread":0.064516,"streak":1,"rank_m":429706,"pct_m":0.45687,"gas_method":"estimated"},"2024-08":{"txs":1,"uniq":1,"trade":0,"nft":2,"gas":0,"bal":0.000162,"days":1,"spread":0.032258,"streak":1,"rank_m":475484,"pct_m":0.505542,"gas_method":"estimated"},"2024-09":{"txs":0,"uniq":0,"trade":0,"nft":0,"gas":0,"bal":0.000162,"days":0,"spread":0,"streak":0,"rank_m":595838,"pct_m":0.633505},"2024-10":{"txs":0,"uniq":0,"trade":0,"nft":0,"gas":0,"bal":0.000162,"days":0,"spread":0,"streak":0,"rank_m":637689,"pct_m":0.678001},"2024-11":{"txs":0,"uniq":0,"trade":0,"nft":0,"gas":0,"bal":0.000162,"days":0,"spread":0,"streak":0,"rank_m":643953,"pct_m":0.684661},"2024-12":{"txs":0,"uniq":0,"trade":0,"nft":0,"gas":0,"bal":0.000162,"days":0,"spread":0,"streak":0,"rank_m":688159,"pct_m":0.731662},"2025-01":{"txs":1,"uniq":1,"trade":0,"nft":0,"gas":0.000026,"bal":0.000028,"days":1,"spread":0.032258,"streak":1,"rank_m":572182,"pct_m":0.608353,"gas_method":"exact"},"2025-02":{"txs":0,"uniq":0,"trade":0,"nft":0,"gas":0,"bal":0.000028,"days":0,"spread":0,"streak":0,"rank_m":745257,"pct_m":0.792369},"2025-03":{"txs":0,"uniq":0,"trade":0,"nft":0,"gas":0,"bal":0.000028,"days":0,"spread":0,"streak":0,"rank_m":763213,"pct_m":0.811461},"2025-04":{"txs":0,"uniq":0,"trade":0,"nft":0,"gas":0,"bal":0.000028,"days":0,"spread":0,"streak":0,"rank_m":797366,"pct_m":0.847773},"2025-05":{"txs":0,"uniq":0,"trade":0,"nft":0,"gas":0,"bal":0.000028,"days":0,"spread":0,"streak":0,"rank_m":817227,"pct_m":0.868889},"2025-06":{"txs":0,"uniq":0,"trade":0,"nft":0,"gas":0,"bal":0.000028,"days":0,"spread":0,"streak":0,"rank_m":830065,"pct_m":0.882539},"2025-07":{"txs":1,"uniq":0,"trade":0,"nft":0,"gas":0.000007,"bal":0.0006,"days":1,"spread":0.032258,"streak":1,"rank_m":613135,"pct_m":0.651895,"gas_method":"estimated"},"2025-08":{"txs":4,"uniq":2,"trade":0,"nft":3,"gas":0.000028,"bal":0.000375,"days":2,"spread":0.064516,"streak":1,"rank_m":427925,"pct_m":0.454976,"gas_method":"estimated"},"2025-09":{"txs":0,"uniq":0,"trade":0,"nft":0,"gas":0,"bal":0.000375,"days":0,"spread":0,"streak":0,"rank_m":712349,"pct_m":0.757381},"2025-10":{"txs":0,"uniq":0,"trade":0,"nft":0,"gas":0,"bal":0.000375,"days":0,"spread":0,"streak":0,"rank_m":637985,"pct_m":0.678316}}}