{"wallet":"0xc63386c25940032caae4858cede416ca725b992f","rank":246620,"lifetime":{"months_active":18,"first":"2023-07","last":"2025-10","tx_sum":320,"uniq_sum":79,"trade_sum":4,"nft_sum":19,"gas_sum":0.001738,"avg_balance_eth_mean":0.007192,"streak_best_days":10,"gas_sum_filled":0.001738},"months":{"2023-07":{"txs":0,"uniq":0,"trade":0,"nft":0,"gas":0,"bal":0,"days":0,"spread":0,"streak":0,"rank_m":252225,"pct_m":0.268169},"2023-08":{"txs":0,"uniq":0,"trade":0,"nft":0,"gas":0,"bal":0,"days":0,"spread":0,"streak":0,"rank_m":341083,"pct_m":0.362644},"2023-09":{"txs":1,"uniq":1,"trade":0,"nft":0,"gas":0.000055,"bal":0.000086,"days":1,"spread":0.033333,"streak":1,"rank_m":132792,"pct_m":0.141186,"gas_method":"exact"},"2023-10":{"txs":0,"uniq":0,"trade":0,"nft":0,"gas":0,"bal":0.000086,"days":0,"spread":0,"streak":0,"rank_m":216527,"pct_m":0.230214},"2023-11":{"txs":0,"uniq":0,"trade":0,"nft":0,"gas":0,"bal":0.000086,"days":0,"spread":0,"streak":0,"rank_m":228733,"pct_m":0.243192},"2023-12":{"txs":0,"uniq":0,"trade":0,"nft":0,"gas":0,"bal":0.000086,"days":0,"spread":0,"streak":0,"rank_m":254824,"pct_m":0.270932},"2024-01":{"txs":0,"uniq":0,"trade":0,"nft":0,"gas":0,"bal":0.000086,"days":0,"spread":0,"streak":0,"rank_m":267610,"pct_m":0.284527},"2024-02":{"txs":0,"uniq":0,"trade":0,"nft":0,"gas":0,"bal":0.000086,"days":0,"spread":0,"streak":0,"rank_m":331366,"pct_m":0.352313},"2024-03":{"txs":1,"uniq":1,"trade":0,"nft":0,"gas":0.000036,"bal":0.000085,"days":1,"spread":0.032258,"streak":1,"rank_m":372240,"pct_m":0.395771,"gas_method":"estimated"},"2024-04":{"txs":77,"uniq":14,"trade":0,"nft":4,"gas":0.000345,"bal":0.001665,"days":4,"spread":0.133333,"streak":2,"rank_m":221596,"pct_m":0.235604,"gas_method":"estimated"},"2024-05":{"txs":8,"uniq":4,"trade":0,"nft":1,"gas":0.000012,"bal":0.011879,"days":4,"spread":0.129032,"streak":1,"rank_m":270521,"pct_m":0.287622,"gas_method":"estimated"},"2024-06":{"txs":16,"uniq":12,"trade":0,"nft":4,"gas":0.000001,"bal":0.013616,"days":4,"spread":0.133333,"streak":2,"rank_m":123133,"pct_m":0.130916,"gas_method":"estimated"},"2024-07":{"txs":0,"uniq":0,"trade":0,"nft":0,"gas":0,"bal":0.013616,"days":0,"spread":0,"streak":0,"rank_m":449011,"pct_m":0.477395},"2024-08":{"txs":7,"uniq":6,"trade":0,"nft":7,"gas":0.000001,"bal":0.012605,"days":5,"spread":0.16129,"streak":2,"rank_m":176232,"pct_m":0.187372,"gas_method":"estimated"},"2024-09":{"txs":8,"uniq":6,"trade":0,"nft":2,"gas":0.000001,"bal":0.011868,"days":4,"spread":0.133333,"streak":1,"rank_m":158420,"pct_m":0.168434,"gas_method":"estimated"},"2024-10":{"txs":6,"uniq":4,"trade":0,"nft":1,"gas":0.000001,"bal":0.011369,"days":4,"spread":0.129032,"streak":1,"rank_m":248633,"pct_m":0.26435,"gas_method":"estimated"},"2024-11":{"txs":2,"uniq":2,"trade":0,"nft":0,"gas":0.000005,"bal":0.01102,"days":2,"spread":0.066667,"streak":1,"rank_m":383383,"pct_m":0.407619,"gas_method":"exact"},"2024-12":{"txs":2,"uniq":0,"trade":0,"nft":0,"gas":0.000044,"bal":0.0106,"days":1,"spread":0.032258,"streak":1,"rank_m":482775,"pct_m":0.513294,"gas_method":"exact"},"2025-01":{"txs":5,"uniq":2,"trade":0,"nft":0,"gas":0.00013,"bal":0.010546,"days":1,"spread":0.032258,"streak":1,"rank_m":388430,"pct_m":0.412985,"gas_method":"exact"},"2025-02":{"txs":0,"uniq":0,"trade":0,"nft":0,"gas":0,"bal":0.010546,"days":0,"spread":0,"streak":0,"rank_m":553403,"pct_m":0.588387},"2025-03":{"txs":68,"uniq":1,"trade":0,"nft":0,"gas":0.000277,"bal":0.010263,"days":3,"spread":0.096774,"streak":3,"rank_m":143247,"pct_m":0.152302,"gas_method":"exact"},"2025-04":{"txs":6,"uniq":3,"trade":0,"nft":0,"gas":0.000036,"bal":0.008628,"days":3,"spread":0.1,"streak":1,"rank_m":279259,"pct_m":0.296912,"gas_method":"exact"},"2025-05":{"txs":60,"uniq":5,"trade":0,"nft":0,"gas":0.000422,"bal":0.003759,"days":13,"spread":0.419355,"streak":10,"rank_m":118030,"pct_m":0.125491,"gas_method":"estimated"},"2025-06":{"txs":11,"uniq":4,"trade":2,"nft":0,"gas":0.000077,"bal":0.010814,"days":3,"spread":0.1,"streak":2,"rank_m":166463,"pct_m":0.176985,"gas_method":"estimated"},"2025-07":{"txs":26,"uniq":6,"trade":2,"nft":0,"gas":0.000183,"bal":0.012598,"days":7,"spread":0.225806,"streak":1,"rank_m":122720,"pct_m":0.130477,"gas_method":"estimated"},"2025-08":{"txs":10,"uniq":4,"trade":0,"nft":0,"gas":0.00007,"bal":0.01205,"days":3,"spread":0.096774,"streak":1,"rank_m":230407,"pct_m":0.244972,"gas_method":"estimated"},"2025-09":{"txs":6,"uniq":4,"trade":0,"nft":0,"gas":0.000042,"bal":0.011671,"days":2,"spread":0.066667,"streak":1,"rank_m":258789,"pct_m":0.275148,"gas_method":"estimated"},"2025-10":{"txs":0,"uniq":0,"trade":0,"nft":0,"gas":0,"bal":0.011671,"days":0,"spread":0,"streak":0,"rank_m":343217,"pct_m":0.364913}}}