{"wallet":"0xc6337d081a59897bae82851d22d9560b3de3a845","rank":299658,"lifetime":{"months_active":22,"first":"2023-07","last":"2025-10","tx_sum":245,"uniq_sum":135,"trade_sum":5,"nft_sum":48,"gas_sum":0.001786,"avg_balance_eth_mean":0.001669,"streak_best_days":3,"gas_sum_filled":0.001786},"months":{"2023-07":{"txs":3,"uniq":2,"trade":0,"nft":1,"gas":0.000234,"bal":0.000327,"days":1,"spread":0.032258,"streak":1,"rank_m":32739,"pct_m":0.034808,"gas_method":"estimated"},"2023-08":{"txs":1,"uniq":3,"trade":0,"nft":1,"gas":0.000034,"bal":0.000811,"days":1,"spread":0.032258,"streak":1,"rank_m":139932,"pct_m":0.148777,"gas_method":"exact"},"2023-09":{"txs":0,"uniq":0,"trade":0,"nft":0,"gas":0,"bal":0.000811,"days":0,"spread":0,"streak":0,"rank_m":184179,"pct_m":0.195821},"2023-10":{"txs":0,"uniq":0,"trade":0,"nft":0,"gas":0,"bal":0.000811,"days":0,"spread":0,"streak":0,"rank_m":186772,"pct_m":0.198578},"2023-11":{"txs":0,"uniq":0,"trade":0,"nft":0,"gas":0,"bal":0.000811,"days":0,"spread":0,"streak":0,"rank_m":193179,"pct_m":0.20539},"2023-12":{"txs":0,"uniq":0,"trade":0,"nft":0,"gas":0,"bal":0.000811,"days":0,"spread":0,"streak":0,"rank_m":215330,"pct_m":0.228942},"2024-01":{"txs":0,"uniq":0,"trade":0,"nft":0,"gas":0,"bal":0.000811,"days":0,"spread":0,"streak":0,"rank_m":223845,"pct_m":0.237995},"2024-02":{"txs":1,"uniq":1,"trade":0,"nft":1,"gas":0.00001,"bal":0.000764,"days":1,"spread":0.034483,"streak":1,"rank_m":243244,"pct_m":0.25862,"gas_method":"estimated"},"2024-03":{"txs":3,"uniq":2,"trade":0,"nft":1,"gas":0.000047,"bal":0.001839,"days":2,"spread":0.064516,"streak":1,"rank_m":290090,"pct_m":0.308428,"gas_method":"estimated"},"2024-04":{"txs":1,"uniq":1,"trade":0,"nft":1,"gas":0.000002,"bal":0.002428,"days":1,"spread":0.033333,"streak":1,"rank_m":403816,"pct_m":0.429343,"gas_method":"estimated"},"2024-05":{"txs":4,"uniq":4,"trade":0,"nft":3,"gas":0.000003,"bal":0.002387,"days":2,"spread":0.064516,"streak":1,"rank_m":354859,"pct_m":0.377291,"gas_method":"estimated"},"2024-06":{"txs":2,"uniq":2,"trade":1,"nft":1,"gas":0,"bal":0.002338,"days":1,"spread":0.033333,"streak":1,"rank_m":366389,"pct_m":0.38955,"gas_method":"estimated"},"2024-07":{"txs":1,"uniq":1,"trade":0,"nft":0,"gas":0,"bal":0.002337,"days":1,"spread":0.032258,"streak":1,"rank_m":439400,"pct_m":0.467177,"gas_method":"estimated"},"2024-08":{"txs":18,"uniq":17,"trade":0,"nft":16,"gas":0.000001,"bal":0.001908,"days":8,"spread":0.258065,"streak":3,"rank_m":166394,"pct_m":0.176912,"gas_method":"estimated"},"2024-09":{"txs":7,"uniq":5,"trade":0,"nft":2,"gas":0,"bal":0.001043,"days":4,"spread":0.133333,"streak":1,"rank_m":286386,"pct_m":0.30449,"gas_method":"estimated"},"2024-10":{"txs":27,"uniq":13,"trade":0,"nft":11,"gas":0.000003,"bal":0.001769,"days":10,"spread":0.322581,"streak":3,"rank_m":86715,"pct_m":0.092196,"gas_method":"exact"},"2024-11":{"txs":5,"uniq":5,"trade":1,"nft":0,"gas":0.000011,"bal":0.000879,"days":4,"spread":0.133333,"streak":1,"rank_m":320843,"pct_m":0.341125,"gas_method":"exact"},"2024-12":{"txs":19,"uniq":15,"trade":0,"nft":1,"gas":0.000353,"bal":0.001145,"days":8,"spread":0.258065,"streak":3,"rank_m":198263,"pct_m":0.210796,"gas_method":"exact"},"2025-01":{"txs":4,"uniq":3,"trade":0,"nft":0,"gas":0.000104,"bal":0.002721,"days":4,"spread":0.129032,"streak":2,"rank_m":372104,"pct_m":0.395627,"gas_method":"exact"},"2025-02":{"txs":13,"uniq":9,"trade":0,"nft":1,"gas":0.000063,"bal":0.0017,"days":7,"spread":0.25,"streak":2,"rank_m":167075,"pct_m":0.177636,"gas_method":"exact"},"2025-03":{"txs":27,"uniq":5,"trade":0,"nft":1,"gas":0.000174,"bal":0.000654,"days":6,"spread":0.193548,"streak":2,"rank_m":193013,"pct_m":0.205214,"gas_method":"exact"},"2025-04":{"txs":14,"uniq":3,"trade":0,"nft":1,"gas":0.000078,"bal":0.002749,"days":3,"spread":0.1,"streak":1,"rank_m":235521,"pct_m":0.250409,"gas_method":"exact"},"2025-05":{"txs":0,"uniq":0,"trade":0,"nft":0,"gas":0,"bal":0.002749,"days":0,"spread":0,"streak":0,"rank_m":587310,"pct_m":0.624437},"2025-06":{"txs":25,"uniq":1,"trade":0,"nft":0,"gas":0.000176,"bal":0.001461,"days":2,"spread":0.066667,"streak":1,"rank_m":424814,"pct_m":0.451669,"gas_method":"estimated"},"2025-07":{"txs":26,"uniq":12,"trade":3,"nft":3,"gas":0.000183,"bal":0.001329,"days":7,"spread":0.225806,"streak":3,"rank_m":191898,"pct_m":0.204028,"gas_method":"estimated"},"2025-08":{"txs":19,"uniq":13,"trade":0,"nft":1,"gas":0.000134,"bal":0.003209,"days":12,"spread":0.387097,"streak":3,"rank_m":138937,"pct_m":0.147719,"gas_method":"estimated"},"2025-09":{"txs":17,"uniq":11,"trade":0,"nft":2,"gas":0.00012,"bal":0.00227,"days":11,"spread":0.366667,"streak":3,"rank_m":151702,"pct_m":0.161291,"gas_method":"estimated"},"2025-10":{"txs":8,"uniq":7,"trade":0,"nft":0,"gas":0.000056,"bal":0.003873,"days":5,"spread":0.16129,"streak":3,"rank_m":163303,"pct_m":0.173626,"gas_method":"estimated"}}}