{"wallet":"0xc6675fec72e8e6379e274d05232c49dbec093455","rank":707433,"lifetime":{"months_active":19,"first":"2023-07","last":"2025-10","tx_sum":131,"uniq_sum":53,"trade_sum":0,"nft_sum":15,"gas_sum":0.001457,"avg_balance_eth_mean":0.001614,"streak_best_days":1,"gas_sum_filled":0.001457},"months":{"2023-07":{"txs":3,"uniq":2,"trade":0,"nft":1,"gas":0.000306,"bal":0.000008,"days":1,"spread":0.032258,"streak":1,"rank_m":42109,"pct_m":0.04477,"gas_method":"estimated"},"2023-08":{"txs":7,"uniq":5,"trade":0,"nft":2,"gas":0.000726,"bal":0.001128,"days":2,"spread":0.064516,"streak":1,"rank_m":106490,"pct_m":0.113221,"gas_method":"exact"},"2023-09":{"txs":78,"uniq":18,"trade":0,"nft":0,"gas":0.000023,"bal":0.003086,"days":2,"spread":0.066667,"streak":1,"rank_m":59282,"pct_m":0.063029,"gas_method":"exact"},"2023-10":{"txs":1,"uniq":1,"trade":0,"nft":1,"gas":0.000008,"bal":0.00318,"days":1,"spread":0.032258,"streak":1,"rank_m":111924,"pct_m":0.118999,"gas_method":"estimated"},"2023-11":{"txs":2,"uniq":2,"trade":0,"nft":0,"gas":0.000028,"bal":0.002551,"days":1,"spread":0.033333,"streak":1,"rank_m":119122,"pct_m":0.126652,"gas_method":"estimated"},"2023-12":{"txs":0,"uniq":0,"trade":0,"nft":0,"gas":0,"bal":0.002551,"days":0,"spread":0,"streak":0,"rank_m":203813,"pct_m":0.216697},"2024-01":{"txs":0,"uniq":0,"trade":0,"nft":0,"gas":0,"bal":0.002551,"days":0,"spread":0,"streak":0,"rank_m":213575,"pct_m":0.227076},"2024-02":{"txs":8,"uniq":4,"trade":0,"nft":2,"gas":0.000109,"bal":0.001712,"days":3,"spread":0.103448,"streak":1,"rank_m":157213,"pct_m":0.167151,"gas_method":"estimated"},"2024-03":{"txs":1,"uniq":1,"trade":0,"nft":1,"gas":0.00002,"bal":0.001885,"days":1,"spread":0.032258,"streak":1,"rank_m":313933,"pct_m":0.333778,"gas_method":"estimated"},"2024-04":{"txs":1,"uniq":1,"trade":0,"nft":1,"gas":0.000003,"bal":0.001882,"days":1,"spread":0.033333,"streak":1,"rank_m":409894,"pct_m":0.435806,"gas_method":"estimated"},"2024-05":{"txs":0,"uniq":0,"trade":0,"nft":0,"gas":0,"bal":0.001882,"days":0,"spread":0,"streak":0,"rank_m":495653,"pct_m":0.526986},"2024-06":{"txs":3,"uniq":3,"trade":0,"nft":2,"gas":0,"bal":0.001841,"days":2,"spread":0.066667,"streak":1,"rank_m":375275,"pct_m":0.398998,"gas_method":"estimated"},"2024-07":{"txs":1,"uniq":1,"trade":0,"nft":1,"gas":0,"bal":0.0017,"days":1,"spread":0.032258,"streak":1,"rank_m":419655,"pct_m":0.446184,"gas_method":"estimated"},"2024-08":{"txs":0,"uniq":0,"trade":0,"nft":0,"gas":0,"bal":0.0017,"days":0,"spread":0,"streak":0,"rank_m":541566,"pct_m":0.575802},"2024-09":{"txs":0,"uniq":0,"trade":0,"nft":0,"gas":0,"bal":0.0017,"days":0,"spread":0,"streak":0,"rank_m":519963,"pct_m":0.552833},"2024-10":{"txs":5,"uniq":2,"trade":0,"nft":2,"gas":0,"bal":0.001697,"days":1,"spread":0.032258,"streak":1,"rank_m":392591,"pct_m":0.417409,"gas_method":"estimated"},"2024-11":{"txs":2,"uniq":2,"trade":0,"nft":0,"gas":0.000005,"bal":0.001685,"days":2,"spread":0.066667,"streak":1,"rank_m":432999,"pct_m":0.460371,"gas_method":"exact"},"2024-12":{"txs":3,"uniq":3,"trade":0,"nft":1,"gas":0.000066,"bal":0.001454,"days":3,"spread":0.096774,"streak":1,"rank_m":412615,"pct_m":0.438699,"gas_method":"exact"},"2025-01":{"txs":3,"uniq":2,"trade":0,"nft":0,"gas":0.000078,"bal":0.001084,"days":2,"spread":0.064516,"streak":1,"rank_m":463238,"pct_m":0.492522,"gas_method":"exact"},"2025-02":{"txs":0,"uniq":0,"trade":0,"nft":0,"gas":0,"bal":0.001084,"days":0,"spread":0,"streak":0,"rank_m":645950,"pct_m":0.686785},"2025-03":{"txs":2,"uniq":1,"trade":0,"nft":0,"gas":0.000016,"bal":0.000164,"days":1,"spread":0.032258,"streak":1,"rank_m":475229,"pct_m":0.505271,"gas_method":"exact"},"2025-04":{"txs":2,"uniq":1,"trade":0,"nft":0,"gas":0.000006,"bal":0.00116,"days":1,"spread":0.033333,"streak":1,"rank_m":490125,"pct_m":0.521109,"gas_method":"exact"},"2025-05":{"txs":0,"uniq":0,"trade":0,"nft":0,"gas":0,"bal":0.00116,"days":0,"spread":0,"streak":0,"rank_m":650327,"pct_m":0.691438},"2025-06":{"txs":0,"uniq":0,"trade":0,"nft":0,"gas":0,"bal":0.00116,"days":0,"spread":0,"streak":0,"rank_m":652180,"pct_m":0.693408},"2025-07":{"txs":1,"uniq":1,"trade":0,"nft":0,"gas":0.000007,"bal":0.001409,"days":1,"spread":0.032258,"streak":1,"rank_m":517776,"pct_m":0.550508,"gas_method":"estimated"},"2025-08":{"txs":0,"uniq":0,"trade":0,"nft":0,"gas":0,"bal":0.001409,"days":0,"spread":0,"streak":0,"rank_m":635491,"pct_m":0.675664},"2025-09":{"txs":1,"uniq":1,"trade":0,"nft":1,"gas":0.000007,"bal":0.001276,"days":1,"spread":0.033333,"streak":1,"rank_m":408038,"pct_m":0.433832,"gas_method":"estimated"},"2025-10":{"txs":7,"uniq":2,"trade":0,"nft":0,"gas":0.000049,"bal":0.001108,"days":1,"spread":0.032258,"streak":1,"rank_m":326127,"pct_m":0.346743,"gas_method":"estimated"}}}