{"wallet":"0xc6902ea07df7b4985fd33ae045f425b30a18f47f","rank":52187,"lifetime":{"months_active":18,"first":"2023-07","last":"2025-10","tx_sum":383,"uniq_sum":305,"trade_sum":15,"nft_sum":201,"gas_sum":0.006698,"avg_balance_eth_mean":0.025299,"streak_best_days":11,"gas_sum_filled":0.006698},"months":{"2023-07":{"txs":0,"uniq":0,"trade":0,"nft":0,"gas":0,"bal":0,"days":0,"spread":0,"streak":0,"rank_m":250924,"pct_m":0.266786},"2023-08":{"txs":62,"uniq":51,"trade":1,"nft":48,"gas":0.003648,"bal":0.000753,"days":13,"spread":0.419355,"streak":8,"rank_m":24288,"pct_m":0.025822,"gas_method":"exact"},"2023-09":{"txs":99,"uniq":70,"trade":0,"nft":53,"gas":0.001639,"bal":0.002166,"days":20,"spread":0.666667,"streak":5,"rank_m":11103,"pct_m":0.011804,"gas_method":"exact"},"2023-10":{"txs":21,"uniq":16,"trade":13,"nft":3,"gas":0.000303,"bal":0.002715,"days":5,"spread":0.16129,"streak":4,"rank_m":17663,"pct_m":0.018779,"gas_method":"exact"},"2023-11":{"txs":8,"uniq":8,"trade":0,"nft":1,"gas":0.000057,"bal":0.00422,"days":4,"spread":0.133333,"streak":2,"rank_m":36399,"pct_m":0.038699,"gas_method":"exact"},"2023-12":{"txs":29,"uniq":28,"trade":0,"nft":28,"gas":0.000073,"bal":0.006064,"days":14,"spread":0.451613,"streak":11,"rank_m":7841,"pct_m":0.008336,"gas_method":"exact"},"2024-01":{"txs":5,"uniq":5,"trade":0,"nft":4,"gas":0.000176,"bal":0.004385,"days":4,"spread":0.129032,"streak":1,"rank_m":59160,"pct_m":0.062899,"gas_method":"exact"},"2024-02":{"txs":5,"uniq":5,"trade":0,"nft":4,"gas":0.000027,"bal":0.001884,"days":4,"spread":0.137931,"streak":1,"rank_m":118110,"pct_m":0.125576,"gas_method":"exact"},"2024-03":{"txs":39,"uniq":27,"trade":0,"nft":16,"gas":0.000632,"bal":0.005605,"days":15,"spread":0.483871,"streak":10,"rank_m":45164,"pct_m":0.048018,"gas_method":"estimated"},"2024-04":{"txs":12,"uniq":11,"trade":0,"nft":4,"gas":0.000024,"bal":0.027283,"days":6,"spread":0.2,"streak":2,"rank_m":164579,"pct_m":0.174982,"gas_method":"estimated"},"2024-05":{"txs":8,"uniq":8,"trade":0,"nft":4,"gas":0.000005,"bal":0.030315,"days":4,"spread":0.129032,"streak":1,"rank_m":190627,"pct_m":0.202677,"gas_method":"estimated"},"2024-06":{"txs":11,"uniq":9,"trade":0,"nft":5,"gas":0.000001,"bal":0.028388,"days":8,"spread":0.266667,"streak":2,"rank_m":82392,"pct_m":0.0876,"gas_method":"exact"},"2024-07":{"txs":14,"uniq":9,"trade":0,"nft":8,"gas":0.000001,"bal":0.02542,"days":11,"spread":0.354839,"streak":2,"rank_m":57580,"pct_m":0.061219,"gas_method":"exact"},"2024-08":{"txs":13,"uniq":12,"trade":1,"nft":10,"gas":0.000001,"bal":0.024779,"days":10,"spread":0.322581,"streak":3,"rank_m":50471,"pct_m":0.053661,"gas_method":"exact"},"2024-09":{"txs":29,"uniq":21,"trade":0,"nft":10,"gas":0.000001,"bal":0.025464,"days":9,"spread":0.3,"streak":4,"rank_m":24001,"pct_m":0.025517,"gas_method":"estimated"},"2024-10":{"txs":7,"uniq":7,"trade":0,"nft":2,"gas":0,"bal":0.03078,"days":5,"spread":0.16129,"streak":1,"rank_m":163626,"pct_m":0.173969,"gas_method":"estimated"},"2024-11":{"txs":16,"uniq":13,"trade":0,"nft":1,"gas":0.000037,"bal":0.042331,"days":6,"spread":0.2,"streak":2,"rank_m":109950,"pct_m":0.1169,"gas_method":"exact"},"2024-12":{"txs":0,"uniq":0,"trade":0,"nft":0,"gas":0,"bal":0.042331,"days":0,"spread":0,"streak":0,"rank_m":551995,"pct_m":0.58689},"2025-01":{"txs":2,"uniq":2,"trade":0,"nft":0,"gas":0.000052,"bal":0.045879,"days":1,"spread":0.032258,"streak":1,"rank_m":402485,"pct_m":0.427928,"gas_method":"exact"},"2025-02":{"txs":0,"uniq":0,"trade":0,"nft":0,"gas":0,"bal":0.045879,"days":0,"spread":0,"streak":0,"rank_m":512225,"pct_m":0.544606},"2025-03":{"txs":0,"uniq":0,"trade":0,"nft":0,"gas":0,"bal":0.045879,"days":0,"spread":0,"streak":0,"rank_m":485155,"pct_m":0.515824},"2025-04":{"txs":0,"uniq":0,"trade":0,"nft":0,"gas":0,"bal":0.045879,"days":0,"spread":0,"streak":0,"rank_m":526587,"pct_m":0.559876},"2025-05":{"txs":0,"uniq":0,"trade":0,"nft":0,"gas":0,"bal":0.045879,"days":0,"spread":0,"streak":0,"rank_m":367386,"pct_m":0.39061},"2025-06":{"txs":0,"uniq":0,"trade":0,"nft":0,"gas":0,"bal":0.045879,"days":0,"spread":0,"streak":0,"rank_m":371665,"pct_m":0.39516},"2025-07":{"txs":3,"uniq":3,"trade":0,"nft":0,"gas":0.000021,"bal":0.032055,"days":2,"spread":0.064516,"streak":1,"rank_m":239849,"pct_m":0.255011,"gas_method":"estimated"},"2025-08":{"txs":0,"uniq":0,"trade":0,"nft":0,"gas":0,"bal":0.032055,"days":0,"spread":0,"streak":0,"rank_m":386105,"pct_m":0.410513},"2025-09":{"txs":0,"uniq":0,"trade":0,"nft":0,"gas":0,"bal":0.032055,"days":0,"spread":0,"streak":0,"rank_m":385131,"pct_m":0.409477},"2025-10":{"txs":0,"uniq":0,"trade":0,"nft":0,"gas":0,"bal":0.032055,"days":0,"spread":0,"streak":0,"rank_m":277045,"pct_m":0.294558}}}