{"wallet":"0xc6e859b400daa289541c955dc3d4ef70a08aef68","rank":529902,"lifetime":{"months_active":16,"first":"2023-07","last":"2025-10","tx_sum":118,"uniq_sum":66,"trade_sum":1,"nft_sum":16,"gas_sum":0.002851,"avg_balance_eth_mean":0.014819,"streak_best_days":2,"gas_sum_filled":0.002851},"months":{"2023-07":{"txs":0,"uniq":0,"trade":0,"nft":0,"gas":0,"bal":0,"days":0,"spread":0,"streak":0,"rank_m":249739,"pct_m":0.265526},"2023-08":{"txs":4,"uniq":2,"trade":0,"nft":1,"gas":0.000474,"bal":0.00777,"days":1,"spread":0.032258,"streak":1,"rank_m":111667,"pct_m":0.118725,"gas_method":"exact"},"2023-09":{"txs":11,"uniq":6,"trade":0,"nft":1,"gas":0.000237,"bal":0.006504,"days":2,"spread":0.066667,"streak":1,"rank_m":57811,"pct_m":0.061465,"gas_method":"exact"},"2023-10":{"txs":31,"uniq":16,"trade":1,"nft":4,"gas":0.000664,"bal":0.003978,"days":3,"spread":0.096774,"streak":1,"rank_m":24591,"pct_m":0.026145,"gas_method":"exact"},"2023-11":{"txs":18,"uniq":12,"trade":0,"nft":2,"gas":0.000077,"bal":0.001864,"days":4,"spread":0.133333,"streak":2,"rank_m":32862,"pct_m":0.034938,"gas_method":"exact"},"2023-12":{"txs":21,"uniq":8,"trade":0,"nft":3,"gas":0.001017,"bal":0.001874,"days":3,"spread":0.096774,"streak":1,"rank_m":64126,"pct_m":0.068179,"gas_method":"estimated"},"2024-01":{"txs":7,"uniq":5,"trade":0,"nft":1,"gas":0.000057,"bal":0.002023,"days":2,"spread":0.064516,"streak":1,"rank_m":89444,"pct_m":0.095097,"gas_method":"exact"},"2024-02":{"txs":5,"uniq":4,"trade":0,"nft":2,"gas":0.000191,"bal":0.00218,"days":3,"spread":0.103448,"streak":2,"rank_m":114553,"pct_m":0.121794,"gas_method":"exact"},"2024-03":{"txs":2,"uniq":1,"trade":0,"nft":0,"gas":0.000076,"bal":0.002096,"days":1,"spread":0.032258,"streak":1,"rank_m":322118,"pct_m":0.342481,"gas_method":"estimated"},"2024-04":{"txs":2,"uniq":2,"trade":0,"nft":1,"gas":0.000009,"bal":0.000644,"days":2,"spread":0.066667,"streak":2,"rank_m":404937,"pct_m":0.430535,"gas_method":"estimated"},"2024-05":{"txs":2,"uniq":1,"trade":0,"nft":1,"gas":0.000003,"bal":0.00028,"days":1,"spread":0.032258,"streak":1,"rank_m":457020,"pct_m":0.485911,"gas_method":"estimated"},"2024-06":{"txs":2,"uniq":1,"trade":0,"nft":0,"gas":0,"bal":0.000543,"days":1,"spread":0.033333,"streak":1,"rank_m":479882,"pct_m":0.510218,"gas_method":"estimated"},"2024-07":{"txs":0,"uniq":0,"trade":0,"nft":0,"gas":0,"bal":0.000543,"days":0,"spread":0,"streak":0,"rank_m":555693,"pct_m":0.590822},"2024-08":{"txs":0,"uniq":0,"trade":0,"nft":0,"gas":0,"bal":0.000543,"days":0,"spread":0,"streak":0,"rank_m":574254,"pct_m":0.610556},"2024-09":{"txs":0,"uniq":0,"trade":0,"nft":0,"gas":0,"bal":0.000543,"days":0,"spread":0,"streak":0,"rank_m":566691,"pct_m":0.602515},"2024-10":{"txs":0,"uniq":0,"trade":0,"nft":0,"gas":0,"bal":0.000543,"days":0,"spread":0,"streak":0,"rank_m":611711,"pct_m":0.650381},"2024-11":{"txs":5,"uniq":4,"trade":0,"nft":0,"gas":0.000011,"bal":0.047991,"days":2,"spread":0.066667,"streak":1,"rank_m":303660,"pct_m":0.322856,"gas_method":"exact"},"2024-12":{"txs":0,"uniq":0,"trade":0,"nft":0,"gas":0,"bal":0.047991,"days":0,"spread":0,"streak":0,"rank_m":550344,"pct_m":0.585135},"2025-01":{"txs":0,"uniq":0,"trade":0,"nft":0,"gas":0,"bal":0.047991,"days":0,"spread":0,"streak":0,"rank_m":532224,"pct_m":0.565869},"2025-02":{"txs":0,"uniq":0,"trade":0,"nft":0,"gas":0,"bal":0.047991,"days":0,"spread":0,"streak":0,"rank_m":511257,"pct_m":0.543577},"2025-03":{"txs":0,"uniq":0,"trade":0,"nft":0,"gas":0,"bal":0.047991,"days":0,"spread":0,"streak":0,"rank_m":484253,"pct_m":0.514865},"2025-04":{"txs":3,"uniq":2,"trade":0,"nft":0,"gas":0,"bal":0.01744,"days":2,"spread":0.066667,"streak":1,"rank_m":409903,"pct_m":0.435815,"gas_method":"exact"},"2025-05":{"txs":0,"uniq":0,"trade":0,"nft":0,"gas":0,"bal":0.01744,"days":0,"spread":0,"streak":0,"rank_m":423840,"pct_m":0.450633},"2025-06":{"txs":0,"uniq":0,"trade":0,"nft":0,"gas":0,"bal":0.01744,"days":0,"spread":0,"streak":0,"rank_m":425415,"pct_m":0.452308},"2025-07":{"txs":1,"uniq":1,"trade":0,"nft":0,"gas":0.000007,"bal":0.027275,"days":1,"spread":0.032258,"streak":1,"rank_m":299892,"pct_m":0.318849,"gas_method":"estimated"},"2025-08":{"txs":0,"uniq":0,"trade":0,"nft":0,"gas":0,"bal":0.027275,"days":0,"spread":0,"streak":0,"rank_m":393716,"pct_m":0.418605},"2025-09":{"txs":3,"uniq":1,"trade":0,"nft":0,"gas":0.000021,"bal":0.020428,"days":1,"spread":0.033333,"streak":1,"rank_m":282680,"pct_m":0.300549,"gas_method":"estimated"},"2025-10":{"txs":1,"uniq":0,"trade":0,"nft":0,"gas":0.000007,"bal":0.015751,"days":1,"spread":0.032258,"streak":1,"rank_m":222300,"pct_m":0.236352,"gas_method":"estimated"}}}