{"wallet":"0xc6f4fab6aa33e30e5281eae7b1c196d4680a3eee","rank":475287,"lifetime":{"months_active":14,"first":"2023-07","last":"2025-10","tx_sum":195,"uniq_sum":65,"trade_sum":16,"nft_sum":35,"gas_sum":0.001026,"avg_balance_eth_mean":0.00156,"streak_best_days":5,"gas_sum_filled":0.001026},"months":{"2023-07":{"txs":0,"uniq":0,"trade":0,"nft":0,"gas":0,"bal":0,"days":0,"spread":0,"streak":0,"rank_m":249514,"pct_m":0.265287},"2023-08":{"txs":0,"uniq":0,"trade":0,"nft":0,"gas":0,"bal":0,"days":0,"spread":0,"streak":0,"rank_m":338671,"pct_m":0.36008},"2023-09":{"txs":0,"uniq":0,"trade":0,"nft":0,"gas":0,"bal":0,"days":0,"spread":0,"streak":0,"rank_m":358826,"pct_m":0.381509},"2023-10":{"txs":18,"uniq":3,"trade":15,"nft":4,"gas":0.00011,"bal":0.001225,"days":3,"spread":0.096774,"streak":2,"rank_m":61589,"pct_m":0.065481,"gas_method":"estimated"},"2023-11":{"txs":0,"uniq":0,"trade":0,"nft":0,"gas":0,"bal":0.001225,"days":0,"spread":0,"streak":0,"rank_m":182380,"pct_m":0.193909},"2023-12":{"txs":0,"uniq":0,"trade":0,"nft":0,"gas":0,"bal":0.001225,"days":0,"spread":0,"streak":0,"rank_m":208901,"pct_m":0.222106},"2024-01":{"txs":0,"uniq":0,"trade":0,"nft":0,"gas":0,"bal":0.001225,"days":0,"spread":0,"streak":0,"rank_m":219368,"pct_m":0.233235},"2024-02":{"txs":0,"uniq":0,"trade":0,"nft":0,"gas":0,"bal":0.001225,"days":0,"spread":0,"streak":0,"rank_m":291061,"pct_m":0.30946},"2024-03":{"txs":2,"uniq":1,"trade":0,"nft":1,"gas":0.000031,"bal":0.003015,"days":2,"spread":0.064516,"streak":1,"rank_m":285890,"pct_m":0.303962,"gas_method":"estimated"},"2024-04":{"txs":0,"uniq":0,"trade":0,"nft":0,"gas":0,"bal":0.003015,"days":0,"spread":0,"streak":0,"rank_m":460405,"pct_m":0.48951},"2024-05":{"txs":63,"uniq":14,"trade":0,"nft":3,"gas":0.00004,"bal":0.001798,"days":1,"spread":0.032258,"streak":1,"rank_m":265403,"pct_m":0.28218,"gas_method":"estimated"},"2024-06":{"txs":16,"uniq":5,"trade":0,"nft":3,"gas":0,"bal":0.001237,"days":7,"spread":0.233333,"streak":2,"rank_m":251375,"pct_m":0.267265,"gas_method":"estimated"},"2024-07":{"txs":12,"uniq":5,"trade":0,"nft":3,"gas":0.000006,"bal":0.001215,"days":4,"spread":0.129032,"streak":2,"rank_m":190500,"pct_m":0.202542,"gas_method":"exact"},"2024-08":{"txs":15,"uniq":15,"trade":1,"nft":17,"gas":0.000001,"bal":0.001091,"days":7,"spread":0.225806,"streak":5,"rank_m":180333,"pct_m":0.191732,"gas_method":"estimated"},"2024-09":{"txs":10,"uniq":4,"trade":0,"nft":2,"gas":0,"bal":0.000331,"days":4,"spread":0.133333,"streak":1,"rank_m":325293,"pct_m":0.345856,"gas_method":"estimated"},"2024-10":{"txs":4,"uniq":3,"trade":0,"nft":1,"gas":0,"bal":0.000317,"days":1,"spread":0.032258,"streak":1,"rank_m":460447,"pct_m":0.489554,"gas_method":"estimated"},"2024-11":{"txs":0,"uniq":0,"trade":0,"nft":0,"gas":0,"bal":0.000317,"days":0,"spread":0,"streak":0,"rank_m":629094,"pct_m":0.668863},"2024-12":{"txs":0,"uniq":0,"trade":0,"nft":0,"gas":0,"bal":0.000317,"days":0,"spread":0,"streak":0,"rank_m":675270,"pct_m":0.717958},"2025-01":{"txs":24,"uniq":5,"trade":0,"nft":1,"gas":0.000623,"bal":0.000256,"days":8,"spread":0.258065,"streak":5,"rank_m":230531,"pct_m":0.245104,"gas_method":"exact"},"2025-02":{"txs":0,"uniq":0,"trade":0,"nft":0,"gas":0,"bal":0.000256,"days":0,"spread":0,"streak":0,"rank_m":699751,"pct_m":0.743987},"2025-03":{"txs":0,"uniq":0,"trade":0,"nft":0,"gas":0,"bal":0.000256,"days":0,"spread":0,"streak":0,"rank_m":706512,"pct_m":0.751175},"2025-04":{"txs":3,"uniq":3,"trade":0,"nft":0,"gas":0.000018,"bal":0.000218,"days":1,"spread":0.033333,"streak":1,"rank_m":474428,"pct_m":0.504419,"gas_method":"exact"},"2025-05":{"txs":1,"uniq":0,"trade":0,"nft":0,"gas":0.000007,"bal":0.005814,"days":1,"spread":0.032258,"streak":1,"rank_m":403571,"pct_m":0.429083,"gas_method":"estimated"},"2025-06":{"txs":14,"uniq":1,"trade":0,"nft":0,"gas":0.000099,"bal":0.005741,"days":2,"spread":0.066667,"streak":1,"rank_m":324411,"pct_m":0.344919,"gas_method":"estimated"},"2025-07":{"txs":12,"uniq":5,"trade":0,"nft":0,"gas":0.000084,"bal":0.005156,"days":2,"spread":0.064516,"streak":2,"rank_m":301911,"pct_m":0.320996,"gas_method":"estimated"},"2025-08":{"txs":1,"uniq":1,"trade":0,"nft":0,"gas":0.000007,"bal":0.002397,"days":1,"spread":0.032258,"streak":1,"rank_m":452181,"pct_m":0.480766,"gas_method":"estimated"},"2025-09":{"txs":0,"uniq":0,"trade":0,"nft":0,"gas":0,"bal":0.002397,"days":0,"spread":0,"streak":0,"rank_m":586580,"pct_m":0.623661},"2025-10":{"txs":0,"uniq":0,"trade":0,"nft":0,"gas":0,"bal":0.002397,"days":0,"spread":0,"streak":0,"rank_m":491444,"pct_m":0.522511}}}