{"wallet":"0xc632f3582fee8eb54e71f9013bcc5ef2fda4f985","rank":182831,"lifetime":{"months_active":21,"first":"2023-07","last":"2025-10","tx_sum":436,"uniq_sum":213,"trade_sum":6,"nft_sum":72,"gas_sum":0.001695,"avg_balance_eth_mean":0.000579,"streak_best_days":10,"gas_sum_filled":0.001695},"months":{"2023-07":{"txs":0,"uniq":0,"trade":0,"nft":0,"gas":0,"bal":0,"days":0,"spread":0,"streak":0,"rank_m":252231,"pct_m":0.268175},"2023-08":{"txs":0,"uniq":0,"trade":0,"nft":0,"gas":0,"bal":0,"days":0,"spread":0,"streak":0,"rank_m":341089,"pct_m":0.362651},"2023-09":{"txs":0,"uniq":0,"trade":0,"nft":0,"gas":0,"bal":0,"days":0,"spread":0,"streak":0,"rank_m":361473,"pct_m":0.384323},"2023-10":{"txs":0,"uniq":0,"trade":0,"nft":0,"gas":0,"bal":0,"days":0,"spread":0,"streak":0,"rank_m":379664,"pct_m":0.403664},"2023-11":{"txs":0,"uniq":0,"trade":0,"nft":0,"gas":0,"bal":0,"days":0,"spread":0,"streak":0,"rank_m":395992,"pct_m":0.421025},"2023-12":{"txs":0,"uniq":0,"trade":0,"nft":0,"gas":0,"bal":0,"days":0,"spread":0,"streak":0,"rank_m":416500,"pct_m":0.442829},"2024-01":{"txs":0,"uniq":0,"trade":0,"nft":0,"gas":0,"bal":0,"days":0,"spread":0,"streak":0,"rank_m":433722,"pct_m":0.46114},"2024-02":{"txs":10,"uniq":9,"trade":0,"nft":7,"gas":0.000104,"bal":0.000405,"days":6,"spread":0.206897,"streak":2,"rank_m":127167,"pct_m":0.135205,"gas_method":"estimated"},"2024-03":{"txs":6,"uniq":4,"trade":0,"nft":2,"gas":0.000094,"bal":0.000688,"days":3,"spread":0.096774,"streak":1,"rank_m":277337,"pct_m":0.294869,"gas_method":"estimated"},"2024-04":{"txs":124,"uniq":41,"trade":0,"nft":25,"gas":0.000239,"bal":0.001663,"days":17,"spread":0.566667,"streak":5,"rank_m":95777,"pct_m":0.101831,"gas_method":"estimated"},"2024-05":{"txs":34,"uniq":20,"trade":0,"nft":12,"gas":0.000022,"bal":0.000846,"days":11,"spread":0.354839,"streak":3,"rank_m":166700,"pct_m":0.177237,"gas_method":"estimated"},"2024-06":{"txs":17,"uniq":9,"trade":0,"nft":7,"gas":0,"bal":0.000312,"days":11,"spread":0.366667,"streak":4,"rank_m":227455,"pct_m":0.241833,"gas_method":"estimated"},"2024-07":{"txs":9,"uniq":7,"trade":0,"nft":5,"gas":0,"bal":0.000131,"days":7,"spread":0.225806,"streak":2,"rank_m":216440,"pct_m":0.230122,"gas_method":"exact"},"2024-08":{"txs":26,"uniq":17,"trade":0,"nft":4,"gas":0.000002,"bal":0.000653,"days":8,"spread":0.258065,"streak":1,"rank_m":249255,"pct_m":0.265011,"gas_method":"estimated"},"2024-09":{"txs":15,"uniq":8,"trade":3,"nft":1,"gas":0.000003,"bal":0.00036,"days":2,"spread":0.066667,"streak":1,"rank_m":179938,"pct_m":0.191312,"gas_method":"exact"},"2024-10":{"txs":19,"uniq":11,"trade":1,"nft":7,"gas":0.000001,"bal":0.000372,"days":13,"spread":0.419355,"streak":2,"rank_m":136048,"pct_m":0.144648,"gas_method":"exact"},"2024-11":{"txs":72,"uniq":18,"trade":0,"nft":2,"gas":0.000163,"bal":0.001419,"days":19,"spread":0.633333,"streak":10,"rank_m":67168,"pct_m":0.071413,"gas_method":"exact"},"2024-12":{"txs":17,"uniq":12,"trade":0,"nft":0,"gas":0.000375,"bal":0.000961,"days":10,"spread":0.322581,"streak":5,"rank_m":225925,"pct_m":0.240206,"gas_method":"exact"},"2025-01":{"txs":9,"uniq":4,"trade":0,"nft":0,"gas":0.000182,"bal":0.001858,"days":7,"spread":0.225806,"streak":3,"rank_m":300167,"pct_m":0.319142,"gas_method":"exact"},"2025-02":{"txs":41,"uniq":23,"trade":2,"nft":0,"gas":0.000253,"bal":0.000364,"days":12,"spread":0.428571,"streak":6,"rank_m":92030,"pct_m":0.097847,"gas_method":"exact"},"2025-03":{"txs":3,"uniq":3,"trade":0,"nft":0,"gas":0.000024,"bal":0.001054,"days":3,"spread":0.096774,"streak":2,"rank_m":358594,"pct_m":0.381262,"gas_method":"exact"},"2025-04":{"txs":5,"uniq":5,"trade":0,"nft":0,"gas":0.00003,"bal":0.000881,"days":4,"spread":0.133333,"streak":1,"rank_m":341690,"pct_m":0.36329,"gas_method":"exact"},"2025-05":{"txs":2,"uniq":2,"trade":0,"nft":0,"gas":0.000014,"bal":0.000291,"days":2,"spread":0.064516,"streak":1,"rank_m":548945,"pct_m":0.583647,"gas_method":"estimated"},"2025-06":{"txs":6,"uniq":4,"trade":0,"nft":0,"gas":0.000042,"bal":0.00059,"days":2,"spread":0.066667,"streak":1,"rank_m":498573,"pct_m":0.530091,"gas_method":"estimated"},"2025-07":{"txs":1,"uniq":1,"trade":0,"nft":0,"gas":0.000007,"bal":0.001041,"days":1,"spread":0.032258,"streak":1,"rank_m":535814,"pct_m":0.569686,"gas_method":"estimated"},"2025-08":{"txs":7,"uniq":7,"trade":0,"nft":0,"gas":0.000049,"bal":0.00047,"days":4,"spread":0.129032,"streak":1,"rank_m":442079,"pct_m":0.470025,"gas_method":"estimated"},"2025-09":{"txs":8,"uniq":7,"trade":0,"nft":0,"gas":0.000056,"bal":0.000673,"days":4,"spread":0.133333,"streak":2,"rank_m":380386,"pct_m":0.404432,"gas_method":"estimated"},"2025-10":{"txs":5,"uniq":1,"trade":0,"nft":0,"gas":0.000035,"bal":0.001177,"days":3,"spread":0.096774,"streak":2,"rank_m":305848,"pct_m":0.325182,"gas_method":"estimated"}}}