{"wallet":"0xc6b093503ca67c4ca2a35544c376b4563b004f10","rank":121271,"lifetime":{"months_active":26,"first":"2023-07","last":"2025-10","tx_sum":307,"uniq_sum":182,"trade_sum":10,"nft_sum":94,"gas_sum":0.003856,"avg_balance_eth_mean":0.00617,"streak_best_days":4,"gas_sum_filled":0.003856},"months":{"2023-07":{"txs":2,"uniq":1,"trade":0,"nft":1,"gas":0.000175,"bal":0.0004,"days":1,"spread":0.032258,"streak":1,"rank_m":33548,"pct_m":0.035668,"gas_method":"estimated"},"2023-08":{"txs":17,"uniq":11,"trade":0,"nft":9,"gas":0.001446,"bal":0.003856,"days":7,"spread":0.225806,"streak":3,"rank_m":50361,"pct_m":0.053544,"gas_method":"exact"},"2023-09":{"txs":8,"uniq":6,"trade":0,"nft":5,"gas":0.000226,"bal":0.003445,"days":5,"spread":0.166667,"streak":1,"rank_m":49612,"pct_m":0.052747,"gas_method":"exact"},"2023-10":{"txs":6,"uniq":6,"trade":0,"nft":7,"gas":0.000051,"bal":0.001555,"days":4,"spread":0.129032,"streak":1,"rank_m":53820,"pct_m":0.057221,"gas_method":"exact"},"2023-11":{"txs":9,"uniq":6,"trade":0,"nft":2,"gas":0.000107,"bal":0.002738,"days":4,"spread":0.133333,"streak":3,"rank_m":51088,"pct_m":0.054317,"gas_method":"estimated"},"2023-12":{"txs":1,"uniq":1,"trade":0,"nft":2,"gas":0.000022,"bal":0.003166,"days":1,"spread":0.032258,"streak":1,"rank_m":123961,"pct_m":0.131796,"gas_method":"estimated"},"2024-01":{"txs":27,"uniq":15,"trade":5,"nft":7,"gas":0.000561,"bal":0.004508,"days":7,"spread":0.225806,"streak":2,"rank_m":30796,"pct_m":0.032742,"gas_method":"estimated"},"2024-02":{"txs":11,"uniq":8,"trade":0,"nft":5,"gas":0.00006,"bal":0.009376,"days":6,"spread":0.206897,"streak":2,"rank_m":48644,"pct_m":0.051718,"gas_method":"exact"},"2024-03":{"txs":11,"uniq":10,"trade":0,"nft":8,"gas":0.000193,"bal":0.006549,"days":6,"spread":0.193548,"streak":2,"rank_m":127239,"pct_m":0.135282,"gas_method":"estimated"},"2024-04":{"txs":13,"uniq":3,"trade":0,"nft":3,"gas":0.000028,"bal":0.002389,"days":5,"spread":0.166667,"streak":2,"rank_m":301405,"pct_m":0.320458,"gas_method":"estimated"},"2024-05":{"txs":29,"uniq":13,"trade":0,"nft":8,"gas":0.000021,"bal":0.003422,"days":8,"spread":0.258065,"streak":3,"rank_m":147578,"pct_m":0.156907,"gas_method":"estimated"},"2024-06":{"txs":9,"uniq":5,"trade":0,"nft":4,"gas":0.000001,"bal":0.006697,"days":5,"spread":0.166667,"streak":3,"rank_m":150009,"pct_m":0.159491,"gas_method":"exact"},"2024-07":{"txs":2,"uniq":2,"trade":0,"nft":3,"gas":0,"bal":0.006269,"days":2,"spread":0.064516,"streak":1,"rank_m":312811,"pct_m":0.332585,"gas_method":"estimated"},"2024-08":{"txs":12,"uniq":9,"trade":0,"nft":7,"gas":0.000001,"bal":0.006923,"days":6,"spread":0.193548,"streak":2,"rank_m":172394,"pct_m":0.183291,"gas_method":"estimated"},"2024-09":{"txs":15,"uniq":10,"trade":0,"nft":12,"gas":0.000001,"bal":0.002523,"days":10,"spread":0.333333,"streak":2,"rank_m":131404,"pct_m":0.13971,"gas_method":"estimated"},"2024-10":{"txs":18,"uniq":8,"trade":0,"nft":6,"gas":0.000001,"bal":0.013291,"days":9,"spread":0.290323,"streak":4,"rank_m":88635,"pct_m":0.094237,"gas_method":"estimated"},"2024-11":{"txs":24,"uniq":14,"trade":1,"nft":1,"gas":0.000055,"bal":0.042312,"days":10,"spread":0.333333,"streak":3,"rank_m":56241,"pct_m":0.059795,"gas_method":"exact"},"2024-12":{"txs":9,"uniq":6,"trade":0,"nft":0,"gas":0.000198,"bal":0.015166,"days":8,"spread":0.258065,"streak":2,"rank_m":252796,"pct_m":0.268776,"gas_method":"exact"},"2025-01":{"txs":8,"uniq":2,"trade":0,"nft":0,"gas":0.000208,"bal":0.00843,"days":1,"spread":0.032258,"streak":1,"rank_m":364485,"pct_m":0.387526,"gas_method":"exact"},"2025-02":{"txs":28,"uniq":13,"trade":1,"nft":0,"gas":0.00019,"bal":0.014395,"days":10,"spread":0.357143,"streak":3,"rank_m":40417,"pct_m":0.042971,"gas_method":"exact"},"2025-03":{"txs":7,"uniq":5,"trade":0,"nft":0,"gas":0.00004,"bal":0.003633,"days":4,"spread":0.129032,"streak":1,"rank_m":276816,"pct_m":0.294315,"gas_method":"exact"},"2025-04":{"txs":17,"uniq":12,"trade":3,"nft":1,"gas":0.000103,"bal":0.001745,"days":7,"spread":0.233333,"streak":1,"rank_m":130453,"pct_m":0.138699,"gas_method":"exact"},"2025-05":{"txs":5,"uniq":4,"trade":0,"nft":0,"gas":0.000035,"bal":0.000797,"days":4,"spread":0.129032,"streak":2,"rank_m":374795,"pct_m":0.398488,"gas_method":"estimated"},"2025-06":{"txs":0,"uniq":0,"trade":0,"nft":0,"gas":0,"bal":0.000797,"days":0,"spread":0,"streak":0,"rank_m":680811,"pct_m":0.723849},"2025-07":{"txs":6,"uniq":5,"trade":0,"nft":1,"gas":0.000042,"bal":0.002554,"days":3,"spread":0.096774,"streak":1,"rank_m":323065,"pct_m":0.343487,"gas_method":"estimated"},"2025-08":{"txs":4,"uniq":3,"trade":0,"nft":0,"gas":0.000028,"bal":0.00155,"days":3,"spread":0.096774,"streak":1,"rank_m":412995,"pct_m":0.439103,"gas_method":"estimated"},"2025-09":{"txs":0,"uniq":0,"trade":0,"nft":0,"gas":0,"bal":0.00155,"days":0,"spread":0,"streak":0,"rank_m":614242,"pct_m":0.653072},"2025-10":{"txs":9,"uniq":4,"trade":0,"nft":2,"gas":0.000063,"bal":0.002724,"days":3,"spread":0.096774,"streak":2,"rank_m":153665,"pct_m":0.163378,"gas_method":"estimated"}}}