{"wallet":"0xc66cef4b49642f99107ad58bcb01331d39539d27","rank":163978,"lifetime":{"months_active":24,"first":"2023-07","last":"2025-10","tx_sum":225,"uniq_sum":100,"trade_sum":4,"nft_sum":56,"gas_sum":0.007116,"avg_balance_eth_mean":0.007919,"streak_best_days":7,"gas_sum_filled":0.007116},"months":{"2023-07":{"txs":0,"uniq":0,"trade":0,"nft":0,"gas":0,"bal":0,"days":0,"spread":0,"streak":0,"rank_m":251441,"pct_m":0.267336},"2023-08":{"txs":10,"uniq":5,"trade":0,"nft":0,"gas":0.001969,"bal":0.006266,"days":2,"spread":0.064516,"streak":1,"rank_m":91763,"pct_m":0.097563,"gas_method":"exact"},"2023-09":{"txs":7,"uniq":6,"trade":0,"nft":5,"gas":0.000409,"bal":0.00685,"days":2,"spread":0.066667,"streak":1,"rank_m":50630,"pct_m":0.05383,"gas_method":"exact"},"2023-10":{"txs":3,"uniq":2,"trade":0,"nft":1,"gas":0.001204,"bal":0.005738,"days":1,"spread":0.032258,"streak":1,"rank_m":72199,"pct_m":0.076762,"gas_method":"exact"},"2023-11":{"txs":3,"uniq":1,"trade":0,"nft":0,"gas":0.000126,"bal":0.005205,"days":2,"spread":0.066667,"streak":1,"rank_m":81406,"pct_m":0.086551,"gas_method":"exact"},"2023-12":{"txs":23,"uniq":13,"trade":0,"nft":11,"gas":0.001814,"bal":0.004731,"days":10,"spread":0.322581,"streak":6,"rank_m":20458,"pct_m":0.02175,"gas_method":"estimated"},"2024-01":{"txs":17,"uniq":11,"trade":0,"nft":10,"gas":0.000369,"bal":0.003327,"days":8,"spread":0.258065,"streak":2,"rank_m":25067,"pct_m":0.026651,"gas_method":"exact"},"2024-02":{"txs":3,"uniq":2,"trade":0,"nft":2,"gas":0.000124,"bal":0.002652,"days":2,"spread":0.068966,"streak":2,"rank_m":164661,"pct_m":0.175069,"gas_method":"estimated"},"2024-03":{"txs":0,"uniq":0,"trade":0,"nft":0,"gas":0,"bal":0.002652,"days":0,"spread":0,"streak":0,"rank_m":374707,"pct_m":0.398394},"2024-04":{"txs":3,"uniq":3,"trade":0,"nft":3,"gas":0.000023,"bal":0.000982,"days":2,"spread":0.066667,"streak":1,"rank_m":390312,"pct_m":0.414986,"gas_method":"estimated"},"2024-05":{"txs":6,"uniq":4,"trade":0,"nft":5,"gas":0.000015,"bal":0.006461,"days":3,"spread":0.096774,"streak":1,"rank_m":287584,"pct_m":0.305763,"gas_method":"estimated"},"2024-06":{"txs":5,"uniq":5,"trade":0,"nft":8,"gas":0,"bal":0.006509,"days":3,"spread":0.1,"streak":1,"rank_m":251374,"pct_m":0.267264,"gas_method":"estimated"},"2024-07":{"txs":0,"uniq":0,"trade":0,"nft":0,"gas":0,"bal":0.006509,"days":0,"spread":0,"streak":0,"rank_m":482481,"pct_m":0.512981},"2024-08":{"txs":5,"uniq":4,"trade":0,"nft":4,"gas":0.000001,"bal":0.002906,"days":4,"spread":0.129032,"streak":1,"rank_m":305852,"pct_m":0.325186,"gas_method":"estimated"},"2024-09":{"txs":1,"uniq":1,"trade":0,"nft":1,"gas":0,"bal":0.011555,"days":1,"spread":0.033333,"streak":1,"rank_m":292403,"pct_m":0.310887,"gas_method":"estimated"},"2024-10":{"txs":5,"uniq":3,"trade":0,"nft":5,"gas":0.000001,"bal":0.011254,"days":4,"spread":0.129032,"streak":2,"rank_m":209190,"pct_m":0.222413,"gas_method":"estimated"},"2024-11":{"txs":1,"uniq":1,"trade":0,"nft":0,"gas":0.000002,"bal":0.01109,"days":1,"spread":0.033333,"streak":1,"rank_m":422783,"pct_m":0.449509,"gas_method":"exact"},"2024-12":{"txs":4,"uniq":3,"trade":0,"nft":1,"gas":0.000088,"bal":0.010134,"days":4,"spread":0.129032,"streak":1,"rank_m":342018,"pct_m":0.363639,"gas_method":"exact"},"2025-01":{"txs":3,"uniq":3,"trade":0,"nft":0,"gas":0.000078,"bal":0.011786,"days":2,"spread":0.064516,"streak":1,"rank_m":387768,"pct_m":0.412281,"gas_method":"exact"},"2025-02":{"txs":0,"uniq":0,"trade":0,"nft":0,"gas":0,"bal":0.011786,"days":0,"spread":0,"streak":0,"rank_m":547762,"pct_m":0.582389},"2025-03":{"txs":12,"uniq":6,"trade":0,"nft":0,"gas":0.000095,"bal":0.01873,"days":2,"spread":0.064516,"streak":1,"rank_m":193453,"pct_m":0.205682,"gas_method":"exact"},"2025-04":{"txs":4,"uniq":4,"trade":0,"nft":0,"gas":0.000024,"bal":0.010695,"days":2,"spread":0.066667,"streak":2,"rank_m":280700,"pct_m":0.298444,"gas_method":"exact"},"2025-05":{"txs":5,"uniq":4,"trade":0,"nft":0,"gas":0.000035,"bal":0.009815,"days":2,"spread":0.064516,"streak":2,"rank_m":191574,"pct_m":0.203684,"gas_method":"estimated"},"2025-06":{"txs":46,"uniq":10,"trade":0,"nft":0,"gas":0.000324,"bal":0.00803,"days":9,"spread":0.3,"streak":2,"rank_m":135363,"pct_m":0.143919,"gas_method":"estimated"},"2025-07":{"txs":53,"uniq":6,"trade":4,"nft":0,"gas":0.000373,"bal":0.011471,"days":11,"spread":0.354839,"streak":3,"rank_m":58274,"pct_m":0.061957,"gas_method":"estimated"},"2025-08":{"txs":2,"uniq":1,"trade":0,"nft":0,"gas":0.000014,"bal":0.012024,"days":2,"spread":0.064516,"streak":1,"rank_m":302162,"pct_m":0.321263,"gas_method":"estimated"},"2025-09":{"txs":3,"uniq":1,"trade":0,"nft":0,"gas":0.000021,"bal":0.009733,"days":2,"spread":0.066667,"streak":1,"rank_m":314583,"pct_m":0.334469,"gas_method":"estimated"},"2025-10":{"txs":1,"uniq":1,"trade":0,"nft":0,"gas":0.000007,"bal":0.012852,"days":1,"spread":0.032258,"streak":1,"rank_m":205133,"pct_m":0.2181,"gas_method":"estimated"}}}