{"wallet":"0xc62ccd80277e55ba48d6fb82226878ab92b545cd","rank":172116,"lifetime":{"months_active":23,"first":"2023-07","last":"2025-10","tx_sum":222,"uniq_sum":156,"trade_sum":2,"nft_sum":121,"gas_sum":0.004578,"avg_balance_eth_mean":0.140504,"streak_best_days":0,"gas_sum_filled":0.004578},"months":{"2023-07":{"txs":0,"uniq":0,"trade":0,"nft":0,"gas":0,"bal":0,"days":0,"spread":0,"streak":0,"rank_m":252309,"pct_m":0.268258},"2023-08":{"txs":10,"uniq":9,"trade":0,"nft":10,"gas":0.002516,"bal":0.032148,"days":5,"spread":0.16129,"streak":0,"rank_m":82374,"pct_m":0.08758,"gas_method":"exact"},"2023-09":{"txs":0,"uniq":0,"trade":0,"nft":0,"gas":0,"bal":0.032148,"days":0,"spread":0,"streak":0,"rank_m":152551,"pct_m":0.162194},"2023-10":{"txs":1,"uniq":1,"trade":0,"nft":2,"gas":0.000007,"bal":0.026288,"days":1,"spread":0.032258,"streak":0,"rank_m":120550,"pct_m":0.12817,"gas_method":"estimated"},"2023-11":{"txs":12,"uniq":7,"trade":0,"nft":1,"gas":0.000148,"bal":0.029788,"days":4,"spread":0.133333,"streak":0,"rank_m":62147,"pct_m":0.066075,"gas_method":"estimated"},"2023-12":{"txs":20,"uniq":18,"trade":0,"nft":18,"gas":0.000462,"bal":0.055852,"days":2,"spread":0.064516,"streak":0,"rank_m":55851,"pct_m":0.059381,"gas_method":"estimated"},"2024-01":{"txs":0,"uniq":0,"trade":0,"nft":0,"gas":0,"bal":0.055852,"days":0,"spread":0,"streak":0,"rank_m":197655,"pct_m":0.210149},"2024-02":{"txs":25,"uniq":20,"trade":0,"nft":18,"gas":0.000304,"bal":0.060041,"days":8,"spread":0.275862,"streak":0,"rank_m":51665,"pct_m":0.05493,"gas_method":"estimated"},"2024-03":{"txs":31,"uniq":14,"trade":0,"nft":7,"gas":0.000565,"bal":0.297431,"days":3,"spread":0.096774,"streak":0,"rank_m":125030,"pct_m":0.132933,"gas_method":"estimated"},"2024-04":{"txs":9,"uniq":8,"trade":0,"nft":7,"gas":0.00002,"bal":1.078424,"days":5,"spread":0.166667,"streak":0,"rank_m":216639,"pct_m":0.230333,"gas_method":"estimated"},"2024-05":{"txs":1,"uniq":1,"trade":0,"nft":2,"gas":0.000001,"bal":1.076022,"days":1,"spread":0.032258,"streak":0,"rank_m":346945,"pct_m":0.368877,"gas_method":"estimated"},"2024-06":{"txs":3,"uniq":2,"trade":0,"nft":1,"gas":0,"bal":0.290211,"days":2,"spread":0.066667,"streak":0,"rank_m":308995,"pct_m":0.328528,"gas_method":"estimated"},"2024-07":{"txs":2,"uniq":1,"trade":0,"nft":3,"gas":0,"bal":0.093337,"days":2,"spread":0.064516,"streak":0,"rank_m":303859,"pct_m":0.323067,"gas_method":"estimated"},"2024-08":{"txs":17,"uniq":13,"trade":0,"nft":17,"gas":0.000001,"bal":0.086595,"days":6,"spread":0.193548,"streak":0,"rank_m":129382,"pct_m":0.13756,"gas_method":"estimated"},"2024-09":{"txs":19,"uniq":18,"trade":0,"nft":19,"gas":0.000002,"bal":0.07647,"days":3,"spread":0.1,"streak":0,"rank_m":80064,"pct_m":0.085124,"gas_method":"exact"},"2024-10":{"txs":13,"uniq":9,"trade":2,"nft":8,"gas":0.000001,"bal":0.073268,"days":8,"spread":0.258065,"streak":0,"rank_m":97370,"pct_m":0.103524,"gas_method":"exact"},"2024-11":{"txs":3,"uniq":3,"trade":0,"nft":2,"gas":0.000007,"bal":0.067287,"days":3,"spread":0.1,"streak":0,"rank_m":314155,"pct_m":0.334014,"gas_method":"exact"},"2024-12":{"txs":5,"uniq":4,"trade":0,"nft":1,"gas":0.00011,"bal":0.063974,"days":3,"spread":0.096774,"streak":0,"rank_m":343743,"pct_m":0.365473,"gas_method":"exact"},"2025-01":{"txs":4,"uniq":2,"trade":0,"nft":0,"gas":0.000104,"bal":0.050054,"days":2,"spread":0.064516,"streak":0,"rank_m":401327,"pct_m":0.426697,"gas_method":"exact"},"2025-02":{"txs":4,"uniq":4,"trade":0,"nft":1,"gas":0.000028,"bal":0.048414,"days":3,"spread":0.107143,"streak":0,"rank_m":274866,"pct_m":0.292241,"gas_method":"exact"},"2025-03":{"txs":2,"uniq":1,"trade":0,"nft":1,"gas":0.000016,"bal":0.044412,"days":1,"spread":0.032258,"streak":0,"rank_m":362088,"pct_m":0.384977,"gas_method":"exact"},"2025-04":{"txs":2,"uniq":2,"trade":0,"nft":1,"gas":0.000012,"bal":0.044412,"days":2,"spread":0.066667,"streak":0,"rank_m":349060,"pct_m":0.371126,"gas_method":"exact"},"2025-05":{"txs":2,"uniq":1,"trade":0,"nft":0,"gas":0.000014,"bal":0.044411,"days":1,"spread":0.032258,"streak":0,"rank_m":288798,"pct_m":0.307054,"gas_method":"estimated"},"2025-06":{"txs":0,"uniq":0,"trade":0,"nft":0,"gas":0,"bal":0.044411,"days":0,"spread":0,"streak":0,"rank_m":373165,"pct_m":0.396755},"2025-07":{"txs":0,"uniq":0,"trade":0,"nft":0,"gas":0,"bal":0.044411,"days":0,"spread":0,"streak":0,"rank_m":397082,"pct_m":0.422184},"2025-08":{"txs":6,"uniq":4,"trade":0,"nft":0,"gas":0.000042,"bal":0.043407,"days":3,"spread":0.096774,"streak":0,"rank_m":221755,"pct_m":0.235773,"gas_method":"estimated"},"2025-09":{"txs":28,"uniq":12,"trade":0,"nft":2,"gas":0.000197,"bal":0.038777,"days":6,"spread":0.2,"streak":0,"rank_m":83027,"pct_m":0.088275,"gas_method":"estimated"},"2025-10":{"txs":3,"uniq":2,"trade":0,"nft":0,"gas":0.000021,"bal":0.036263,"days":1,"spread":0.032258,"streak":0,"rank_m":183850,"pct_m":0.195472,"gas_method":"estimated"}}}