{"wallet":"0xc69c1b12474caa6b99b8d1a2fd4777740b8beb5d","rank":539132,"lifetime":{"months_active":12,"first":"2023-07","last":"2025-10","tx_sum":123,"uniq_sum":94,"trade_sum":5,"nft_sum":68,"gas_sum":0.000478,"avg_balance_eth_mean":0.002924,"streak_best_days":9,"gas_sum_filled":0.000478},"months":{"2023-07":{"txs":0,"uniq":0,"trade":0,"nft":0,"gas":0,"bal":0,"days":0,"spread":0,"streak":0,"rank_m":250769,"pct_m":0.266621},"2023-08":{"txs":0,"uniq":0,"trade":0,"nft":0,"gas":0,"bal":0,"days":0,"spread":0,"streak":0,"rank_m":339793,"pct_m":0.361273},"2023-09":{"txs":0,"uniq":0,"trade":0,"nft":0,"gas":0,"bal":0,"days":0,"spread":0,"streak":0,"rank_m":360053,"pct_m":0.382814},"2023-10":{"txs":0,"uniq":0,"trade":0,"nft":0,"gas":0,"bal":0,"days":0,"spread":0,"streak":0,"rank_m":378215,"pct_m":0.402124},"2023-11":{"txs":0,"uniq":0,"trade":0,"nft":0,"gas":0,"bal":0,"days":0,"spread":0,"streak":0,"rank_m":394610,"pct_m":0.419555},"2023-12":{"txs":3,"uniq":2,"trade":0,"nft":0,"gas":0.000087,"bal":0.000122,"days":1,"spread":0.032258,"streak":1,"rank_m":180202,"pct_m":0.191593,"gas_method":"estimated"},"2024-01":{"txs":2,"uniq":2,"trade":0,"nft":0,"gas":0.000025,"bal":0.000544,"days":2,"spread":0.064516,"streak":1,"rank_m":145772,"pct_m":0.154986,"gas_method":"exact"},"2024-02":{"txs":2,"uniq":2,"trade":1,"nft":0,"gas":0.000079,"bal":0.000442,"days":1,"spread":0.034483,"streak":1,"rank_m":178863,"pct_m":0.190169,"gas_method":"exact"},"2024-03":{"txs":4,"uniq":3,"trade":0,"nft":0,"gas":0.000091,"bal":0.008082,"days":4,"spread":0.129032,"streak":1,"rank_m":234138,"pct_m":0.248939,"gas_method":"estimated"},"2024-04":{"txs":30,"uniq":11,"trade":3,"nft":0,"gas":0.000147,"bal":0.010672,"days":9,"spread":0.3,"streak":2,"rank_m":94164,"pct_m":0.100116,"gas_method":"exact"},"2024-05":{"txs":9,"uniq":4,"trade":0,"nft":0,"gas":0.000008,"bal":0.007529,"days":3,"spread":0.096774,"streak":1,"rank_m":320351,"pct_m":0.340602,"gas_method":"estimated"},"2024-06":{"txs":3,"uniq":3,"trade":0,"nft":0,"gas":0,"bal":0.006904,"days":3,"spread":0.1,"streak":1,"rank_m":345808,"pct_m":0.367668,"gas_method":"estimated"},"2024-07":{"txs":0,"uniq":0,"trade":0,"nft":0,"gas":0,"bal":0.006904,"days":0,"spread":0,"streak":0,"rank_m":479907,"pct_m":0.510245},"2024-08":{"txs":58,"uniq":58,"trade":0,"nft":59,"gas":0.000006,"bal":0.007092,"days":14,"spread":0.451613,"streak":8,"rank_m":36149,"pct_m":0.038433,"gas_method":"estimated"},"2024-09":{"txs":8,"uniq":5,"trade":0,"nft":9,"gas":0.000001,"bal":0.002538,"days":4,"spread":0.133333,"streak":2,"rank_m":139809,"pct_m":0.148646,"gas_method":"exact"},"2024-10":{"txs":0,"uniq":0,"trade":0,"nft":0,"gas":0,"bal":0.002538,"days":0,"spread":0,"streak":0,"rank_m":551789,"pct_m":0.586671},"2024-11":{"txs":2,"uniq":2,"trade":0,"nft":0,"gas":0.000005,"bal":0.002503,"days":1,"spread":0.033333,"streak":1,"rank_m":436683,"pct_m":0.464288,"gas_method":"exact"},"2024-12":{"txs":1,"uniq":1,"trade":1,"nft":0,"gas":0.000022,"bal":0.002358,"days":1,"spread":0.032258,"streak":1,"rank_m":461648,"pct_m":0.490831,"gas_method":"exact"},"2025-01":{"txs":0,"uniq":0,"trade":0,"nft":0,"gas":0,"bal":0.002358,"days":0,"spread":0,"streak":0,"rank_m":608274,"pct_m":0.646727},"2025-02":{"txs":0,"uniq":0,"trade":0,"nft":0,"gas":0,"bal":0.002358,"days":0,"spread":0,"streak":0,"rank_m":616663,"pct_m":0.655646},"2025-03":{"txs":0,"uniq":0,"trade":0,"nft":0,"gas":0,"bal":0.002358,"days":0,"spread":0,"streak":0,"rank_m":603788,"pct_m":0.641957},"2025-04":{"txs":0,"uniq":0,"trade":0,"nft":0,"gas":0,"bal":0.002358,"days":0,"spread":0,"streak":0,"rank_m":636159,"pct_m":0.676375},"2025-05":{"txs":0,"uniq":0,"trade":0,"nft":0,"gas":0,"bal":0.002358,"days":0,"spread":0,"streak":0,"rank_m":597705,"pct_m":0.63549},"2025-06":{"txs":0,"uniq":0,"trade":0,"nft":0,"gas":0,"bal":0.002358,"days":0,"spread":0,"streak":0,"rank_m":603922,"pct_m":0.6421},"2025-07":{"txs":0,"uniq":0,"trade":0,"nft":0,"gas":0,"bal":0.002358,"days":0,"spread":0,"streak":0,"rank_m":621933,"pct_m":0.661249},"2025-08":{"txs":0,"uniq":0,"trade":0,"nft":0,"gas":0,"bal":0.002358,"days":0,"spread":0,"streak":0,"rank_m":601183,"pct_m":0.639187},"2025-09":{"txs":0,"uniq":0,"trade":0,"nft":0,"gas":0,"bal":0.002358,"days":0,"spread":0,"streak":0,"rank_m":587856,"pct_m":0.625018},"2025-10":{"txs":1,"uniq":1,"trade":0,"nft":0,"gas":0.000007,"bal":0.002417,"days":1,"spread":0.032258,"streak":1,"rank_m":322916,"pct_m":0.343329,"gas_method":"estimated"}}}