{"wallet":"0xc6c71d9da901d8ca42298e22ebb2701b820b6016","rank":367966,"lifetime":{"months_active":14,"first":"2023-07","last":"2025-10","tx_sum":161,"uniq_sum":85,"trade_sum":13,"nft_sum":26,"gas_sum":0.001695,"avg_balance_eth_mean":0.016604,"streak_best_days":3,"gas_sum_filled":0.001695},"months":{"2023-07":{"txs":0,"uniq":0,"trade":0,"nft":0,"gas":0,"bal":0,"days":0,"spread":0,"streak":0,"rank_m":250199,"pct_m":0.266015},"2023-08":{"txs":0,"uniq":0,"trade":0,"nft":0,"gas":0,"bal":0,"days":0,"spread":0,"streak":0,"rank_m":339279,"pct_m":0.360726},"2023-09":{"txs":26,"uniq":10,"trade":1,"nft":3,"gas":0.000291,"bal":0.002535,"days":6,"spread":0.2,"streak":3,"rank_m":28577,"pct_m":0.030383,"gas_method":"exact"},"2023-10":{"txs":16,"uniq":8,"trade":0,"nft":5,"gas":0.00013,"bal":0.003777,"days":6,"spread":0.193548,"streak":2,"rank_m":41672,"pct_m":0.044305,"gas_method":"estimated"},"2023-11":{"txs":32,"uniq":10,"trade":6,"nft":5,"gas":0.000157,"bal":0.003521,"days":6,"spread":0.2,"streak":2,"rank_m":15505,"pct_m":0.016484,"gas_method":"exact"},"2023-12":{"txs":9,"uniq":5,"trade":0,"nft":3,"gas":0.000238,"bal":0.004685,"days":3,"spread":0.096774,"streak":1,"rank_m":59701,"pct_m":0.063474,"gas_method":"estimated"},"2024-01":{"txs":16,"uniq":8,"trade":0,"nft":3,"gas":0.000365,"bal":0.003942,"days":5,"spread":0.16129,"streak":2,"rank_m":33146,"pct_m":0.03524,"gas_method":"exact"},"2024-02":{"txs":1,"uniq":1,"trade":0,"nft":1,"gas":0.000014,"bal":0.003443,"days":1,"spread":0.034483,"streak":1,"rank_m":205984,"pct_m":0.219005,"gas_method":"estimated"},"2024-03":{"txs":15,"uniq":8,"trade":5,"nft":3,"gas":0.000313,"bal":0.005575,"days":3,"spread":0.096774,"streak":1,"rank_m":151042,"pct_m":0.160589,"gas_method":"estimated"},"2024-04":{"txs":9,"uniq":6,"trade":1,"nft":3,"gas":0.000023,"bal":0.009956,"days":3,"spread":0.1,"streak":3,"rank_m":220940,"pct_m":0.234906,"gas_method":"estimated"},"2024-05":{"txs":0,"uniq":0,"trade":0,"nft":0,"gas":0,"bal":0.009956,"days":0,"spread":0,"streak":0,"rank_m":455121,"pct_m":0.483892},"2024-06":{"txs":5,"uniq":4,"trade":0,"nft":0,"gas":0,"bal":0.011837,"days":2,"spread":0.066667,"streak":1,"rank_m":305923,"pct_m":0.325262,"gas_method":"estimated"},"2024-07":{"txs":0,"uniq":0,"trade":0,"nft":0,"gas":0,"bal":0.011837,"days":0,"spread":0,"streak":0,"rank_m":454445,"pct_m":0.483173},"2024-08":{"txs":2,"uniq":2,"trade":0,"nft":0,"gas":0,"bal":0.01223,"days":1,"spread":0.032258,"streak":1,"rank_m":353573,"pct_m":0.375924,"gas_method":"estimated"},"2024-09":{"txs":0,"uniq":0,"trade":0,"nft":0,"gas":0,"bal":0.01223,"days":0,"spread":0,"streak":0,"rank_m":423176,"pct_m":0.449927},"2024-10":{"txs":13,"uniq":7,"trade":0,"nft":0,"gas":0.000005,"bal":0.012559,"days":4,"spread":0.129032,"streak":1,"rank_m":171314,"pct_m":0.182143,"gas_method":"exact"},"2024-11":{"txs":1,"uniq":1,"trade":0,"nft":0,"gas":0.000002,"bal":0.034282,"days":1,"spread":0.033333,"streak":1,"rank_m":399570,"pct_m":0.424829,"gas_method":"exact"},"2024-12":{"txs":3,"uniq":3,"trade":0,"nft":0,"gas":0.000066,"bal":0.032981,"days":3,"spread":0.096774,"streak":1,"rank_m":385353,"pct_m":0.409713,"gas_method":"exact"},"2025-01":{"txs":0,"uniq":0,"trade":0,"nft":0,"gas":0,"bal":0.032981,"days":0,"spread":0,"streak":0,"rank_m":537562,"pct_m":0.571544},"2025-02":{"txs":0,"uniq":0,"trade":0,"nft":0,"gas":0,"bal":0.032981,"days":0,"spread":0,"streak":0,"rank_m":518313,"pct_m":0.551079},"2025-03":{"txs":0,"uniq":0,"trade":0,"nft":0,"gas":0,"bal":0.032981,"days":0,"spread":0,"streak":0,"rank_m":491461,"pct_m":0.522529},"2025-04":{"txs":0,"uniq":0,"trade":0,"nft":0,"gas":0,"bal":0.032981,"days":0,"spread":0,"streak":0,"rank_m":533430,"pct_m":0.567151},"2025-05":{"txs":0,"uniq":0,"trade":0,"nft":0,"gas":0,"bal":0.032981,"days":0,"spread":0,"streak":0,"rank_m":382286,"pct_m":0.406452},"2025-06":{"txs":0,"uniq":0,"trade":0,"nft":0,"gas":0,"bal":0.032981,"days":0,"spread":0,"streak":0,"rank_m":386037,"pct_m":0.41044},"2025-07":{"txs":0,"uniq":0,"trade":0,"nft":0,"gas":0,"bal":0.032981,"days":0,"spread":0,"streak":0,"rank_m":409060,"pct_m":0.434919},"2025-08":{"txs":0,"uniq":0,"trade":0,"nft":0,"gas":0,"bal":0.032981,"days":0,"spread":0,"streak":0,"rank_m":384642,"pct_m":0.408957},"2025-09":{"txs":13,"uniq":12,"trade":0,"nft":0,"gas":0.000091,"bal":0.012852,"days":2,"spread":0.066667,"streak":1,"rank_m":181698,"pct_m":0.193183,"gas_method":"estimated"},"2025-10":{"txs":0,"uniq":0,"trade":0,"nft":0,"gas":0,"bal":0.012852,"days":0,"spread":0,"streak":0,"rank_m":333198,"pct_m":0.354261}}}