{"wallet":"0xc6db1d4326ef4c32c5b6e79fc27601ea0437a2ff","rank":374879,"lifetime":{"months_active":11,"first":"2023-07","last":"2025-10","tx_sum":442,"uniq_sum":121,"trade_sum":4,"nft_sum":6,"gas_sum":0.003163,"avg_balance_eth_mean":0.000427,"streak_best_days":43,"gas_sum_filled":0.003163},"months":{"2023-07":{"txs":0,"uniq":0,"trade":0,"nft":0,"gas":0,"bal":0,"days":0,"spread":0,"streak":0,"rank_m":249919,"pct_m":0.265717},"2023-08":{"txs":0,"uniq":0,"trade":0,"nft":0,"gas":0,"bal":0,"days":0,"spread":0,"streak":0,"rank_m":339030,"pct_m":0.360462},"2023-09":{"txs":2,"uniq":1,"trade":0,"nft":1,"gas":0.000054,"bal":0.000051,"days":1,"spread":0.033333,"streak":1,"rank_m":138973,"pct_m":0.147758,"gas_method":"estimated"},"2023-10":{"txs":2,"uniq":1,"trade":0,"nft":0,"gas":0.000014,"bal":0.000124,"days":1,"spread":0.032258,"streak":1,"rank_m":149542,"pct_m":0.158995,"gas_method":"estimated"},"2023-11":{"txs":4,"uniq":3,"trade":0,"nft":0,"gas":0.000049,"bal":0.000456,"days":2,"spread":0.066667,"streak":1,"rank_m":132818,"pct_m":0.141213,"gas_method":"estimated"},"2023-12":{"txs":0,"uniq":0,"trade":0,"nft":0,"gas":0,"bal":0.000456,"days":0,"spread":0,"streak":0,"rank_m":229075,"pct_m":0.243556},"2024-01":{"txs":0,"uniq":0,"trade":0,"nft":0,"gas":0,"bal":0.000456,"days":0,"spread":0,"streak":0,"rank_m":237031,"pct_m":0.252015},"2024-02":{"txs":0,"uniq":0,"trade":0,"nft":0,"gas":0,"bal":0.000456,"days":0,"spread":0,"streak":0,"rank_m":301701,"pct_m":0.320773},"2024-03":{"txs":0,"uniq":0,"trade":0,"nft":0,"gas":0,"bal":0.000456,"days":0,"spread":0,"streak":0,"rank_m":392084,"pct_m":0.41687},"2024-04":{"txs":0,"uniq":0,"trade":0,"nft":0,"gas":0,"bal":0.000456,"days":0,"spread":0,"streak":0,"rank_m":480795,"pct_m":0.511189},"2024-05":{"txs":0,"uniq":0,"trade":0,"nft":0,"gas":0,"bal":0.000456,"days":0,"spread":0,"streak":0,"rank_m":512493,"pct_m":0.544891},"2024-06":{"txs":0,"uniq":0,"trade":0,"nft":0,"gas":0,"bal":0.000456,"days":0,"spread":0,"streak":0,"rank_m":538234,"pct_m":0.572259},"2024-07":{"txs":0,"uniq":0,"trade":0,"nft":0,"gas":0,"bal":0.000456,"days":0,"spread":0,"streak":0,"rank_m":558695,"pct_m":0.594013},"2024-08":{"txs":0,"uniq":0,"trade":0,"nft":0,"gas":0,"bal":0.000456,"days":0,"spread":0,"streak":0,"rank_m":577908,"pct_m":0.614441},"2024-09":{"txs":0,"uniq":0,"trade":0,"nft":0,"gas":0,"bal":0.000456,"days":0,"spread":0,"streak":0,"rank_m":572087,"pct_m":0.608252},"2024-10":{"txs":0,"uniq":0,"trade":0,"nft":0,"gas":0,"bal":0.000456,"days":0,"spread":0,"streak":0,"rank_m":615876,"pct_m":0.654809},"2024-11":{"txs":0,"uniq":0,"trade":0,"nft":0,"gas":0,"bal":0.000456,"days":0,"spread":0,"streak":0,"rank_m":619366,"pct_m":0.65852},"2024-12":{"txs":2,"uniq":1,"trade":0,"nft":0,"gas":0.000022,"bal":0.000312,"days":1,"spread":0.032258,"streak":1,"rank_m":563693,"pct_m":0.599327,"gas_method":"exact"},"2025-01":{"txs":0,"uniq":0,"trade":0,"nft":0,"gas":0,"bal":0.000312,"days":0,"spread":0,"streak":0,"rank_m":674703,"pct_m":0.717355},"2025-02":{"txs":0,"uniq":0,"trade":0,"nft":0,"gas":0,"bal":0.000312,"days":0,"spread":0,"streak":0,"rank_m":695181,"pct_m":0.739128},"2025-03":{"txs":0,"uniq":0,"trade":0,"nft":0,"gas":0,"bal":0.000312,"days":0,"spread":0,"streak":0,"rank_m":700873,"pct_m":0.74518},"2025-04":{"txs":4,"uniq":1,"trade":0,"nft":0,"gas":0.000012,"bal":0.000037,"days":1,"spread":0.033333,"streak":1,"rank_m":519761,"pct_m":0.552618,"gas_method":"exact"},"2025-05":{"txs":114,"uniq":18,"trade":0,"nft":1,"gas":0.000802,"bal":0.004008,"days":23,"spread":0.741935,"streak":23,"rank_m":43260,"pct_m":0.045994,"gas_method":"estimated"},"2025-06":{"txs":131,"uniq":24,"trade":3,"nft":0,"gas":0.000922,"bal":0.000459,"days":27,"spread":0.9,"streak":20,"rank_m":118282,"pct_m":0.125758,"gas_method":"estimated"},"2025-07":{"txs":64,"uniq":21,"trade":1,"nft":1,"gas":0.00045,"bal":0.000015,"days":20,"spread":0.645161,"streak":9,"rank_m":262179,"pct_m":0.278752,"gas_method":"estimated"},"2025-08":{"txs":35,"uniq":7,"trade":0,"nft":1,"gas":0.000246,"bal":0.000046,"days":21,"spread":0.677419,"streak":7,"rank_m":311954,"pct_m":0.331674,"gas_method":"estimated"},"2025-09":{"txs":14,"uniq":6,"trade":0,"nft":1,"gas":0.000099,"bal":0.000018,"days":9,"spread":0.3,"streak":2,"rank_m":396281,"pct_m":0.421332,"gas_method":"estimated"},"2025-10":{"txs":70,"uniq":38,"trade":0,"nft":1,"gas":0.000493,"bal":0.000008,"days":6,"spread":0.193548,"streak":3,"rank_m":256280,"pct_m":0.27248,"gas_method":"estimated"}}}