{"wallet":"0xc6ed223cd2210a317073dd59c7d72b94f3da7bcc","rank":649165,"lifetime":{"months_active":14,"first":"2023-07","last":"2025-10","tx_sum":115,"uniq_sum":72,"trade_sum":0,"nft_sum":11,"gas_sum":0.000672,"avg_balance_eth_mean":0.010729,"streak_best_days":3,"gas_sum_filled":0.000672},"months":{"2023-07":{"txs":0,"uniq":0,"trade":0,"nft":0,"gas":0,"bal":0,"days":0,"spread":0,"streak":0,"rank_m":249650,"pct_m":0.265431},"2023-08":{"txs":0,"uniq":0,"trade":0,"nft":0,"gas":0,"bal":0,"days":0,"spread":0,"streak":0,"rank_m":338795,"pct_m":0.360212},"2023-09":{"txs":0,"uniq":0,"trade":0,"nft":0,"gas":0,"bal":0,"days":0,"spread":0,"streak":0,"rank_m":358964,"pct_m":0.381656},"2023-10":{"txs":0,"uniq":0,"trade":0,"nft":0,"gas":0,"bal":0,"days":0,"spread":0,"streak":0,"rank_m":377146,"pct_m":0.400987},"2023-11":{"txs":11,"uniq":8,"trade":0,"nft":3,"gas":0.000152,"bal":0.004096,"days":3,"spread":0.1,"streak":1,"rank_m":37288,"pct_m":0.039644,"gas_method":"exact"},"2023-12":{"txs":25,"uniq":10,"trade":0,"nft":2,"gas":0.000189,"bal":0.007218,"days":5,"spread":0.16129,"streak":3,"rank_m":26748,"pct_m":0.028438,"gas_method":"estimated"},"2024-01":{"txs":15,"uniq":8,"trade":0,"nft":1,"gas":0.000235,"bal":0.006776,"days":6,"spread":0.193548,"streak":2,"rank_m":33310,"pct_m":0.035415,"gas_method":"exact"},"2024-02":{"txs":2,"uniq":1,"trade":0,"nft":0,"gas":0.000008,"bal":0.010313,"days":2,"spread":0.068966,"streak":2,"rank_m":168159,"pct_m":0.178789,"gas_method":"estimated"},"2024-03":{"txs":4,"uniq":3,"trade":0,"nft":0,"gas":0.000024,"bal":0.007091,"days":2,"spread":0.064516,"streak":1,"rank_m":254326,"pct_m":0.270403,"gas_method":"estimated"},"2024-04":{"txs":7,"uniq":6,"trade":0,"nft":1,"gas":0.000005,"bal":0.010692,"days":4,"spread":0.133333,"streak":2,"rank_m":263281,"pct_m":0.279924,"gas_method":"estimated"},"2024-05":{"txs":13,"uniq":10,"trade":0,"nft":1,"gas":0.000003,"bal":0.013942,"days":6,"spread":0.193548,"streak":2,"rank_m":173969,"pct_m":0.184966,"gas_method":"estimated"},"2024-06":{"txs":2,"uniq":1,"trade":0,"nft":1,"gas":0,"bal":0.038034,"days":2,"spread":0.066667,"streak":1,"rank_m":293753,"pct_m":0.312322,"gas_method":"estimated"},"2024-07":{"txs":6,"uniq":4,"trade":0,"nft":0,"gas":0.000005,"bal":0.025705,"days":4,"spread":0.129032,"streak":2,"rank_m":171501,"pct_m":0.182342,"gas_method":"exact"},"2024-08":{"txs":1,"uniq":1,"trade":0,"nft":0,"gas":0,"bal":0.066771,"days":1,"spread":0.032258,"streak":1,"rank_m":329540,"pct_m":0.350372,"gas_method":"estimated"},"2024-09":{"txs":5,"uniq":5,"trade":0,"nft":1,"gas":0,"bal":0.068275,"days":3,"spread":0.1,"streak":1,"rank_m":154378,"pct_m":0.164136,"gas_method":"estimated"},"2024-10":{"txs":7,"uniq":5,"trade":0,"nft":1,"gas":0.000003,"bal":0.011885,"days":5,"spread":0.16129,"streak":1,"rank_m":184385,"pct_m":0.19604,"gas_method":"exact"},"2024-11":{"txs":15,"uniq":8,"trade":0,"nft":0,"gas":0.000034,"bal":0.002388,"days":6,"spread":0.2,"streak":1,"rank_m":249610,"pct_m":0.265389,"gas_method":"exact"},"2024-12":{"txs":0,"uniq":0,"trade":0,"nft":0,"gas":0,"bal":0.002388,"days":0,"spread":0,"streak":0,"rank_m":622255,"pct_m":0.661592},"2025-01":{"txs":0,"uniq":0,"trade":0,"nft":0,"gas":0,"bal":0.002388,"days":0,"spread":0,"streak":0,"rank_m":607843,"pct_m":0.646268},"2025-02":{"txs":0,"uniq":0,"trade":0,"nft":0,"gas":0,"bal":0.002388,"days":0,"spread":0,"streak":0,"rank_m":616110,"pct_m":0.655058},"2025-03":{"txs":0,"uniq":0,"trade":0,"nft":0,"gas":0,"bal":0.002388,"days":0,"spread":0,"streak":0,"rank_m":603153,"pct_m":0.641282},"2025-04":{"txs":0,"uniq":0,"trade":0,"nft":0,"gas":0,"bal":0.002388,"days":0,"spread":0,"streak":0,"rank_m":635605,"pct_m":0.675786},"2025-05":{"txs":0,"uniq":0,"trade":0,"nft":0,"gas":0,"bal":0.002388,"days":0,"spread":0,"streak":0,"rank_m":596718,"pct_m":0.63444},"2025-06":{"txs":0,"uniq":0,"trade":0,"nft":0,"gas":0,"bal":0.002388,"days":0,"spread":0,"streak":0,"rank_m":602947,"pct_m":0.641063},"2025-07":{"txs":2,"uniq":2,"trade":0,"nft":0,"gas":0.000014,"bal":0.002625,"days":1,"spread":0.032258,"streak":1,"rank_m":456695,"pct_m":0.485565,"gas_method":"estimated"},"2025-08":{"txs":0,"uniq":0,"trade":0,"nft":0,"gas":0,"bal":0.002625,"days":0,"spread":0,"streak":0,"rank_m":593662,"pct_m":0.631191},"2025-09":{"txs":0,"uniq":0,"trade":0,"nft":0,"gas":0,"bal":0.002625,"days":0,"spread":0,"streak":0,"rank_m":580715,"pct_m":0.617426},"2025-10":{"txs":0,"uniq":0,"trade":0,"nft":0,"gas":0,"bal":0.002625,"days":0,"spread":0,"streak":0,"rank_m":484710,"pct_m":0.515351}}}