{"wallet":"0xc60489dc1efc7e8233a84cb1a11b6522c1a97c02","rank":159393,"lifetime":{"months_active":24,"first":"2023-07","last":"2025-10","tx_sum":293,"uniq_sum":151,"trade_sum":12,"nft_sum":76,"gas_sum":0.001393,"avg_balance_eth_mean":0.001523,"streak_best_days":13,"gas_sum_filled":0.001393},"months":{"2023-07":{"txs":0,"uniq":0,"trade":0,"nft":0,"gas":0,"bal":0,"days":0,"spread":0,"streak":0,"rank_m":252859,"pct_m":0.268843},"2023-08":{"txs":3,"uniq":1,"trade":0,"nft":0,"gas":0.000023,"bal":0.000156,"days":2,"spread":0.064516,"streak":2,"rank_m":142846,"pct_m":0.151875,"gas_method":"exact"},"2023-09":{"txs":4,"uniq":4,"trade":0,"nft":4,"gas":0.000095,"bal":0.001766,"days":4,"spread":0.133333,"streak":3,"rank_m":72205,"pct_m":0.076769,"gas_method":"estimated"},"2023-10":{"txs":33,"uniq":24,"trade":1,"nft":15,"gas":0.000011,"bal":0.004927,"days":20,"spread":0.645161,"streak":7,"rank_m":11968,"pct_m":0.012724,"gas_method":"exact"},"2023-11":{"txs":21,"uniq":8,"trade":0,"nft":14,"gas":0.000131,"bal":0.002822,"days":18,"spread":0.6,"streak":7,"rank_m":16763,"pct_m":0.017822,"gas_method":"exact"},"2023-12":{"txs":37,"uniq":13,"trade":3,"nft":5,"gas":0.000208,"bal":0.001985,"days":14,"spread":0.451613,"streak":10,"rank_m":12115,"pct_m":0.01288,"gas_method":"exact"},"2024-01":{"txs":12,"uniq":3,"trade":0,"nft":0,"gas":0.000347,"bal":0.001669,"days":11,"spread":0.354839,"streak":3,"rank_m":60599,"pct_m":0.064429,"gas_method":"exact"},"2024-02":{"txs":6,"uniq":3,"trade":0,"nft":2,"gas":0.000064,"bal":0.000664,"days":2,"spread":0.068966,"streak":1,"rank_m":197989,"pct_m":0.210504,"gas_method":"estimated"},"2024-03":{"txs":0,"uniq":0,"trade":0,"nft":0,"gas":0,"bal":0.000664,"days":0,"spread":0,"streak":0,"rank_m":389613,"pct_m":0.414242},"2024-04":{"txs":11,"uniq":6,"trade":0,"nft":2,"gas":0.000022,"bal":0.000322,"days":4,"spread":0.133333,"streak":2,"rank_m":356793,"pct_m":0.379348,"gas_method":"estimated"},"2024-05":{"txs":26,"uniq":12,"trade":1,"nft":5,"gas":0.000017,"bal":0.001968,"days":11,"spread":0.354839,"streak":4,"rank_m":148919,"pct_m":0.158332,"gas_method":"estimated"},"2024-06":{"txs":15,"uniq":8,"trade":0,"nft":2,"gas":0,"bal":0.001723,"days":8,"spread":0.266667,"streak":3,"rank_m":218426,"pct_m":0.232233,"gas_method":"estimated"},"2024-07":{"txs":17,"uniq":10,"trade":0,"nft":4,"gas":0.000012,"bal":0.00104,"days":7,"spread":0.225806,"streak":3,"rank_m":123426,"pct_m":0.131228,"gas_method":"exact"},"2024-08":{"txs":23,"uniq":12,"trade":2,"nft":5,"gas":0.000001,"bal":0.001177,"days":7,"spread":0.225806,"streak":2,"rank_m":120529,"pct_m":0.128148,"gas_method":"exact"},"2024-09":{"txs":41,"uniq":19,"trade":2,"nft":15,"gas":0.000001,"bal":0.001192,"days":6,"spread":0.2,"streak":2,"rank_m":131075,"pct_m":0.13936,"gas_method":"estimated"},"2024-10":{"txs":1,"uniq":1,"trade":0,"nft":2,"gas":0,"bal":0.00008,"days":1,"spread":0.032258,"streak":1,"rank_m":502752,"pct_m":0.534534,"gas_method":"estimated"},"2024-11":{"txs":0,"uniq":0,"trade":0,"nft":0,"gas":0,"bal":0.00008,"days":0,"spread":0,"streak":0,"rank_m":655161,"pct_m":0.696578},"2024-12":{"txs":11,"uniq":7,"trade":0,"nft":0,"gas":0.00022,"bal":0.000482,"days":4,"spread":0.129032,"streak":2,"rank_m":353861,"pct_m":0.37623,"gas_method":"exact"},"2025-01":{"txs":1,"uniq":1,"trade":0,"nft":0,"gas":0.000026,"bal":0.000961,"days":1,"spread":0.032258,"streak":1,"rank_m":524084,"pct_m":0.557214,"gas_method":"exact"},"2025-02":{"txs":3,"uniq":3,"trade":0,"nft":0,"gas":0.000021,"bal":0.001516,"days":1,"spread":0.035714,"streak":1,"rank_m":419502,"pct_m":0.446021,"gas_method":"exact"},"2025-03":{"txs":0,"uniq":0,"trade":0,"nft":0,"gas":0,"bal":0.001516,"days":0,"spread":0,"streak":0,"rank_m":623641,"pct_m":0.663065},"2025-04":{"txs":3,"uniq":3,"trade":0,"nft":0,"gas":0.000018,"bal":0.001654,"days":2,"spread":0.066667,"streak":1,"rank_m":404642,"pct_m":0.430222,"gas_method":"exact"},"2025-05":{"txs":1,"uniq":1,"trade":0,"nft":0,"gas":0.000007,"bal":0.001613,"days":1,"spread":0.032258,"streak":1,"rank_m":463840,"pct_m":0.493162,"gas_method":"estimated"},"2025-06":{"txs":1,"uniq":0,"trade":0,"nft":0,"gas":0.000007,"bal":0.001785,"days":1,"spread":0.033333,"streak":1,"rank_m":530716,"pct_m":0.564266,"gas_method":"estimated"},"2025-07":{"txs":2,"uniq":2,"trade":1,"nft":1,"gas":0.000014,"bal":0.002437,"days":2,"spread":0.064516,"streak":1,"rank_m":361870,"pct_m":0.384746,"gas_method":"estimated"},"2025-08":{"txs":17,"uniq":8,"trade":2,"nft":0,"gas":0.00012,"bal":0.002347,"days":4,"spread":0.129032,"streak":1,"rank_m":232320,"pct_m":0.247006,"gas_method":"estimated"},"2025-09":{"txs":2,"uniq":2,"trade":0,"nft":0,"gas":0.000014,"bal":0.006092,"days":1,"spread":0.033333,"streak":1,"rank_m":355230,"pct_m":0.377686,"gas_method":"estimated"},"2025-10":{"txs":2,"uniq":0,"trade":0,"nft":0,"gas":0.000014,"bal":0,"days":1,"spread":0.032258,"streak":1,"rank_m":695624,"pct_m":0.739599,"gas_method":"estimated"}}}