{"wallet":"0xc6ef30e0bec5945e0133352cffcf0a7e2b14e6fc","rank":272903,"lifetime":{"months_active":20,"first":"2023-07","last":"2025-10","tx_sum":212,"uniq_sum":99,"trade_sum":2,"nft_sum":16,"gas_sum":0.003267,"avg_balance_eth_mean":0.009009,"streak_best_days":4,"gas_sum_filled":0.003267},"months":{"2023-07":{"txs":4,"uniq":3,"trade":0,"nft":2,"gas":0.000297,"bal":0.000861,"days":1,"spread":0.032258,"streak":1,"rank_m":14443,"pct_m":0.015355,"gas_method":"exact"},"2023-08":{"txs":3,"uniq":6,"trade":0,"nft":3,"gas":0.000805,"bal":0.002821,"days":3,"spread":0.096774,"streak":1,"rank_m":98098,"pct_m":0.104298,"gas_method":"exact"},"2023-09":{"txs":28,"uniq":5,"trade":0,"nft":0,"gas":0.000755,"bal":0.002645,"days":1,"spread":0.033333,"streak":1,"rank_m":89179,"pct_m":0.094816,"gas_method":"estimated"},"2023-10":{"txs":0,"uniq":0,"trade":0,"nft":0,"gas":0,"bal":0.002645,"days":0,"spread":0,"streak":0,"rank_m":165015,"pct_m":0.175446},"2023-11":{"txs":10,"uniq":5,"trade":0,"nft":1,"gas":0.000194,"bal":0.007327,"days":4,"spread":0.133333,"streak":2,"rank_m":30885,"pct_m":0.032836,"gas_method":"exact"},"2023-12":{"txs":6,"uniq":3,"trade":0,"nft":0,"gas":0.000139,"bal":0.005854,"days":3,"spread":0.096774,"streak":2,"rank_m":76693,"pct_m":0.08154,"gas_method":"estimated"},"2024-01":{"txs":9,"uniq":6,"trade":1,"nft":1,"gas":0.000045,"bal":0.001596,"days":2,"spread":0.064516,"streak":1,"rank_m":76440,"pct_m":0.081271,"gas_method":"exact"},"2024-02":{"txs":10,"uniq":6,"trade":0,"nft":2,"gas":0.000122,"bal":0.001824,"days":4,"spread":0.137931,"streak":1,"rank_m":137397,"pct_m":0.146082,"gas_method":"estimated"},"2024-03":{"txs":23,"uniq":12,"trade":0,"nft":3,"gas":0.000419,"bal":0.011237,"days":8,"spread":0.258065,"streak":4,"rank_m":80674,"pct_m":0.085773,"gas_method":"estimated"},"2024-04":{"txs":34,"uniq":8,"trade":0,"nft":0,"gas":0.000076,"bal":0.010753,"days":3,"spread":0.1,"streak":1,"rank_m":256611,"pct_m":0.272832,"gas_method":"estimated"},"2024-05":{"txs":7,"uniq":2,"trade":0,"nft":1,"gas":0.000005,"bal":0.011206,"days":2,"spread":0.064516,"streak":1,"rank_m":313776,"pct_m":0.333611,"gas_method":"estimated"},"2024-06":{"txs":9,"uniq":4,"trade":0,"nft":1,"gas":0.000001,"bal":0.010956,"days":2,"spread":0.066667,"streak":1,"rank_m":230529,"pct_m":0.245101,"gas_method":"exact"},"2024-07":{"txs":2,"uniq":1,"trade":0,"nft":0,"gas":0,"bal":0.010544,"days":1,"spread":0.032258,"streak":1,"rank_m":367537,"pct_m":0.390771,"gas_method":"estimated"},"2024-08":{"txs":2,"uniq":1,"trade":0,"nft":0,"gas":0,"bal":0.010914,"days":1,"spread":0.032258,"streak":1,"rank_m":371330,"pct_m":0.394804,"gas_method":"estimated"},"2024-09":{"txs":0,"uniq":0,"trade":0,"nft":0,"gas":0,"bal":0.010914,"days":0,"spread":0,"streak":0,"rank_m":429765,"pct_m":0.456933},"2024-10":{"txs":5,"uniq":4,"trade":0,"nft":0,"gas":0,"bal":0.011199,"days":2,"spread":0.064516,"streak":1,"rank_m":309915,"pct_m":0.329506,"gas_method":"estimated"},"2024-11":{"txs":0,"uniq":0,"trade":0,"nft":0,"gas":0,"bal":0.011199,"days":0,"spread":0,"streak":0,"rank_m":514258,"pct_m":0.546767},"2024-12":{"txs":0,"uniq":0,"trade":0,"nft":0,"gas":0,"bal":0.011199,"days":0,"spread":0,"streak":0,"rank_m":576571,"pct_m":0.61302},"2025-01":{"txs":0,"uniq":0,"trade":0,"nft":0,"gas":0,"bal":0.011199,"days":0,"spread":0,"streak":0,"rank_m":561031,"pct_m":0.596497},"2025-02":{"txs":4,"uniq":3,"trade":0,"nft":0,"gas":0.000028,"bal":0.010997,"days":1,"spread":0.035714,"streak":1,"rank_m":340588,"pct_m":0.362118,"gas_method":"exact"},"2025-03":{"txs":0,"uniq":0,"trade":0,"nft":0,"gas":0,"bal":0.010997,"days":0,"spread":0,"streak":0,"rank_m":529402,"pct_m":0.562869},"2025-04":{"txs":6,"uniq":4,"trade":0,"nft":0,"gas":0.00003,"bal":0.011603,"days":2,"spread":0.066667,"streak":2,"rank_m":253665,"pct_m":0.2697,"gas_method":"exact"},"2025-05":{"txs":2,"uniq":2,"trade":1,"nft":0,"gas":0.000014,"bal":0.013584,"days":2,"spread":0.064516,"streak":2,"rank_m":171407,"pct_m":0.182242,"gas_method":"estimated"},"2025-06":{"txs":0,"uniq":0,"trade":0,"nft":0,"gas":0,"bal":0.013584,"days":0,"spread":0,"streak":0,"rank_m":445987,"pct_m":0.47418},"2025-07":{"txs":5,"uniq":3,"trade":0,"nft":0,"gas":0.000035,"bal":0.011991,"days":3,"spread":0.096774,"streak":1,"rank_m":279272,"pct_m":0.296926,"gas_method":"estimated"},"2025-08":{"txs":0,"uniq":0,"trade":0,"nft":0,"gas":0,"bal":0.011991,"days":0,"spread":0,"streak":0,"rank_m":451854,"pct_m":0.480418},"2025-09":{"txs":31,"uniq":14,"trade":0,"nft":1,"gas":0.000218,"bal":0.009569,"days":11,"spread":0.366667,"streak":3,"rank_m":56610,"pct_m":0.060188,"gas_method":"estimated"},"2025-10":{"txs":12,"uniq":7,"trade":0,"nft":1,"gas":0.000084,"bal":0.011053,"days":6,"spread":0.193548,"streak":2,"rank_m":57719,"pct_m":0.061367,"gas_method":"estimated"}}}