{"wallet":"0xc6f17748d34212663c0d8a1b14143344dd9fc28a","rank":448739,"lifetime":{"months_active":21,"first":"2023-07","last":"2025-10","tx_sum":118,"uniq_sum":73,"trade_sum":1,"nft_sum":50,"gas_sum":0.002513,"avg_balance_eth_mean":0.008711,"streak_best_days":3,"gas_sum_filled":0.002513},"months":{"2023-07":{"txs":0,"uniq":0,"trade":0,"nft":0,"gas":0,"bal":0,"days":0,"spread":0,"streak":0,"rank_m":249570,"pct_m":0.265346},"2023-08":{"txs":12,"uniq":8,"trade":0,"nft":6,"gas":0.001412,"bal":0.001453,"days":6,"spread":0.193548,"streak":2,"rank_m":69971,"pct_m":0.074393,"gas_method":"exact"},"2023-09":{"txs":2,"uniq":1,"trade":0,"nft":1,"gas":0.000183,"bal":0.003693,"days":1,"spread":0.033333,"streak":1,"rank_m":112198,"pct_m":0.11929,"gas_method":"estimated"},"2023-10":{"txs":2,"uniq":2,"trade":0,"nft":1,"gas":0.000048,"bal":0.003304,"days":2,"spread":0.064516,"streak":1,"rank_m":96727,"pct_m":0.102841,"gas_method":"estimated"},"2023-11":{"txs":17,"uniq":12,"trade":0,"nft":17,"gas":0.000071,"bal":0.003243,"days":15,"spread":0.5,"streak":3,"rank_m":16876,"pct_m":0.017942,"gas_method":"exact"},"2023-12":{"txs":4,"uniq":4,"trade":0,"nft":3,"gas":0.000103,"bal":0.006587,"days":3,"spread":0.096774,"streak":1,"rank_m":52824,"pct_m":0.056162,"gas_method":"exact"},"2024-01":{"txs":2,"uniq":2,"trade":0,"nft":1,"gas":0.000146,"bal":0.006612,"days":2,"spread":0.064516,"streak":1,"rank_m":110181,"pct_m":0.117145,"gas_method":"estimated"},"2024-02":{"txs":3,"uniq":3,"trade":0,"nft":3,"gas":0.000124,"bal":0.00736,"days":3,"spread":0.103448,"streak":1,"rank_m":132556,"pct_m":0.140935,"gas_method":"estimated"},"2024-03":{"txs":0,"uniq":0,"trade":0,"nft":0,"gas":0,"bal":0.00736,"days":0,"spread":0,"streak":0,"rank_m":356768,"pct_m":0.379321},"2024-04":{"txs":9,"uniq":7,"trade":0,"nft":3,"gas":0.000069,"bal":0.011158,"days":4,"spread":0.133333,"streak":1,"rank_m":254773,"pct_m":0.270878,"gas_method":"estimated"},"2024-05":{"txs":3,"uniq":2,"trade":0,"nft":1,"gas":0.000008,"bal":0.018909,"days":1,"spread":0.032258,"streak":1,"rank_m":325034,"pct_m":0.345581,"gas_method":"estimated"},"2024-06":{"txs":8,"uniq":6,"trade":0,"nft":1,"gas":0.000001,"bal":0.019131,"days":3,"spread":0.1,"streak":1,"rank_m":215301,"pct_m":0.228911,"gas_method":"estimated"},"2024-07":{"txs":2,"uniq":2,"trade":0,"nft":3,"gas":0.000001,"bal":0.020287,"days":2,"spread":0.064516,"streak":2,"rank_m":230972,"pct_m":0.245572,"gas_method":"estimated"},"2024-08":{"txs":4,"uniq":4,"trade":0,"nft":3,"gas":0.000001,"bal":0.019667,"days":4,"spread":0.129032,"streak":2,"rank_m":202207,"pct_m":0.214989,"gas_method":"estimated"},"2024-09":{"txs":3,"uniq":3,"trade":0,"nft":1,"gas":0,"bal":0.016793,"days":3,"spread":0.1,"streak":1,"rank_m":211449,"pct_m":0.224815,"gas_method":"estimated"},"2024-10":{"txs":3,"uniq":3,"trade":0,"nft":3,"gas":0.000001,"bal":0.013365,"days":3,"spread":0.096774,"streak":1,"rank_m":252602,"pct_m":0.26857,"gas_method":"estimated"},"2024-11":{"txs":0,"uniq":0,"trade":0,"nft":1,"gas":0,"bal":0.013365,"days":0,"spread":0,"streak":0,"rank_m":464830,"pct_m":0.494214},"2024-12":{"txs":2,"uniq":2,"trade":0,"nft":1,"gas":0.000044,"bal":0.012395,"days":2,"spread":0.064516,"streak":1,"rank_m":390294,"pct_m":0.414966,"gas_method":"exact"},"2025-01":{"txs":1,"uniq":1,"trade":0,"nft":0,"gas":0.000026,"bal":0.00924,"days":1,"spread":0.032258,"streak":1,"rank_m":468390,"pct_m":0.498,"gas_method":"exact"},"2025-02":{"txs":0,"uniq":0,"trade":0,"nft":0,"gas":0,"bal":0.00924,"days":0,"spread":0,"streak":0,"rank_m":559957,"pct_m":0.595355},"2025-03":{"txs":0,"uniq":0,"trade":0,"nft":0,"gas":0,"bal":0.00924,"days":0,"spread":0,"streak":0,"rank_m":540390,"pct_m":0.574551},"2025-04":{"txs":12,"uniq":2,"trade":0,"nft":0,"gas":0.000072,"bal":0.00584,"days":2,"spread":0.066667,"streak":1,"rank_m":266482,"pct_m":0.283327,"gas_method":"exact"},"2025-05":{"txs":10,"uniq":1,"trade":0,"nft":0,"gas":0.00007,"bal":0.005525,"days":1,"spread":0.032258,"streak":1,"rank_m":301426,"pct_m":0.32048,"gas_method":"estimated"},"2025-06":{"txs":0,"uniq":0,"trade":0,"nft":0,"gas":0,"bal":0.005525,"days":0,"spread":0,"streak":0,"rank_m":534739,"pct_m":0.568543},"2025-07":{"txs":9,"uniq":2,"trade":1,"nft":0,"gas":0.000063,"bal":0.004879,"days":3,"spread":0.096774,"streak":2,"rank_m":265427,"pct_m":0.282206,"gas_method":"estimated"},"2025-08":{"txs":0,"uniq":0,"trade":0,"nft":0,"gas":0,"bal":0.004879,"days":0,"spread":0,"streak":0,"rank_m":543084,"pct_m":0.577416},"2025-09":{"txs":6,"uniq":3,"trade":0,"nft":1,"gas":0.000042,"bal":0.002326,"days":4,"spread":0.133333,"streak":1,"rank_m":306620,"pct_m":0.326003,"gas_method":"estimated"},"2025-10":{"txs":4,"uniq":3,"trade":0,"nft":0,"gas":0.000028,"bal":0.00254,"days":3,"spread":0.096774,"streak":2,"rank_m":243158,"pct_m":0.258529,"gas_method":"estimated"}}}