{"wallet":"0xc6206b7b85fb4c0350883bf9b0457513d05eac94","rank":102543,"lifetime":{"months_active":22,"first":"2023-07","last":"2025-10","tx_sum":412,"uniq_sum":180,"trade_sum":2,"nft_sum":50,"gas_sum":0.002128,"avg_balance_eth_mean":0.006399,"streak_best_days":27,"gas_sum_filled":0.002128},"months":{"2023-07":{"txs":0,"uniq":0,"trade":0,"nft":0,"gas":0,"bal":0,"days":0,"spread":0,"streak":0,"rank_m":252481,"pct_m":0.268441},"2023-08":{"txs":0,"uniq":0,"trade":0,"nft":0,"gas":0,"bal":0,"days":0,"spread":0,"streak":0,"rank_m":341307,"pct_m":0.362883},"2023-09":{"txs":0,"uniq":0,"trade":0,"nft":0,"gas":0,"bal":0,"days":0,"spread":0,"streak":0,"rank_m":361710,"pct_m":0.384575},"2023-10":{"txs":0,"uniq":0,"trade":0,"nft":0,"gas":0,"bal":0,"days":0,"spread":0,"streak":0,"rank_m":379901,"pct_m":0.403916},"2023-11":{"txs":2,"uniq":1,"trade":0,"nft":0,"gas":0.000015,"bal":0.000146,"days":1,"spread":0.033333,"streak":1,"rank_m":160869,"pct_m":0.171038,"gas_method":"estimated"},"2023-12":{"txs":11,"uniq":8,"trade":0,"nft":1,"gas":0.000151,"bal":0.001353,"days":1,"spread":0.032258,"streak":1,"rank_m":101663,"pct_m":0.108089,"gas_method":"estimated"},"2024-01":{"txs":2,"uniq":2,"trade":0,"nft":0,"gas":0.000421,"bal":0.001284,"days":2,"spread":0.064516,"streak":1,"rank_m":115742,"pct_m":0.123058,"gas_method":"exact"},"2024-02":{"txs":0,"uniq":0,"trade":0,"nft":0,"gas":0,"bal":0.001284,"days":0,"spread":0,"streak":0,"rank_m":290916,"pct_m":0.309306},"2024-03":{"txs":26,"uniq":13,"trade":0,"nft":2,"gas":0.000281,"bal":0.001264,"days":5,"spread":0.16129,"streak":2,"rank_m":172637,"pct_m":0.18355,"gas_method":"estimated"},"2024-04":{"txs":80,"uniq":17,"trade":0,"nft":7,"gas":0.000014,"bal":0.004641,"days":28,"spread":0.933333,"streak":18,"rank_m":56190,"pct_m":0.059741,"gas_method":"exact"},"2024-05":{"txs":92,"uniq":21,"trade":0,"nft":9,"gas":0.000041,"bal":0.007524,"days":29,"spread":0.935484,"streak":22,"rank_m":21718,"pct_m":0.02309,"gas_method":"exact"},"2024-06":{"txs":9,"uniq":7,"trade":0,"nft":5,"gas":0,"bal":0.007939,"days":5,"spread":0.166667,"streak":2,"rank_m":140478,"pct_m":0.149358,"gas_method":"exact"},"2024-07":{"txs":8,"uniq":5,"trade":0,"nft":5,"gas":0.000001,"bal":0.006273,"days":7,"spread":0.225806,"streak":2,"rank_m":180191,"pct_m":0.191581,"gas_method":"estimated"},"2024-08":{"txs":9,"uniq":5,"trade":0,"nft":4,"gas":0.000005,"bal":0.005189,"days":4,"spread":0.129032,"streak":2,"rank_m":184610,"pct_m":0.19628,"gas_method":"exact"},"2024-09":{"txs":26,"uniq":16,"trade":2,"nft":8,"gas":0.000001,"bal":0.005854,"days":13,"spread":0.433333,"streak":5,"rank_m":25630,"pct_m":0.027249,"gas_method":"exact"},"2024-10":{"txs":28,"uniq":9,"trade":0,"nft":5,"gas":0.000001,"bal":0.009964,"days":9,"spread":0.290323,"streak":2,"rank_m":101100,"pct_m":0.10749,"gas_method":"estimated"},"2024-11":{"txs":15,"uniq":11,"trade":0,"nft":1,"gas":0.000034,"bal":0.017439,"days":6,"spread":0.2,"streak":2,"rank_m":133618,"pct_m":0.142064,"gas_method":"exact"},"2024-12":{"txs":28,"uniq":13,"trade":0,"nft":0,"gas":0.000617,"bal":0.014081,"days":3,"spread":0.096774,"streak":1,"rank_m":201783,"pct_m":0.214538,"gas_method":"exact"},"2025-01":{"txs":1,"uniq":1,"trade":0,"nft":0,"gas":0.000026,"bal":0.005832,"days":1,"spread":0.032258,"streak":1,"rank_m":482172,"pct_m":0.512653,"gas_method":"exact"},"2025-02":{"txs":3,"uniq":3,"trade":0,"nft":0,"gas":0.000021,"bal":0.005825,"days":1,"spread":0.035714,"streak":1,"rank_m":379733,"pct_m":0.403738,"gas_method":"exact"},"2025-03":{"txs":12,"uniq":8,"trade":0,"nft":2,"gas":0.000095,"bal":0.008788,"days":3,"spread":0.096774,"streak":1,"rank_m":165717,"pct_m":0.176192,"gas_method":"exact"},"2025-04":{"txs":18,"uniq":11,"trade":0,"nft":0,"gas":0.000109,"bal":0.00571,"days":6,"spread":0.2,"streak":2,"rank_m":109554,"pct_m":0.116479,"gas_method":"exact"},"2025-05":{"txs":0,"uniq":0,"trade":0,"nft":0,"gas":0,"bal":0.00571,"days":0,"spread":0,"streak":0,"rank_m":527048,"pct_m":0.560366},"2025-06":{"txs":6,"uniq":4,"trade":0,"nft":0,"gas":0.000042,"bal":0.01943,"days":3,"spread":0.1,"streak":1,"rank_m":206667,"pct_m":0.219731,"gas_method":"estimated"},"2025-07":{"txs":4,"uniq":4,"trade":0,"nft":0,"gas":0.000028,"bal":0.018896,"days":2,"spread":0.064516,"streak":1,"rank_m":251712,"pct_m":0.267624,"gas_method":"estimated"},"2025-08":{"txs":3,"uniq":3,"trade":0,"nft":0,"gas":0.000021,"bal":0.01254,"days":3,"spread":0.096774,"streak":1,"rank_m":260072,"pct_m":0.276512,"gas_method":"estimated"},"2025-09":{"txs":13,"uniq":7,"trade":0,"nft":0,"gas":0.000091,"bal":0.007152,"days":2,"spread":0.066667,"streak":2,"rank_m":231134,"pct_m":0.245745,"gas_method":"estimated"},"2025-10":{"txs":16,"uniq":11,"trade":0,"nft":1,"gas":0.000113,"bal":0.005048,"days":3,"spread":0.096774,"streak":1,"rank_m":111133,"pct_m":0.118158,"gas_method":"estimated"}}}