{"wallet":"0xc619e31d26204f95e5b86c222dcf741bcf7e1116","rank":193643,"lifetime":{"months_active":22,"first":"2023-07","last":"2025-10","tx_sum":299,"uniq_sum":157,"trade_sum":20,"nft_sum":90,"gas_sum":0.008022,"avg_balance_eth_mean":0.001156,"streak_best_days":0,"gas_sum_filled":0.008022},"months":{"2023-07":{"txs":6,"uniq":3,"trade":0,"nft":3,"gas":0.003719,"bal":0.000785,"days":2,"spread":0.064516,"streak":0,"rank_m":40297,"pct_m":0.042843,"gas_method":"exact"},"2023-08":{"txs":17,"uniq":12,"trade":0,"nft":6,"gas":0.00266,"bal":0.002832,"days":8,"spread":0.258065,"streak":0,"rank_m":84615,"pct_m":0.089963,"gas_method":"exact"},"2023-09":{"txs":0,"uniq":0,"trade":0,"nft":0,"gas":0,"bal":0.002832,"days":0,"spread":0,"streak":0,"rank_m":165532,"pct_m":0.175996},"2023-10":{"txs":0,"uniq":0,"trade":0,"nft":0,"gas":0,"bal":0.002832,"days":0,"spread":0,"streak":0,"rank_m":164867,"pct_m":0.175288},"2023-11":{"txs":0,"uniq":0,"trade":0,"nft":0,"gas":0,"bal":0.002832,"days":0,"spread":0,"streak":0,"rank_m":176761,"pct_m":0.187934},"2023-12":{"txs":0,"uniq":0,"trade":0,"nft":0,"gas":0,"bal":0.002832,"days":0,"spread":0,"streak":0,"rank_m":203253,"pct_m":0.216101},"2024-01":{"txs":1,"uniq":1,"trade":0,"nft":1,"gas":0.000018,"bal":0.000791,"days":1,"spread":0.032258,"streak":0,"rank_m":195208,"pct_m":0.207548,"gas_method":"estimated"},"2024-02":{"txs":0,"uniq":0,"trade":0,"nft":0,"gas":0,"bal":0.000791,"days":0,"spread":0,"streak":0,"rank_m":294972,"pct_m":0.313618},"2024-03":{"txs":1,"uniq":1,"trade":0,"nft":2,"gas":0.000016,"bal":0.00066,"days":1,"spread":0.032258,"streak":0,"rank_m":358293,"pct_m":0.380942,"gas_method":"estimated"},"2024-04":{"txs":25,"uniq":17,"trade":0,"nft":13,"gas":0.000022,"bal":0.001124,"days":14,"spread":0.466667,"streak":0,"rank_m":202161,"pct_m":0.21494,"gas_method":"exact"},"2024-05":{"txs":12,"uniq":10,"trade":0,"nft":6,"gas":0.000008,"bal":0.000678,"days":6,"spread":0.193548,"streak":0,"rank_m":330638,"pct_m":0.351539,"gas_method":"estimated"},"2024-06":{"txs":22,"uniq":12,"trade":1,"nft":5,"gas":0,"bal":0.000454,"days":9,"spread":0.3,"streak":0,"rank_m":196271,"pct_m":0.208678,"gas_method":"exact"},"2024-07":{"txs":7,"uniq":5,"trade":0,"nft":6,"gas":0.000001,"bal":0.002273,"days":6,"spread":0.193548,"streak":0,"rank_m":300245,"pct_m":0.319225,"gas_method":"estimated"},"2024-08":{"txs":10,"uniq":7,"trade":0,"nft":7,"gas":0.000001,"bal":0.001228,"days":6,"spread":0.193548,"streak":0,"rank_m":330616,"pct_m":0.351516,"gas_method":"estimated"},"2024-09":{"txs":11,"uniq":6,"trade":0,"nft":5,"gas":0.000001,"bal":0.000243,"days":10,"spread":0.333333,"streak":0,"rank_m":222698,"pct_m":0.236775,"gas_method":"exact"},"2024-10":{"txs":39,"uniq":20,"trade":3,"nft":24,"gas":0.000002,"bal":0.000835,"days":18,"spread":0.580645,"streak":0,"rank_m":197183,"pct_m":0.209647,"gas_method":"estimated"},"2024-11":{"txs":49,"uniq":20,"trade":4,"nft":8,"gas":0.00011,"bal":0.000808,"days":20,"spread":0.666667,"streak":0,"rank_m":143857,"pct_m":0.15295,"gas_method":"exact"},"2024-12":{"txs":38,"uniq":16,"trade":7,"nft":3,"gas":0.000816,"bal":0.000506,"days":17,"spread":0.548387,"streak":0,"rank_m":194072,"pct_m":0.20634,"gas_method":"exact"},"2025-01":{"txs":12,"uniq":3,"trade":0,"nft":0,"gas":0.000312,"bal":0.000349,"days":8,"spread":0.258065,"streak":0,"rank_m":385332,"pct_m":0.409691,"gas_method":"exact"},"2025-02":{"txs":3,"uniq":3,"trade":0,"nft":0,"gas":0.000021,"bal":0.00005,"days":3,"spread":0.107143,"streak":0,"rank_m":495773,"pct_m":0.527114,"gas_method":"exact"},"2025-03":{"txs":3,"uniq":2,"trade":0,"nft":0,"gas":0.000016,"bal":0.000027,"days":2,"spread":0.064516,"streak":0,"rank_m":505765,"pct_m":0.537737,"gas_method":"exact"},"2025-04":{"txs":3,"uniq":2,"trade":1,"nft":0,"gas":0.000018,"bal":0.000006,"days":2,"spread":0.066667,"streak":0,"rank_m":498950,"pct_m":0.530491,"gas_method":"exact"},"2025-05":{"txs":0,"uniq":0,"trade":0,"nft":0,"gas":0,"bal":0.000006,"days":0,"spread":0,"streak":0,"rank_m":833418,"pct_m":0.886104},"2025-06":{"txs":8,"uniq":7,"trade":1,"nft":0,"gas":0.000056,"bal":0.003635,"days":5,"spread":0.166667,"streak":0,"rank_m":287964,"pct_m":0.306167,"gas_method":"estimated"},"2025-07":{"txs":8,"uniq":5,"trade":0,"nft":0,"gas":0.000056,"bal":0.001641,"days":4,"spread":0.129032,"streak":0,"rank_m":437304,"pct_m":0.464948,"gas_method":"estimated"},"2025-08":{"txs":3,"uniq":2,"trade":3,"nft":0,"gas":0.000021,"bal":0.000056,"days":2,"spread":0.064516,"streak":0,"rank_m":540782,"pct_m":0.574968,"gas_method":"estimated"},"2025-09":{"txs":6,"uniq":2,"trade":0,"nft":0,"gas":0.000042,"bal":0.000154,"days":2,"spread":0.066667,"streak":0,"rank_m":597675,"pct_m":0.635458,"gas_method":"estimated"},"2025-10":{"txs":15,"uniq":1,"trade":0,"nft":1,"gas":0.000106,"bal":0.001098,"days":2,"spread":0.064516,"streak":0,"rank_m":279149,"pct_m":0.296795,"gas_method":"estimated"}}}