{"wallet":"0xc609b5595e38acbdde1672f9b482db823f51668a","rank":82311,"lifetime":{"months_active":25,"first":"2023-07","last":"2025-10","tx_sum":327,"uniq_sum":137,"trade_sum":10,"nft_sum":14,"gas_sum":0.011637,"avg_balance_eth_mean":0.109837,"streak_best_days":3,"gas_sum_filled":0.011637},"months":{"2023-07":{"txs":0,"uniq":0,"trade":0,"nft":0,"gas":0,"bal":0,"days":0,"spread":0,"streak":0,"rank_m":252783,"pct_m":0.268762},"2023-08":{"txs":56,"uniq":6,"trade":0,"nft":2,"gas":0.007263,"bal":0.273862,"days":7,"spread":0.225806,"streak":1,"rank_m":42052,"pct_m":0.044709,"gas_method":"exact"},"2023-09":{"txs":8,"uniq":5,"trade":0,"nft":1,"gas":0.000534,"bal":0.013343,"days":5,"spread":0.166667,"streak":1,"rank_m":45391,"pct_m":0.048259,"gas_method":"exact"},"2023-10":{"txs":3,"uniq":1,"trade":0,"nft":0,"gas":0.000061,"bal":0.001377,"days":3,"spread":0.096774,"streak":1,"rank_m":94119,"pct_m":0.100068,"gas_method":"exact"},"2023-11":{"txs":3,"uniq":1,"trade":0,"nft":0,"gas":0.000107,"bal":0.001278,"days":1,"spread":0.033333,"streak":1,"rank_m":135373,"pct_m":0.14393,"gas_method":"estimated"},"2023-12":{"txs":0,"uniq":0,"trade":0,"nft":0,"gas":0,"bal":0.001278,"days":0,"spread":0,"streak":0,"rank_m":208856,"pct_m":0.222058},"2024-01":{"txs":10,"uniq":4,"trade":0,"nft":0,"gas":0.000672,"bal":0.014722,"days":3,"spread":0.096774,"streak":1,"rank_m":54766,"pct_m":0.058227,"gas_method":"exact"},"2024-02":{"txs":10,"uniq":4,"trade":0,"nft":0,"gas":0.000352,"bal":0.025403,"days":5,"spread":0.172414,"streak":2,"rank_m":89866,"pct_m":0.095546,"gas_method":"estimated"},"2024-03":{"txs":21,"uniq":12,"trade":6,"nft":2,"gas":0.001109,"bal":0.031036,"days":7,"spread":0.225806,"streak":1,"rank_m":70331,"pct_m":0.074776,"gas_method":"estimated"},"2024-04":{"txs":37,"uniq":17,"trade":2,"nft":2,"gas":0.000241,"bal":0.051752,"days":7,"spread":0.233333,"streak":1,"rank_m":97816,"pct_m":0.103999,"gas_method":"estimated"},"2024-05":{"txs":29,"uniq":11,"trade":1,"nft":4,"gas":0.000018,"bal":0.117695,"days":7,"spread":0.225806,"streak":1,"rank_m":68244,"pct_m":0.072557,"gas_method":"exact"},"2024-06":{"txs":20,"uniq":9,"trade":0,"nft":0,"gas":0.000002,"bal":0.129868,"days":6,"spread":0.2,"streak":1,"rank_m":131701,"pct_m":0.140026,"gas_method":"estimated"},"2024-07":{"txs":15,"uniq":6,"trade":0,"nft":0,"gas":0.000005,"bal":0.169008,"days":7,"spread":0.225806,"streak":1,"rank_m":134143,"pct_m":0.142622,"gas_method":"estimated"},"2024-08":{"txs":2,"uniq":1,"trade":0,"nft":0,"gas":0,"bal":0.242503,"days":2,"spread":0.064516,"streak":1,"rank_m":290574,"pct_m":0.308942,"gas_method":"estimated"},"2024-09":{"txs":14,"uniq":7,"trade":0,"nft":0,"gas":0.000002,"bal":0.242494,"days":2,"spread":0.066667,"streak":1,"rank_m":134421,"pct_m":0.142918,"gas_method":"estimated"},"2024-10":{"txs":12,"uniq":7,"trade":0,"nft":3,"gas":0.000002,"bal":0.242471,"days":3,"spread":0.096774,"streak":1,"rank_m":134954,"pct_m":0.143484,"gas_method":"estimated"},"2024-11":{"txs":13,"uniq":7,"trade":0,"nft":0,"gas":0.00003,"bal":0.242399,"days":2,"spread":0.066667,"streak":2,"rank_m":193128,"pct_m":0.205336,"gas_method":"exact"},"2024-12":{"txs":23,"uniq":7,"trade":0,"nft":0,"gas":0.000507,"bal":0.215128,"days":6,"spread":0.193548,"streak":3,"rank_m":138763,"pct_m":0.147534,"gas_method":"exact"},"2025-01":{"txs":20,"uniq":5,"trade":1,"nft":0,"gas":0.00052,"bal":0.106246,"days":6,"spread":0.193548,"streak":1,"rank_m":132483,"pct_m":0.140857,"gas_method":"exact"},"2025-02":{"txs":6,"uniq":4,"trade":0,"nft":0,"gas":0.000035,"bal":0.107731,"days":4,"spread":0.142857,"streak":2,"rank_m":202419,"pct_m":0.215214,"gas_method":"exact"},"2025-03":{"txs":6,"uniq":5,"trade":0,"nft":0,"gas":0.000047,"bal":0.116793,"days":2,"spread":0.064516,"streak":1,"rank_m":218416,"pct_m":0.232223,"gas_method":"exact"},"2025-04":{"txs":3,"uniq":3,"trade":0,"nft":0,"gas":0.000018,"bal":0.116781,"days":2,"spread":0.066667,"streak":1,"rank_m":293737,"pct_m":0.312305,"gas_method":"exact"},"2025-05":{"txs":3,"uniq":3,"trade":0,"nft":0,"gas":0.000021,"bal":0.116775,"days":2,"spread":0.064516,"streak":1,"rank_m":131513,"pct_m":0.139826,"gas_method":"estimated"},"2025-06":{"txs":5,"uniq":5,"trade":0,"nft":0,"gas":0.000035,"bal":0.108758,"days":2,"spread":0.066667,"streak":1,"rank_m":158289,"pct_m":0.168295,"gas_method":"estimated"},"2025-07":{"txs":5,"uniq":4,"trade":0,"nft":0,"gas":0.000035,"bal":0.09672,"days":1,"spread":0.032258,"streak":1,"rank_m":205889,"pct_m":0.218904,"gas_method":"estimated"},"2025-08":{"txs":2,"uniq":2,"trade":0,"nft":0,"gas":0.000014,"bal":0.096672,"days":1,"spread":0.032258,"streak":1,"rank_m":221454,"pct_m":0.235453,"gas_method":"estimated"},"2025-09":{"txs":1,"uniq":1,"trade":0,"nft":0,"gas":0.000007,"bal":0.096671,"days":1,"spread":0.033333,"streak":1,"rank_m":245886,"pct_m":0.261429,"gas_method":"estimated"},"2025-10":{"txs":0,"uniq":0,"trade":0,"nft":0,"gas":0,"bal":0.096671,"days":0,"spread":0,"streak":0,"rank_m":243117,"pct_m":0.258485}}}