{"wallet":"0xc6798352773d76dd11541c99126e2f51fd7c5bcb","rank":499764,"lifetime":{"months_active":18,"first":"2023-07","last":"2025-10","tx_sum":142,"uniq_sum":67,"trade_sum":2,"nft_sum":3,"gas_sum":0.004214,"avg_balance_eth_mean":0.003299,"streak_best_days":2,"gas_sum_filled":0.004214},"months":{"2023-07":{"txs":0,"uniq":0,"trade":0,"nft":0,"gas":0,"bal":0,"days":0,"spread":0,"streak":0,"rank_m":251237,"pct_m":0.267119},"2023-08":{"txs":2,"uniq":2,"trade":0,"nft":0,"gas":0.000102,"bal":0.001304,"days":1,"spread":0.032258,"streak":1,"rank_m":139354,"pct_m":0.148163,"gas_method":"exact"},"2023-09":{"txs":0,"uniq":0,"trade":0,"nft":0,"gas":0,"bal":0.001304,"days":0,"spread":0,"streak":0,"rank_m":176758,"pct_m":0.187931},"2023-10":{"txs":20,"uniq":9,"trade":0,"nft":0,"gas":0.000086,"bal":0.001585,"days":3,"spread":0.096774,"streak":1,"rank_m":56517,"pct_m":0.060089,"gas_method":"exact"},"2023-11":{"txs":9,"uniq":6,"trade":0,"nft":0,"gas":0.003364,"bal":0.01293,"days":2,"spread":0.066667,"streak":1,"rank_m":41593,"pct_m":0.044221,"gas_method":"exact"},"2023-12":{"txs":3,"uniq":2,"trade":0,"nft":0,"gas":0.000143,"bal":0.001497,"days":2,"spread":0.064516,"streak":2,"rank_m":129485,"pct_m":0.13767,"gas_method":"estimated"},"2024-01":{"txs":0,"uniq":0,"trade":0,"nft":0,"gas":0,"bal":0.001497,"days":0,"spread":0,"streak":0,"rank_m":217779,"pct_m":0.231545},"2024-02":{"txs":7,"uniq":4,"trade":0,"nft":0,"gas":0.000176,"bal":0.011842,"days":3,"spread":0.103448,"streak":1,"rank_m":131065,"pct_m":0.13935,"gas_method":"estimated"},"2024-03":{"txs":8,"uniq":4,"trade":0,"nft":1,"gas":0.000057,"bal":0.002689,"days":6,"spread":0.193548,"streak":1,"rank_m":193609,"pct_m":0.205847,"gas_method":"exact"},"2024-04":{"txs":3,"uniq":3,"trade":0,"nft":1,"gas":0.000014,"bal":0.004779,"days":2,"spread":0.066667,"streak":1,"rank_m":362413,"pct_m":0.385323,"gas_method":"estimated"},"2024-05":{"txs":34,"uniq":6,"trade":0,"nft":1,"gas":0.000052,"bal":0.006629,"days":4,"spread":0.129032,"streak":2,"rank_m":220578,"pct_m":0.234521,"gas_method":"estimated"},"2024-06":{"txs":1,"uniq":1,"trade":0,"nft":0,"gas":0,"bal":0.005714,"days":1,"spread":0.033333,"streak":1,"rank_m":414042,"pct_m":0.440216,"gas_method":"estimated"},"2024-07":{"txs":1,"uniq":1,"trade":0,"nft":0,"gas":0,"bal":0.00193,"days":1,"spread":0.032258,"streak":1,"rank_m":445245,"pct_m":0.473391,"gas_method":"estimated"},"2024-08":{"txs":3,"uniq":2,"trade":0,"nft":0,"gas":0.000001,"bal":0.003452,"days":1,"spread":0.032258,"streak":1,"rank_m":410755,"pct_m":0.436721,"gas_method":"estimated"},"2024-09":{"txs":10,"uniq":4,"trade":1,"nft":0,"gas":0.000001,"bal":0.003601,"days":4,"spread":0.133333,"streak":2,"rank_m":174942,"pct_m":0.186,"gas_method":"estimated"},"2024-10":{"txs":16,"uniq":7,"trade":1,"nft":0,"gas":0.000002,"bal":0.003733,"days":4,"spread":0.129032,"streak":2,"rank_m":187436,"pct_m":0.199284,"gas_method":"estimated"},"2024-11":{"txs":4,"uniq":3,"trade":0,"nft":0,"gas":0.000009,"bal":0.002918,"days":1,"spread":0.033333,"streak":1,"rank_m":400323,"pct_m":0.42563,"gas_method":"exact"},"2024-12":{"txs":4,"uniq":4,"trade":0,"nft":0,"gas":0.000088,"bal":0.002833,"days":2,"spread":0.064516,"streak":1,"rank_m":436532,"pct_m":0.464128,"gas_method":"exact"},"2025-01":{"txs":0,"uniq":0,"trade":0,"nft":0,"gas":0,"bal":0.002833,"days":0,"spread":0,"streak":0,"rank_m":603812,"pct_m":0.641983},"2025-02":{"txs":0,"uniq":0,"trade":0,"nft":0,"gas":0,"bal":0.002833,"days":0,"spread":0,"streak":0,"rank_m":610689,"pct_m":0.649294},"2025-03":{"txs":0,"uniq":0,"trade":0,"nft":0,"gas":0,"bal":0.002833,"days":0,"spread":0,"streak":0,"rank_m":596658,"pct_m":0.634376},"2025-04":{"txs":0,"uniq":0,"trade":0,"nft":0,"gas":0,"bal":0.002833,"days":0,"spread":0,"streak":0,"rank_m":629686,"pct_m":0.669492},"2025-05":{"txs":11,"uniq":4,"trade":0,"nft":0,"gas":0.000077,"bal":0.002769,"days":3,"spread":0.096774,"streak":2,"rank_m":259070,"pct_m":0.275447,"gas_method":"estimated"},"2025-06":{"txs":0,"uniq":0,"trade":0,"nft":0,"gas":0,"bal":0.002769,"days":0,"spread":0,"streak":0,"rank_m":593314,"pct_m":0.630821},"2025-07":{"txs":4,"uniq":4,"trade":0,"nft":0,"gas":0.000028,"bal":0.002541,"days":1,"spread":0.032258,"streak":1,"rank_m":424674,"pct_m":0.45152,"gas_method":"estimated"},"2025-08":{"txs":2,"uniq":1,"trade":0,"nft":0,"gas":0.000014,"bal":0.000908,"days":1,"spread":0.032258,"streak":1,"rank_m":511343,"pct_m":0.543668,"gas_method":"estimated"},"2025-09":{"txs":0,"uniq":0,"trade":0,"nft":0,"gas":0,"bal":0.000908,"days":0,"spread":0,"streak":0,"rank_m":652166,"pct_m":0.693393},"2025-10":{"txs":0,"uniq":0,"trade":0,"nft":0,"gas":0,"bal":0.000908,"days":0,"spread":0,"streak":0,"rank_m":572644,"pct_m":0.608844}}}