{"wallet":"0xc68f9812bf7e0babbafa8a183f906d619a437791","rank":401478,"lifetime":{"months_active":17,"first":"2023-07","last":"2025-10","tx_sum":163,"uniq_sum":89,"trade_sum":0,"nft_sum":18,"gas_sum":0.002623,"avg_balance_eth_mean":0.006822,"streak_best_days":5,"gas_sum_filled":0.002623},"months":{"2023-07":{"txs":0,"uniq":0,"trade":0,"nft":0,"gas":0,"bal":0,"days":0,"spread":0,"streak":0,"rank_m":250937,"pct_m":0.2668},"2023-08":{"txs":0,"uniq":0,"trade":0,"nft":0,"gas":0,"bal":0,"days":0,"spread":0,"streak":0,"rank_m":339942,"pct_m":0.361431},"2023-09":{"txs":4,"uniq":3,"trade":0,"nft":1,"gas":0.000279,"bal":0.000191,"days":1,"spread":0.033333,"streak":1,"rank_m":126458,"pct_m":0.134451,"gas_method":"estimated"},"2023-10":{"txs":4,"uniq":3,"trade":0,"nft":2,"gas":0.000074,"bal":0.000584,"days":1,"spread":0.032258,"streak":1,"rank_m":116349,"pct_m":0.123703,"gas_method":"estimated"},"2023-11":{"txs":21,"uniq":11,"trade":0,"nft":2,"gas":0.000148,"bal":0.013144,"days":4,"spread":0.133333,"streak":2,"rank_m":15975,"pct_m":0.016984,"gas_method":"exact"},"2023-12":{"txs":6,"uniq":6,"trade":0,"nft":2,"gas":0.000358,"bal":0.01422,"days":3,"spread":0.096774,"streak":1,"rank_m":48147,"pct_m":0.05119,"gas_method":"estimated"},"2024-01":{"txs":2,"uniq":2,"trade":0,"nft":1,"gas":0.000111,"bal":0.024113,"days":1,"spread":0.032258,"streak":1,"rank_m":104119,"pct_m":0.1107,"gas_method":"estimated"},"2024-02":{"txs":13,"uniq":5,"trade":0,"nft":4,"gas":0.000311,"bal":0.005965,"days":9,"spread":0.310345,"streak":2,"rank_m":49816,"pct_m":0.052964,"gas_method":"exact"},"2024-03":{"txs":16,"uniq":7,"trade":0,"nft":2,"gas":0.000291,"bal":0.013113,"days":12,"spread":0.387097,"streak":2,"rank_m":84303,"pct_m":0.089631,"gas_method":"exact"},"2024-04":{"txs":22,"uniq":9,"trade":0,"nft":2,"gas":0.000128,"bal":0.015691,"days":12,"spread":0.4,"streak":5,"rank_m":131569,"pct_m":0.139885,"gas_method":"estimated"},"2024-05":{"txs":1,"uniq":1,"trade":0,"nft":1,"gas":0.000002,"bal":0.010394,"days":1,"spread":0.032258,"streak":1,"rank_m":368293,"pct_m":0.391575,"gas_method":"estimated"},"2024-06":{"txs":0,"uniq":0,"trade":0,"nft":0,"gas":0,"bal":0.010394,"days":0,"spread":0,"streak":0,"rank_m":462352,"pct_m":0.49158},"2024-07":{"txs":0,"uniq":0,"trade":0,"nft":0,"gas":0,"bal":0.010394,"days":0,"spread":0,"streak":0,"rank_m":460854,"pct_m":0.489987},"2024-08":{"txs":0,"uniq":0,"trade":0,"nft":0,"gas":0,"bal":0.010394,"days":0,"spread":0,"streak":0,"rank_m":467800,"pct_m":0.497372},"2024-09":{"txs":0,"uniq":0,"trade":0,"nft":0,"gas":0,"bal":0.010394,"days":0,"spread":0,"streak":0,"rank_m":432962,"pct_m":0.460332},"2024-10":{"txs":6,"uniq":5,"trade":0,"nft":1,"gas":0.000001,"bal":0.003525,"days":3,"spread":0.096774,"streak":1,"rank_m":316939,"pct_m":0.336974,"gas_method":"estimated"},"2024-11":{"txs":11,"uniq":3,"trade":0,"nft":0,"gas":0.000021,"bal":0.001071,"days":2,"spread":0.066667,"streak":2,"rank_m":341603,"pct_m":0.363197,"gas_method":"exact"},"2024-12":{"txs":30,"uniq":12,"trade":0,"nft":0,"gas":0.000661,"bal":0.011669,"days":8,"spread":0.258065,"streak":3,"rank_m":129864,"pct_m":0.138073,"gas_method":"exact"},"2025-01":{"txs":4,"uniq":3,"trade":0,"nft":0,"gas":0.000078,"bal":0.004222,"days":4,"spread":0.129032,"streak":1,"rank_m":393132,"pct_m":0.417984,"gas_method":"exact"},"2025-02":{"txs":0,"uniq":0,"trade":0,"nft":0,"gas":0,"bal":0.004222,"days":0,"spread":0,"streak":0,"rank_m":595479,"pct_m":0.633123},"2025-03":{"txs":0,"uniq":0,"trade":0,"nft":0,"gas":0,"bal":0.004222,"days":0,"spread":0,"streak":0,"rank_m":579132,"pct_m":0.615742},"2025-04":{"txs":1,"uniq":1,"trade":0,"nft":0,"gas":0.000006,"bal":0.003333,"days":1,"spread":0.033333,"streak":1,"rank_m":468956,"pct_m":0.498601,"gas_method":"exact"},"2025-05":{"txs":8,"uniq":7,"trade":0,"nft":0,"gas":0.000056,"bal":0.003314,"days":1,"spread":0.032258,"streak":1,"rank_m":289368,"pct_m":0.30766,"gas_method":"estimated"},"2025-06":{"txs":0,"uniq":0,"trade":0,"nft":0,"gas":0,"bal":0.003314,"days":0,"spread":0,"streak":0,"rank_m":580410,"pct_m":0.617101},"2025-07":{"txs":0,"uniq":0,"trade":0,"nft":0,"gas":0,"bal":0.003314,"days":0,"spread":0,"streak":0,"rank_m":600767,"pct_m":0.638745},"2025-08":{"txs":11,"uniq":8,"trade":0,"nft":0,"gas":0.000077,"bal":0.003282,"days":1,"spread":0.032258,"streak":1,"rank_m":332174,"pct_m":0.353172,"gas_method":"estimated"},"2025-09":{"txs":3,"uniq":3,"trade":0,"nft":0,"gas":0.000021,"bal":0.003267,"days":1,"spread":0.033333,"streak":1,"rank_m":387221,"pct_m":0.411699,"gas_method":"estimated"},"2025-10":{"txs":0,"uniq":0,"trade":0,"nft":0,"gas":0,"bal":0.003267,"days":0,"spread":0,"streak":0,"rank_m":468774,"pct_m":0.498408}}}