{"wallet":"0xc617d8f0ee1c7951b03831f56defccc45c9a325a","rank":48379,"lifetime":{"months_active":26,"first":"2023-07","last":"2025-10","tx_sum":562,"uniq_sum":215,"trade_sum":51,"nft_sum":17,"gas_sum":0.008083,"avg_balance_eth_mean":0.059959,"streak_best_days":0,"gas_sum_filled":0.008083},"months":{"2023-07":{"txs":0,"uniq":0,"trade":0,"nft":0,"gas":0,"bal":0,"days":0,"spread":0,"streak":0,"rank_m":252599,"pct_m":0.268567},"2023-08":{"txs":64,"uniq":16,"trade":11,"nft":4,"gas":0.004,"bal":0.036811,"days":3,"spread":0.096774,"streak":0,"rank_m":58306,"pct_m":0.061991,"gas_method":"exact"},"2023-09":{"txs":40,"uniq":15,"trade":8,"nft":3,"gas":0.000464,"bal":0.182971,"days":11,"spread":0.366667,"streak":0,"rank_m":32601,"pct_m":0.034661,"gas_method":"exact"},"2023-10":{"txs":38,"uniq":14,"trade":16,"nft":0,"gas":0.000507,"bal":0.345942,"days":10,"spread":0.322581,"streak":0,"rank_m":24575,"pct_m":0.026128,"gas_method":"exact"},"2023-11":{"txs":0,"uniq":0,"trade":0,"nft":0,"gas":0,"bal":0.345942,"days":0,"spread":0,"streak":0,"rank_m":159223,"pct_m":0.169288},"2023-12":{"txs":1,"uniq":1,"trade":0,"nft":0,"gas":0.000026,"bal":0.236303,"days":1,"spread":0.032258,"streak":0,"rank_m":149019,"pct_m":0.158439,"gas_method":"estimated"},"2024-01":{"txs":1,"uniq":1,"trade":0,"nft":0,"gas":0.000021,"bal":0.115607,"days":1,"spread":0.032258,"streak":0,"rank_m":164623,"pct_m":0.175029,"gas_method":"exact"},"2024-02":{"txs":1,"uniq":1,"trade":0,"nft":0,"gas":0.000014,"bal":0.035153,"days":1,"spread":0.034483,"streak":0,"rank_m":228251,"pct_m":0.242679,"gas_method":"estimated"},"2024-03":{"txs":10,"uniq":6,"trade":6,"nft":1,"gas":0.000205,"bal":0.039711,"days":4,"spread":0.129032,"streak":0,"rank_m":156132,"pct_m":0.166001,"gas_method":"estimated"},"2024-04":{"txs":40,"uniq":14,"trade":9,"nft":0,"gas":0.000101,"bal":0.046256,"days":8,"spread":0.266667,"streak":0,"rank_m":122150,"pct_m":0.129871,"gas_method":"estimated"},"2024-05":{"txs":30,"uniq":14,"trade":0,"nft":1,"gas":0.000007,"bal":0.027492,"days":7,"spread":0.225806,"streak":0,"rank_m":153800,"pct_m":0.163522,"gas_method":"exact"},"2024-06":{"txs":20,"uniq":9,"trade":0,"nft":1,"gas":0.000001,"bal":0.015298,"days":6,"spread":0.2,"streak":0,"rank_m":191855,"pct_m":0.203983,"gas_method":"estimated"},"2024-07":{"txs":15,"uniq":8,"trade":0,"nft":0,"gas":0.000006,"bal":0.015248,"days":9,"spread":0.290323,"streak":0,"rank_m":158796,"pct_m":0.168834,"gas_method":"exact"},"2024-08":{"txs":13,"uniq":5,"trade":0,"nft":0,"gas":0.000001,"bal":0.015235,"days":5,"spread":0.16129,"streak":0,"rank_m":269956,"pct_m":0.287021,"gas_method":"estimated"},"2024-09":{"txs":16,"uniq":4,"trade":0,"nft":0,"gas":0.000001,"bal":0.015207,"days":8,"spread":0.266667,"streak":0,"rank_m":157222,"pct_m":0.16716,"gas_method":"exact"},"2024-10":{"txs":17,"uniq":7,"trade":0,"nft":3,"gas":0.000001,"bal":0.015156,"days":6,"spread":0.193548,"streak":0,"rank_m":186556,"pct_m":0.198349,"gas_method":"estimated"},"2024-11":{"txs":25,"uniq":11,"trade":0,"nft":0,"gas":0.000057,"bal":0.015049,"days":8,"spread":0.266667,"streak":0,"rank_m":181284,"pct_m":0.192743,"gas_method":"exact"},"2024-12":{"txs":14,"uniq":5,"trade":0,"nft":0,"gas":0.000309,"bal":0.014787,"days":6,"spread":0.193548,"streak":0,"rank_m":297702,"pct_m":0.316521,"gas_method":"exact"},"2025-01":{"txs":44,"uniq":19,"trade":0,"nft":0,"gas":0.001143,"bal":0.0144,"days":11,"spread":0.354839,"streak":0,"rank_m":117604,"pct_m":0.125038,"gas_method":"exact"},"2025-02":{"txs":35,"uniq":13,"trade":1,"nft":0,"gas":0.000246,"bal":0.017708,"days":9,"spread":0.321429,"streak":0,"rank_m":84446,"pct_m":0.089783,"gas_method":"exact"},"2025-03":{"txs":12,"uniq":6,"trade":0,"nft":0,"gas":0.000095,"bal":0.017136,"days":4,"spread":0.129032,"streak":0,"rank_m":219375,"pct_m":0.233242,"gas_method":"exact"},"2025-04":{"txs":8,"uniq":2,"trade":0,"nft":0,"gas":0.000048,"bal":0.01618,"days":5,"spread":0.166667,"streak":0,"rank_m":268661,"pct_m":0.285644,"gas_method":"exact"},"2025-05":{"txs":5,"uniq":1,"trade":0,"nft":0,"gas":0.000035,"bal":0.016135,"days":3,"spread":0.096774,"streak":0,"rank_m":261902,"pct_m":0.278458,"gas_method":"estimated"},"2025-06":{"txs":8,"uniq":2,"trade":0,"nft":0,"gas":0.000056,"bal":0.016028,"days":4,"spread":0.133333,"streak":0,"rank_m":264559,"pct_m":0.281283,"gas_method":"estimated"},"2025-07":{"txs":35,"uniq":13,"trade":0,"nft":2,"gas":0.000246,"bal":0.015967,"days":6,"spread":0.193548,"streak":0,"rank_m":124707,"pct_m":0.13259,"gas_method":"estimated"},"2025-08":{"txs":21,"uniq":6,"trade":0,"nft":0,"gas":0.000148,"bal":0.015812,"days":8,"spread":0.258065,"streak":0,"rank_m":183509,"pct_m":0.195109,"gas_method":"estimated"},"2025-09":{"txs":17,"uniq":6,"trade":0,"nft":0,"gas":0.00012,"bal":0.015693,"days":5,"spread":0.166667,"streak":0,"rank_m":204908,"pct_m":0.217861,"gas_method":"estimated"},"2025-10":{"txs":32,"uniq":16,"trade":0,"nft":2,"gas":0.000225,"bal":0.015631,"days":6,"spread":0.193548,"streak":0,"rank_m":56794,"pct_m":0.060383,"gas_method":"estimated"}}}