{"wallet":"0xc69bc78230690166e6a472c8c12491b9f145d263","rank":392298,"lifetime":{"months_active":12,"first":"2023-07","last":"2025-10","tx_sum":190,"uniq_sum":74,"trade_sum":1,"nft_sum":5,"gas_sum":0.006338,"avg_balance_eth_mean":0.002463,"streak_best_days":13,"gas_sum_filled":0.006338},"months":{"2023-07":{"txs":15,"uniq":8,"trade":0,"nft":2,"gas":0.00244,"bal":0.000291,"days":1,"spread":0.032258,"streak":1,"rank_m":10427,"pct_m":0.011085,"gas_method":"exact"},"2023-08":{"txs":9,"uniq":8,"trade":0,"nft":0,"gas":0.001776,"bal":0.00649,"days":1,"spread":0.032258,"streak":1,"rank_m":92690,"pct_m":0.098549,"gas_method":"exact"},"2023-09":{"txs":0,"uniq":0,"trade":0,"nft":0,"gas":0,"bal":0.00649,"days":0,"spread":0,"streak":0,"rank_m":155198,"pct_m":0.165008},"2023-10":{"txs":0,"uniq":0,"trade":0,"nft":0,"gas":0,"bal":0.00649,"days":0,"spread":0,"streak":0,"rank_m":160421,"pct_m":0.170561},"2023-11":{"txs":0,"uniq":0,"trade":0,"nft":0,"gas":0,"bal":0.00649,"days":0,"spread":0,"streak":0,"rank_m":171537,"pct_m":0.18238},"2023-12":{"txs":2,"uniq":2,"trade":0,"nft":0,"gas":0.000077,"bal":0.005206,"days":2,"spread":0.064516,"streak":1,"rank_m":114122,"pct_m":0.121335,"gas_method":"estimated"},"2024-01":{"txs":0,"uniq":0,"trade":0,"nft":0,"gas":0,"bal":0.005206,"days":0,"spread":0,"streak":0,"rank_m":208688,"pct_m":0.22188},"2024-02":{"txs":0,"uniq":0,"trade":0,"nft":0,"gas":0,"bal":0.005206,"days":0,"spread":0,"streak":0,"rank_m":277986,"pct_m":0.295559},"2024-03":{"txs":49,"uniq":14,"trade":0,"nft":0,"gas":0.001495,"bal":0.000375,"days":9,"spread":0.290323,"streak":7,"rank_m":181567,"pct_m":0.193044,"gas_method":"estimated"},"2024-04":{"txs":73,"uniq":15,"trade":0,"nft":2,"gas":0.000432,"bal":0.003824,"days":11,"spread":0.366667,"streak":6,"rank_m":87300,"pct_m":0.092818,"gas_method":"exact"},"2024-05":{"txs":16,"uniq":9,"trade":0,"nft":1,"gas":0.00002,"bal":0.004201,"days":5,"spread":0.16129,"streak":2,"rank_m":242231,"pct_m":0.257543,"gas_method":"estimated"},"2024-06":{"txs":10,"uniq":5,"trade":0,"nft":0,"gas":0,"bal":0.001736,"days":4,"spread":0.133333,"streak":1,"rank_m":274094,"pct_m":0.291421,"gas_method":"exact"},"2024-07":{"txs":3,"uniq":2,"trade":0,"nft":0,"gas":0.000001,"bal":0.002193,"days":1,"spread":0.032258,"streak":1,"rank_m":420855,"pct_m":0.447459,"gas_method":"estimated"},"2024-08":{"txs":3,"uniq":3,"trade":0,"nft":0,"gas":0,"bal":0.001988,"days":1,"spread":0.032258,"streak":1,"rank_m":422936,"pct_m":0.449672,"gas_method":"estimated"},"2024-09":{"txs":1,"uniq":1,"trade":0,"nft":0,"gas":0,"bal":0.001248,"days":1,"spread":0.033333,"streak":1,"rank_m":432611,"pct_m":0.459959,"gas_method":"estimated"},"2024-10":{"txs":0,"uniq":0,"trade":0,"nft":0,"gas":0,"bal":0.001248,"days":0,"spread":0,"streak":0,"rank_m":580247,"pct_m":0.616928},"2024-11":{"txs":4,"uniq":3,"trade":0,"nft":0,"gas":0.000009,"bal":0.001242,"days":3,"spread":0.1,"streak":2,"rank_m":377847,"pct_m":0.401733,"gas_method":"exact"},"2024-12":{"txs":5,"uniq":4,"trade":1,"nft":0,"gas":0.000088,"bal":0.000823,"days":1,"spread":0.032258,"streak":1,"rank_m":419539,"pct_m":0.44606,"gas_method":"exact"},"2025-01":{"txs":0,"uniq":0,"trade":0,"nft":0,"gas":0,"bal":0.000823,"days":0,"spread":0,"streak":0,"rank_m":640866,"pct_m":0.681379},"2025-02":{"txs":0,"uniq":0,"trade":0,"nft":0,"gas":0,"bal":0.000823,"days":0,"spread":0,"streak":0,"rank_m":657444,"pct_m":0.699005},"2025-03":{"txs":0,"uniq":0,"trade":0,"nft":0,"gas":0,"bal":0.000823,"days":0,"spread":0,"streak":0,"rank_m":653999,"pct_m":0.695342},"2025-04":{"txs":0,"uniq":0,"trade":0,"nft":0,"gas":0,"bal":0.000823,"days":0,"spread":0,"streak":0,"rank_m":682918,"pct_m":0.72609},"2025-05":{"txs":0,"uniq":0,"trade":0,"nft":0,"gas":0,"bal":0.000823,"days":0,"spread":0,"streak":0,"rank_m":678888,"pct_m":0.721805},"2025-06":{"txs":0,"uniq":0,"trade":0,"nft":0,"gas":0,"bal":0.000823,"days":0,"spread":0,"streak":0,"rank_m":678139,"pct_m":0.721008},"2025-07":{"txs":0,"uniq":0,"trade":0,"nft":0,"gas":0,"bal":0.000823,"days":0,"spread":0,"streak":0,"rank_m":696738,"pct_m":0.740783},"2025-08":{"txs":0,"uniq":0,"trade":0,"nft":0,"gas":0,"bal":0.000823,"days":0,"spread":0,"streak":0,"rank_m":676726,"pct_m":0.719506},"2025-09":{"txs":0,"uniq":0,"trade":0,"nft":0,"gas":0,"bal":0.000823,"days":0,"spread":0,"streak":0,"rank_m":657875,"pct_m":0.699463},"2025-10":{"txs":0,"uniq":0,"trade":0,"nft":0,"gas":0,"bal":0.000823,"days":0,"spread":0,"streak":0,"rank_m":579354,"pct_m":0.615978}}}