{"wallet":"0xc6da301d648c899e5bec841d6bf64af15144516a","rank":736789,"lifetime":{"months_active":9,"first":"2023-07","last":"2025-10","tx_sum":123,"uniq_sum":37,"trade_sum":1,"nft_sum":32,"gas_sum":0.000938,"avg_balance_eth_mean":0.004828,"streak_best_days":7,"gas_sum_filled":0.000938},"months":{"2023-07":{"txs":0,"uniq":0,"trade":0,"nft":0,"gas":0,"bal":0,"days":0,"spread":0,"streak":0,"rank_m":249937,"pct_m":0.265736},"2023-08":{"txs":10,"uniq":6,"trade":0,"nft":6,"gas":0.000352,"bal":0.000793,"days":8,"spread":0.258065,"streak":7,"rank_m":77025,"pct_m":0.081893,"gas_method":"exact"},"2023-09":{"txs":0,"uniq":0,"trade":0,"nft":0,"gas":0,"bal":0.000793,"days":0,"spread":0,"streak":0,"rank_m":183951,"pct_m":0.195579},"2023-10":{"txs":0,"uniq":0,"trade":0,"nft":0,"gas":0,"bal":0.000793,"days":0,"spread":0,"streak":0,"rank_m":186713,"pct_m":0.198516},"2023-11":{"txs":0,"uniq":0,"trade":0,"nft":0,"gas":0,"bal":0.000793,"days":0,"spread":0,"streak":0,"rank_m":193180,"pct_m":0.205391},"2023-12":{"txs":0,"uniq":0,"trade":0,"nft":0,"gas":0,"bal":0.000793,"days":0,"spread":0,"streak":0,"rank_m":215361,"pct_m":0.228975},"2024-01":{"txs":0,"uniq":0,"trade":0,"nft":0,"gas":0,"bal":0.000793,"days":0,"spread":0,"streak":0,"rank_m":223888,"pct_m":0.238041},"2024-02":{"txs":1,"uniq":1,"trade":0,"nft":1,"gas":0.000033,"bal":0.002834,"days":1,"spread":0.034483,"streak":1,"rank_m":210953,"pct_m":0.224288,"gas_method":"estimated"},"2024-03":{"txs":0,"uniq":0,"trade":0,"nft":0,"gas":0,"bal":0.002834,"days":0,"spread":0,"streak":0,"rank_m":373503,"pct_m":0.397114},"2024-04":{"txs":64,"uniq":18,"trade":1,"nft":8,"gas":0.000386,"bal":0.004139,"days":6,"spread":0.2,"streak":2,"rank_m":143982,"pct_m":0.153083,"gas_method":"estimated"},"2024-05":{"txs":1,"uniq":1,"trade":0,"nft":1,"gas":0.000019,"bal":0.003443,"days":1,"spread":0.032258,"streak":1,"rank_m":364295,"pct_m":0.387324,"gas_method":"exact"},"2024-06":{"txs":0,"uniq":0,"trade":0,"nft":0,"gas":0,"bal":0.003443,"days":0,"spread":0,"streak":0,"rank_m":500824,"pct_m":0.532484},"2024-07":{"txs":0,"uniq":0,"trade":0,"nft":0,"gas":0,"bal":0.003443,"days":0,"spread":0,"streak":0,"rank_m":507706,"pct_m":0.539801},"2024-08":{"txs":9,"uniq":9,"trade":0,"nft":11,"gas":0.000002,"bal":0.00324,"days":1,"spread":0.032258,"streak":1,"rank_m":291622,"pct_m":0.310057,"gas_method":"estimated"},"2024-09":{"txs":11,"uniq":0,"trade":0,"nft":5,"gas":0.000001,"bal":0.002376,"days":4,"spread":0.133333,"streak":2,"rank_m":245238,"pct_m":0.26074,"gas_method":"estimated"},"2024-10":{"txs":5,"uniq":1,"trade":0,"nft":0,"gas":0.000001,"bal":0.003612,"days":2,"spread":0.064516,"streak":2,"rank_m":384776,"pct_m":0.4091,"gas_method":"estimated"},"2024-11":{"txs":16,"uniq":1,"trade":0,"nft":0,"gas":0.000034,"bal":0.008514,"days":3,"spread":0.1,"streak":2,"rank_m":265266,"pct_m":0.282034,"gas_method":"exact"},"2024-12":{"txs":6,"uniq":0,"trade":0,"nft":0,"gas":0.00011,"bal":0.008413,"days":2,"spread":0.064516,"streak":1,"rank_m":422737,"pct_m":0.44946,"gas_method":"exact"},"2025-01":{"txs":0,"uniq":0,"trade":0,"nft":0,"gas":0,"bal":0.008413,"days":0,"spread":0,"streak":0,"rank_m":570889,"pct_m":0.606978},"2025-02":{"txs":0,"uniq":0,"trade":0,"nft":0,"gas":0,"bal":0.008413,"days":0,"spread":0,"streak":0,"rank_m":564286,"pct_m":0.599958},"2025-03":{"txs":0,"uniq":0,"trade":0,"nft":0,"gas":0,"bal":0.008413,"days":0,"spread":0,"streak":0,"rank_m":545404,"pct_m":0.579882},"2025-04":{"txs":0,"uniq":0,"trade":0,"nft":0,"gas":0,"bal":0.008413,"days":0,"spread":0,"streak":0,"rank_m":583084,"pct_m":0.619944},"2025-05":{"txs":0,"uniq":0,"trade":0,"nft":0,"gas":0,"bal":0.008413,"days":0,"spread":0,"streak":0,"rank_m":492415,"pct_m":0.523543},"2025-06":{"txs":0,"uniq":0,"trade":0,"nft":0,"gas":0,"bal":0.008413,"days":0,"spread":0,"streak":0,"rank_m":494115,"pct_m":0.525351},"2025-07":{"txs":0,"uniq":0,"trade":0,"nft":0,"gas":0,"bal":0.008413,"days":0,"spread":0,"streak":0,"rank_m":518515,"pct_m":0.551293},"2025-08":{"txs":0,"uniq":0,"trade":0,"nft":0,"gas":0,"bal":0.008413,"days":0,"spread":0,"streak":0,"rank_m":489449,"pct_m":0.52039},"2025-09":{"txs":0,"uniq":0,"trade":0,"nft":0,"gas":0,"bal":0.008413,"days":0,"spread":0,"streak":0,"rank_m":482968,"pct_m":0.513499},"2025-10":{"txs":0,"uniq":0,"trade":0,"nft":0,"gas":0,"bal":0.008413,"days":0,"spread":0,"streak":0,"rank_m":377269,"pct_m":0.401118}}}