{"wallet":"0xc6d075831325a4d678c72e856ab354e885845333","rank":202685,"lifetime":{"months_active":24,"first":"2023-07","last":"2025-10","tx_sum":282,"uniq_sum":110,"trade_sum":14,"nft_sum":30,"gas_sum":0.007187,"avg_balance_eth_mean":0.00308,"streak_best_days":0,"gas_sum_filled":0.007187},"months":{"2023-07":{"txs":0,"uniq":0,"trade":0,"nft":0,"gas":0,"bal":0,"days":0,"spread":0,"streak":0,"rank_m":250062,"pct_m":0.265869},"2023-08":{"txs":0,"uniq":0,"trade":0,"nft":0,"gas":0,"bal":0,"days":0,"spread":0,"streak":0,"rank_m":339163,"pct_m":0.360603},"2023-09":{"txs":1,"uniq":1,"trade":0,"nft":0,"gas":0.000032,"bal":0.000106,"days":1,"spread":0.033333,"streak":0,"rank_m":150185,"pct_m":0.159678,"gas_method":"exact"},"2023-10":{"txs":8,"uniq":4,"trade":0,"nft":0,"gas":0.000179,"bal":0.00013,"days":1,"spread":0.032258,"streak":0,"rank_m":154843,"pct_m":0.164631,"gas_method":"estimated"},"2023-11":{"txs":2,"uniq":1,"trade":0,"nft":0,"gas":0.000077,"bal":0.000192,"days":1,"spread":0.033333,"streak":0,"rank_m":173828,"pct_m":0.184816,"gas_method":"estimated"},"2023-12":{"txs":7,"uniq":4,"trade":0,"nft":2,"gas":0.000507,"bal":0.000136,"days":3,"spread":0.096774,"streak":0,"rank_m":162262,"pct_m":0.172519,"gas_method":"estimated"},"2024-01":{"txs":35,"uniq":11,"trade":4,"nft":2,"gas":0.002362,"bal":0.000506,"days":2,"spread":0.064516,"streak":0,"rank_m":128625,"pct_m":0.136755,"gas_method":"estimated"},"2024-02":{"txs":3,"uniq":2,"trade":0,"nft":3,"gas":0.000114,"bal":0.003127,"days":3,"spread":0.103448,"streak":0,"rank_m":199498,"pct_m":0.212109,"gas_method":"estimated"},"2024-03":{"txs":103,"uniq":6,"trade":0,"nft":2,"gas":0.003054,"bal":0.005155,"days":5,"spread":0.16129,"streak":0,"rank_m":143355,"pct_m":0.152417,"gas_method":"exact"},"2024-04":{"txs":21,"uniq":14,"trade":0,"nft":9,"gas":0.000148,"bal":0.001706,"days":10,"spread":0.333333,"streak":0,"rank_m":268077,"pct_m":0.285023,"gas_method":"estimated"},"2024-05":{"txs":9,"uniq":4,"trade":0,"nft":1,"gas":0.000021,"bal":0.001487,"days":3,"spread":0.096774,"streak":0,"rank_m":401788,"pct_m":0.427187,"gas_method":"estimated"},"2024-06":{"txs":0,"uniq":0,"trade":0,"nft":0,"gas":0,"bal":0.001487,"days":0,"spread":0,"streak":0,"rank_m":519641,"pct_m":0.552491},"2024-07":{"txs":1,"uniq":1,"trade":0,"nft":2,"gas":0,"bal":0.000143,"days":1,"spread":0.032258,"streak":0,"rank_m":499322,"pct_m":0.530887,"gas_method":"estimated"},"2024-08":{"txs":2,"uniq":2,"trade":0,"nft":2,"gas":0.000001,"bal":0.000197,"days":2,"spread":0.064516,"streak":0,"rank_m":485580,"pct_m":0.516276,"gas_method":"estimated"},"2024-09":{"txs":1,"uniq":1,"trade":0,"nft":1,"gas":0,"bal":0.000159,"days":1,"spread":0.033333,"streak":0,"rank_m":490620,"pct_m":0.521635,"gas_method":"estimated"},"2024-10":{"txs":2,"uniq":2,"trade":0,"nft":1,"gas":0,"bal":0.000069,"days":2,"spread":0.064516,"streak":0,"rank_m":532358,"pct_m":0.566011,"gas_method":"estimated"},"2024-11":{"txs":23,"uniq":15,"trade":1,"nft":3,"gas":0.000044,"bal":0.001284,"days":11,"spread":0.366667,"streak":0,"rank_m":201530,"pct_m":0.214269,"gas_method":"exact"},"2024-12":{"txs":6,"uniq":4,"trade":0,"nft":0,"gas":0.000132,"bal":0.001502,"days":3,"spread":0.096774,"streak":0,"rank_m":454188,"pct_m":0.4829,"gas_method":"exact"},"2025-01":{"txs":6,"uniq":1,"trade":0,"nft":0,"gas":0.000156,"bal":0.005049,"days":1,"spread":0.032258,"streak":0,"rank_m":459377,"pct_m":0.488417,"gas_method":"exact"},"2025-02":{"txs":3,"uniq":3,"trade":0,"nft":0,"gas":0.000021,"bal":0.003935,"days":2,"spread":0.071429,"streak":0,"rank_m":423936,"pct_m":0.450735,"gas_method":"exact"},"2025-03":{"txs":0,"uniq":0,"trade":0,"nft":0,"gas":0,"bal":0.003935,"days":0,"spread":0,"streak":0,"rank_m":583469,"pct_m":0.620354},"2025-04":{"txs":5,"uniq":5,"trade":0,"nft":1,"gas":0.00003,"bal":0.001242,"days":4,"spread":0.133333,"streak":0,"rank_m":338248,"pct_m":0.35963,"gas_method":"exact"},"2025-05":{"txs":1,"uniq":1,"trade":0,"nft":0,"gas":0.000007,"bal":0.000763,"days":1,"spread":0.032258,"streak":0,"rank_m":585746,"pct_m":0.622775,"gas_method":"estimated"},"2025-06":{"txs":8,"uniq":6,"trade":0,"nft":1,"gas":0.000056,"bal":0.009737,"days":2,"spread":0.066667,"streak":0,"rank_m":261186,"pct_m":0.277697,"gas_method":"estimated"},"2025-07":{"txs":5,"uniq":5,"trade":0,"nft":0,"gas":0.000035,"bal":0.036625,"days":4,"spread":0.129032,"streak":0,"rank_m":231020,"pct_m":0.245624,"gas_method":"estimated"},"2025-08":{"txs":1,"uniq":1,"trade":0,"nft":0,"gas":0.000007,"bal":0.000044,"days":1,"spread":0.032258,"streak":0,"rank_m":704939,"pct_m":0.749503,"gas_method":"estimated"},"2025-09":{"txs":25,"uniq":13,"trade":9,"nft":0,"gas":0.000176,"bal":0.002186,"days":6,"spread":0.2,"streak":0,"rank_m":220225,"pct_m":0.234146,"gas_method":"estimated"},"2025-10":{"txs":4,"uniq":3,"trade":0,"nft":0,"gas":0.000028,"bal":0.005352,"days":2,"spread":0.064516,"streak":0,"rank_m":259107,"pct_m":0.275486,"gas_method":"estimated"}}}