{"wallet":"0xc6cd87ffab49c9abf11c5903a6287c0db129e391","rank":35636,"lifetime":{"months_active":15,"first":"2023-07","last":"2025-10","tx_sum":679,"uniq_sum":148,"trade_sum":60,"nft_sum":16,"gas_sum":0.02216,"avg_balance_eth_mean":0.075507,"streak_best_days":13,"gas_sum_filled":0.02216},"months":{"2023-07":{"txs":0,"uniq":0,"trade":0,"nft":0,"gas":0,"bal":0,"days":0,"spread":0,"streak":0,"rank_m":250112,"pct_m":0.265922},"2023-08":{"txs":119,"uniq":12,"trade":0,"nft":4,"gas":0.01348,"bal":0.189522,"days":21,"spread":0.677419,"streak":13,"rank_m":10918,"pct_m":0.011607,"gas_method":"exact"},"2023-09":{"txs":0,"uniq":0,"trade":0,"nft":0,"gas":0,"bal":0.189522,"days":0,"spread":0,"streak":0,"rank_m":151336,"pct_m":0.160902},"2023-10":{"txs":0,"uniq":0,"trade":0,"nft":0,"gas":0,"bal":0.189522,"days":0,"spread":0,"streak":0,"rank_m":152703,"pct_m":0.162355},"2023-11":{"txs":0,"uniq":0,"trade":0,"nft":0,"gas":0,"bal":0.189522,"days":0,"spread":0,"streak":0,"rank_m":159438,"pct_m":0.169516},"2023-12":{"txs":0,"uniq":0,"trade":0,"nft":0,"gas":0,"bal":0.189522,"days":0,"spread":0,"streak":0,"rank_m":183798,"pct_m":0.195416},"2024-01":{"txs":0,"uniq":0,"trade":0,"nft":0,"gas":0,"bal":0.189522,"days":0,"spread":0,"streak":0,"rank_m":195322,"pct_m":0.207669},"2024-02":{"txs":1,"uniq":1,"trade":0,"nft":0,"gas":0.000025,"bal":0.00211,"days":1,"spread":0.034483,"streak":1,"rank_m":236037,"pct_m":0.250958,"gas_method":"estimated"},"2024-03":{"txs":122,"uniq":23,"trade":31,"nft":5,"gas":0.004596,"bal":0.02697,"days":10,"spread":0.322581,"streak":8,"rank_m":12606,"pct_m":0.013402,"gas_method":"estimated"},"2024-04":{"txs":150,"uniq":27,"trade":28,"nft":3,"gas":0.000052,"bal":0.092604,"days":13,"spread":0.433333,"streak":5,"rank_m":10618,"pct_m":0.011288,"gas_method":"exact"},"2024-05":{"txs":4,"uniq":3,"trade":0,"nft":0,"gas":0.000006,"bal":0.017606,"days":1,"spread":0.032258,"streak":1,"rank_m":332441,"pct_m":0.353456,"gas_method":"estimated"},"2024-06":{"txs":0,"uniq":0,"trade":0,"nft":0,"gas":0,"bal":0.017606,"days":0,"spread":0,"streak":0,"rank_m":443960,"pct_m":0.472025},"2024-07":{"txs":1,"uniq":0,"trade":0,"nft":0,"gas":0,"bal":0.004005,"days":1,"spread":0.032258,"streak":1,"rank_m":435630,"pct_m":0.463169,"gas_method":"estimated"},"2024-08":{"txs":1,"uniq":1,"trade":0,"nft":1,"gas":0,"bal":0.003805,"days":1,"spread":0.032258,"streak":1,"rank_m":398223,"pct_m":0.423397,"gas_method":"estimated"},"2024-09":{"txs":0,"uniq":0,"trade":0,"nft":0,"gas":0,"bal":0.003805,"days":0,"spread":0,"streak":0,"rank_m":486184,"pct_m":0.516918},"2024-10":{"txs":31,"uniq":13,"trade":0,"nft":2,"gas":0.000004,"bal":0.003512,"days":2,"spread":0.064516,"streak":1,"rank_m":227523,"pct_m":0.241905,"gas_method":"estimated"},"2024-11":{"txs":71,"uniq":21,"trade":0,"nft":1,"gas":0.000159,"bal":0.026166,"days":9,"spread":0.3,"streak":2,"rank_m":45335,"pct_m":0.0482,"gas_method":"exact"},"2024-12":{"txs":28,"uniq":11,"trade":0,"nft":0,"gas":0.000617,"bal":0.06703,"days":4,"spread":0.129032,"streak":1,"rank_m":168186,"pct_m":0.178817,"gas_method":"exact"},"2025-01":{"txs":114,"uniq":20,"trade":0,"nft":0,"gas":0.002961,"bal":0.142963,"days":9,"spread":0.290323,"streak":4,"rank_m":25028,"pct_m":0.026609,"gas_method":"exact"},"2025-02":{"txs":29,"uniq":11,"trade":0,"nft":0,"gas":0.000204,"bal":0.049599,"days":3,"spread":0.107143,"streak":1,"rank_m":102781,"pct_m":0.109278,"gas_method":"exact"},"2025-03":{"txs":0,"uniq":0,"trade":0,"nft":0,"gas":0,"bal":0.049599,"days":0,"spread":0,"streak":0,"rank_m":483748,"pct_m":0.514328},"2025-04":{"txs":0,"uniq":0,"trade":0,"nft":0,"gas":0,"bal":0.049599,"days":0,"spread":0,"streak":0,"rank_m":525166,"pct_m":0.558365},"2025-05":{"txs":0,"uniq":0,"trade":0,"nft":0,"gas":0,"bal":0.049599,"days":0,"spread":0,"streak":0,"rank_m":364237,"pct_m":0.387262},"2025-06":{"txs":0,"uniq":0,"trade":0,"nft":0,"gas":0,"bal":0.049599,"days":0,"spread":0,"streak":0,"rank_m":368434,"pct_m":0.391725},"2025-07":{"txs":0,"uniq":0,"trade":0,"nft":0,"gas":0,"bal":0.049599,"days":0,"spread":0,"streak":0,"rank_m":392843,"pct_m":0.417677},"2025-08":{"txs":2,"uniq":2,"trade":1,"nft":0,"gas":0.000014,"bal":0.052949,"days":1,"spread":0.032258,"streak":1,"rank_m":203557,"pct_m":0.216424,"gas_method":"estimated"},"2025-09":{"txs":4,"uniq":1,"trade":0,"nft":0,"gas":0.000028,"bal":0.072887,"days":1,"spread":0.033333,"streak":1,"rank_m":233749,"pct_m":0.248525,"gas_method":"estimated"},"2025-10":{"txs":2,"uniq":2,"trade":0,"nft":0,"gas":0.000014,"bal":0.145458,"days":1,"spread":0.032258,"streak":1,"rank_m":103216,"pct_m":0.10974,"gas_method":"estimated"}}}