{"wallet":"0xc6a30ea01be5df1fc4b14e2a2a3a1723a124cdd4","rank":312448,"lifetime":{"months_active":21,"first":"2023-07","last":"2025-10","tx_sum":195,"uniq_sum":121,"trade_sum":4,"nft_sum":27,"gas_sum":0.000896,"avg_balance_eth_mean":0.006145,"streak_best_days":3,"gas_sum_filled":0.000896},"months":{"2023-07":{"txs":0,"uniq":0,"trade":0,"nft":0,"gas":0,"bal":0,"days":0,"spread":0,"streak":0,"rank_m":250682,"pct_m":0.266529},"2023-08":{"txs":0,"uniq":0,"trade":0,"nft":0,"gas":0,"bal":0,"days":0,"spread":0,"streak":0,"rank_m":339716,"pct_m":0.361191},"2023-09":{"txs":6,"uniq":3,"trade":0,"nft":1,"gas":0.000049,"bal":0.000092,"days":2,"spread":0.066667,"streak":1,"rank_m":105210,"pct_m":0.11186,"gas_method":"exact"},"2023-10":{"txs":6,"uniq":2,"trade":0,"nft":0,"gas":0.000079,"bal":0.000084,"days":1,"spread":0.032258,"streak":1,"rank_m":109602,"pct_m":0.11653,"gas_method":"exact"},"2023-11":{"txs":4,"uniq":3,"trade":0,"nft":0,"gas":0.000049,"bal":0.000034,"days":1,"spread":0.033333,"streak":1,"rank_m":153858,"pct_m":0.163584,"gas_method":"estimated"},"2023-12":{"txs":0,"uniq":0,"trade":0,"nft":0,"gas":0,"bal":0.000034,"days":0,"spread":0,"streak":0,"rank_m":262267,"pct_m":0.278846},"2024-01":{"txs":4,"uniq":3,"trade":0,"nft":0,"gas":0.000068,"bal":0.000737,"days":1,"spread":0.032258,"streak":1,"rank_m":133285,"pct_m":0.14171,"gas_method":"exact"},"2024-02":{"txs":0,"uniq":0,"trade":0,"nft":0,"gas":0,"bal":0.000737,"days":0,"spread":0,"streak":0,"rank_m":295407,"pct_m":0.314081},"2024-03":{"txs":7,"uniq":3,"trade":0,"nft":0,"gas":0.000128,"bal":0.000766,"days":2,"spread":0.064516,"streak":1,"rank_m":310233,"pct_m":0.329844,"gas_method":"estimated"},"2024-04":{"txs":37,"uniq":21,"trade":0,"nft":5,"gas":0.000083,"bal":0.00233,"days":7,"spread":0.233333,"streak":2,"rank_m":190933,"pct_m":0.203002,"gas_method":"estimated"},"2024-05":{"txs":51,"uniq":27,"trade":1,"nft":10,"gas":0.000165,"bal":0.009976,"days":6,"spread":0.193548,"streak":1,"rank_m":61669,"pct_m":0.065567,"gas_method":"exact"},"2024-06":{"txs":19,"uniq":13,"trade":0,"nft":3,"gas":0.000001,"bal":0.014955,"days":6,"spread":0.2,"streak":3,"rank_m":99414,"pct_m":0.105698,"gas_method":"estimated"},"2024-07":{"txs":11,"uniq":8,"trade":1,"nft":1,"gas":0.000001,"bal":0.016003,"days":4,"spread":0.129032,"streak":1,"rank_m":131655,"pct_m":0.139977,"gas_method":"estimated"},"2024-08":{"txs":9,"uniq":7,"trade":0,"nft":4,"gas":0.000001,"bal":0.011575,"days":3,"spread":0.096774,"streak":1,"rank_m":188725,"pct_m":0.200655,"gas_method":"exact"},"2024-09":{"txs":6,"uniq":5,"trade":0,"nft":2,"gas":0,"bal":0.008711,"days":2,"spread":0.066667,"streak":1,"rank_m":214108,"pct_m":0.227642,"gas_method":"estimated"},"2024-10":{"txs":4,"uniq":3,"trade":0,"nft":1,"gas":0,"bal":0.011526,"days":1,"spread":0.032258,"streak":1,"rank_m":312080,"pct_m":0.331808,"gas_method":"estimated"},"2024-11":{"txs":4,"uniq":3,"trade":0,"nft":0,"gas":0.000009,"bal":0.011255,"days":1,"spread":0.033333,"streak":1,"rank_m":362860,"pct_m":0.385798,"gas_method":"exact"},"2024-12":{"txs":3,"uniq":3,"trade":0,"nft":0,"gas":0.000066,"bal":0.007888,"days":1,"spread":0.032258,"streak":1,"rank_m":446509,"pct_m":0.474735,"gas_method":"exact"},"2025-01":{"txs":3,"uniq":2,"trade":0,"nft":0,"gas":0.000078,"bal":0.00956,"days":1,"spread":0.032258,"streak":1,"rank_m":419511,"pct_m":0.446031,"gas_method":"exact"},"2025-02":{"txs":1,"uniq":1,"trade":0,"nft":0,"gas":0.000007,"bal":0.009554,"days":1,"spread":0.035714,"streak":1,"rank_m":431212,"pct_m":0.458471,"gas_method":"exact"},"2025-03":{"txs":3,"uniq":3,"trade":0,"nft":0,"gas":0.000001,"bal":0.006352,"days":1,"spread":0.032258,"streak":1,"rank_m":391719,"pct_m":0.416482,"gas_method":"exact"},"2025-04":{"txs":8,"uniq":5,"trade":0,"nft":0,"gas":0.000048,"bal":0.006916,"days":1,"spread":0.033333,"streak":1,"rank_m":281633,"pct_m":0.299436,"gas_method":"exact"},"2025-05":{"txs":3,"uniq":2,"trade":0,"nft":0,"gas":0.000021,"bal":0.007181,"days":1,"spread":0.032258,"streak":1,"rank_m":302907,"pct_m":0.322055,"gas_method":"estimated"},"2025-06":{"txs":3,"uniq":2,"trade":0,"nft":0,"gas":0.000021,"bal":0.00718,"days":1,"spread":0.033333,"streak":1,"rank_m":343187,"pct_m":0.364881,"gas_method":"estimated"},"2025-07":{"txs":3,"uniq":2,"trade":2,"nft":0,"gas":0.000021,"bal":0.007154,"days":1,"spread":0.032258,"streak":1,"rank_m":306221,"pct_m":0.325579,"gas_method":"estimated"},"2025-08":{"txs":0,"uniq":0,"trade":0,"nft":0,"gas":0,"bal":0.007154,"days":0,"spread":0,"streak":0,"rank_m":505161,"pct_m":0.537095},"2025-09":{"txs":0,"uniq":0,"trade":0,"nft":0,"gas":0,"bal":0.007154,"days":0,"spread":0,"streak":0,"rank_m":498052,"pct_m":0.529537},"2025-10":{"txs":0,"uniq":0,"trade":0,"nft":0,"gas":0,"bal":0.007154,"days":0,"spread":0,"streak":0,"rank_m":393883,"pct_m":0.418782}}}