{"wallet":"0xc64b31506c2c813d7c81db05decd3c187e701e08","rank":292993,"lifetime":{"months_active":19,"first":"2023-07","last":"2025-10","tx_sum":236,"uniq_sum":116,"trade_sum":2,"nft_sum":46,"gas_sum":0.003986,"avg_balance_eth_mean":0.00247,"streak_best_days":4,"gas_sum_filled":0.003986},"months":{"2023-07":{"txs":0,"uniq":0,"trade":0,"nft":0,"gas":0,"bal":0,"days":0,"spread":0,"streak":0,"rank_m":251917,"pct_m":0.267842},"2023-08":{"txs":0,"uniq":0,"trade":0,"nft":0,"gas":0,"bal":0,"days":0,"spread":0,"streak":0,"rank_m":340820,"pct_m":0.362365},"2023-09":{"txs":0,"uniq":0,"trade":0,"nft":0,"gas":0,"bal":0,"days":0,"spread":0,"streak":0,"rank_m":361168,"pct_m":0.383999},"2023-10":{"txs":3,"uniq":2,"trade":0,"nft":0,"gas":0.000069,"bal":0.000018,"days":1,"spread":0.032258,"streak":1,"rank_m":148508,"pct_m":0.157895,"gas_method":"estimated"},"2023-11":{"txs":1,"uniq":1,"trade":0,"nft":0,"gas":0.00004,"bal":0.000518,"days":1,"spread":0.033333,"streak":1,"rank_m":155949,"pct_m":0.165807,"gas_method":"estimated"},"2023-12":{"txs":14,"uniq":13,"trade":1,"nft":12,"gas":0.001038,"bal":0.001372,"days":3,"spread":0.096774,"streak":1,"rank_m":62056,"pct_m":0.065978,"gas_method":"estimated"},"2024-01":{"txs":12,"uniq":8,"trade":0,"nft":6,"gas":0.000405,"bal":0.000915,"days":3,"spread":0.096774,"streak":1,"rank_m":64235,"pct_m":0.068295,"gas_method":"exact"},"2024-02":{"txs":10,"uniq":2,"trade":0,"nft":2,"gas":0.00039,"bal":0.000595,"days":5,"spread":0.172414,"streak":1,"rank_m":176378,"pct_m":0.187527,"gas_method":"estimated"},"2024-03":{"txs":24,"uniq":9,"trade":0,"nft":2,"gas":0.00104,"bal":0.002846,"days":9,"spread":0.290323,"streak":2,"rank_m":99184,"pct_m":0.105453,"gas_method":"exact"},"2024-04":{"txs":25,"uniq":13,"trade":0,"nft":10,"gas":0.00018,"bal":0.016672,"days":6,"spread":0.2,"streak":3,"rank_m":128319,"pct_m":0.13643,"gas_method":"estimated"},"2024-05":{"txs":6,"uniq":4,"trade":0,"nft":2,"gas":0.000014,"bal":0.003896,"days":4,"spread":0.129032,"streak":1,"rank_m":317924,"pct_m":0.338021,"gas_method":"estimated"},"2024-06":{"txs":45,"uniq":16,"trade":0,"nft":6,"gas":0.000004,"bal":0.002763,"days":13,"spread":0.433333,"streak":4,"rank_m":113987,"pct_m":0.121192,"gas_method":"estimated"},"2024-07":{"txs":5,"uniq":3,"trade":0,"nft":2,"gas":0.000002,"bal":0.003555,"days":3,"spread":0.096774,"streak":1,"rank_m":311396,"pct_m":0.331081,"gas_method":"estimated"},"2024-08":{"txs":0,"uniq":0,"trade":0,"nft":0,"gas":0,"bal":0.003555,"days":0,"spread":0,"streak":0,"rank_m":517006,"pct_m":0.549689},"2024-09":{"txs":0,"uniq":0,"trade":0,"nft":0,"gas":0,"bal":0.003555,"days":0,"spread":0,"streak":0,"rank_m":489148,"pct_m":0.52007},"2024-10":{"txs":5,"uniq":1,"trade":0,"nft":0,"gas":0.000001,"bal":0.000441,"days":1,"spread":0.032258,"streak":1,"rank_m":502922,"pct_m":0.534715,"gas_method":"estimated"},"2024-11":{"txs":21,"uniq":2,"trade":0,"nft":0,"gas":0.000048,"bal":0.00198,"days":5,"spread":0.166667,"streak":1,"rank_m":280240,"pct_m":0.297955,"gas_method":"exact"},"2024-12":{"txs":23,"uniq":18,"trade":0,"nft":2,"gas":0.000441,"bal":0.001302,"days":8,"spread":0.258065,"streak":2,"rank_m":183099,"pct_m":0.194673,"gas_method":"exact"},"2025-01":{"txs":1,"uniq":1,"trade":0,"nft":1,"gas":0.000026,"bal":0.002161,"days":1,"spread":0.032258,"streak":1,"rank_m":447902,"pct_m":0.476216,"gas_method":"exact"},"2025-02":{"txs":0,"uniq":0,"trade":0,"nft":0,"gas":0,"bal":0.002161,"days":0,"spread":0,"streak":0,"rank_m":619624,"pct_m":0.658794},"2025-03":{"txs":9,"uniq":6,"trade":1,"nft":0,"gas":0.000063,"bal":0.000941,"days":2,"spread":0.064516,"streak":2,"rank_m":251682,"pct_m":0.267592,"gas_method":"exact"},"2025-04":{"txs":0,"uniq":0,"trade":0,"nft":0,"gas":0,"bal":0.000941,"days":0,"spread":0,"streak":0,"rank_m":676641,"pct_m":0.719416},"2025-05":{"txs":0,"uniq":0,"trade":0,"nft":0,"gas":0,"bal":0.000941,"days":0,"spread":0,"streak":0,"rank_m":668649,"pct_m":0.710919},"2025-06":{"txs":2,"uniq":1,"trade":0,"nft":0,"gas":0.000014,"bal":0.000632,"days":1,"spread":0.033333,"streak":1,"rank_m":552713,"pct_m":0.587653,"gas_method":"estimated"},"2025-07":{"txs":3,"uniq":3,"trade":0,"nft":1,"gas":0.000021,"bal":0.000542,"days":3,"spread":0.096774,"streak":1,"rank_m":430884,"pct_m":0.458123,"gas_method":"estimated"},"2025-08":{"txs":13,"uniq":6,"trade":0,"nft":0,"gas":0.000091,"bal":0.000065,"days":6,"spread":0.193548,"streak":2,"rank_m":513428,"pct_m":0.545885,"gas_method":"estimated"},"2025-09":{"txs":14,"uniq":7,"trade":0,"nft":0,"gas":0.000099,"bal":0.008391,"days":5,"spread":0.166667,"streak":2,"rank_m":188120,"pct_m":0.200011,"gas_method":"estimated"},"2025-10":{"txs":0,"uniq":0,"trade":0,"nft":0,"gas":0,"bal":0.008391,"days":0,"spread":0,"streak":0,"rank_m":378058,"pct_m":0.401957}}}