{"wallet":"0xcabceec8749593cb0d1adfcf4f138570f62e858f","rank":415321,"lifetime":{"months_active":20,"first":"2023-07","last":"2025-10","tx_sum":357,"uniq_sum":174,"trade_sum":0,"nft_sum":70,"gas_sum":0.001566,"avg_balance_eth_mean":0.000224,"streak_best_days":0,"gas_sum_filled":0.001566},"months":{"2023-07":{"txs":0,"uniq":0,"trade":0,"nft":0,"gas":0,"bal":0,"days":0,"spread":0,"streak":0,"rank_m":236448,"pct_m":0.251395},"2023-08":{"txs":7,"uniq":4,"trade":0,"nft":1,"gas":0.000623,"bal":0.000093,"days":3,"spread":0.096774,"streak":0,"rank_m":145097,"pct_m":0.154269,"gas_method":"exact"},"2023-09":{"txs":0,"uniq":0,"trade":0,"nft":0,"gas":0,"bal":0.000093,"days":0,"spread":0,"streak":0,"rank_m":200538,"pct_m":0.213215},"2023-10":{"txs":1,"uniq":1,"trade":0,"nft":1,"gas":0.00001,"bal":0.000002,"days":1,"spread":0.032258,"streak":0,"rank_m":150182,"pct_m":0.159675,"gas_method":"exact"},"2023-11":{"txs":0,"uniq":0,"trade":0,"nft":0,"gas":0,"bal":0.000002,"days":0,"spread":0,"streak":0,"rank_m":240267,"pct_m":0.255455},"2023-12":{"txs":0,"uniq":0,"trade":0,"nft":0,"gas":0,"bal":0.000002,"days":0,"spread":0,"streak":0,"rank_m":267436,"pct_m":0.284342},"2024-01":{"txs":0,"uniq":0,"trade":0,"nft":0,"gas":0,"bal":0.000002,"days":0,"spread":0,"streak":0,"rank_m":282809,"pct_m":0.300687},"2024-02":{"txs":9,"uniq":6,"trade":0,"nft":12,"gas":0.00002,"bal":0.000119,"days":4,"spread":0.137931,"streak":0,"rank_m":169039,"pct_m":0.179724,"gas_method":"exact"},"2024-03":{"txs":76,"uniq":33,"trade":0,"nft":17,"gas":0.000594,"bal":0.00215,"days":15,"spread":0.483871,"streak":0,"rank_m":118515,"pct_m":0.126006,"gas_method":"estimated"},"2024-04":{"txs":85,"uniq":43,"trade":0,"nft":21,"gas":0.000038,"bal":0.002823,"days":20,"spread":0.666667,"streak":0,"rank_m":104936,"pct_m":0.111569,"gas_method":"exact"},"2024-05":{"txs":60,"uniq":27,"trade":0,"nft":12,"gas":0.000019,"bal":0.000535,"days":10,"spread":0.322581,"streak":0,"rank_m":233550,"pct_m":0.248313,"gas_method":"estimated"},"2024-06":{"txs":22,"uniq":10,"trade":0,"nft":2,"gas":0,"bal":0.000409,"days":7,"spread":0.233333,"streak":0,"rank_m":247953,"pct_m":0.263627,"gas_method":"exact"},"2024-07":{"txs":33,"uniq":17,"trade":0,"nft":1,"gas":0.000002,"bal":0.00002,"days":7,"spread":0.225806,"streak":0,"rank_m":345410,"pct_m":0.367245,"gas_method":"estimated"},"2024-08":{"txs":7,"uniq":4,"trade":0,"nft":0,"gas":0,"bal":0.000011,"days":5,"spread":0.16129,"streak":0,"rank_m":399045,"pct_m":0.424271,"gas_method":"exact"},"2024-09":{"txs":9,"uniq":7,"trade":0,"nft":0,"gas":0,"bal":0.000001,"days":2,"spread":0.066667,"streak":0,"rank_m":356031,"pct_m":0.378537,"gas_method":"exact"},"2024-10":{"txs":6,"uniq":5,"trade":0,"nft":0,"gas":0,"bal":0.000005,"days":3,"spread":0.096774,"streak":0,"rank_m":538191,"pct_m":0.572213,"gas_method":"estimated"},"2024-11":{"txs":4,"uniq":3,"trade":0,"nft":0,"gas":0.000007,"bal":0.000002,"days":2,"spread":0.066667,"streak":0,"rank_m":501013,"pct_m":0.532685,"gas_method":"exact"},"2024-12":{"txs":3,"uniq":2,"trade":0,"nft":0,"gas":0.000044,"bal":0.000001,"days":2,"spread":0.064516,"streak":0,"rank_m":591078,"pct_m":0.628444,"gas_method":"exact"},"2025-01":{"txs":2,"uniq":1,"trade":0,"nft":0,"gas":0.000026,"bal":0.000002,"days":1,"spread":0.032258,"streak":0,"rank_m":606699,"pct_m":0.645052,"gas_method":"exact"},"2025-02":{"txs":12,"uniq":5,"trade":0,"nft":1,"gas":0.000056,"bal":0.000002,"days":4,"spread":0.142857,"streak":0,"rank_m":372680,"pct_m":0.396239,"gas_method":"exact"},"2025-03":{"txs":4,"uniq":3,"trade":0,"nft":1,"gas":0.000032,"bal":0,"days":2,"spread":0.064516,"streak":0,"rank_m":453439,"pct_m":0.482103,"gas_method":"exact"},"2025-04":{"txs":6,"uniq":2,"trade":0,"nft":1,"gas":0.000018,"bal":0,"days":1,"spread":0.033333,"streak":0,"rank_m":517106,"pct_m":0.549795,"gas_method":"exact"},"2025-05":{"txs":1,"uniq":1,"trade":0,"nft":0,"gas":0.000007,"bal":0,"days":1,"spread":0.032258,"streak":0,"rank_m":742188,"pct_m":0.789106,"gas_method":"estimated"},"2025-06":{"txs":0,"uniq":0,"trade":0,"nft":0,"gas":0,"bal":0,"days":0,"spread":0,"streak":0,"rank_m":874448,"pct_m":0.929728},"2025-07":{"txs":0,"uniq":0,"trade":0,"nft":0,"gas":0,"bal":0,"days":0,"spread":0,"streak":0,"rank_m":896299,"pct_m":0.95296},"2025-08":{"txs":7,"uniq":0,"trade":0,"nft":0,"gas":0.000049,"bal":0,"days":3,"spread":0.096774,"streak":0,"rank_m":759274,"pct_m":0.807273,"gas_method":"estimated"},"2025-09":{"txs":3,"uniq":0,"trade":0,"nft":0,"gas":0.000021,"bal":0,"days":1,"spread":0.033333,"streak":0,"rank_m":809513,"pct_m":0.860688,"gas_method":"estimated"},"2025-10":{"txs":0,"uniq":0,"trade":0,"nft":0,"gas":0,"bal":0,"days":0,"spread":0,"streak":0,"rank_m":883617,"pct_m":0.939476}}}