{"wallet":"0xca3a327fc3cbb96a815bf31cf84012bba9fe1600","rank":570716,"lifetime":{"months_active":18,"first":"2023-07","last":"2025-10","tx_sum":177,"uniq_sum":80,"trade_sum":5,"nft_sum":19,"gas_sum":0.001088,"avg_balance_eth_mean":0.00111,"streak_best_days":0,"gas_sum_filled":0.001088},"months":{"2023-07":{"txs":0,"uniq":0,"trade":0,"nft":0,"gas":0,"bal":0,"days":0,"spread":0,"streak":0,"rank_m":238247,"pct_m":0.253307},"2023-08":{"txs":4,"uniq":2,"trade":0,"nft":1,"gas":0.00009,"bal":0.000022,"days":1,"spread":0.032258,"streak":0,"rank_m":159888,"pct_m":0.169995,"gas_method":"exact"},"2023-09":{"txs":7,"uniq":7,"trade":1,"nft":1,"gas":0.000055,"bal":0.006706,"days":3,"spread":0.1,"streak":0,"rank_m":78423,"pct_m":0.08338,"gas_method":"exact"},"2023-10":{"txs":0,"uniq":0,"trade":0,"nft":0,"gas":0,"bal":0.006706,"days":0,"spread":0,"streak":0,"rank_m":159399,"pct_m":0.169475},"2023-11":{"txs":4,"uniq":2,"trade":0,"nft":0,"gas":0.000055,"bal":0.003263,"days":1,"spread":0.033333,"streak":0,"rank_m":143804,"pct_m":0.152894,"gas_method":"estimated"},"2023-12":{"txs":5,"uniq":3,"trade":0,"nft":0,"gas":0.000129,"bal":0.001761,"days":1,"spread":0.032258,"streak":0,"rank_m":170751,"pct_m":0.181544,"gas_method":"estimated"},"2024-01":{"txs":2,"uniq":1,"trade":0,"nft":1,"gas":0.000048,"bal":0.000778,"days":2,"spread":0.064516,"streak":0,"rank_m":185410,"pct_m":0.19713,"gas_method":"estimated"},"2024-02":{"txs":0,"uniq":0,"trade":0,"nft":0,"gas":0,"bal":0.000778,"days":0,"spread":0,"streak":0,"rank_m":294066,"pct_m":0.312655},"2024-03":{"txs":8,"uniq":2,"trade":0,"nft":1,"gas":0.000163,"bal":0.000659,"days":3,"spread":0.096774,"streak":0,"rank_m":323702,"pct_m":0.344165,"gas_method":"estimated"},"2024-04":{"txs":12,"uniq":4,"trade":0,"nft":2,"gas":0.00003,"bal":0.000718,"days":3,"spread":0.1,"streak":0,"rank_m":399731,"pct_m":0.425,"gas_method":"estimated"},"2024-05":{"txs":2,"uniq":2,"trade":0,"nft":2,"gas":0.000002,"bal":0.000858,"days":2,"spread":0.064516,"streak":0,"rank_m":444950,"pct_m":0.473078,"gas_method":"estimated"},"2024-06":{"txs":0,"uniq":0,"trade":0,"nft":0,"gas":0,"bal":0.000858,"days":0,"spread":0,"streak":0,"rank_m":528672,"pct_m":0.562092},"2024-07":{"txs":1,"uniq":1,"trade":0,"nft":1,"gas":0,"bal":0.000849,"days":1,"spread":0.032258,"streak":0,"rank_m":480381,"pct_m":0.510749,"gas_method":"estimated"},"2024-08":{"txs":20,"uniq":7,"trade":0,"nft":3,"gas":0.000002,"bal":0.000845,"days":4,"spread":0.129032,"streak":0,"rank_m":352099,"pct_m":0.374357,"gas_method":"estimated"},"2024-09":{"txs":46,"uniq":18,"trade":0,"nft":7,"gas":0.000001,"bal":0.000505,"days":4,"spread":0.133333,"streak":0,"rank_m":177101,"pct_m":0.188296,"gas_method":"exact"},"2024-10":{"txs":15,"uniq":7,"trade":0,"nft":0,"gas":0.000001,"bal":0.000294,"days":3,"spread":0.096774,"streak":0,"rank_m":459021,"pct_m":0.488038,"gas_method":"estimated"},"2024-11":{"txs":9,"uniq":6,"trade":1,"nft":0,"gas":0.000021,"bal":0.000182,"days":3,"spread":0.1,"streak":0,"rank_m":369297,"pct_m":0.392642,"gas_method":"exact"},"2024-12":{"txs":13,"uniq":7,"trade":0,"nft":0,"gas":0.000287,"bal":0.000033,"days":4,"spread":0.129032,"streak":0,"rank_m":433088,"pct_m":0.460466,"gas_method":"exact"},"2025-01":{"txs":0,"uniq":0,"trade":0,"nft":0,"gas":0,"bal":0.000033,"days":0,"spread":0,"streak":0,"rank_m":714382,"pct_m":0.759543},"2025-02":{"txs":0,"uniq":0,"trade":0,"nft":0,"gas":0,"bal":0.000033,"days":0,"spread":0,"streak":0,"rank_m":740460,"pct_m":0.787269},"2025-03":{"txs":0,"uniq":0,"trade":0,"nft":0,"gas":0,"bal":0.000033,"days":0,"spread":0,"streak":0,"rank_m":757635,"pct_m":0.80553},"2025-04":{"txs":0,"uniq":0,"trade":0,"nft":0,"gas":0,"bal":0.000033,"days":0,"spread":0,"streak":0,"rank_m":791681,"pct_m":0.841728},"2025-05":{"txs":0,"uniq":0,"trade":0,"nft":0,"gas":0,"bal":0.000033,"days":0,"spread":0,"streak":0,"rank_m":812098,"pct_m":0.863436},"2025-06":{"txs":4,"uniq":2,"trade":0,"nft":0,"gas":0.000028,"bal":0.00002,"days":1,"spread":0.033333,"streak":0,"rank_m":685852,"pct_m":0.729209,"gas_method":"estimated"},"2025-07":{"txs":18,"uniq":3,"trade":0,"nft":0,"gas":0.000127,"bal":0.001198,"days":7,"spread":0.225806,"streak":0,"rank_m":431533,"pct_m":0.458813,"gas_method":"estimated"},"2025-08":{"txs":4,"uniq":3,"trade":3,"nft":0,"gas":0.000028,"bal":0.001886,"days":2,"spread":0.064516,"streak":0,"rank_m":369708,"pct_m":0.393079,"gas_method":"estimated"},"2025-09":{"txs":3,"uniq":3,"trade":0,"nft":0,"gas":0.000021,"bal":0.000995,"days":2,"spread":0.066667,"streak":0,"rank_m":494058,"pct_m":0.52529,"gas_method":"estimated"},"2025-10":{"txs":0,"uniq":0,"trade":0,"nft":0,"gas":0,"bal":0.000995,"days":0,"spread":0,"streak":0,"rank_m":560089,"pct_m":0.595496}}}