{"wallet":"0xca13012f885103a9e79d89a4231e338c60868e52","rank":125970,"lifetime":{"months_active":23,"first":"2023-07","last":"2025-10","tx_sum":258,"uniq_sum":183,"trade_sum":3,"nft_sum":104,"gas_sum":0.006444,"avg_balance_eth_mean":0.011848,"streak_best_days":5,"gas_sum_filled":0.006444},"months":{"2023-07":{"txs":5,"uniq":4,"trade":0,"nft":3,"gas":0.00007,"bal":0.000223,"days":3,"spread":0.096774,"streak":1,"rank_m":11886,"pct_m":0.012636,"gas_method":"exact"},"2023-08":{"txs":66,"uniq":36,"trade":0,"nft":14,"gas":0.003861,"bal":0.002637,"days":12,"spread":0.387097,"streak":4,"rank_m":23885,"pct_m":0.025394,"gas_method":"exact"},"2023-09":{"txs":19,"uniq":17,"trade":0,"nft":14,"gas":0.00048,"bal":0.006122,"days":7,"spread":0.233333,"streak":1,"rank_m":25858,"pct_m":0.027492,"gas_method":"exact"},"2023-10":{"txs":10,"uniq":7,"trade":0,"nft":5,"gas":0.000303,"bal":0.00036,"days":6,"spread":0.193548,"streak":2,"rank_m":49179,"pct_m":0.052287,"gas_method":"exact"},"2023-11":{"txs":3,"uniq":2,"trade":0,"nft":0,"gas":0.000074,"bal":0.001182,"days":2,"spread":0.066667,"streak":2,"rank_m":117593,"pct_m":0.125026,"gas_method":"estimated"},"2023-12":{"txs":8,"uniq":3,"trade":0,"nft":2,"gas":0.000368,"bal":0.000538,"days":2,"spread":0.064516,"streak":1,"rank_m":119639,"pct_m":0.127201,"gas_method":"estimated"},"2024-01":{"txs":5,"uniq":2,"trade":0,"nft":0,"gas":0.000214,"bal":0.000582,"days":4,"spread":0.129032,"streak":2,"rank_m":148563,"pct_m":0.157954,"gas_method":"estimated"},"2024-02":{"txs":7,"uniq":7,"trade":0,"nft":5,"gas":0.000169,"bal":0.002971,"days":4,"spread":0.137931,"streak":1,"rank_m":114465,"pct_m":0.1217,"gas_method":"estimated"},"2024-03":{"txs":7,"uniq":6,"trade":0,"nft":6,"gas":0.000254,"bal":0.002472,"days":5,"spread":0.16129,"streak":2,"rank_m":183640,"pct_m":0.195248,"gas_method":"estimated"},"2024-04":{"txs":11,"uniq":8,"trade":1,"nft":4,"gas":0.000049,"bal":0.001932,"days":5,"spread":0.166667,"streak":1,"rank_m":282161,"pct_m":0.299998,"gas_method":"estimated"},"2024-05":{"txs":13,"uniq":10,"trade":0,"nft":4,"gas":0.000019,"bal":0.0344,"days":9,"spread":0.290323,"streak":3,"rank_m":102789,"pct_m":0.109286,"gas_method":"estimated"},"2024-06":{"txs":5,"uniq":3,"trade":0,"nft":2,"gas":0,"bal":0.005799,"days":3,"spread":0.1,"streak":2,"rank_m":279070,"pct_m":0.296711,"gas_method":"estimated"},"2024-07":{"txs":3,"uniq":3,"trade":0,"nft":2,"gas":0.000001,"bal":0.003342,"days":3,"spread":0.096774,"streak":1,"rank_m":323252,"pct_m":0.343686,"gas_method":"estimated"},"2024-08":{"txs":37,"uniq":29,"trade":1,"nft":30,"gas":0.000006,"bal":0.002666,"days":8,"spread":0.258065,"streak":4,"rank_m":96517,"pct_m":0.102618,"gas_method":"estimated"},"2024-09":{"txs":4,"uniq":4,"trade":0,"nft":4,"gas":0,"bal":0.002434,"days":2,"spread":0.066667,"streak":1,"rank_m":275575,"pct_m":0.292995,"gas_method":"estimated"},"2024-10":{"txs":25,"uniq":19,"trade":0,"nft":9,"gas":0.000003,"bal":0.034953,"days":15,"spread":0.483871,"streak":5,"rank_m":24770,"pct_m":0.026335,"gas_method":"exact"},"2024-11":{"txs":3,"uniq":3,"trade":0,"nft":0,"gas":0.000007,"bal":0.084734,"days":3,"spread":0.1,"streak":1,"rank_m":316556,"pct_m":0.336567,"gas_method":"exact"},"2024-12":{"txs":5,"uniq":5,"trade":1,"nft":0,"gas":0.00011,"bal":0.032326,"days":4,"spread":0.129032,"streak":2,"rank_m":253809,"pct_m":0.269853,"gas_method":"exact"},"2025-01":{"txs":16,"uniq":9,"trade":0,"nft":0,"gas":0.000416,"bal":0.023935,"days":6,"spread":0.193548,"streak":2,"rank_m":153347,"pct_m":0.16304,"gas_method":"exact"},"2025-02":{"txs":1,"uniq":1,"trade":0,"nft":0,"gas":0.000007,"bal":0.001341,"days":1,"spread":0.035714,"streak":1,"rank_m":484587,"pct_m":0.51522,"gas_method":"exact"},"2025-03":{"txs":1,"uniq":1,"trade":0,"nft":0,"gas":0.000008,"bal":0.001267,"days":1,"spread":0.032258,"streak":1,"rank_m":454457,"pct_m":0.483186,"gas_method":"exact"},"2025-04":{"txs":3,"uniq":3,"trade":0,"nft":0,"gas":0.000018,"bal":0.003872,"days":1,"spread":0.033333,"streak":1,"rank_m":397117,"pct_m":0.422221,"gas_method":"exact"},"2025-05":{"txs":1,"uniq":1,"trade":0,"nft":0,"gas":0.000007,"bal":0.013611,"days":1,"spread":0.032258,"streak":1,"rank_m":284026,"pct_m":0.30198,"gas_method":"estimated"},"2025-06":{"txs":0,"uniq":0,"trade":0,"nft":0,"gas":0,"bal":0.013611,"days":0,"spread":0,"streak":0,"rank_m":443523,"pct_m":0.471561},"2025-07":{"txs":0,"uniq":0,"trade":0,"nft":0,"gas":0,"bal":0.013611,"days":0,"spread":0,"streak":0,"rank_m":467580,"pct_m":0.497138},"2025-08":{"txs":0,"uniq":0,"trade":0,"nft":0,"gas":0,"bal":0.013611,"days":0,"spread":0,"streak":0,"rank_m":438366,"pct_m":0.466078},"2025-09":{"txs":0,"uniq":0,"trade":0,"nft":0,"gas":0,"bal":0.013611,"days":0,"spread":0,"streak":0,"rank_m":432699,"pct_m":0.460052},"2025-10":{"txs":0,"uniq":0,"trade":0,"nft":0,"gas":0,"bal":0.013611,"days":0,"spread":0,"streak":0,"rank_m":325604,"pct_m":0.346187}}}