{"wallet":"0xca30ba71135c19318a5fb703fbb8939fba5615e5","rank":6824,"lifetime":{"months_active":28,"first":"2023-07","last":"2025-10","tx_sum":1221,"uniq_sum":564,"trade_sum":32,"nft_sum":258,"gas_sum":0.011297,"avg_balance_eth_mean":0.033786,"streak_best_days":20,"gas_sum_filled":0.011297},"months":{"2023-07":{"txs":6,"uniq":3,"trade":0,"nft":3,"gas":0.000433,"bal":0.000655,"days":2,"spread":0.064516,"streak":1,"rank_m":12862,"pct_m":0.013674,"gas_method":"estimated"},"2023-08":{"txs":35,"uniq":25,"trade":0,"nft":12,"gas":0.003505,"bal":0.010831,"days":11,"spread":0.354839,"streak":3,"rank_m":22913,"pct_m":0.02436,"gas_method":"exact"},"2023-09":{"txs":8,"uniq":6,"trade":0,"nft":2,"gas":0.000226,"bal":0.008767,"days":3,"spread":0.1,"streak":1,"rank_m":51339,"pct_m":0.054583,"gas_method":"exact"},"2023-10":{"txs":11,"uniq":8,"trade":0,"nft":6,"gas":0.00017,"bal":0.007188,"days":5,"spread":0.16129,"streak":2,"rank_m":25102,"pct_m":0.026688,"gas_method":"exact"},"2023-11":{"txs":34,"uniq":16,"trade":2,"nft":11,"gas":0.000657,"bal":0.01036,"days":16,"spread":0.533333,"streak":5,"rank_m":3335,"pct_m":0.003545,"gas_method":"exact"},"2023-12":{"txs":27,"uniq":18,"trade":1,"nft":14,"gas":0.000111,"bal":0.009174,"days":11,"spread":0.354839,"streak":2,"rank_m":7448,"pct_m":0.007918,"gas_method":"exact"},"2024-01":{"txs":87,"uniq":43,"trade":2,"nft":25,"gas":0.001208,"bal":0.009086,"days":11,"spread":0.354839,"streak":4,"rank_m":3787,"pct_m":0.004025,"gas_method":"exact"},"2024-02":{"txs":27,"uniq":22,"trade":0,"nft":18,"gas":0.00016,"bal":0.011807,"days":13,"spread":0.448276,"streak":5,"rank_m":11790,"pct_m":0.012534,"gas_method":"exact"},"2024-03":{"txs":53,"uniq":25,"trade":3,"nft":13,"gas":0.000072,"bal":0.066309,"days":16,"spread":0.516129,"streak":4,"rank_m":11776,"pct_m":0.012519,"gas_method":"exact"},"2024-04":{"txs":131,"uniq":54,"trade":4,"nft":34,"gas":0.000234,"bal":0.026074,"days":22,"spread":0.733333,"streak":6,"rank_m":14906,"pct_m":0.015847,"gas_method":"estimated"},"2024-05":{"txs":70,"uniq":34,"trade":0,"nft":24,"gas":0.000049,"bal":0.014348,"days":22,"spread":0.709677,"streak":10,"rank_m":13334,"pct_m":0.014176,"gas_method":"exact"},"2024-06":{"txs":93,"uniq":45,"trade":0,"nft":21,"gas":0,"bal":0.016971,"days":24,"spread":0.8,"streak":20,"rank_m":10772,"pct_m":0.011452,"gas_method":"exact"},"2024-07":{"txs":42,"uniq":20,"trade":7,"nft":6,"gas":0.000037,"bal":0.019326,"days":13,"spread":0.419355,"streak":5,"rank_m":7748,"pct_m":0.008237,"gas_method":"exact"},"2024-08":{"txs":65,"uniq":36,"trade":1,"nft":25,"gas":0.000008,"bal":0.012336,"days":17,"spread":0.548387,"streak":10,"rank_m":7282,"pct_m":0.007741,"gas_method":"exact"},"2024-09":{"txs":41,"uniq":23,"trade":0,"nft":13,"gas":0,"bal":0.014575,"days":25,"spread":0.833333,"streak":10,"rank_m":11016,"pct_m":0.011711,"gas_method":"exact"},"2024-10":{"txs":60,"uniq":18,"trade":3,"nft":9,"gas":0.000003,"bal":0.020073,"days":18,"spread":0.580645,"streak":11,"rank_m":10979,"pct_m":0.011672,"gas_method":"exact"},"2024-11":{"txs":45,"uniq":15,"trade":0,"nft":1,"gas":0.000067,"bal":0.023386,"days":10,"spread":0.333333,"streak":2,"rank_m":64499,"pct_m":0.068575,"gas_method":"exact"},"2024-12":{"txs":69,"uniq":24,"trade":0,"nft":2,"gas":0.000882,"bal":0.035114,"days":16,"spread":0.516129,"streak":6,"rank_m":31204,"pct_m":0.033176,"gas_method":"exact"},"2025-01":{"txs":74,"uniq":35,"trade":3,"nft":1,"gas":0.001792,"bal":0.046628,"days":18,"spread":0.580645,"streak":4,"rank_m":12254,"pct_m":0.013028,"gas_method":"exact"},"2025-02":{"txs":52,"uniq":16,"trade":0,"nft":0,"gas":0.000352,"bal":0.053481,"days":25,"spread":0.892857,"streak":7,"rank_m":14758,"pct_m":0.01569,"gas_method":"exact"},"2025-03":{"txs":17,"uniq":4,"trade":2,"nft":0,"gas":0.000134,"bal":0.053157,"days":14,"spread":0.451613,"streak":4,"rank_m":54798,"pct_m":0.058261,"gas_method":"exact"},"2025-04":{"txs":15,"uniq":7,"trade":0,"nft":1,"gas":0.000078,"bal":0.060697,"days":10,"spread":0.333333,"streak":3,"rank_m":47116,"pct_m":0.050094,"gas_method":"exact"},"2025-05":{"txs":7,"uniq":6,"trade":0,"nft":0,"gas":0.000049,"bal":0.093198,"days":4,"spread":0.129032,"streak":1,"rank_m":78416,"pct_m":0.083372,"gas_method":"estimated"},"2025-06":{"txs":4,"uniq":1,"trade":0,"nft":0,"gas":0.000028,"bal":0.087884,"days":2,"spread":0.066667,"streak":1,"rank_m":201328,"pct_m":0.214054,"gas_method":"estimated"},"2025-07":{"txs":14,"uniq":9,"trade":0,"nft":0,"gas":0.000099,"bal":0.052885,"days":6,"spread":0.193548,"streak":2,"rank_m":91015,"pct_m":0.096768,"gas_method":"estimated"},"2025-08":{"txs":38,"uniq":11,"trade":3,"nft":0,"gas":0.000267,"bal":0.054091,"days":13,"spread":0.419355,"streak":4,"rank_m":16184,"pct_m":0.017206,"gas_method":"estimated"},"2025-09":{"txs":30,"uniq":10,"trade":0,"nft":4,"gas":0.000211,"bal":0.057503,"days":14,"spread":0.466667,"streak":6,"rank_m":18256,"pct_m":0.019409,"gas_method":"estimated"},"2025-10":{"txs":66,"uniq":30,"trade":1,"nft":13,"gas":0.000465,"bal":0.070096,"days":14,"spread":0.451613,"streak":10,"rank_m":2453,"pct_m":0.002607,"gas_method":"estimated"}}}