{"wallet":"0xca38d006b38ee546f2d82e9dd902f54fc6db66b5","rank":51896,"lifetime":{"months_active":22,"first":"2023-07","last":"2025-10","tx_sum":616,"uniq_sum":131,"trade_sum":9,"nft_sum":10,"gas_sum":0.012581,"avg_balance_eth_mean":0.006079,"streak_best_days":30,"gas_sum_filled":0.012581},"months":{"2023-07":{"txs":28,"uniq":8,"trade":0,"nft":0,"gas":0.006285,"bal":0.046874,"days":2,"spread":0.064516,"streak":2,"rank_m":3081,"pct_m":0.003275,"gas_method":"exact"},"2023-08":{"txs":11,"uniq":17,"trade":0,"nft":2,"gas":0.002092,"bal":0.047719,"days":5,"spread":0.16129,"streak":2,"rank_m":50553,"pct_m":0.053748,"gas_method":"exact"},"2023-09":{"txs":5,"uniq":3,"trade":0,"nft":1,"gas":0.000142,"bal":0.000828,"days":2,"spread":0.066667,"streak":2,"rank_m":102393,"pct_m":0.108865,"gas_method":"estimated"},"2023-10":{"txs":1,"uniq":1,"trade":0,"nft":2,"gas":0.000008,"bal":0.002408,"days":1,"spread":0.032258,"streak":1,"rank_m":109661,"pct_m":0.116592,"gas_method":"estimated"},"2023-11":{"txs":99,"uniq":10,"trade":1,"nft":0,"gas":0.00129,"bal":0.020345,"days":11,"spread":0.366667,"streak":5,"rank_m":6383,"pct_m":0.006785,"gas_method":"estimated"},"2023-12":{"txs":1,"uniq":1,"trade":0,"nft":0,"gas":0.000024,"bal":0.006773,"days":1,"spread":0.032258,"streak":1,"rank_m":132387,"pct_m":0.140755,"gas_method":"estimated"},"2024-01":{"txs":1,"uniq":1,"trade":0,"nft":0,"gas":0.000023,"bal":0.001146,"days":1,"spread":0.032258,"streak":1,"rank_m":180740,"pct_m":0.192165,"gas_method":"estimated"},"2024-02":{"txs":0,"uniq":0,"trade":0,"nft":0,"gas":0,"bal":0.001146,"days":0,"spread":0,"streak":0,"rank_m":290785,"pct_m":0.309167},"2024-03":{"txs":5,"uniq":3,"trade":0,"nft":0,"gas":0.000096,"bal":0.001466,"days":2,"spread":0.064516,"streak":1,"rank_m":298723,"pct_m":0.317607,"gas_method":"estimated"},"2024-04":{"txs":2,"uniq":2,"trade":0,"nft":0,"gas":0.000005,"bal":0.002507,"days":1,"spread":0.033333,"streak":1,"rank_m":408373,"pct_m":0.434188,"gas_method":"estimated"},"2024-05":{"txs":1,"uniq":1,"trade":0,"nft":0,"gas":0.000001,"bal":0.00205,"days":1,"spread":0.032258,"streak":1,"rank_m":440970,"pct_m":0.468846,"gas_method":"estimated"},"2024-06":{"txs":0,"uniq":0,"trade":0,"nft":0,"gas":0,"bal":0.00205,"days":0,"spread":0,"streak":0,"rank_m":511773,"pct_m":0.544125},"2024-07":{"txs":0,"uniq":0,"trade":0,"nft":0,"gas":0,"bal":0.00205,"days":0,"spread":0,"streak":0,"rank_m":521473,"pct_m":0.554438},"2024-08":{"txs":0,"uniq":0,"trade":0,"nft":0,"gas":0,"bal":0.00205,"days":0,"spread":0,"streak":0,"rank_m":533775,"pct_m":0.567518},"2024-09":{"txs":0,"uniq":0,"trade":0,"nft":0,"gas":0,"bal":0.00205,"days":0,"spread":0,"streak":0,"rank_m":509582,"pct_m":0.541796},"2024-10":{"txs":0,"uniq":0,"trade":0,"nft":0,"gas":0,"bal":0.00205,"days":0,"spread":0,"streak":0,"rank_m":558204,"pct_m":0.593491},"2024-11":{"txs":6,"uniq":5,"trade":0,"nft":0,"gas":0.000014,"bal":0.003506,"days":3,"spread":0.1,"streak":1,"rank_m":336055,"pct_m":0.357299,"gas_method":"exact"},"2024-12":{"txs":7,"uniq":4,"trade":0,"nft":0,"gas":0.000154,"bal":0.000965,"days":3,"spread":0.096774,"streak":2,"rank_m":393822,"pct_m":0.418718,"gas_method":"exact"},"2025-01":{"txs":102,"uniq":21,"trade":0,"nft":1,"gas":0.000017,"bal":0.013961,"days":8,"spread":0.258065,"streak":5,"rank_m":100893,"pct_m":0.10727,"gas_method":"exact"},"2025-02":{"txs":97,"uniq":13,"trade":3,"nft":0,"gas":0.000676,"bal":0.002969,"days":27,"spread":0.964286,"streak":25,"rank_m":26344,"pct_m":0.028008,"gas_method":"exact"},"2025-03":{"txs":37,"uniq":1,"trade":0,"nft":0,"gas":0.000292,"bal":0.000993,"days":18,"spread":0.580645,"streak":3,"rank_m":177072,"pct_m":0.188265,"gas_method":"exact"},"2025-04":{"txs":36,"uniq":1,"trade":0,"nft":1,"gas":0.000217,"bal":0.00097,"days":19,"spread":0.633333,"streak":4,"rank_m":149483,"pct_m":0.158932,"gas_method":"exact"},"2025-05":{"txs":34,"uniq":7,"trade":0,"nft":0,"gas":0.000239,"bal":0.000924,"days":15,"spread":0.483871,"streak":4,"rank_m":231137,"pct_m":0.245748,"gas_method":"estimated"},"2025-06":{"txs":41,"uniq":6,"trade":1,"nft":1,"gas":0.000289,"bal":0.000661,"days":13,"spread":0.433333,"streak":4,"rank_m":228602,"pct_m":0.243053,"gas_method":"estimated"},"2025-07":{"txs":26,"uniq":7,"trade":0,"nft":1,"gas":0.000183,"bal":0.000446,"days":10,"spread":0.322581,"streak":4,"rank_m":285846,"pct_m":0.303916,"gas_method":"estimated"},"2025-08":{"txs":38,"uniq":8,"trade":3,"nft":1,"gas":0.000267,"bal":0.000437,"days":12,"spread":0.387097,"streak":2,"rank_m":226788,"pct_m":0.241124,"gas_method":"estimated"},"2025-09":{"txs":34,"uniq":8,"trade":1,"nft":0,"gas":0.000239,"bal":0.00047,"days":11,"spread":0.366667,"streak":2,"rank_m":230131,"pct_m":0.244678,"gas_method":"estimated"},"2025-10":{"txs":4,"uniq":3,"trade":0,"nft":0,"gas":0.000028,"bal":0.000389,"days":1,"spread":0.032258,"streak":1,"rank_m":391409,"pct_m":0.416152,"gas_method":"estimated"}}}