{"wallet":"0xca23bababd5f9bdaea7e08c5c758c8b33454ecef","rank":222785,"lifetime":{"months_active":24,"first":"2023-07","last":"2025-10","tx_sum":250,"uniq_sum":128,"trade_sum":4,"nft_sum":32,"gas_sum":0.003132,"avg_balance_eth_mean":0.003256,"streak_best_days":4,"gas_sum_filled":0.003132},"months":{"2023-07":{"txs":4,"uniq":2,"trade":0,"nft":2,"gas":0.000513,"bal":0.000386,"days":1,"spread":0.032258,"streak":1,"rank_m":20458,"pct_m":0.02175,"gas_method":"estimated"},"2023-08":{"txs":1,"uniq":3,"trade":0,"nft":0,"gas":0.000101,"bal":0.001275,"days":1,"spread":0.032258,"streak":1,"rank_m":138301,"pct_m":0.147043,"gas_method":"exact"},"2023-09":{"txs":10,"uniq":5,"trade":0,"nft":2,"gas":0.00038,"bal":0.002328,"days":2,"spread":0.066667,"streak":1,"rank_m":80563,"pct_m":0.085655,"gas_method":"estimated"},"2023-10":{"txs":50,"uniq":22,"trade":2,"nft":6,"gas":0.000668,"bal":0.005652,"days":7,"spread":0.225806,"streak":1,"rank_m":12441,"pct_m":0.013226,"gas_method":"exact"},"2023-11":{"txs":7,"uniq":4,"trade":0,"nft":0,"gas":0.000122,"bal":0.002673,"days":4,"spread":0.133333,"streak":1,"rank_m":83688,"pct_m":0.088978,"gas_method":"estimated"},"2023-12":{"txs":5,"uniq":2,"trade":0,"nft":4,"gas":0.000163,"bal":0.001511,"days":4,"spread":0.129032,"streak":2,"rank_m":83097,"pct_m":0.088349,"gas_method":"estimated"},"2024-01":{"txs":19,"uniq":7,"trade":0,"nft":3,"gas":0.000121,"bal":0.000428,"days":7,"spread":0.225806,"streak":3,"rank_m":57670,"pct_m":0.061315,"gas_method":"exact"},"2024-02":{"txs":26,"uniq":14,"trade":0,"nft":4,"gas":0.000492,"bal":0.002395,"days":9,"spread":0.310345,"streak":2,"rank_m":37988,"pct_m":0.040388,"gas_method":"exact"},"2024-03":{"txs":5,"uniq":5,"trade":0,"nft":3,"gas":0.000129,"bal":0.00228,"days":2,"spread":0.064516,"streak":1,"rank_m":243757,"pct_m":0.259166,"gas_method":"estimated"},"2024-04":{"txs":2,"uniq":2,"trade":0,"nft":0,"gas":0.000006,"bal":0.000246,"days":1,"spread":0.033333,"streak":1,"rank_m":447330,"pct_m":0.475608,"gas_method":"estimated"},"2024-05":{"txs":0,"uniq":0,"trade":0,"nft":0,"gas":0,"bal":0.000246,"days":0,"spread":0,"streak":0,"rank_m":516519,"pct_m":0.549171},"2024-06":{"txs":7,"uniq":4,"trade":0,"nft":1,"gas":0,"bal":0.000061,"days":1,"spread":0.033333,"streak":1,"rank_m":441229,"pct_m":0.469121,"gas_method":"estimated"},"2024-07":{"txs":0,"uniq":0,"trade":0,"nft":0,"gas":0,"bal":0.000061,"days":0,"spread":0,"streak":0,"rank_m":582555,"pct_m":0.619382},"2024-08":{"txs":9,"uniq":4,"trade":1,"nft":0,"gas":0.000002,"bal":0.041109,"days":6,"spread":0.193548,"streak":2,"rank_m":105798,"pct_m":0.112485,"gas_method":"exact"},"2024-09":{"txs":11,"uniq":7,"trade":0,"nft":2,"gas":0.000001,"bal":0.001747,"days":7,"spread":0.233333,"streak":3,"rank_m":191791,"pct_m":0.203915,"gas_method":"estimated"},"2024-10":{"txs":34,"uniq":13,"trade":0,"nft":3,"gas":0.000003,"bal":0.005985,"days":11,"spread":0.354839,"streak":4,"rank_m":98164,"pct_m":0.104369,"gas_method":"estimated"},"2024-11":{"txs":3,"uniq":1,"trade":0,"nft":0,"gas":0.000005,"bal":0.002832,"days":3,"spread":0.1,"streak":1,"rank_m":412962,"pct_m":0.439068,"gas_method":"exact"},"2024-12":{"txs":3,"uniq":2,"trade":0,"nft":0,"gas":0.000044,"bal":0.003845,"days":3,"spread":0.096774,"streak":1,"rank_m":461206,"pct_m":0.490361,"gas_method":"exact"},"2025-01":{"txs":1,"uniq":1,"trade":0,"nft":0,"gas":0.000026,"bal":0.001824,"days":1,"spread":0.032258,"streak":1,"rank_m":509058,"pct_m":0.541238,"gas_method":"exact"},"2025-02":{"txs":4,"uniq":3,"trade":0,"nft":0,"gas":0.000021,"bal":0.000114,"days":3,"spread":0.107143,"streak":2,"rank_m":424272,"pct_m":0.451093,"gas_method":"exact"},"2025-03":{"txs":17,"uniq":11,"trade":0,"nft":0,"gas":0.000111,"bal":0.006046,"days":8,"spread":0.258065,"streak":2,"rank_m":128440,"pct_m":0.136559,"gas_method":"exact"},"2025-04":{"txs":0,"uniq":0,"trade":0,"nft":0,"gas":0,"bal":0.006046,"days":0,"spread":0,"streak":0,"rank_m":596574,"pct_m":0.634287},"2025-05":{"txs":2,"uniq":1,"trade":0,"nft":0,"gas":0.000014,"bal":0,"days":1,"spread":0.032258,"streak":1,"rank_m":688680,"pct_m":0.732216,"gas_method":"estimated"},"2025-06":{"txs":7,"uniq":2,"trade":0,"nft":0,"gas":0.000049,"bal":0,"days":3,"spread":0.1,"streak":1,"rank_m":647561,"pct_m":0.688497,"gas_method":"estimated"},"2025-07":{"txs":9,"uniq":4,"trade":0,"nft":0,"gas":0.000063,"bal":0.000163,"days":5,"spread":0.16129,"streak":2,"rank_m":518462,"pct_m":0.551237,"gas_method":"estimated"},"2025-08":{"txs":5,"uniq":3,"trade":1,"nft":0,"gas":0.000035,"bal":0.000626,"days":2,"spread":0.064516,"streak":1,"rank_m":384061,"pct_m":0.408339,"gas_method":"estimated"},"2025-09":{"txs":9,"uniq":6,"trade":0,"nft":2,"gas":0.000063,"bal":0.000643,"days":4,"spread":0.133333,"streak":1,"rank_m":324514,"pct_m":0.345028,"gas_method":"estimated"},"2025-10":{"txs":0,"uniq":0,"trade":0,"nft":0,"gas":0,"bal":0.000643,"days":0,"spread":0,"streak":0,"rank_m":593933,"pct_m":0.631479}}}