{"wallet":"0xca8472068d7953d6bf3b67c34c687b44241b5a3a","rank":202800,"lifetime":{"months_active":15,"first":"2023-07","last":"2025-10","tx_sum":315,"uniq_sum":104,"trade_sum":2,"nft_sum":57,"gas_sum":0.00515,"avg_balance_eth_mean":0.003504,"streak_best_days":12,"gas_sum_filled":0.00515},"months":{"2023-07":{"txs":0,"uniq":0,"trade":0,"nft":0,"gas":0,"bal":0,"days":0,"spread":0,"streak":0,"rank_m":237231,"pct_m":0.252227},"2023-08":{"txs":27,"uniq":16,"trade":0,"nft":10,"gas":0.003225,"bal":0.003312,"days":9,"spread":0.290323,"streak":4,"rank_m":36206,"pct_m":0.038494,"gas_method":"exact"},"2023-09":{"txs":90,"uniq":17,"trade":0,"nft":9,"gas":0.000404,"bal":0.051162,"days":20,"spread":0.666667,"streak":9,"rank_m":4763,"pct_m":0.005063,"gas_method":"exact"},"2023-10":{"txs":63,"uniq":8,"trade":0,"nft":3,"gas":0.000074,"bal":0.016199,"days":22,"spread":0.709677,"streak":12,"rank_m":8661,"pct_m":0.009207,"gas_method":"exact"},"2023-11":{"txs":29,"uniq":9,"trade":0,"nft":3,"gas":0.000345,"bal":0.004862,"days":16,"spread":0.533333,"streak":4,"rank_m":12201,"pct_m":0.012971,"gas_method":"exact"},"2023-12":{"txs":41,"uniq":19,"trade":2,"nft":10,"gas":0.000413,"bal":0.002958,"days":11,"spread":0.354839,"streak":5,"rank_m":8662,"pct_m":0.009209,"gas_method":"exact"},"2024-01":{"txs":0,"uniq":0,"trade":0,"nft":0,"gas":0,"bal":0.002958,"days":0,"spread":0,"streak":0,"rank_m":211452,"pct_m":0.224818},"2024-02":{"txs":6,"uniq":4,"trade":0,"nft":3,"gas":0.000114,"bal":0.000568,"days":4,"spread":0.137931,"streak":1,"rank_m":175204,"pct_m":0.186279,"gas_method":"estimated"},"2024-03":{"txs":4,"uniq":2,"trade":0,"nft":1,"gas":0.000311,"bal":0.000309,"days":2,"spread":0.064516,"streak":1,"rank_m":273238,"pct_m":0.29051,"gas_method":"exact"},"2024-04":{"txs":16,"uniq":8,"trade":0,"nft":7,"gas":0.000056,"bal":0.001372,"days":8,"spread":0.266667,"streak":2,"rank_m":260618,"pct_m":0.277093,"gas_method":"estimated"},"2024-05":{"txs":21,"uniq":11,"trade":0,"nft":10,"gas":0.000009,"bal":0.003305,"days":7,"spread":0.225806,"streak":2,"rank_m":131879,"pct_m":0.140215,"gas_method":"exact"},"2024-06":{"txs":2,"uniq":1,"trade":0,"nft":0,"gas":0,"bal":0.000419,"days":2,"spread":0.066667,"streak":2,"rank_m":460562,"pct_m":0.489677,"gas_method":"estimated"},"2024-07":{"txs":0,"uniq":0,"trade":0,"nft":0,"gas":0,"bal":0.000419,"days":0,"spread":0,"streak":0,"rank_m":558956,"pct_m":0.594291},"2024-08":{"txs":0,"uniq":0,"trade":0,"nft":0,"gas":0,"bal":0.000419,"days":0,"spread":0,"streak":0,"rank_m":578176,"pct_m":0.614726},"2024-09":{"txs":0,"uniq":0,"trade":0,"nft":0,"gas":0,"bal":0.000419,"days":0,"spread":0,"streak":0,"rank_m":572646,"pct_m":0.608846},"2024-10":{"txs":3,"uniq":3,"trade":0,"nft":1,"gas":0,"bal":0.0039,"days":2,"spread":0.064516,"streak":1,"rank_m":357997,"pct_m":0.380628,"gas_method":"estimated"},"2024-11":{"txs":3,"uniq":1,"trade":0,"nft":0,"gas":0.000007,"bal":0.000724,"days":1,"spread":0.033333,"streak":1,"rank_m":455440,"pct_m":0.484231,"gas_method":"exact"},"2024-12":{"txs":1,"uniq":1,"trade":0,"nft":0,"gas":0.000022,"bal":0.000291,"days":1,"spread":0.032258,"streak":1,"rank_m":568974,"pct_m":0.604942,"gas_method":"exact"},"2025-01":{"txs":7,"uniq":3,"trade":0,"nft":0,"gas":0.000156,"bal":0.000185,"days":3,"spread":0.096774,"streak":2,"rank_m":419642,"pct_m":0.44617,"gas_method":"exact"},"2025-02":{"txs":0,"uniq":0,"trade":0,"nft":0,"gas":0,"bal":0.000185,"days":0,"spread":0,"streak":0,"rank_m":710258,"pct_m":0.755158},"2025-03":{"txs":0,"uniq":0,"trade":0,"nft":0,"gas":0,"bal":0.000185,"days":0,"spread":0,"streak":0,"rank_m":717128,"pct_m":0.762462},"2025-04":{"txs":0,"uniq":0,"trade":0,"nft":0,"gas":0,"bal":0.000185,"days":0,"spread":0,"streak":0,"rank_m":742878,"pct_m":0.78984},"2025-05":{"txs":2,"uniq":1,"trade":0,"nft":0,"gas":0.000014,"bal":0.00063,"days":2,"spread":0.064516,"streak":1,"rank_m":510886,"pct_m":0.543182,"gas_method":"estimated"},"2025-06":{"txs":0,"uniq":0,"trade":0,"nft":0,"gas":0,"bal":0.00063,"days":0,"spread":0,"streak":0,"rank_m":692873,"pct_m":0.736674},"2025-07":{"txs":0,"uniq":0,"trade":0,"nft":0,"gas":0,"bal":0.00063,"days":0,"spread":0,"streak":0,"rank_m":711253,"pct_m":0.756216},"2025-08":{"txs":0,"uniq":0,"trade":0,"nft":0,"gas":0,"bal":0.00063,"days":0,"spread":0,"streak":0,"rank_m":690787,"pct_m":0.734456},"2025-09":{"txs":0,"uniq":0,"trade":0,"nft":0,"gas":0,"bal":0.00063,"days":0,"spread":0,"streak":0,"rank_m":671611,"pct_m":0.714068},"2025-10":{"txs":0,"uniq":0,"trade":0,"nft":0,"gas":0,"bal":0.00063,"days":0,"spread":0,"streak":0,"rank_m":594840,"pct_m":0.632443}}}