{"wallet":"0xca162aacd82c12ab869403b358503124dc093418","rank":109995,"lifetime":{"months_active":18,"first":"2023-07","last":"2025-10","tx_sum":719,"uniq_sum":73,"trade_sum":29,"nft_sum":31,"gas_sum":0.002411,"avg_balance_eth_mean":0.154829,"streak_best_days":18,"gas_sum_filled":0.002411},"months":{"2023-07":{"txs":0,"uniq":0,"trade":0,"nft":0,"gas":0,"bal":0,"days":0,"spread":0,"streak":0,"rank_m":238715,"pct_m":0.253805},"2023-08":{"txs":0,"uniq":0,"trade":0,"nft":0,"gas":0,"bal":0,"days":0,"spread":0,"streak":0,"rank_m":329106,"pct_m":0.34991},"2023-09":{"txs":0,"uniq":0,"trade":0,"nft":0,"gas":0,"bal":0,"days":0,"spread":0,"streak":0,"rank_m":348149,"pct_m":0.370157},"2023-10":{"txs":0,"uniq":0,"trade":0,"nft":0,"gas":0,"bal":0,"days":0,"spread":0,"streak":0,"rank_m":366423,"pct_m":0.389586},"2023-11":{"txs":0,"uniq":0,"trade":0,"nft":0,"gas":0,"bal":0,"days":0,"spread":0,"streak":0,"rank_m":382984,"pct_m":0.407194},"2023-12":{"txs":0,"uniq":0,"trade":0,"nft":0,"gas":0,"bal":0,"days":0,"spread":0,"streak":0,"rank_m":404094,"pct_m":0.429639},"2024-01":{"txs":0,"uniq":0,"trade":0,"nft":0,"gas":0,"bal":0,"days":0,"spread":0,"streak":0,"rank_m":421392,"pct_m":0.44803},"2024-02":{"txs":0,"uniq":0,"trade":0,"nft":0,"gas":0,"bal":0,"days":0,"spread":0,"streak":0,"rank_m":464476,"pct_m":0.493838},"2024-03":{"txs":19,"uniq":3,"trade":0,"nft":0,"gas":0.000069,"bal":0.000749,"days":2,"spread":0.064516,"streak":2,"rank_m":275315,"pct_m":0.292719,"gas_method":"estimated"},"2024-04":{"txs":91,"uniq":1,"trade":0,"nft":1,"gas":0.000073,"bal":0.003758,"days":23,"spread":0.766667,"streak":15,"rank_m":124973,"pct_m":0.132872,"gas_method":"exact"},"2024-05":{"txs":66,"uniq":1,"trade":0,"nft":0,"gas":0.000093,"bal":0.181979,"days":19,"spread":0.612903,"streak":8,"rank_m":77427,"pct_m":0.082321,"gas_method":"exact"},"2024-06":{"txs":34,"uniq":3,"trade":0,"nft":1,"gas":0.000001,"bal":0.424207,"days":12,"spread":0.4,"streak":7,"rank_m":66472,"pct_m":0.070673,"gas_method":"exact"},"2024-07":{"txs":34,"uniq":2,"trade":0,"nft":4,"gas":0.000001,"bal":0.114944,"days":15,"spread":0.483871,"streak":11,"rank_m":51112,"pct_m":0.054342,"gas_method":"estimated"},"2024-08":{"txs":102,"uniq":2,"trade":0,"nft":6,"gas":0.000004,"bal":0.583333,"days":23,"spread":0.741935,"streak":13,"rank_m":24728,"pct_m":0.02629,"gas_method":"exact"},"2024-09":{"txs":32,"uniq":7,"trade":0,"nft":8,"gas":0.000001,"bal":1.194676,"days":12,"spread":0.4,"streak":5,"rank_m":14115,"pct_m":0.015006,"gas_method":"exact"},"2024-10":{"txs":22,"uniq":9,"trade":0,"nft":8,"gas":0,"bal":1.119399,"days":11,"spread":0.354839,"streak":6,"rank_m":36856,"pct_m":0.039185,"gas_method":"estimated"},"2024-11":{"txs":13,"uniq":2,"trade":0,"nft":1,"gas":0.000021,"bal":0.166011,"days":9,"spread":0.3,"streak":2,"rank_m":163092,"pct_m":0.173401,"gas_method":"exact"},"2024-12":{"txs":0,"uniq":0,"trade":0,"nft":0,"gas":0,"bal":0.166011,"days":0,"spread":0,"streak":0,"rank_m":538260,"pct_m":0.572287},"2025-01":{"txs":0,"uniq":0,"trade":0,"nft":0,"gas":0,"bal":0.166011,"days":0,"spread":0,"streak":0,"rank_m":519108,"pct_m":0.551924},"2025-02":{"txs":3,"uniq":2,"trade":2,"nft":1,"gas":0.000021,"bal":0.019746,"days":3,"spread":0.107143,"streak":1,"rank_m":259132,"pct_m":0.275513,"gas_method":"exact"},"2025-03":{"txs":7,"uniq":3,"trade":3,"nft":0,"gas":0.000055,"bal":0.03839,"days":5,"spread":0.16129,"streak":3,"rank_m":128627,"pct_m":0.136757,"gas_method":"exact"},"2025-04":{"txs":11,"uniq":7,"trade":3,"nft":0,"gas":0.000066,"bal":0.03708,"days":4,"spread":0.133333,"streak":2,"rank_m":82476,"pct_m":0.087689,"gas_method":"exact"},"2025-05":{"txs":2,"uniq":2,"trade":1,"nft":0,"gas":0.000014,"bal":0.004817,"days":1,"spread":0.032258,"streak":1,"rank_m":281228,"pct_m":0.299006,"gas_method":"estimated"},"2025-06":{"txs":47,"uniq":7,"trade":5,"nft":0,"gas":0.000331,"bal":0.002458,"days":11,"spread":0.366667,"streak":4,"rank_m":139658,"pct_m":0.148486,"gas_method":"estimated"},"2025-07":{"txs":62,"uniq":7,"trade":8,"nft":1,"gas":0.000436,"bal":0.003948,"days":17,"spread":0.548387,"streak":4,"rank_m":82302,"pct_m":0.087504,"gas_method":"estimated"},"2025-08":{"txs":46,"uniq":5,"trade":6,"nft":0,"gas":0.000324,"bal":0.00332,"days":15,"spread":0.483871,"streak":4,"rank_m":101882,"pct_m":0.108322,"gas_method":"estimated"},"2025-09":{"txs":57,"uniq":8,"trade":1,"nft":0,"gas":0.000401,"bal":0.097227,"days":14,"spread":0.466667,"streak":7,"rank_m":12020,"pct_m":0.012779,"gas_method":"estimated"},"2025-10":{"txs":71,"uniq":2,"trade":0,"nft":0,"gas":0.0005,"bal":0.007151,"days":9,"spread":0.290323,"streak":4,"rank_m":88597,"pct_m":0.094197,"gas_method":"estimated"}}}