{"wallet":"0xca9c74c3037533eb336bbf3c9430b6698716bc0d","rank":259508,"lifetime":{"months_active":9,"first":"2023-07","last":"2025-10","tx_sum":1257,"uniq_sum":286,"trade_sum":0,"nft_sum":62,"gas_sum":0.04936,"avg_balance_eth_mean":0.000608,"streak_best_days":5,"gas_sum_filled":0.04936},"months":{"2023-07":{"txs":0,"uniq":0,"trade":0,"nft":0,"gas":0,"bal":0,"days":0,"spread":0,"streak":0,"rank_m":236917,"pct_m":0.251893},"2023-08":{"txs":1026,"uniq":165,"trade":0,"nft":57,"gas":0.043069,"bal":0.004815,"days":17,"spread":0.548387,"streak":5,"rank_m":7117,"pct_m":0.007566,"gas_method":"exact"},"2023-09":{"txs":187,"uniq":102,"trade":0,"nft":1,"gas":0.005036,"bal":0.002391,"days":4,"spread":0.133333,"streak":2,"rank_m":27437,"pct_m":0.02917,"gas_method":"exact"},"2023-10":{"txs":0,"uniq":0,"trade":0,"nft":0,"gas":0,"bal":0.002391,"days":0,"spread":0,"streak":0,"rank_m":164560,"pct_m":0.174962},"2023-11":{"txs":1,"uniq":1,"trade":0,"nft":0,"gas":0.000071,"bal":0.000163,"days":1,"spread":0.033333,"streak":1,"rank_m":126779,"pct_m":0.134793,"gas_method":"exact"},"2023-12":{"txs":0,"uniq":0,"trade":0,"nft":0,"gas":0,"bal":0.000163,"days":0,"spread":0,"streak":0,"rank_m":242753,"pct_m":0.258098},"2024-01":{"txs":0,"uniq":0,"trade":0,"nft":0,"gas":0,"bal":0.000163,"days":0,"spread":0,"streak":0,"rank_m":253838,"pct_m":0.269884},"2024-02":{"txs":14,"uniq":5,"trade":0,"nft":2,"gas":0.000833,"bal":0.00014,"days":5,"spread":0.172414,"streak":2,"rank_m":166202,"pct_m":0.176708,"gas_method":"estimated"},"2024-03":{"txs":2,"uniq":1,"trade":0,"nft":1,"gas":0.000179,"bal":0.000135,"days":1,"spread":0.032258,"streak":1,"rank_m":351319,"pct_m":0.373528,"gas_method":"estimated"},"2024-04":{"txs":11,"uniq":7,"trade":0,"nft":1,"gas":0.000121,"bal":0.000113,"days":2,"spread":0.066667,"streak":1,"rank_m":399650,"pct_m":0.424914,"gas_method":"estimated"},"2024-05":{"txs":0,"uniq":0,"trade":0,"nft":0,"gas":0,"bal":0.000113,"days":0,"spread":0,"streak":0,"rank_m":527256,"pct_m":0.560587},"2024-06":{"txs":8,"uniq":2,"trade":0,"nft":0,"gas":0.000001,"bal":0.000339,"days":5,"spread":0.166667,"streak":2,"rank_m":408937,"pct_m":0.434788,"gas_method":"estimated"},"2024-07":{"txs":0,"uniq":0,"trade":0,"nft":0,"gas":0,"bal":0.000339,"days":0,"spread":0,"streak":0,"rank_m":562119,"pct_m":0.597654},"2024-08":{"txs":0,"uniq":0,"trade":0,"nft":0,"gas":0,"bal":0.000339,"days":0,"spread":0,"streak":0,"rank_m":581645,"pct_m":0.618414},"2024-09":{"txs":0,"uniq":0,"trade":0,"nft":0,"gas":0,"bal":0.000339,"days":0,"spread":0,"streak":0,"rank_m":577864,"pct_m":0.614394},"2024-10":{"txs":0,"uniq":0,"trade":0,"nft":0,"gas":0,"bal":0.000339,"days":0,"spread":0,"streak":0,"rank_m":621736,"pct_m":0.66104},"2024-11":{"txs":0,"uniq":0,"trade":0,"nft":0,"gas":0,"bal":0.000339,"days":0,"spread":0,"streak":0,"rank_m":626075,"pct_m":0.665653},"2024-12":{"txs":0,"uniq":0,"trade":0,"nft":0,"gas":0,"bal":0.000339,"days":0,"spread":0,"streak":0,"rank_m":672700,"pct_m":0.715226},"2025-01":{"txs":0,"uniq":0,"trade":0,"nft":0,"gas":0,"bal":0.000339,"days":0,"spread":0,"streak":0,"rank_m":670982,"pct_m":0.713399},"2025-02":{"txs":0,"uniq":0,"trade":0,"nft":0,"gas":0,"bal":0.000339,"days":0,"spread":0,"streak":0,"rank_m":691425,"pct_m":0.735134},"2025-03":{"txs":2,"uniq":1,"trade":0,"nft":0,"gas":0.000008,"bal":0.000485,"days":1,"spread":0.032258,"streak":1,"rank_m":473223,"pct_m":0.503138,"gas_method":"exact"},"2025-04":{"txs":0,"uniq":0,"trade":0,"nft":0,"gas":0,"bal":0.000485,"days":0,"spread":0,"streak":0,"rank_m":708083,"pct_m":0.752845},"2025-05":{"txs":0,"uniq":0,"trade":0,"nft":0,"gas":0,"bal":0.000485,"days":0,"spread":0,"streak":0,"rank_m":714840,"pct_m":0.76003},"2025-06":{"txs":0,"uniq":0,"trade":0,"nft":0,"gas":0,"bal":0.000485,"days":0,"spread":0,"streak":0,"rank_m":712398,"pct_m":0.757433},"2025-07":{"txs":6,"uniq":2,"trade":0,"nft":0,"gas":0.000042,"bal":0.000363,"days":2,"spread":0.064516,"streak":2,"rank_m":525259,"pct_m":0.558464,"gas_method":"estimated"},"2025-08":{"txs":0,"uniq":0,"trade":0,"nft":0,"gas":0,"bal":0.000363,"days":0,"spread":0,"streak":0,"rank_m":726135,"pct_m":0.772039},"2025-09":{"txs":0,"uniq":0,"trade":0,"nft":0,"gas":0,"bal":0.000363,"days":0,"spread":0,"streak":0,"rank_m":710377,"pct_m":0.755284},"2025-10":{"txs":0,"uniq":0,"trade":0,"nft":0,"gas":0,"bal":0.000363,"days":0,"spread":0,"streak":0,"rank_m":635145,"pct_m":0.675296}}}