{"wallet":"0xcaf88361edd46a25d7cc09f3330321b8e4e8ad95","rank":2644,"lifetime":{"months_active":21,"first":"2023-07","last":"2025-10","tx_sum":1995,"uniq_sum":662,"trade_sum":100,"nft_sum":10,"gas_sum":0.017394,"avg_balance_eth_mean":0.162631,"streak_best_days":38,"gas_sum_filled":0.017394},"months":{"2023-07":{"txs":12,"uniq":4,"trade":0,"nft":0,"gas":0.002948,"bal":0.000827,"days":2,"spread":0.064516,"streak":2,"rank_m":9439,"pct_m":0.010035,"gas_method":"exact"},"2023-08":{"txs":7,"uniq":8,"trade":0,"nft":1,"gas":0.000531,"bal":0.002331,"days":3,"spread":0.096774,"streak":1,"rank_m":98337,"pct_m":0.104553,"gas_method":"exact"},"2023-09":{"txs":0,"uniq":0,"trade":0,"nft":0,"gas":0,"bal":0.002331,"days":0,"spread":0,"streak":0,"rank_m":163409,"pct_m":0.173738},"2023-10":{"txs":0,"uniq":0,"trade":0,"nft":0,"gas":0,"bal":0.002331,"days":0,"spread":0,"streak":0,"rank_m":164605,"pct_m":0.17501},"2023-11":{"txs":0,"uniq":0,"trade":0,"nft":0,"gas":0,"bal":0.002331,"days":0,"spread":0,"streak":0,"rank_m":176726,"pct_m":0.187897},"2023-12":{"txs":0,"uniq":0,"trade":0,"nft":0,"gas":0,"bal":0.002331,"days":0,"spread":0,"streak":0,"rank_m":203263,"pct_m":0.216112},"2024-01":{"txs":0,"uniq":0,"trade":0,"nft":0,"gas":0,"bal":0.002331,"days":0,"spread":0,"streak":0,"rank_m":212876,"pct_m":0.226333},"2024-02":{"txs":0,"uniq":0,"trade":0,"nft":0,"gas":0,"bal":0.002331,"days":0,"spread":0,"streak":0,"rank_m":285052,"pct_m":0.303071},"2024-03":{"txs":7,"uniq":4,"trade":1,"nft":0,"gas":0.000126,"bal":0.005368,"days":5,"spread":0.16129,"streak":2,"rank_m":164263,"pct_m":0.174646,"gas_method":"estimated"},"2024-04":{"txs":9,"uniq":5,"trade":0,"nft":0,"gas":0.00002,"bal":0.011231,"days":6,"spread":0.2,"streak":2,"rank_m":262877,"pct_m":0.279494,"gas_method":"estimated"},"2024-05":{"txs":0,"uniq":0,"trade":0,"nft":0,"gas":0,"bal":0.011231,"days":0,"spread":0,"streak":0,"rank_m":448506,"pct_m":0.476859},"2024-06":{"txs":50,"uniq":20,"trade":0,"nft":3,"gas":0.000001,"bal":0.106989,"days":11,"spread":0.366667,"streak":4,"rank_m":31692,"pct_m":0.033694,"gas_method":"estimated"},"2024-07":{"txs":93,"uniq":31,"trade":0,"nft":3,"gas":0.000023,"bal":0.281998,"days":16,"spread":0.516129,"streak":3,"rank_m":6829,"pct_m":0.00726,"gas_method":"exact"},"2024-08":{"txs":40,"uniq":12,"trade":0,"nft":1,"gas":0.000003,"bal":0.47781,"days":8,"spread":0.258065,"streak":4,"rank_m":51077,"pct_m":0.054305,"gas_method":"estimated"},"2024-09":{"txs":7,"uniq":2,"trade":0,"nft":0,"gas":0,"bal":0.255753,"days":5,"spread":0.166667,"streak":1,"rank_m":159566,"pct_m":0.169652,"gas_method":"estimated"},"2024-10":{"txs":7,"uniq":5,"trade":0,"nft":2,"gas":0,"bal":0.218622,"days":3,"spread":0.096774,"streak":2,"rank_m":148414,"pct_m":0.157795,"gas_method":"estimated"},"2024-11":{"txs":438,"uniq":137,"trade":4,"nft":0,"gas":0.001005,"bal":0.1694,"days":21,"spread":0.7,"streak":20,"rank_m":1111,"pct_m":0.00118,"gas_method":"exact"},"2024-12":{"txs":398,"uniq":117,"trade":0,"nft":0,"gas":0.008753,"bal":0.423503,"days":29,"spread":0.935484,"streak":18,"rank_m":3497,"pct_m":0.003717,"gas_method":"exact"},"2025-01":{"txs":364,"uniq":128,"trade":6,"nft":0,"gas":0.000139,"bal":0.42264,"days":28,"spread":0.903226,"streak":13,"rank_m":8556,"pct_m":0.009096,"gas_method":"exact"},"2025-02":{"txs":102,"uniq":35,"trade":8,"nft":0,"gas":0.000711,"bal":0.874643,"days":17,"spread":0.607143,"streak":5,"rank_m":1883,"pct_m":0.002001,"gas_method":"exact"},"2025-03":{"txs":62,"uniq":21,"trade":7,"nft":0,"gas":0.00049,"bal":0.563101,"days":16,"spread":0.516129,"streak":6,"rank_m":5049,"pct_m":0.005367,"gas_method":"exact"},"2025-04":{"txs":157,"uniq":48,"trade":8,"nft":0,"gas":0.000942,"bal":0.170237,"days":16,"spread":0.533333,"streak":5,"rank_m":992,"pct_m":0.001054,"gas_method":"exact"},"2025-05":{"txs":48,"uniq":17,"trade":6,"nft":0,"gas":0.000338,"bal":0.083499,"days":12,"spread":0.387097,"streak":6,"rank_m":10506,"pct_m":0.011169,"gas_method":"estimated"},"2025-06":{"txs":37,"uniq":10,"trade":13,"nft":0,"gas":0.00026,"bal":0.086578,"days":8,"spread":0.266667,"streak":4,"rank_m":26273,"pct_m":0.027933,"gas_method":"estimated"},"2025-07":{"txs":35,"uniq":13,"trade":18,"nft":0,"gas":0.000246,"bal":0.10002,"days":10,"spread":0.322581,"streak":3,"rank_m":17453,"pct_m":0.018555,"gas_method":"estimated"},"2025-08":{"txs":61,"uniq":22,"trade":8,"nft":0,"gas":0.000429,"bal":0.120873,"days":14,"spread":0.451613,"streak":5,"rank_m":6468,"pct_m":0.006876,"gas_method":"estimated"},"2025-09":{"txs":29,"uniq":11,"trade":10,"nft":0,"gas":0.000204,"bal":0.078539,"days":9,"spread":0.3,"streak":3,"rank_m":20091,"pct_m":0.02136,"gas_method":"estimated"},"2025-10":{"txs":32,"uniq":12,"trade":11,"nft":0,"gas":0.000225,"bal":0.074493,"days":7,"spread":0.225806,"streak":5,"rank_m":6963,"pct_m":0.007402,"gas_method":"estimated"}}}