{"wallet":"0xca325869458bf6e5e61b60849f4b8bc1e5b0cedc","rank":241701,"lifetime":{"months_active":19,"first":"2023-07","last":"2025-10","tx_sum":272,"uniq_sum":157,"trade_sum":12,"nft_sum":35,"gas_sum":0.001718,"avg_balance_eth_mean":0.004405,"streak_best_days":2,"gas_sum_filled":0.001718},"months":{"2023-07":{"txs":0,"uniq":0,"trade":0,"nft":0,"gas":0,"bal":0,"days":0,"spread":0,"streak":0,"rank_m":238356,"pct_m":0.253423},"2023-08":{"txs":0,"uniq":0,"trade":0,"nft":0,"gas":0,"bal":0,"days":0,"spread":0,"streak":0,"rank_m":328797,"pct_m":0.349582},"2023-09":{"txs":0,"uniq":0,"trade":0,"nft":0,"gas":0,"bal":0,"days":0,"spread":0,"streak":0,"rank_m":347804,"pct_m":0.36979},"2023-10":{"txs":0,"uniq":0,"trade":0,"nft":0,"gas":0,"bal":0,"days":0,"spread":0,"streak":0,"rank_m":366087,"pct_m":0.389229},"2023-11":{"txs":42,"uniq":21,"trade":1,"nft":3,"gas":0.000582,"bal":0.000872,"days":1,"spread":0.033333,"streak":1,"rank_m":68041,"pct_m":0.072341,"gas_method":"estimated"},"2023-12":{"txs":0,"uniq":0,"trade":0,"nft":0,"gas":0,"bal":0.000872,"days":0,"spread":0,"streak":0,"rank_m":211004,"pct_m":0.224342},"2024-01":{"txs":0,"uniq":0,"trade":0,"nft":0,"gas":0,"bal":0.000872,"days":0,"spread":0,"streak":0,"rank_m":221676,"pct_m":0.235689},"2024-02":{"txs":9,"uniq":7,"trade":2,"nft":0,"gas":0.000123,"bal":0.002657,"days":2,"spread":0.068966,"streak":1,"rank_m":117844,"pct_m":0.125293,"gas_method":"estimated"},"2024-03":{"txs":5,"uniq":2,"trade":1,"nft":1,"gas":0.000102,"bal":0.002294,"days":2,"spread":0.064516,"streak":1,"rank_m":244532,"pct_m":0.25999,"gas_method":"estimated"},"2024-04":{"txs":10,"uniq":10,"trade":0,"nft":10,"gas":0.000025,"bal":0.001967,"days":1,"spread":0.033333,"streak":1,"rank_m":325112,"pct_m":0.345664,"gas_method":"estimated"},"2024-05":{"txs":2,"uniq":2,"trade":0,"nft":0,"gas":0.000002,"bal":0.001725,"days":1,"spread":0.032258,"streak":1,"rank_m":433618,"pct_m":0.461029,"gas_method":"estimated"},"2024-06":{"txs":0,"uniq":0,"trade":0,"nft":0,"gas":0,"bal":0.001725,"days":0,"spread":0,"streak":0,"rank_m":515798,"pct_m":0.548405},"2024-07":{"txs":1,"uniq":1,"trade":0,"nft":1,"gas":0,"bal":0.003615,"days":1,"spread":0.032258,"streak":1,"rank_m":393277,"pct_m":0.418138,"gas_method":"estimated"},"2024-08":{"txs":20,"uniq":11,"trade":0,"nft":2,"gas":0.000002,"bal":0.004082,"days":1,"spread":0.032258,"streak":1,"rank_m":267696,"pct_m":0.284618,"gas_method":"estimated"},"2024-09":{"txs":38,"uniq":20,"trade":0,"nft":8,"gas":0.000002,"bal":0.004828,"days":4,"spread":0.133333,"streak":1,"rank_m":116136,"pct_m":0.123477,"gas_method":"estimated"},"2024-10":{"txs":47,"uniq":21,"trade":0,"nft":8,"gas":0.000003,"bal":0.005813,"days":6,"spread":0.193548,"streak":2,"rank_m":101283,"pct_m":0.107685,"gas_method":"estimated"},"2024-11":{"txs":40,"uniq":22,"trade":0,"nft":2,"gas":0.00009,"bal":0.005302,"days":10,"spread":0.333333,"streak":2,"rank_m":85347,"pct_m":0.090741,"gas_method":"exact"},"2024-12":{"txs":8,"uniq":4,"trade":5,"nft":0,"gas":0.000176,"bal":0.005995,"days":4,"spread":0.129032,"streak":1,"rank_m":290724,"pct_m":0.309102,"gas_method":"exact"},"2025-01":{"txs":13,"uniq":8,"trade":0,"nft":0,"gas":0.000338,"bal":0.005884,"days":2,"spread":0.064516,"streak":1,"rank_m":279730,"pct_m":0.297413,"gas_method":"exact"},"2025-02":{"txs":4,"uniq":3,"trade":3,"nft":0,"gas":0.000028,"bal":0.005892,"days":2,"spread":0.071429,"streak":1,"rank_m":282290,"pct_m":0.300135,"gas_method":"exact"},"2025-03":{"txs":15,"uniq":11,"trade":0,"nft":0,"gas":0.000119,"bal":0.005791,"days":4,"spread":0.129032,"streak":1,"rank_m":172400,"pct_m":0.183298,"gas_method":"exact"},"2025-04":{"txs":0,"uniq":0,"trade":0,"nft":0,"gas":0,"bal":0.005791,"days":0,"spread":0,"streak":0,"rank_m":598544,"pct_m":0.636382},"2025-05":{"txs":2,"uniq":1,"trade":0,"nft":0,"gas":0.000014,"bal":0.005677,"days":2,"spread":0.064516,"streak":1,"rank_m":327884,"pct_m":0.348611,"gas_method":"estimated"},"2025-06":{"txs":11,"uniq":8,"trade":0,"nft":0,"gas":0.000077,"bal":0.016212,"days":3,"spread":0.1,"streak":1,"rank_m":180795,"pct_m":0.192223,"gas_method":"estimated"},"2025-07":{"txs":3,"uniq":3,"trade":0,"nft":0,"gas":0.000021,"bal":0.018818,"days":1,"spread":0.032258,"streak":1,"rank_m":283515,"pct_m":0.301437,"gas_method":"estimated"},"2025-08":{"txs":1,"uniq":1,"trade":0,"nft":0,"gas":0.000007,"bal":0.007985,"days":1,"spread":0.032258,"streak":1,"rank_m":355973,"pct_m":0.378476,"gas_method":"estimated"},"2025-09":{"txs":0,"uniq":0,"trade":0,"nft":0,"gas":0,"bal":0.007985,"days":0,"spread":0,"streak":0,"rank_m":485722,"pct_m":0.516427},"2025-10":{"txs":1,"uniq":1,"trade":0,"nft":0,"gas":0.000007,"bal":0.00068,"days":1,"spread":0.032258,"streak":1,"rank_m":403074,"pct_m":0.428554,"gas_method":"estimated"}}}