{"wallet":"0xca0158ea52e5266c8cd4d9635977cebb2d7518f9","rank":175845,"lifetime":{"months_active":19,"first":"2023-07","last":"2025-10","tx_sum":316,"uniq_sum":125,"trade_sum":2,"nft_sum":14,"gas_sum":0.002141,"avg_balance_eth_mean":0.060319,"streak_best_days":5,"gas_sum_filled":0.002141},"months":{"2023-07":{"txs":0,"uniq":0,"trade":0,"nft":0,"gas":0,"bal":0,"days":0,"spread":0,"streak":0,"rank_m":239001,"pct_m":0.254109},"2023-08":{"txs":8,"uniq":6,"trade":1,"nft":5,"gas":0.000758,"bal":0.00499,"days":5,"spread":0.16129,"streak":2,"rank_m":64907,"pct_m":0.069009,"gas_method":"exact"},"2023-09":{"txs":0,"uniq":0,"trade":0,"nft":0,"gas":0,"bal":0.00499,"days":0,"spread":0,"streak":0,"rank_m":155203,"pct_m":0.165014},"2023-10":{"txs":0,"uniq":0,"trade":0,"nft":0,"gas":0,"bal":0.00499,"days":0,"spread":0,"streak":0,"rank_m":160834,"pct_m":0.171001},"2023-11":{"txs":0,"uniq":0,"trade":0,"nft":0,"gas":0,"bal":0.00499,"days":0,"spread":0,"streak":0,"rank_m":172226,"pct_m":0.183113},"2023-12":{"txs":0,"uniq":0,"trade":0,"nft":0,"gas":0,"bal":0.00499,"days":0,"spread":0,"streak":0,"rank_m":198584,"pct_m":0.211137},"2024-01":{"txs":0,"uniq":0,"trade":0,"nft":0,"gas":0,"bal":0.00499,"days":0,"spread":0,"streak":0,"rank_m":207960,"pct_m":0.221106},"2024-02":{"txs":0,"uniq":0,"trade":0,"nft":0,"gas":0,"bal":0.00499,"days":0,"spread":0,"streak":0,"rank_m":277107,"pct_m":0.294624},"2024-03":{"txs":5,"uniq":4,"trade":0,"nft":1,"gas":0.000046,"bal":0.011469,"days":2,"spread":0.064516,"streak":1,"rank_m":216851,"pct_m":0.230559,"gas_method":"estimated"},"2024-04":{"txs":1,"uniq":0,"trade":0,"nft":0,"gas":0.000001,"bal":0.021273,"days":1,"spread":0.033333,"streak":1,"rank_m":364703,"pct_m":0.387758,"gas_method":"estimated"},"2024-05":{"txs":4,"uniq":1,"trade":0,"nft":0,"gas":0.000001,"bal":0.018234,"days":1,"spread":0.032258,"streak":1,"rank_m":348559,"pct_m":0.370593,"gas_method":"estimated"},"2024-06":{"txs":0,"uniq":0,"trade":0,"nft":0,"gas":0,"bal":0.018234,"days":0,"spread":0,"streak":0,"rank_m":441535,"pct_m":0.469447},"2024-07":{"txs":0,"uniq":0,"trade":0,"nft":0,"gas":0,"bal":0.018234,"days":0,"spread":0,"streak":0,"rank_m":438191,"pct_m":0.465891},"2024-08":{"txs":11,"uniq":5,"trade":0,"nft":3,"gas":0,"bal":0.035412,"days":7,"spread":0.225806,"streak":3,"rank_m":127766,"pct_m":0.135842,"gas_method":"estimated"},"2024-09":{"txs":4,"uniq":3,"trade":0,"nft":2,"gas":0,"bal":0.042813,"days":2,"spread":0.066667,"streak":1,"rank_m":182978,"pct_m":0.194544,"gas_method":"estimated"},"2024-10":{"txs":12,"uniq":8,"trade":1,"nft":2,"gas":0,"bal":0.137758,"days":3,"spread":0.096774,"streak":1,"rank_m":113138,"pct_m":0.120289,"gas_method":"estimated"},"2024-11":{"txs":6,"uniq":2,"trade":0,"nft":0,"gas":0.000014,"bal":0.077791,"days":3,"spread":0.1,"streak":2,"rank_m":273818,"pct_m":0.291127,"gas_method":"exact"},"2024-12":{"txs":4,"uniq":2,"trade":0,"nft":0,"gas":0.000066,"bal":0.00705,"days":3,"spread":0.096774,"streak":1,"rank_m":424574,"pct_m":0.451414,"gas_method":"exact"},"2025-01":{"txs":26,"uniq":15,"trade":0,"nft":0,"gas":0.000001,"bal":0.122089,"days":11,"spread":0.354839,"streak":4,"rank_m":173728,"pct_m":0.18471,"gas_method":"exact"},"2025-02":{"txs":14,"uniq":6,"trade":0,"nft":0,"gas":0.000049,"bal":0.012912,"days":6,"spread":0.214286,"streak":2,"rank_m":160856,"pct_m":0.171024,"gas_method":"exact"},"2025-03":{"txs":5,"uniq":2,"trade":0,"nft":0,"gas":0.000024,"bal":0.020938,"days":3,"spread":0.096774,"streak":2,"rank_m":264155,"pct_m":0.280853,"gas_method":"exact"},"2025-04":{"txs":50,"uniq":17,"trade":0,"nft":1,"gas":0.000013,"bal":0.267575,"days":15,"spread":0.5,"streak":5,"rank_m":24066,"pct_m":0.025586,"gas_method":"exact"},"2025-05":{"txs":38,"uniq":14,"trade":0,"nft":0,"gas":0.000267,"bal":0.262643,"days":11,"spread":0.354839,"streak":4,"rank_m":15441,"pct_m":0.016416,"gas_method":"estimated"},"2025-06":{"txs":19,"uniq":11,"trade":0,"nft":0,"gas":0.000134,"bal":0.037439,"days":6,"spread":0.2,"streak":2,"rank_m":86910,"pct_m":0.092403,"gas_method":"estimated"},"2025-07":{"txs":32,"uniq":11,"trade":0,"nft":0,"gas":0.000225,"bal":0.020241,"days":8,"spread":0.258065,"streak":2,"rank_m":85578,"pct_m":0.090987,"gas_method":"estimated"},"2025-08":{"txs":19,"uniq":9,"trade":0,"nft":0,"gas":0.000134,"bal":0.127704,"days":6,"spread":0.193548,"streak":1,"rank_m":70750,"pct_m":0.075222,"gas_method":"estimated"},"2025-09":{"txs":10,"uniq":3,"trade":0,"nft":0,"gas":0.00007,"bal":0.17062,"days":3,"spread":0.1,"streak":1,"rank_m":140291,"pct_m":0.149159,"gas_method":"estimated"},"2025-10":{"txs":48,"uniq":6,"trade":0,"nft":0,"gas":0.000338,"bal":0.223564,"days":5,"spread":0.16129,"streak":3,"rank_m":14475,"pct_m":0.015389,"gas_method":"estimated"}}}