{"wallet":"0xcad7e1a7383f63ab9a59092cd0c7dbe5519c2a61","rank":376566,"lifetime":{"months_active":20,"first":"2023-07","last":"2025-10","tx_sum":182,"uniq_sum":86,"trade_sum":3,"nft_sum":11,"gas_sum":0.001975,"avg_balance_eth_mean":0.007817,"streak_best_days":2,"gas_sum_filled":0.001975},"months":{"2023-07":{"txs":0,"uniq":0,"trade":0,"nft":0,"gas":0,"bal":0,"days":0,"spread":0,"streak":0,"rank_m":236085,"pct_m":0.251009},"2023-08":{"txs":6,"uniq":3,"trade":0,"nft":2,"gas":0.000427,"bal":0.000125,"days":1,"spread":0.032258,"streak":1,"rank_m":127934,"pct_m":0.136021,"gas_method":"exact"},"2023-09":{"txs":0,"uniq":0,"trade":0,"nft":0,"gas":0,"bal":0.000125,"days":0,"spread":0,"streak":0,"rank_m":198742,"pct_m":0.211305},"2023-10":{"txs":0,"uniq":0,"trade":0,"nft":0,"gas":0,"bal":0.000125,"days":0,"spread":0,"streak":0,"rank_m":208713,"pct_m":0.221906},"2023-11":{"txs":0,"uniq":0,"trade":0,"nft":0,"gas":0,"bal":0.000125,"days":0,"spread":0,"streak":0,"rank_m":220210,"pct_m":0.23413},"2023-12":{"txs":0,"uniq":0,"trade":0,"nft":0,"gas":0,"bal":0.000125,"days":0,"spread":0,"streak":0,"rank_m":245797,"pct_m":0.261335},"2024-01":{"txs":0,"uniq":0,"trade":0,"nft":0,"gas":0,"bal":0.000125,"days":0,"spread":0,"streak":0,"rank_m":257614,"pct_m":0.273899},"2024-02":{"txs":5,"uniq":4,"trade":0,"nft":2,"gas":0.000068,"bal":0.002349,"days":2,"spread":0.068966,"streak":1,"rank_m":163616,"pct_m":0.173958,"gas_method":"estimated"},"2024-03":{"txs":13,"uniq":9,"trade":0,"nft":3,"gas":0.000266,"bal":0.010638,"days":3,"spread":0.096774,"streak":2,"rank_m":141317,"pct_m":0.15025,"gas_method":"estimated"},"2024-04":{"txs":3,"uniq":3,"trade":0,"nft":0,"gas":0.000008,"bal":0.011904,"days":2,"spread":0.066667,"streak":1,"rank_m":343111,"pct_m":0.364801,"gas_method":"estimated"},"2024-05":{"txs":0,"uniq":0,"trade":0,"nft":0,"gas":0,"bal":0.011904,"days":0,"spread":0,"streak":0,"rank_m":446502,"pct_m":0.474728},"2024-06":{"txs":0,"uniq":0,"trade":0,"nft":0,"gas":0,"bal":0.011904,"days":0,"spread":0,"streak":0,"rank_m":454391,"pct_m":0.483116},"2024-07":{"txs":4,"uniq":3,"trade":0,"nft":1,"gas":0.000001,"bal":0.011363,"days":2,"spread":0.064516,"streak":1,"rank_m":279774,"pct_m":0.29746,"gas_method":"estimated"},"2024-08":{"txs":4,"uniq":3,"trade":0,"nft":0,"gas":0,"bal":0.01008,"days":1,"spread":0.032258,"streak":1,"rank_m":344542,"pct_m":0.366322,"gas_method":"estimated"},"2024-09":{"txs":4,"uniq":2,"trade":0,"nft":2,"gas":0,"bal":0.008371,"days":2,"spread":0.066667,"streak":2,"rank_m":230908,"pct_m":0.245504,"gas_method":"estimated"},"2024-10":{"txs":3,"uniq":3,"trade":0,"nft":1,"gas":0,"bal":0.008254,"days":1,"spread":0.032258,"streak":1,"rank_m":336112,"pct_m":0.357359,"gas_method":"estimated"},"2024-11":{"txs":4,"uniq":4,"trade":0,"nft":0,"gas":0.000009,"bal":0.008171,"days":1,"spread":0.033333,"streak":1,"rank_m":364658,"pct_m":0.38771,"gas_method":"exact"},"2024-12":{"txs":11,"uniq":11,"trade":0,"nft":0,"gas":0.000243,"bal":0.008482,"days":1,"spread":0.032258,"streak":1,"rank_m":318869,"pct_m":0.339026,"gas_method":"exact"},"2025-01":{"txs":4,"uniq":3,"trade":0,"nft":0,"gas":0.000104,"bal":0.010743,"days":1,"spread":0.032258,"streak":1,"rank_m":390533,"pct_m":0.415221,"gas_method":"exact"},"2025-02":{"txs":4,"uniq":3,"trade":0,"nft":0,"gas":0.000028,"bal":0.010847,"days":1,"spread":0.035714,"streak":1,"rank_m":340224,"pct_m":0.361731,"gas_method":"exact"},"2025-03":{"txs":3,"uniq":1,"trade":0,"nft":0,"gas":0.000024,"bal":0.010832,"days":1,"spread":0.032258,"streak":1,"rank_m":354891,"pct_m":0.377325,"gas_method":"exact"},"2025-04":{"txs":4,"uniq":3,"trade":0,"nft":0,"gas":0.000024,"bal":0.010807,"days":1,"spread":0.033333,"streak":1,"rank_m":340768,"pct_m":0.36231,"gas_method":"exact"},"2025-05":{"txs":5,"uniq":5,"trade":0,"nft":0,"gas":0.000035,"bal":0.010788,"days":1,"spread":0.032258,"streak":1,"rank_m":217644,"pct_m":0.231402,"gas_method":"estimated"},"2025-06":{"txs":38,"uniq":10,"trade":1,"nft":0,"gas":0.000267,"bal":0.014909,"days":9,"spread":0.3,"streak":2,"rank_m":72234,"pct_m":0.076799,"gas_method":"estimated"},"2025-07":{"txs":29,"uniq":5,"trade":0,"nft":0,"gas":0.000204,"bal":0.011846,"days":11,"spread":0.354839,"streak":2,"rank_m":145355,"pct_m":0.154543,"gas_method":"estimated"},"2025-08":{"txs":12,"uniq":6,"trade":2,"nft":0,"gas":0.000084,"bal":0.01182,"days":6,"spread":0.193548,"streak":1,"rank_m":133912,"pct_m":0.142377,"gas_method":"estimated"},"2025-09":{"txs":8,"uniq":4,"trade":0,"nft":0,"gas":0.000056,"bal":0.011373,"days":4,"spread":0.133333,"streak":2,"rank_m":208841,"pct_m":0.222042,"gas_method":"estimated"},"2025-10":{"txs":18,"uniq":1,"trade":0,"nft":0,"gas":0.000127,"bal":0.010745,"days":2,"spread":0.064516,"streak":2,"rank_m":137320,"pct_m":0.146,"gas_method":"estimated"}}}