{"wallet":"0xca5caa294d558ebc386964fde9562e1bdca05144","rank":12387,"lifetime":{"months_active":26,"first":"2023-07","last":"2025-10","tx_sum":835,"uniq_sum":443,"trade_sum":26,"nft_sum":345,"gas_sum":0.006035,"avg_balance_eth_mean":0.018029,"streak_best_days":40,"gas_sum_filled":0.006035},"months":{"2023-07":{"txs":7,"uniq":3,"trade":0,"nft":2,"gas":0.00056,"bal":0.001805,"days":2,"spread":0.064516,"streak":1,"rank_m":11524,"pct_m":0.012251,"gas_method":"estimated"},"2023-08":{"txs":12,"uniq":13,"trade":0,"nft":8,"gas":0.000932,"bal":0.006078,"days":8,"spread":0.258065,"streak":2,"rank_m":53342,"pct_m":0.056713,"gas_method":"exact"},"2023-09":{"txs":4,"uniq":3,"trade":0,"nft":1,"gas":0.000595,"bal":0.003153,"days":1,"spread":0.033333,"streak":1,"rank_m":79210,"pct_m":0.084216,"gas_method":"exact"},"2023-10":{"txs":1,"uniq":1,"trade":0,"nft":0,"gas":0.000006,"bal":0.002824,"days":1,"spread":0.032258,"streak":1,"rank_m":125498,"pct_m":0.133431,"gas_method":"estimated"},"2023-11":{"txs":7,"uniq":4,"trade":0,"nft":4,"gas":0.000076,"bal":0.001854,"days":4,"spread":0.133333,"streak":1,"rank_m":68698,"pct_m":0.07304,"gas_method":"estimated"},"2023-12":{"txs":14,"uniq":11,"trade":0,"nft":10,"gas":0.000284,"bal":0.001846,"days":6,"spread":0.193548,"streak":3,"rank_m":41816,"pct_m":0.044458,"gas_method":"estimated"},"2024-01":{"txs":14,"uniq":6,"trade":0,"nft":4,"gas":0.000095,"bal":0.004845,"days":10,"spread":0.322581,"streak":2,"rank_m":34592,"pct_m":0.036778,"gas_method":"exact"},"2024-02":{"txs":30,"uniq":18,"trade":0,"nft":34,"gas":0.000185,"bal":0.008385,"days":11,"spread":0.37931,"streak":3,"rank_m":15246,"pct_m":0.016209,"gas_method":"exact"},"2024-03":{"txs":117,"uniq":53,"trade":0,"nft":57,"gas":0.00048,"bal":0.012766,"days":26,"spread":0.83871,"streak":14,"rank_m":8407,"pct_m":0.008937,"gas_method":"exact"},"2024-04":{"txs":180,"uniq":59,"trade":12,"nft":95,"gas":0.000263,"bal":0.059507,"days":29,"spread":0.966667,"streak":26,"rank_m":1203,"pct_m":0.001278,"gas_method":"exact"},"2024-05":{"txs":86,"uniq":39,"trade":1,"nft":30,"gas":0.000054,"bal":0.016441,"days":23,"spread":0.741935,"streak":7,"rank_m":8214,"pct_m":0.008732,"gas_method":"exact"},"2024-06":{"txs":70,"uniq":34,"trade":0,"nft":27,"gas":0,"bal":0.002188,"days":23,"spread":0.766667,"streak":10,"rank_m":42878,"pct_m":0.045588,"gas_method":"exact"},"2024-07":{"txs":35,"uniq":18,"trade":0,"nft":11,"gas":0.000002,"bal":0.004556,"days":14,"spread":0.451613,"streak":2,"rank_m":48019,"pct_m":0.051054,"gas_method":"exact"},"2024-08":{"txs":13,"uniq":11,"trade":1,"nft":12,"gas":0.000001,"bal":0.007176,"days":9,"spread":0.290323,"streak":2,"rank_m":119867,"pct_m":0.127444,"gas_method":"estimated"},"2024-09":{"txs":10,"uniq":10,"trade":0,"nft":14,"gas":0,"bal":0.004993,"days":4,"spread":0.133333,"streak":1,"rank_m":156270,"pct_m":0.166148,"gas_method":"estimated"},"2024-10":{"txs":33,"uniq":28,"trade":8,"nft":24,"gas":0.000002,"bal":0.003785,"days":8,"spread":0.258065,"streak":4,"rank_m":81665,"pct_m":0.086827,"gas_method":"estimated"},"2024-11":{"txs":24,"uniq":17,"trade":2,"nft":4,"gas":0.000053,"bal":0.012811,"days":12,"spread":0.4,"streak":4,"rank_m":56583,"pct_m":0.060159,"gas_method":"exact"},"2024-12":{"txs":61,"uniq":36,"trade":0,"nft":4,"gas":0.001279,"bal":0.013654,"days":17,"spread":0.548387,"streak":5,"rank_m":34817,"pct_m":0.037017,"gas_method":"exact"},"2025-01":{"txs":20,"uniq":17,"trade":1,"nft":1,"gas":0.000494,"bal":0.025384,"days":10,"spread":0.322581,"streak":3,"rank_m":64127,"pct_m":0.06818,"gas_method":"exact"},"2025-02":{"txs":11,"uniq":8,"trade":0,"nft":0,"gas":0.000077,"bal":0.023422,"days":3,"spread":0.107143,"streak":1,"rank_m":175572,"pct_m":0.18667,"gas_method":"exact"},"2025-03":{"txs":7,"uniq":6,"trade":0,"nft":0,"gas":0.000055,"bal":0.02159,"days":1,"spread":0.032258,"streak":1,"rank_m":242656,"pct_m":0.257995,"gas_method":"exact"},"2025-04":{"txs":7,"uniq":6,"trade":0,"nft":0,"gas":0.000036,"bal":0.021407,"days":6,"spread":0.2,"streak":3,"rank_m":148493,"pct_m":0.157879,"gas_method":"exact"},"2025-05":{"txs":6,"uniq":4,"trade":1,"nft":0,"gas":0.000042,"bal":0.02491,"days":3,"spread":0.096774,"streak":1,"rank_m":112277,"pct_m":0.119374,"gas_method":"estimated"},"2025-06":{"txs":0,"uniq":0,"trade":0,"nft":0,"gas":0,"bal":0.02491,"days":0,"spread":0,"streak":0,"rank_m":398405,"pct_m":0.42359},"2025-07":{"txs":9,"uniq":8,"trade":0,"nft":1,"gas":0.000063,"bal":0.013146,"days":3,"spread":0.096774,"streak":1,"rank_m":182821,"pct_m":0.194377,"gas_method":"estimated"},"2025-08":{"txs":52,"uniq":26,"trade":0,"nft":0,"gas":0.000366,"bal":0.068381,"days":6,"spread":0.193548,"streak":2,"rank_m":31057,"pct_m":0.033019,"gas_method":"estimated"},"2025-09":{"txs":5,"uniq":4,"trade":0,"nft":2,"gas":0.000035,"bal":0.056499,"days":4,"spread":0.133333,"streak":1,"rank_m":130013,"pct_m":0.138231,"gas_method":"estimated"},"2025-10":{"txs":0,"uniq":0,"trade":0,"nft":0,"gas":0,"bal":0.056499,"days":0,"spread":0,"streak":0,"rank_m":253276,"pct_m":0.269287}}}