{"wallet":"0xca9452f22d1bce2520433a1e183b659e6bf72fe6","rank":326905,"lifetime":{"months_active":16,"first":"2023-07","last":"2025-10","tx_sum":110,"uniq_sum":79,"trade_sum":4,"nft_sum":67,"gas_sum":0.005718,"avg_balance_eth_mean":0.067627,"streak_best_days":5,"gas_sum_filled":0.005718},"months":{"2023-07":{"txs":0,"uniq":0,"trade":0,"nft":0,"gas":0,"bal":0,"days":0,"spread":0,"streak":0,"rank_m":237022,"pct_m":0.252005},"2023-08":{"txs":39,"uniq":30,"trade":2,"nft":27,"gas":0.004295,"bal":0.035279,"days":14,"spread":0.451613,"streak":5,"rank_m":9173,"pct_m":0.009752,"gas_method":"exact"},"2023-09":{"txs":5,"uniq":5,"trade":0,"nft":3,"gas":0.00031,"bal":0.057568,"days":4,"spread":0.133333,"streak":2,"rank_m":37311,"pct_m":0.039669,"gas_method":"exact"},"2023-10":{"txs":4,"uniq":2,"trade":0,"nft":2,"gas":0.00015,"bal":0.053248,"days":1,"spread":0.032258,"streak":1,"rank_m":55843,"pct_m":0.059372,"gas_method":"exact"},"2023-11":{"txs":1,"uniq":1,"trade":0,"nft":0,"gas":0.000066,"bal":0.060342,"days":1,"spread":0.033333,"streak":1,"rank_m":87589,"pct_m":0.093125,"gas_method":"estimated"},"2023-12":{"txs":4,"uniq":4,"trade":0,"nft":6,"gas":0.000493,"bal":0.058901,"days":3,"spread":0.096774,"streak":2,"rank_m":33782,"pct_m":0.035917,"gas_method":"estimated"},"2024-01":{"txs":1,"uniq":1,"trade":0,"nft":1,"gas":0.000115,"bal":0.056681,"days":1,"spread":0.032258,"streak":1,"rank_m":109147,"pct_m":0.116046,"gas_method":"estimated"},"2024-02":{"txs":1,"uniq":1,"trade":0,"nft":3,"gas":0.000065,"bal":0.056015,"days":1,"spread":0.034483,"streak":1,"rank_m":149901,"pct_m":0.159376,"gas_method":"estimated"},"2024-03":{"txs":35,"uniq":20,"trade":2,"nft":12,"gas":0.000082,"bal":0.059845,"days":12,"spread":0.387097,"streak":4,"rank_m":20116,"pct_m":0.021387,"gas_method":"exact"},"2024-04":{"txs":6,"uniq":5,"trade":0,"nft":3,"gas":0.000072,"bal":0.064072,"days":5,"spread":0.166667,"streak":2,"rank_m":207485,"pct_m":0.220601,"gas_method":"estimated"},"2024-05":{"txs":4,"uniq":3,"trade":0,"nft":3,"gas":0.000016,"bal":0.087798,"days":2,"spread":0.064516,"streak":1,"rank_m":252694,"pct_m":0.268668,"gas_method":"estimated"},"2024-06":{"txs":0,"uniq":0,"trade":0,"nft":0,"gas":0,"bal":0.087798,"days":0,"spread":0,"streak":0,"rank_m":416400,"pct_m":0.442723},"2024-07":{"txs":1,"uniq":1,"trade":0,"nft":5,"gas":0.000001,"bal":0.1082,"days":1,"spread":0.032258,"streak":1,"rank_m":258289,"pct_m":0.274616,"gas_method":"estimated"},"2024-08":{"txs":3,"uniq":2,"trade":0,"nft":1,"gas":0.000001,"bal":0.114095,"days":2,"spread":0.064516,"streak":1,"rank_m":258228,"pct_m":0.274552,"gas_method":"estimated"},"2024-09":{"txs":1,"uniq":1,"trade":0,"nft":0,"gas":0,"bal":0.115613,"days":1,"spread":0.033333,"streak":1,"rank_m":267683,"pct_m":0.284604,"gas_method":"estimated"},"2024-10":{"txs":2,"uniq":1,"trade":0,"nft":1,"gas":0.000001,"bal":0.115724,"days":1,"spread":0.032258,"streak":1,"rank_m":291443,"pct_m":0.309866,"gas_method":"estimated"},"2024-11":{"txs":0,"uniq":0,"trade":0,"nft":0,"gas":0,"bal":0.115724,"days":0,"spread":0,"streak":0,"rank_m":476714,"pct_m":0.50685},"2024-12":{"txs":2,"uniq":1,"trade":0,"nft":0,"gas":0.000044,"bal":0.092368,"days":2,"spread":0.064516,"streak":1,"rank_m":421576,"pct_m":0.448226,"gas_method":"exact"},"2025-01":{"txs":0,"uniq":0,"trade":0,"nft":0,"gas":0,"bal":0.092368,"days":0,"spread":0,"streak":0,"rank_m":523530,"pct_m":0.556625},"2025-02":{"txs":0,"uniq":0,"trade":0,"nft":0,"gas":0,"bal":0.092368,"days":0,"spread":0,"streak":0,"rank_m":500465,"pct_m":0.532102},"2025-03":{"txs":0,"uniq":0,"trade":0,"nft":0,"gas":0,"bal":0.092368,"days":0,"spread":0,"streak":0,"rank_m":473455,"pct_m":0.503385},"2025-04":{"txs":0,"uniq":0,"trade":0,"nft":0,"gas":0,"bal":0.092368,"days":0,"spread":0,"streak":0,"rank_m":514186,"pct_m":0.546691},"2025-05":{"txs":0,"uniq":0,"trade":0,"nft":0,"gas":0,"bal":0.092368,"days":0,"spread":0,"streak":0,"rank_m":339891,"pct_m":0.361377},"2025-06":{"txs":0,"uniq":0,"trade":0,"nft":0,"gas":0,"bal":0.092368,"days":0,"spread":0,"streak":0,"rank_m":344073,"pct_m":0.365823},"2025-07":{"txs":1,"uniq":1,"trade":0,"nft":0,"gas":0.000007,"bal":0.000018,"days":1,"spread":0.032258,"streak":1,"rank_m":691184,"pct_m":0.734878,"gas_method":"estimated"},"2025-08":{"txs":0,"uniq":0,"trade":0,"nft":0,"gas":0,"bal":0.000018,"days":0,"spread":0,"streak":0,"rank_m":852041,"pct_m":0.905904},"2025-09":{"txs":0,"uniq":0,"trade":0,"nft":0,"gas":0,"bal":0.000018,"days":0,"spread":0,"streak":0,"rank_m":848533,"pct_m":0.902174},"2025-10":{"txs":0,"uniq":0,"trade":0,"nft":0,"gas":0,"bal":0.000018,"days":0,"spread":0,"streak":0,"rank_m":808164,"pct_m":0.859253}}}