{"wallet":"0xcad9baee2f9beaae0747a1364b5cdc510a5a003d","rank":644385,"lifetime":{"months_active":15,"first":"2023-07","last":"2025-10","tx_sum":135,"uniq_sum":90,"trade_sum":4,"nft_sum":50,"gas_sum":0.003869,"avg_balance_eth_mean":0.001104,"streak_best_days":2,"gas_sum_filled":0.003869},"months":{"2023-07":{"txs":3,"uniq":2,"trade":0,"nft":1,"gas":0.000877,"bal":0.00034,"days":1,"spread":0.032258,"streak":1,"rank_m":29301,"pct_m":0.031152,"gas_method":"estimated"},"2023-08":{"txs":4,"uniq":3,"trade":0,"nft":1,"gas":0.0001,"bal":0.000779,"days":1,"spread":0.032258,"streak":1,"rank_m":132630,"pct_m":0.141014,"gas_method":"exact"},"2023-09":{"txs":1,"uniq":1,"trade":0,"nft":1,"gas":0.000026,"bal":0.000618,"days":1,"spread":0.033333,"streak":1,"rank_m":122586,"pct_m":0.130335,"gas_method":"exact"},"2023-10":{"txs":54,"uniq":30,"trade":3,"nft":13,"gas":0.001236,"bal":0.000858,"days":1,"spread":0.032258,"streak":1,"rank_m":63850,"pct_m":0.067885,"gas_method":"estimated"},"2023-11":{"txs":0,"uniq":0,"trade":0,"nft":0,"gas":0,"bal":0.000858,"days":0,"spread":0,"streak":0,"rank_m":186329,"pct_m":0.198107},"2023-12":{"txs":0,"uniq":0,"trade":0,"nft":0,"gas":0,"bal":0.000858,"days":0,"spread":0,"streak":0,"rank_m":210925,"pct_m":0.224258},"2024-01":{"txs":10,"uniq":9,"trade":0,"nft":9,"gas":0.000226,"bal":0.001097,"days":2,"spread":0.064516,"streak":1,"rank_m":69171,"pct_m":0.073543,"gas_method":"exact"},"2024-02":{"txs":10,"uniq":8,"trade":0,"nft":4,"gas":0.000021,"bal":0.001389,"days":7,"spread":0.241379,"streak":2,"rank_m":79453,"pct_m":0.084475,"gas_method":"exact"},"2024-03":{"txs":22,"uniq":14,"trade":0,"nft":11,"gas":0.001288,"bal":0.000519,"days":2,"spread":0.064516,"streak":1,"rank_m":218677,"pct_m":0.2325,"gas_method":"estimated"},"2024-04":{"txs":4,"uniq":4,"trade":0,"nft":1,"gas":0.000029,"bal":0.000203,"days":2,"spread":0.066667,"streak":1,"rank_m":417470,"pct_m":0.443861,"gas_method":"estimated"},"2024-05":{"txs":2,"uniq":2,"trade":0,"nft":1,"gas":0.000005,"bal":0.000059,"days":1,"spread":0.032258,"streak":1,"rank_m":461420,"pct_m":0.490589,"gas_method":"estimated"},"2024-06":{"txs":11,"uniq":8,"trade":0,"nft":3,"gas":0.000001,"bal":0.000194,"days":4,"spread":0.133333,"streak":1,"rank_m":340475,"pct_m":0.361998,"gas_method":"estimated"},"2024-07":{"txs":0,"uniq":0,"trade":0,"nft":0,"gas":0,"bal":0.000194,"days":0,"spread":0,"streak":0,"rank_m":569170,"pct_m":0.605151},"2024-08":{"txs":0,"uniq":0,"trade":0,"nft":0,"gas":0,"bal":0.000194,"days":0,"spread":0,"streak":0,"rank_m":589577,"pct_m":0.626848},"2024-09":{"txs":3,"uniq":2,"trade":0,"nft":1,"gas":0,"bal":0.000381,"days":1,"spread":0.033333,"streak":1,"rank_m":409852,"pct_m":0.435761,"gas_method":"estimated"},"2024-10":{"txs":4,"uniq":3,"trade":0,"nft":4,"gas":0.000001,"bal":0.002257,"days":4,"spread":0.129032,"streak":1,"rank_m":320966,"pct_m":0.341256,"gas_method":"estimated"},"2024-11":{"txs":5,"uniq":2,"trade":1,"nft":0,"gas":0.000011,"bal":0.002944,"days":1,"spread":0.033333,"streak":1,"rank_m":350369,"pct_m":0.372518,"gas_method":"exact"},"2024-12":{"txs":1,"uniq":1,"trade":0,"nft":0,"gas":0.000022,"bal":0.001624,"days":1,"spread":0.032258,"streak":1,"rank_m":534145,"pct_m":0.567911,"gas_method":"exact"},"2025-01":{"txs":1,"uniq":1,"trade":0,"nft":0,"gas":0.000026,"bal":0.001555,"days":1,"spread":0.032258,"streak":1,"rank_m":512431,"pct_m":0.544825,"gas_method":"exact"},"2025-02":{"txs":0,"uniq":0,"trade":0,"nft":0,"gas":0,"bal":0.001555,"days":0,"spread":0,"streak":0,"rank_m":629560,"pct_m":0.669358},"2025-03":{"txs":0,"uniq":0,"trade":0,"nft":0,"gas":0,"bal":0.001555,"days":0,"spread":0,"streak":0,"rank_m":620168,"pct_m":0.659373},"2025-04":{"txs":0,"uniq":0,"trade":0,"nft":0,"gas":0,"bal":0.001555,"days":0,"spread":0,"streak":0,"rank_m":650410,"pct_m":0.691526},"2025-05":{"txs":0,"uniq":0,"trade":0,"nft":0,"gas":0,"bal":0.001555,"days":0,"spread":0,"streak":0,"rank_m":625307,"pct_m":0.664837},"2025-06":{"txs":0,"uniq":0,"trade":0,"nft":0,"gas":0,"bal":0.001555,"days":0,"spread":0,"streak":0,"rank_m":629159,"pct_m":0.668932},"2025-07":{"txs":0,"uniq":0,"trade":0,"nft":0,"gas":0,"bal":0.001555,"days":0,"spread":0,"streak":0,"rank_m":647233,"pct_m":0.688149},"2025-08":{"txs":0,"uniq":0,"trade":0,"nft":0,"gas":0,"bal":0.001555,"days":0,"spread":0,"streak":0,"rank_m":626068,"pct_m":0.665646},"2025-09":{"txs":0,"uniq":0,"trade":0,"nft":0,"gas":0,"bal":0.001555,"days":0,"spread":0,"streak":0,"rank_m":612015,"pct_m":0.650704},"2025-10":{"txs":0,"uniq":0,"trade":0,"nft":0,"gas":0,"bal":0.001555,"days":0,"spread":0,"streak":0,"rank_m":521948,"pct_m":0.554943}}}