{"wallet":"0xcac0f8a7b85464f8207157cf26765f8ee056f3d0","rank":222969,"lifetime":{"months_active":25,"first":"2023-07","last":"2025-10","tx_sum":228,"uniq_sum":117,"trade_sum":30,"nft_sum":37,"gas_sum":0.001629,"avg_balance_eth_mean":0.005014,"streak_best_days":3,"gas_sum_filled":0.001629},"months":{"2023-07":{"txs":0,"uniq":0,"trade":0,"nft":0,"gas":0,"bal":0,"days":0,"spread":0,"streak":0,"rank_m":236389,"pct_m":0.251332},"2023-08":{"txs":8,"uniq":7,"trade":0,"nft":7,"gas":0.000316,"bal":0.003018,"days":2,"spread":0.064516,"streak":1,"rank_m":92993,"pct_m":0.098871,"gas_method":"exact"},"2023-09":{"txs":1,"uniq":1,"trade":0,"nft":0,"gas":0.000039,"bal":0.004577,"days":1,"spread":0.033333,"streak":1,"rank_m":120808,"pct_m":0.128444,"gas_method":"estimated"},"2023-10":{"txs":1,"uniq":1,"trade":0,"nft":1,"gas":0.00001,"bal":0.002315,"days":1,"spread":0.032258,"streak":1,"rank_m":116450,"pct_m":0.123811,"gas_method":"estimated"},"2023-11":{"txs":4,"uniq":1,"trade":0,"nft":0,"gas":0.000071,"bal":0.000643,"days":1,"spread":0.033333,"streak":1,"rank_m":144273,"pct_m":0.153393,"gas_method":"estimated"},"2023-12":{"txs":2,"uniq":1,"trade":0,"nft":0,"gas":0.000067,"bal":0.001625,"days":1,"spread":0.032258,"streak":1,"rank_m":157716,"pct_m":0.167685,"gas_method":"estimated"},"2024-01":{"txs":1,"uniq":1,"trade":0,"nft":1,"gas":0.000031,"bal":0.000041,"days":1,"spread":0.032258,"streak":1,"rank_m":188127,"pct_m":0.200019,"gas_method":"estimated"},"2024-02":{"txs":6,"uniq":2,"trade":0,"nft":2,"gas":0.000105,"bal":0.000611,"days":2,"spread":0.068966,"streak":1,"rank_m":204173,"pct_m":0.217079,"gas_method":"estimated"},"2024-03":{"txs":7,"uniq":6,"trade":0,"nft":2,"gas":0.000184,"bal":0.002252,"days":6,"spread":0.193548,"streak":2,"rank_m":196247,"pct_m":0.208652,"gas_method":"estimated"},"2024-04":{"txs":57,"uniq":19,"trade":2,"nft":7,"gas":0.000185,"bal":0.002483,"days":4,"spread":0.133333,"streak":2,"rank_m":174643,"pct_m":0.185682,"gas_method":"estimated"},"2024-05":{"txs":11,"uniq":9,"trade":0,"nft":6,"gas":0.000012,"bal":0.000808,"days":4,"spread":0.129032,"streak":1,"rank_m":306202,"pct_m":0.325558,"gas_method":"estimated"},"2024-06":{"txs":25,"uniq":11,"trade":1,"nft":1,"gas":0.000001,"bal":0.012169,"days":7,"spread":0.233333,"streak":2,"rank_m":89303,"pct_m":0.094947,"gas_method":"estimated"},"2024-07":{"txs":20,"uniq":2,"trade":0,"nft":7,"gas":0.000003,"bal":0.001772,"days":3,"spread":0.096774,"streak":1,"rank_m":277648,"pct_m":0.295199,"gas_method":"estimated"},"2024-08":{"txs":1,"uniq":1,"trade":1,"nft":0,"gas":0,"bal":0.000665,"days":1,"spread":0.032258,"streak":1,"rank_m":417285,"pct_m":0.443664,"gas_method":"estimated"},"2024-09":{"txs":2,"uniq":1,"trade":0,"nft":2,"gas":0,"bal":0.000558,"days":1,"spread":0.033333,"streak":1,"rank_m":402856,"pct_m":0.428323,"gas_method":"estimated"},"2024-10":{"txs":2,"uniq":2,"trade":1,"nft":1,"gas":0,"bal":0.002691,"days":1,"spread":0.032258,"streak":1,"rank_m":358725,"pct_m":0.381402,"gas_method":"estimated"},"2024-11":{"txs":0,"uniq":0,"trade":0,"nft":0,"gas":0,"bal":0.002691,"days":0,"spread":0,"streak":0,"rank_m":559139,"pct_m":0.594486},"2024-12":{"txs":1,"uniq":1,"trade":0,"nft":0,"gas":0.000022,"bal":0.00573,"days":1,"spread":0.032258,"streak":1,"rank_m":506313,"pct_m":0.53832,"gas_method":"exact"},"2025-01":{"txs":4,"uniq":2,"trade":0,"nft":0,"gas":0.000052,"bal":0.009216,"days":2,"spread":0.064516,"streak":1,"rank_m":412547,"pct_m":0.438626,"gas_method":"exact"},"2025-02":{"txs":5,"uniq":5,"trade":0,"nft":0,"gas":0.000035,"bal":0.01422,"days":3,"spread":0.107143,"streak":1,"rank_m":264404,"pct_m":0.281118,"gas_method":"exact"},"2025-03":{"txs":14,"uniq":8,"trade":7,"nft":0,"gas":0.000103,"bal":0.00928,"days":4,"spread":0.129032,"streak":1,"rank_m":128020,"pct_m":0.136112,"gas_method":"exact"},"2025-04":{"txs":1,"uniq":1,"trade":0,"nft":0,"gas":0.000006,"bal":0.007974,"days":1,"spread":0.033333,"streak":1,"rank_m":442426,"pct_m":0.470394,"gas_method":"exact"},"2025-05":{"txs":2,"uniq":2,"trade":0,"nft":0,"gas":0.000014,"bal":0.00626,"days":2,"spread":0.064516,"streak":1,"rank_m":299181,"pct_m":0.318094,"gas_method":"estimated"},"2025-06":{"txs":8,"uniq":6,"trade":0,"nft":0,"gas":0.000056,"bal":0.008547,"days":3,"spread":0.1,"streak":1,"rank_m":250741,"pct_m":0.266591,"gas_method":"estimated"},"2025-07":{"txs":12,"uniq":11,"trade":2,"nft":0,"gas":0.000084,"bal":0.019841,"days":5,"spread":0.16129,"streak":2,"rank_m":85357,"pct_m":0.090752,"gas_method":"estimated"},"2025-08":{"txs":18,"uniq":5,"trade":16,"nft":0,"gas":0.000127,"bal":0.00936,"days":8,"spread":0.258065,"streak":3,"rank_m":95651,"pct_m":0.101697,"gas_method":"estimated"},"2025-09":{"txs":0,"uniq":0,"trade":0,"nft":0,"gas":0,"bal":0.00936,"days":0,"spread":0,"streak":0,"rank_m":470386,"pct_m":0.500122},"2025-10":{"txs":15,"uniq":11,"trade":0,"nft":0,"gas":0.000106,"bal":0.001682,"days":2,"spread":0.064516,"streak":1,"rank_m":235561,"pct_m":0.250452,"gas_method":"estimated"}}}