{"wallet":"0xca888f977ec471bdf9c182552b7afa3f249c4e63","rank":88653,"lifetime":{"months_active":27,"first":"2023-07","last":"2025-10","tx_sum":1279,"uniq_sum":554,"trade_sum":19,"nft_sum":286,"gas_sum":0.010974,"avg_balance_eth_mean":0.001703,"streak_best_days":0,"gas_sum_filled":0.010974},"months":{"2023-07":{"txs":0,"uniq":0,"trade":0,"nft":0,"gas":0,"bal":0,"days":0,"spread":0,"streak":0,"rank_m":237178,"pct_m":0.252171},"2023-08":{"txs":27,"uniq":18,"trade":0,"nft":11,"gas":0.003182,"bal":0.000527,"days":7,"spread":0.225806,"streak":0,"rank_m":84259,"pct_m":0.089585,"gas_method":"exact"},"2023-09":{"txs":6,"uniq":4,"trade":0,"nft":6,"gas":0.000113,"bal":0.000212,"days":3,"spread":0.1,"streak":0,"rank_m":127214,"pct_m":0.135255,"gas_method":"estimated"},"2023-10":{"txs":95,"uniq":41,"trade":2,"nft":24,"gas":0.000474,"bal":0.022768,"days":12,"spread":0.387097,"streak":0,"rank_m":32277,"pct_m":0.034316,"gas_method":"estimated"},"2023-11":{"txs":16,"uniq":10,"trade":0,"nft":2,"gas":0.000042,"bal":0.000051,"days":6,"spread":0.2,"streak":0,"rank_m":89766,"pct_m":0.09544,"gas_method":"exact"},"2023-12":{"txs":7,"uniq":5,"trade":0,"nft":5,"gas":0.000113,"bal":0.000569,"days":3,"spread":0.096774,"streak":0,"rank_m":137231,"pct_m":0.145905,"gas_method":"estimated"},"2024-01":{"txs":6,"uniq":4,"trade":0,"nft":1,"gas":0.000026,"bal":0.000167,"days":4,"spread":0.129032,"streak":0,"rank_m":148568,"pct_m":0.157959,"gas_method":"exact"},"2024-02":{"txs":15,"uniq":8,"trade":0,"nft":9,"gas":0.000128,"bal":0.000218,"days":5,"spread":0.172414,"streak":0,"rank_m":182429,"pct_m":0.193961,"gas_method":"estimated"},"2024-03":{"txs":51,"uniq":21,"trade":4,"nft":12,"gas":0.000651,"bal":0.000374,"days":9,"spread":0.290323,"streak":0,"rank_m":177198,"pct_m":0.188399,"gas_method":"estimated"},"2024-04":{"txs":52,"uniq":26,"trade":0,"nft":15,"gas":0.000529,"bal":0.000569,"days":10,"spread":0.333333,"streak":0,"rank_m":175251,"pct_m":0.186329,"gas_method":"exact"},"2024-05":{"txs":103,"uniq":37,"trade":0,"nft":22,"gas":0.000054,"bal":0.000465,"days":15,"spread":0.483871,"streak":0,"rank_m":207691,"pct_m":0.22082,"gas_method":"estimated"},"2024-06":{"txs":32,"uniq":18,"trade":0,"nft":7,"gas":0,"bal":0.001808,"days":12,"spread":0.4,"streak":0,"rank_m":145337,"pct_m":0.154524,"gas_method":"exact"},"2024-07":{"txs":78,"uniq":36,"trade":2,"nft":21,"gas":0.000002,"bal":0.001646,"days":15,"spread":0.483871,"streak":0,"rank_m":88760,"pct_m":0.09437,"gas_method":"exact"},"2024-08":{"txs":11,"uniq":9,"trade":0,"nft":10,"gas":0.000001,"bal":0.000076,"days":4,"spread":0.129032,"streak":0,"rank_m":403206,"pct_m":0.428695,"gas_method":"estimated"},"2024-09":{"txs":169,"uniq":105,"trade":1,"nft":97,"gas":0.000005,"bal":0.003486,"days":12,"spread":0.4,"streak":0,"rank_m":102453,"pct_m":0.108929,"gas_method":"estimated"},"2024-10":{"txs":101,"uniq":47,"trade":1,"nft":34,"gas":0.000005,"bal":0.004248,"days":23,"spread":0.741935,"streak":0,"rank_m":55042,"pct_m":0.058521,"gas_method":"exact"},"2024-11":{"txs":63,"uniq":23,"trade":3,"nft":1,"gas":0.000129,"bal":0.000639,"days":10,"spread":0.333333,"streak":0,"rank_m":162983,"pct_m":0.173285,"gas_method":"exact"},"2024-12":{"txs":60,"uniq":23,"trade":2,"nft":3,"gas":0.001279,"bal":0.000386,"days":15,"spread":0.483871,"streak":0,"rank_m":181649,"pct_m":0.193131,"gas_method":"exact"},"2025-01":{"txs":94,"uniq":22,"trade":0,"nft":1,"gas":0.002286,"bal":0.002297,"days":15,"spread":0.483871,"streak":0,"rank_m":118534,"pct_m":0.126026,"gas_method":"exact"},"2025-02":{"txs":26,"uniq":8,"trade":0,"nft":0,"gas":0.000134,"bal":0.001795,"days":7,"spread":0.25,"streak":0,"rank_m":211316,"pct_m":0.224674,"gas_method":"exact"},"2025-03":{"txs":54,"uniq":12,"trade":0,"nft":1,"gas":0.000403,"bal":0.00218,"days":6,"spread":0.193548,"streak":0,"rank_m":160176,"pct_m":0.170301,"gas_method":"exact"},"2025-04":{"txs":38,"uniq":13,"trade":2,"nft":0,"gas":0.000187,"bal":0.001877,"days":12,"spread":0.4,"streak":0,"rank_m":125212,"pct_m":0.133127,"gas_method":"exact"},"2025-05":{"txs":33,"uniq":14,"trade":1,"nft":0,"gas":0.000232,"bal":0.000256,"days":8,"spread":0.258065,"streak":0,"rank_m":292802,"pct_m":0.311311,"gas_method":"estimated"},"2025-06":{"txs":44,"uniq":9,"trade":1,"nft":0,"gas":0.00031,"bal":0.000077,"days":5,"spread":0.166667,"streak":0,"rank_m":428471,"pct_m":0.455557,"gas_method":"estimated"},"2025-07":{"txs":52,"uniq":17,"trade":0,"nft":3,"gas":0.000366,"bal":0.000142,"days":12,"spread":0.387097,"streak":0,"rank_m":331715,"pct_m":0.352684,"gas_method":"estimated"},"2025-08":{"txs":11,"uniq":5,"trade":0,"nft":0,"gas":0.000077,"bal":0.000522,"days":5,"spread":0.16129,"streak":0,"rank_m":471837,"pct_m":0.501664,"gas_method":"estimated"},"2025-09":{"txs":30,"uniq":14,"trade":0,"nft":1,"gas":0.000211,"bal":0.000284,"days":9,"spread":0.3,"streak":0,"rank_m":317275,"pct_m":0.337331,"gas_method":"estimated"},"2025-10":{"txs":5,"uniq":5,"trade":0,"nft":0,"gas":0.000035,"bal":0.000039,"days":3,"spread":0.096774,"streak":0,"rank_m":496006,"pct_m":0.527361,"gas_method":"estimated"}}}