{"wallet":"0xca1a6e5fe34293775fe0dd109d74539b567eec34","rank":1375,"lifetime":{"months_active":27,"first":"2023-07","last":"2025-10","tx_sum":2862,"uniq_sum":1138,"trade_sum":94,"nft_sum":862,"gas_sum":0.016075,"avg_balance_eth_mean":0.032741,"streak_best_days":70,"gas_sum_filled":0.016075},"months":{"2023-07":{"txs":0,"uniq":0,"trade":0,"nft":0,"gas":0,"bal":0,"days":0,"spread":0,"streak":0,"rank_m":238673,"pct_m":0.25376},"2023-08":{"txs":18,"uniq":15,"trade":0,"nft":119,"gas":0.001214,"bal":0.003443,"days":8,"spread":0.258065,"streak":3,"rank_m":43060,"pct_m":0.045781,"gas_method":"exact"},"2023-09":{"txs":21,"uniq":7,"trade":0,"nft":72,"gas":0.000372,"bal":0.007037,"days":9,"spread":0.3,"streak":3,"rank_m":21788,"pct_m":0.023164,"gas_method":"exact"},"2023-10":{"txs":33,"uniq":9,"trade":0,"nft":3,"gas":0.000035,"bal":0.000838,"days":10,"spread":0.322581,"streak":3,"rank_m":37013,"pct_m":0.039352,"gas_method":"exact"},"2023-11":{"txs":13,"uniq":5,"trade":0,"nft":4,"gas":0.000095,"bal":0.001457,"days":5,"spread":0.166667,"streak":2,"rank_m":56565,"pct_m":0.06014,"gas_method":"estimated"},"2023-12":{"txs":95,"uniq":36,"trade":0,"nft":20,"gas":0.000099,"bal":0.005062,"days":17,"spread":0.548387,"streak":4,"rank_m":6838,"pct_m":0.007269,"gas_method":"exact"},"2024-01":{"txs":99,"uniq":27,"trade":3,"nft":23,"gas":0.000881,"bal":0.021077,"days":27,"spread":0.870968,"streak":10,"rank_m":923,"pct_m":0.00098,"gas_method":"exact"},"2024-02":{"txs":280,"uniq":90,"trade":0,"nft":84,"gas":0.002311,"bal":0.098105,"days":29,"spread":1,"streak":29,"rank_m":692,"pct_m":0.000735,"gas_method":"exact"},"2024-03":{"txs":252,"uniq":90,"trade":1,"nft":70,"gas":0.003846,"bal":0.095148,"days":30,"spread":0.967742,"streak":23,"rank_m":1261,"pct_m":0.00134,"gas_method":"exact"},"2024-04":{"txs":240,"uniq":105,"trade":6,"nft":113,"gas":0.000277,"bal":0.11772,"days":30,"spread":1,"streak":30,"rank_m":653,"pct_m":0.000693,"gas_method":"exact"},"2024-05":{"txs":324,"uniq":97,"trade":10,"nft":119,"gas":0.000048,"bal":0.023678,"days":30,"spread":0.967742,"streak":17,"rank_m":1451,"pct_m":0.001542,"gas_method":"exact"},"2024-06":{"txs":244,"uniq":98,"trade":6,"nft":64,"gas":0.000005,"bal":0.003058,"days":30,"spread":1,"streak":30,"rank_m":11861,"pct_m":0.01261,"gas_method":"exact"},"2024-07":{"txs":159,"uniq":77,"trade":2,"nft":54,"gas":0.000003,"bal":0.016631,"days":27,"spread":0.870968,"streak":18,"rank_m":3174,"pct_m":0.003374,"gas_method":"exact"},"2024-08":{"txs":107,"uniq":34,"trade":2,"nft":42,"gas":0.000004,"bal":0.006249,"days":21,"spread":0.677419,"streak":6,"rank_m":10972,"pct_m":0.011665,"gas_method":"exact"},"2024-09":{"txs":66,"uniq":22,"trade":7,"nft":29,"gas":0.000001,"bal":0.042263,"days":17,"spread":0.566667,"streak":7,"rank_m":3103,"pct_m":0.003298,"gas_method":"exact"},"2024-10":{"txs":181,"uniq":107,"trade":2,"nft":25,"gas":0,"bal":0.051983,"days":25,"spread":0.806452,"streak":11,"rank_m":4083,"pct_m":0.00434,"gas_method":"exact"},"2024-11":{"txs":166,"uniq":51,"trade":18,"nft":14,"gas":0.000377,"bal":0.243096,"days":28,"spread":0.933333,"streak":19,"rank_m":1043,"pct_m":0.001108,"gas_method":"exact"},"2024-12":{"txs":100,"uniq":18,"trade":2,"nft":4,"gas":0.002161,"bal":0.098012,"days":18,"spread":0.580645,"streak":10,"rank_m":12630,"pct_m":0.013427,"gas_method":"exact"},"2025-01":{"txs":60,"uniq":20,"trade":0,"nft":0,"gas":0.001533,"bal":0.008647,"days":15,"spread":0.483871,"streak":4,"rank_m":50922,"pct_m":0.05414,"gas_method":"exact"},"2025-02":{"txs":44,"uniq":19,"trade":1,"nft":0,"gas":0.000303,"bal":0.02297,"days":10,"spread":0.357143,"streak":4,"rank_m":21397,"pct_m":0.022749,"gas_method":"exact"},"2025-03":{"txs":24,"uniq":18,"trade":13,"nft":0,"gas":0.000174,"bal":0.006356,"days":13,"spread":0.419355,"streak":4,"rank_m":45622,"pct_m":0.048505,"gas_method":"exact"},"2025-04":{"txs":29,"uniq":18,"trade":12,"nft":0,"gas":0.000175,"bal":0.013878,"days":10,"spread":0.333333,"streak":3,"rank_m":19579,"pct_m":0.020816,"gas_method":"exact"},"2025-05":{"txs":161,"uniq":81,"trade":8,"nft":0,"gas":0.001133,"bal":0.017423,"days":20,"spread":0.645161,"streak":5,"rank_m":10288,"pct_m":0.010937,"gas_method":"estimated"},"2025-06":{"txs":30,"uniq":18,"trade":0,"nft":0,"gas":0.000211,"bal":0.001767,"days":9,"spread":0.3,"streak":3,"rank_m":242296,"pct_m":0.257612,"gas_method":"estimated"},"2025-07":{"txs":15,"uniq":12,"trade":0,"nft":1,"gas":0.000106,"bal":0.001182,"days":8,"spread":0.258065,"streak":3,"rank_m":236487,"pct_m":0.251436,"gas_method":"estimated"},"2025-08":{"txs":47,"uniq":27,"trade":0,"nft":0,"gas":0.000331,"bal":0.00128,"days":8,"spread":0.258065,"streak":3,"rank_m":230588,"pct_m":0.245164,"gas_method":"estimated"},"2025-09":{"txs":23,"uniq":16,"trade":0,"nft":1,"gas":0.000162,"bal":0.003126,"days":6,"spread":0.2,"streak":2,"rank_m":160276,"pct_m":0.170407,"gas_method":"estimated"},"2025-10":{"txs":31,"uniq":21,"trade":1,"nft":1,"gas":0.000218,"bal":0.005254,"days":8,"spread":0.258065,"streak":4,"rank_m":46546,"pct_m":0.049487,"gas_method":"estimated"}}}