{"wallet":"0xca4a196ba79417cf9d91b5217417069869068fbb","rank":364339,"lifetime":{"months_active":18,"first":"2023-07","last":"2025-10","tx_sum":199,"uniq_sum":60,"trade_sum":5,"nft_sum":27,"gas_sum":0.00184,"avg_balance_eth_mean":0.007501,"streak_best_days":5,"gas_sum_filled":0.00184},"months":{"2023-07":{"txs":0,"uniq":0,"trade":0,"nft":0,"gas":0,"bal":0,"days":0,"spread":0,"streak":0,"rank_m":238023,"pct_m":0.253069},"2023-08":{"txs":0,"uniq":0,"trade":0,"nft":0,"gas":0,"bal":0,"days":0,"spread":0,"streak":0,"rank_m":328499,"pct_m":0.349265},"2023-09":{"txs":0,"uniq":0,"trade":0,"nft":0,"gas":0,"bal":0,"days":0,"spread":0,"streak":0,"rank_m":347470,"pct_m":0.369435},"2023-10":{"txs":3,"uniq":3,"trade":0,"nft":3,"gas":0.000018,"bal":0.000437,"days":1,"spread":0.032258,"streak":1,"rank_m":117167,"pct_m":0.124573,"gas_method":"estimated"},"2023-11":{"txs":2,"uniq":2,"trade":0,"nft":2,"gas":0.000021,"bal":0.000258,"days":1,"spread":0.033333,"streak":1,"rank_m":130320,"pct_m":0.138557,"gas_method":"estimated"},"2023-12":{"txs":4,"uniq":3,"trade":0,"nft":4,"gas":0.000079,"bal":0.002216,"days":2,"spread":0.064516,"streak":1,"rank_m":91937,"pct_m":0.097748,"gas_method":"estimated"},"2024-01":{"txs":8,"uniq":2,"trade":0,"nft":3,"gas":0.000048,"bal":0.002448,"days":4,"spread":0.129032,"streak":1,"rank_m":78520,"pct_m":0.083483,"gas_method":"exact"},"2024-02":{"txs":10,"uniq":7,"trade":0,"nft":3,"gas":0.000057,"bal":0.00225,"days":4,"spread":0.137931,"streak":2,"rank_m":85646,"pct_m":0.091059,"gas_method":"exact"},"2024-03":{"txs":8,"uniq":5,"trade":0,"nft":3,"gas":0.00071,"bal":0.001676,"days":4,"spread":0.129032,"streak":2,"rank_m":170682,"pct_m":0.181471,"gas_method":"exact"},"2024-04":{"txs":20,"uniq":5,"trade":0,"nft":1,"gas":0.000039,"bal":0.001324,"days":8,"spread":0.266667,"streak":5,"rank_m":282005,"pct_m":0.299832,"gas_method":"estimated"},"2024-05":{"txs":14,"uniq":8,"trade":0,"nft":5,"gas":0.000009,"bal":0.011189,"days":5,"spread":0.16129,"streak":2,"rank_m":170405,"pct_m":0.181177,"gas_method":"estimated"},"2024-06":{"txs":4,"uniq":3,"trade":0,"nft":1,"gas":0.000001,"bal":0.010516,"days":3,"spread":0.1,"streak":1,"rank_m":241712,"pct_m":0.256991,"gas_method":"exact"},"2024-07":{"txs":0,"uniq":0,"trade":0,"nft":0,"gas":0,"bal":0.010516,"days":0,"spread":0,"streak":0,"rank_m":458389,"pct_m":0.487366},"2024-08":{"txs":3,"uniq":2,"trade":0,"nft":1,"gas":0,"bal":0.010557,"days":2,"spread":0.064516,"streak":1,"rank_m":314826,"pct_m":0.334728,"gas_method":"estimated"},"2024-09":{"txs":3,"uniq":2,"trade":0,"nft":1,"gas":0,"bal":0.010479,"days":2,"spread":0.066667,"streak":1,"rank_m":256682,"pct_m":0.272908,"gas_method":"estimated"},"2024-10":{"txs":0,"uniq":0,"trade":0,"nft":0,"gas":0,"bal":0.010479,"days":0,"spread":0,"streak":0,"rank_m":478786,"pct_m":0.509053},"2024-11":{"txs":0,"uniq":0,"trade":0,"nft":0,"gas":0,"bal":0.010479,"days":0,"spread":0,"streak":0,"rank_m":515233,"pct_m":0.547804},"2024-12":{"txs":1,"uniq":1,"trade":0,"nft":0,"gas":0.000022,"bal":0.010191,"days":1,"spread":0.032258,"streak":1,"rank_m":490399,"pct_m":0.5214,"gas_method":"exact"},"2025-01":{"txs":0,"uniq":0,"trade":0,"nft":0,"gas":0,"bal":0.010191,"days":0,"spread":0,"streak":0,"rank_m":563179,"pct_m":0.598781},"2025-02":{"txs":7,"uniq":6,"trade":1,"nft":0,"gas":0.000049,"bal":0.002271,"days":5,"spread":0.178571,"streak":1,"rank_m":224613,"pct_m":0.238811,"gas_method":"exact"},"2025-03":{"txs":0,"uniq":0,"trade":0,"nft":0,"gas":0,"bal":0.002271,"days":0,"spread":0,"streak":0,"rank_m":603640,"pct_m":0.6418},"2025-04":{"txs":1,"uniq":1,"trade":0,"nft":0,"gas":0.000006,"bal":0.00009,"days":1,"spread":0.033333,"streak":1,"rank_m":551337,"pct_m":0.58619,"gas_method":"exact"},"2025-05":{"txs":0,"uniq":0,"trade":0,"nft":0,"gas":0,"bal":0.00009,"days":0,"spread":0,"streak":0,"rank_m":784594,"pct_m":0.834193},"2025-06":{"txs":0,"uniq":0,"trade":0,"nft":0,"gas":0,"bal":0.00009,"days":0,"spread":0,"streak":0,"rank_m":792263,"pct_m":0.842347},"2025-07":{"txs":1,"uniq":0,"trade":0,"nft":0,"gas":0.000007,"bal":0.001283,"days":1,"spread":0.032258,"streak":1,"rank_m":565293,"pct_m":0.601029,"gas_method":"estimated"},"2025-08":{"txs":1,"uniq":0,"trade":0,"nft":0,"gas":0.000007,"bal":0.037113,"days":1,"spread":0.032258,"streak":1,"rank_m":289572,"pct_m":0.307877,"gas_method":"estimated"},"2025-09":{"txs":60,"uniq":7,"trade":2,"nft":0,"gas":0.000422,"bal":0.03024,"days":9,"spread":0.3,"streak":4,"rank_m":26281,"pct_m":0.027941,"gas_method":"estimated"},"2025-10":{"txs":49,"uniq":3,"trade":2,"nft":0,"gas":0.000345,"bal":0.031369,"days":6,"spread":0.193548,"streak":2,"rank_m":24521,"pct_m":0.02607,"gas_method":"estimated"}}}