{"wallet":"0xcafd650401708ca4f65a22340d07f78e18f8c332","rank":29320,"lifetime":{"months_active":26,"first":"2023-07","last":"2025-10","tx_sum":908,"uniq_sum":298,"trade_sum":17,"nft_sum":132,"gas_sum":0.018659,"avg_balance_eth_mean":0.014877,"streak_best_days":6,"gas_sum_filled":0.018659},"months":{"2023-07":{"txs":0,"uniq":0,"trade":0,"nft":0,"gas":0,"bal":0,"days":0,"spread":0,"streak":0,"rank_m":235606,"pct_m":0.250499},"2023-08":{"txs":262,"uniq":18,"trade":0,"nft":14,"gas":0.014019,"bal":0.005062,"days":12,"spread":0.387097,"streak":5,"rank_m":16303,"pct_m":0.017333,"gas_method":"exact"},"2023-09":{"txs":19,"uniq":12,"trade":0,"nft":6,"gas":0.00079,"bal":0.005097,"days":10,"spread":0.333333,"streak":3,"rank_m":21598,"pct_m":0.022962,"gas_method":"exact"},"2023-10":{"txs":9,"uniq":5,"trade":0,"nft":5,"gas":0.000067,"bal":0.006141,"days":7,"spread":0.225806,"streak":3,"rank_m":29684,"pct_m":0.031559,"gas_method":"exact"},"2023-11":{"txs":13,"uniq":4,"trade":0,"nft":13,"gas":0.000159,"bal":0.003081,"days":11,"spread":0.366667,"streak":2,"rank_m":39686,"pct_m":0.042194,"gas_method":"estimated"},"2023-12":{"txs":3,"uniq":3,"trade":0,"nft":3,"gas":0.000101,"bal":0.001742,"days":2,"spread":0.064516,"streak":1,"rank_m":80016,"pct_m":0.085073,"gas_method":"exact"},"2024-01":{"txs":0,"uniq":0,"trade":0,"nft":0,"gas":0,"bal":0.001742,"days":0,"spread":0,"streak":0,"rank_m":215145,"pct_m":0.228745},"2024-02":{"txs":3,"uniq":2,"trade":0,"nft":3,"gas":0.000036,"bal":0.001427,"days":2,"spread":0.068966,"streak":1,"rank_m":188072,"pct_m":0.19996,"gas_method":"estimated"},"2024-03":{"txs":4,"uniq":4,"trade":0,"nft":2,"gas":0.000073,"bal":0.000758,"days":4,"spread":0.129032,"streak":2,"rank_m":257721,"pct_m":0.274013,"gas_method":"estimated"},"2024-04":{"txs":25,"uniq":14,"trade":0,"nft":6,"gas":0.000056,"bal":0.019099,"days":9,"spread":0.3,"streak":3,"rank_m":111730,"pct_m":0.118792,"gas_method":"estimated"},"2024-05":{"txs":52,"uniq":19,"trade":0,"nft":8,"gas":0.000039,"bal":0.080583,"days":7,"spread":0.225806,"streak":2,"rank_m":50879,"pct_m":0.054094,"gas_method":"estimated"},"2024-06":{"txs":16,"uniq":12,"trade":0,"nft":6,"gas":0,"bal":0.061238,"days":9,"spread":0.3,"streak":3,"rank_m":64463,"pct_m":0.068537,"gas_method":"estimated"},"2024-07":{"txs":31,"uniq":17,"trade":0,"nft":22,"gas":0.000003,"bal":0.029682,"days":12,"spread":0.387097,"streak":6,"rank_m":24459,"pct_m":0.026004,"gas_method":"estimated"},"2024-08":{"txs":24,"uniq":11,"trade":3,"nft":9,"gas":0,"bal":0.026975,"days":15,"spread":0.483871,"streak":3,"rank_m":31207,"pct_m":0.033179,"gas_method":"exact"},"2024-09":{"txs":13,"uniq":11,"trade":0,"nft":8,"gas":0,"bal":0.021314,"days":7,"spread":0.233333,"streak":2,"rank_m":55735,"pct_m":0.059257,"gas_method":"estimated"},"2024-10":{"txs":28,"uniq":21,"trade":0,"nft":11,"gas":0.000001,"bal":0.022498,"days":13,"spread":0.419355,"streak":3,"rank_m":32882,"pct_m":0.03496,"gas_method":"exact"},"2024-11":{"txs":34,"uniq":15,"trade":4,"nft":6,"gas":0.000076,"bal":0.018431,"days":9,"spread":0.3,"streak":2,"rank_m":54032,"pct_m":0.057447,"gas_method":"exact"},"2024-12":{"txs":19,"uniq":12,"trade":0,"nft":2,"gas":0.000397,"bal":0.009233,"days":13,"spread":0.419355,"streak":5,"rank_m":113083,"pct_m":0.120231,"gas_method":"exact"},"2025-01":{"txs":24,"uniq":18,"trade":0,"nft":0,"gas":0.000597,"bal":0.007203,"days":8,"spread":0.258065,"streak":2,"rank_m":128616,"pct_m":0.136746,"gas_method":"exact"},"2025-02":{"txs":17,"uniq":11,"trade":1,"nft":0,"gas":0.000106,"bal":0.005138,"days":6,"spread":0.214286,"streak":3,"rank_m":98527,"pct_m":0.104755,"gas_method":"exact"},"2025-03":{"txs":6,"uniq":4,"trade":4,"nft":0,"gas":0.00004,"bal":0.002335,"days":3,"spread":0.096774,"streak":1,"rank_m":252581,"pct_m":0.268548,"gas_method":"exact"},"2025-04":{"txs":26,"uniq":9,"trade":1,"nft":1,"gas":0.000127,"bal":0.005379,"days":7,"spread":0.233333,"streak":2,"rank_m":74922,"pct_m":0.079657,"gas_method":"exact"},"2025-05":{"txs":14,"uniq":6,"trade":0,"nft":0,"gas":0.000099,"bal":0.005068,"days":6,"spread":0.193548,"streak":3,"rank_m":152254,"pct_m":0.161878,"gas_method":"estimated"},"2025-06":{"txs":81,"uniq":22,"trade":1,"nft":0,"gas":0.00057,"bal":0.005645,"days":20,"spread":0.666667,"streak":4,"rank_m":41750,"pct_m":0.044388,"gas_method":"estimated"},"2025-07":{"txs":72,"uniq":19,"trade":0,"nft":2,"gas":0.000507,"bal":0.006403,"days":15,"spread":0.483871,"streak":4,"rank_m":48633,"pct_m":0.051706,"gas_method":"estimated"},"2025-08":{"txs":44,"uniq":17,"trade":3,"nft":2,"gas":0.00031,"bal":0.02431,"days":16,"spread":0.516129,"streak":3,"rank_m":16652,"pct_m":0.017704,"gas_method":"estimated"},"2025-09":{"txs":41,"uniq":8,"trade":0,"nft":1,"gas":0.000289,"bal":0.021648,"days":9,"spread":0.3,"streak":2,"rank_m":47630,"pct_m":0.05064,"gas_method":"estimated"},"2025-10":{"txs":28,"uniq":4,"trade":0,"nft":2,"gas":0.000197,"bal":0.01932,"days":9,"spread":0.290323,"streak":4,"rank_m":26179,"pct_m":0.027833,"gas_method":"estimated"}}}