{"wallet":"0xc73d303649fc40f31528b17453e84a0db3c2d029","rank":536895,"lifetime":{"months_active":13,"first":"2023-07","last":"2025-10","tx_sum":114,"uniq_sum":54,"trade_sum":1,"nft_sum":8,"gas_sum":0.003276,"avg_balance_eth_mean":0.104711,"streak_best_days":3,"gas_sum_filled":0.003276},"months":{"2023-07":{"txs":0,"uniq":0,"trade":0,"nft":0,"gas":0,"bal":0,"days":0,"spread":0,"streak":0,"rank_m":248571,"pct_m":0.264284},"2023-08":{"txs":0,"uniq":0,"trade":0,"nft":0,"gas":0,"bal":0,"days":0,"spread":0,"streak":0,"rank_m":337844,"pct_m":0.359201},"2023-09":{"txs":12,"uniq":3,"trade":0,"nft":1,"gas":0.000676,"bal":0.025993,"days":6,"spread":0.2,"streak":3,"rank_m":49829,"pct_m":0.052978,"gas_method":"estimated"},"2023-10":{"txs":10,"uniq":6,"trade":0,"nft":0,"gas":0.000089,"bal":0.089324,"days":6,"spread":0.193548,"streak":1,"rank_m":33801,"pct_m":0.035937,"gas_method":"exact"},"2023-11":{"txs":9,"uniq":5,"trade":0,"nft":1,"gas":0.00033,"bal":0.04935,"days":2,"spread":0.066667,"streak":1,"rank_m":34117,"pct_m":0.036273,"gas_method":"exact"},"2023-12":{"txs":10,"uniq":7,"trade":1,"nft":4,"gas":0.000483,"bal":0.02278,"days":3,"spread":0.096774,"streak":1,"rank_m":30406,"pct_m":0.032327,"gas_method":"estimated"},"2024-01":{"txs":31,"uniq":9,"trade":0,"nft":1,"gas":0.001447,"bal":0.021642,"days":6,"spread":0.193548,"streak":3,"rank_m":12253,"pct_m":0.013027,"gas_method":"exact"},"2024-02":{"txs":3,"uniq":3,"trade":0,"nft":1,"gas":0.000076,"bal":0.020472,"days":2,"spread":0.068966,"streak":1,"rank_m":138105,"pct_m":0.146835,"gas_method":"estimated"},"2024-03":{"txs":0,"uniq":0,"trade":0,"nft":0,"gas":0,"bal":0.020472,"days":0,"spread":0,"streak":0,"rank_m":339287,"pct_m":0.360735},"2024-04":{"txs":3,"uniq":3,"trade":0,"nft":0,"gas":0.000014,"bal":0.02426,"days":1,"spread":0.033333,"streak":1,"rank_m":335331,"pct_m":0.356529,"gas_method":"estimated"},"2024-05":{"txs":0,"uniq":0,"trade":0,"nft":0,"gas":0,"bal":0.02426,"days":0,"spread":0,"streak":0,"rank_m":431225,"pct_m":0.458485},"2024-06":{"txs":0,"uniq":0,"trade":0,"nft":0,"gas":0,"bal":0.02426,"days":0,"spread":0,"streak":0,"rank_m":436794,"pct_m":0.464406},"2024-07":{"txs":20,"uniq":8,"trade":0,"nft":0,"gas":0.000005,"bal":0.085749,"days":2,"spread":0.064516,"streak":1,"rank_m":166391,"pct_m":0.176909,"gas_method":"estimated"},"2024-08":{"txs":2,"uniq":2,"trade":0,"nft":0,"gas":0,"bal":0.164701,"days":1,"spread":0.032258,"streak":1,"rank_m":297207,"pct_m":0.315995,"gas_method":"estimated"},"2024-09":{"txs":0,"uniq":0,"trade":0,"nft":0,"gas":0,"bal":0.164701,"days":0,"spread":0,"streak":0,"rank_m":363828,"pct_m":0.386827},"2024-10":{"txs":0,"uniq":0,"trade":0,"nft":0,"gas":0,"bal":0.164701,"days":0,"spread":0,"streak":0,"rank_m":414688,"pct_m":0.440903},"2024-11":{"txs":0,"uniq":0,"trade":0,"nft":0,"gas":0,"bal":0.164701,"days":0,"spread":0,"streak":0,"rank_m":475709,"pct_m":0.505781},"2024-12":{"txs":6,"uniq":3,"trade":0,"nft":0,"gas":0.000088,"bal":0.16932,"days":2,"spread":0.064516,"streak":1,"rank_m":359361,"pct_m":0.382078,"gas_method":"exact"},"2025-01":{"txs":2,"uniq":1,"trade":0,"nft":0,"gas":0.000026,"bal":0.170086,"days":2,"spread":0.064516,"streak":1,"rank_m":402622,"pct_m":0.428074,"gas_method":"exact"},"2025-02":{"txs":0,"uniq":0,"trade":0,"nft":0,"gas":0,"bal":0.170086,"days":0,"spread":0,"streak":0,"rank_m":496016,"pct_m":0.527372},"2025-03":{"txs":0,"uniq":0,"trade":0,"nft":0,"gas":0,"bal":0.170086,"days":0,"spread":0,"streak":0,"rank_m":468842,"pct_m":0.49848},"2025-04":{"txs":0,"uniq":0,"trade":0,"nft":0,"gas":0,"bal":0.170086,"days":0,"spread":0,"streak":0,"rank_m":509244,"pct_m":0.541436},"2025-05":{"txs":0,"uniq":0,"trade":0,"nft":0,"gas":0,"bal":0.170086,"days":0,"spread":0,"streak":0,"rank_m":326928,"pct_m":0.347595},"2025-06":{"txs":0,"uniq":0,"trade":0,"nft":0,"gas":0,"bal":0.170086,"days":0,"spread":0,"streak":0,"rank_m":332563,"pct_m":0.353586},"2025-07":{"txs":4,"uniq":2,"trade":0,"nft":0,"gas":0.000028,"bal":0.164753,"days":1,"spread":0.032258,"streak":1,"rank_m":224067,"pct_m":0.238231,"gas_method":"estimated"},"2025-08":{"txs":2,"uniq":2,"trade":0,"nft":0,"gas":0.000014,"bal":0.169983,"days":1,"spread":0.032258,"streak":1,"rank_m":211797,"pct_m":0.225185,"gas_method":"estimated"},"2025-09":{"txs":0,"uniq":0,"trade":0,"nft":0,"gas":0,"bal":0.169983,"days":0,"spread":0,"streak":0,"rank_m":342099,"pct_m":0.363725},"2025-10":{"txs":0,"uniq":0,"trade":0,"nft":0,"gas":0,"bal":0.169983,"days":0,"spread":0,"streak":0,"rank_m":232144,"pct_m":0.246819}}}