{"wallet":"0xc7dea269ba8cbbb7eb9da08622efd8355bbc5f80","rank":163161,"lifetime":{"months_active":22,"first":"2023-07","last":"2025-10","tx_sum":267,"uniq_sum":159,"trade_sum":10,"nft_sum":69,"gas_sum":0.007543,"avg_balance_eth_mean":0.001419,"streak_best_days":6,"gas_sum_filled":0.007543},"months":{"2023-07":{"txs":6,"uniq":2,"trade":0,"nft":0,"gas":0.000861,"bal":0.001908,"days":2,"spread":0.064516,"streak":1,"rank_m":19094,"pct_m":0.0203,"gas_method":"exact"},"2023-08":{"txs":54,"uniq":26,"trade":0,"nft":13,"gas":0.003355,"bal":0.008428,"days":16,"spread":0.516129,"streak":4,"rank_m":17291,"pct_m":0.018383,"gas_method":"exact"},"2023-09":{"txs":37,"uniq":19,"trade":0,"nft":6,"gas":0.000483,"bal":0.006263,"days":11,"spread":0.366667,"streak":4,"rank_m":15451,"pct_m":0.016427,"gas_method":"exact"},"2023-10":{"txs":9,"uniq":6,"trade":0,"nft":2,"gas":0.000056,"bal":0.001376,"days":3,"spread":0.096774,"streak":1,"rank_m":60067,"pct_m":0.063863,"gas_method":"exact"},"2023-11":{"txs":2,"uniq":2,"trade":0,"nft":1,"gas":0.000062,"bal":0.000205,"days":2,"spread":0.066667,"streak":1,"rank_m":132290,"pct_m":0.140652,"gas_method":"estimated"},"2023-12":{"txs":7,"uniq":6,"trade":0,"nft":4,"gas":0.000403,"bal":0.002002,"days":6,"spread":0.193548,"streak":2,"rank_m":57284,"pct_m":0.060904,"gas_method":"estimated"},"2024-01":{"txs":2,"uniq":2,"trade":0,"nft":2,"gas":0.000107,"bal":0.000539,"days":1,"spread":0.032258,"streak":1,"rank_m":153486,"pct_m":0.163188,"gas_method":"estimated"},"2024-02":{"txs":16,"uniq":7,"trade":3,"nft":5,"gas":0.001047,"bal":0.001226,"days":8,"spread":0.275862,"streak":2,"rank_m":51619,"pct_m":0.054881,"gas_method":"exact"},"2024-03":{"txs":15,"uniq":8,"trade":1,"nft":6,"gas":0.000682,"bal":0.000295,"days":4,"spread":0.129032,"streak":1,"rank_m":227918,"pct_m":0.242325,"gas_method":"estimated"},"2024-04":{"txs":24,"uniq":15,"trade":0,"nft":10,"gas":0.000135,"bal":0.000281,"days":11,"spread":0.366667,"streak":3,"rank_m":241139,"pct_m":0.256382,"gas_method":"estimated"},"2024-05":{"txs":35,"uniq":20,"trade":0,"nft":9,"gas":0.000065,"bal":0.000199,"days":10,"spread":0.322581,"streak":6,"rank_m":196245,"pct_m":0.20865,"gas_method":"estimated"},"2024-06":{"txs":15,"uniq":7,"trade":0,"nft":1,"gas":0.000001,"bal":0.001803,"days":8,"spread":0.266667,"streak":2,"rank_m":243783,"pct_m":0.259193,"gas_method":"estimated"},"2024-07":{"txs":8,"uniq":8,"trade":0,"nft":2,"gas":0.000002,"bal":0.004986,"days":5,"spread":0.16129,"streak":2,"rank_m":201347,"pct_m":0.214075,"gas_method":"estimated"},"2024-08":{"txs":2,"uniq":1,"trade":0,"nft":2,"gas":0,"bal":0.000819,"days":2,"spread":0.064516,"streak":1,"rank_m":425802,"pct_m":0.452719,"gas_method":"estimated"},"2024-09":{"txs":1,"uniq":1,"trade":0,"nft":1,"gas":0,"bal":0.000507,"days":1,"spread":0.033333,"streak":1,"rank_m":423314,"pct_m":0.450074,"gas_method":"estimated"},"2024-10":{"txs":8,"uniq":7,"trade":5,"nft":1,"gas":0.000001,"bal":0.000848,"days":4,"spread":0.129032,"streak":1,"rank_m":286838,"pct_m":0.30497,"gas_method":"estimated"},"2024-11":{"txs":10,"uniq":7,"trade":1,"nft":0,"gas":0.000021,"bal":0.001945,"days":4,"spread":0.133333,"streak":2,"rank_m":238553,"pct_m":0.253633,"gas_method":"exact"},"2024-12":{"txs":6,"uniq":5,"trade":0,"nft":0,"gas":0.000132,"bal":0.001101,"days":4,"spread":0.129032,"streak":1,"rank_m":403673,"pct_m":0.429191,"gas_method":"exact"},"2025-01":{"txs":3,"uniq":3,"trade":0,"nft":0,"gas":0.000078,"bal":0.000609,"days":2,"spread":0.064516,"streak":2,"rank_m":449925,"pct_m":0.478367,"gas_method":"exact"},"2025-02":{"txs":1,"uniq":1,"trade":0,"nft":0,"gas":0.000007,"bal":0.000445,"days":1,"spread":0.035714,"streak":1,"rank_m":514505,"pct_m":0.54703,"gas_method":"exact"},"2025-03":{"txs":3,"uniq":3,"trade":0,"nft":0,"gas":0.000024,"bal":0.000507,"days":1,"spread":0.032258,"streak":1,"rank_m":425504,"pct_m":0.452402,"gas_method":"exact"},"2025-04":{"txs":0,"uniq":0,"trade":0,"nft":0,"gas":0,"bal":0.000507,"days":0,"spread":0,"streak":0,"rank_m":706828,"pct_m":0.751511},"2025-05":{"txs":0,"uniq":0,"trade":0,"nft":0,"gas":0,"bal":0.000507,"days":0,"spread":0,"streak":0,"rank_m":712717,"pct_m":0.757772},"2025-06":{"txs":0,"uniq":0,"trade":0,"nft":0,"gas":0,"bal":0.000507,"days":0,"spread":0,"streak":0,"rank_m":710421,"pct_m":0.755331},"2025-07":{"txs":0,"uniq":0,"trade":0,"nft":1,"gas":0,"bal":0.000507,"days":0,"spread":0,"streak":0,"rank_m":590923,"pct_m":0.628279},"2025-08":{"txs":3,"uniq":3,"trade":0,"nft":1,"gas":0.000021,"bal":0.000467,"days":1,"spread":0.032258,"streak":1,"rank_m":437879,"pct_m":0.46556,"gas_method":"estimated"},"2025-09":{"txs":0,"uniq":0,"trade":0,"nft":1,"gas":0,"bal":0.000467,"days":0,"spread":0,"streak":0,"rank_m":556526,"pct_m":0.591707},"2025-10":{"txs":0,"uniq":0,"trade":0,"nft":1,"gas":0,"bal":0.000467,"days":0,"spread":0,"streak":0,"rank_m":436663,"pct_m":0.464267}}}