{"wallet":"0xc7875d5f80f4d50f2c3a9987863c92852f14392d","rank":569240,"lifetime":{"months_active":20,"first":"2023-07","last":"2025-10","tx_sum":123,"uniq_sum":80,"trade_sum":0,"nft_sum":44,"gas_sum":0.001777,"avg_balance_eth_mean":0.016877,"streak_best_days":1,"gas_sum_filled":0.001777},"months":{"2023-07":{"txs":0,"uniq":0,"trade":0,"nft":0,"gas":0,"bal":0,"days":0,"spread":0,"streak":0,"rank_m":247559,"pct_m":0.263208},"2023-08":{"txs":0,"uniq":0,"trade":0,"nft":0,"gas":0,"bal":0,"days":0,"spread":0,"streak":0,"rank_m":336948,"pct_m":0.358248},"2023-09":{"txs":0,"uniq":0,"trade":0,"nft":0,"gas":0,"bal":0,"days":0,"spread":0,"streak":0,"rank_m":356905,"pct_m":0.379467},"2023-10":{"txs":0,"uniq":0,"trade":0,"nft":0,"gas":0,"bal":0,"days":0,"spread":0,"streak":0,"rank_m":375098,"pct_m":0.39881},"2023-11":{"txs":1,"uniq":0,"trade":0,"nft":0,"gas":0.000027,"bal":0.001325,"days":1,"spread":0.033333,"streak":1,"rank_m":150030,"pct_m":0.159514,"gas_method":"estimated"},"2023-12":{"txs":1,"uniq":1,"trade":0,"nft":1,"gas":0.000051,"bal":0.001621,"days":1,"spread":0.032258,"streak":1,"rank_m":146920,"pct_m":0.156207,"gas_method":"estimated"},"2024-01":{"txs":4,"uniq":2,"trade":0,"nft":2,"gas":0.00006,"bal":0.001524,"days":2,"spread":0.064516,"streak":1,"rank_m":104549,"pct_m":0.111157,"gas_method":"exact"},"2024-02":{"txs":2,"uniq":2,"trade":0,"nft":3,"gas":0.000032,"bal":0.001376,"days":2,"spread":0.068966,"streak":1,"rank_m":166422,"pct_m":0.176942,"gas_method":"exact"},"2024-03":{"txs":34,"uniq":16,"trade":0,"nft":5,"gas":0.001359,"bal":0.004738,"days":6,"spread":0.193548,"streak":1,"rank_m":120170,"pct_m":0.127766,"gas_method":"estimated"},"2024-04":{"txs":13,"uniq":7,"trade":0,"nft":3,"gas":0.000064,"bal":0.009933,"days":4,"spread":0.133333,"streak":1,"rank_m":251109,"pct_m":0.266983,"gas_method":"estimated"},"2024-05":{"txs":11,"uniq":3,"trade":0,"nft":1,"gas":0.000018,"bal":0.009675,"days":4,"spread":0.129032,"streak":1,"rank_m":279196,"pct_m":0.296845,"gas_method":"estimated"},"2024-06":{"txs":3,"uniq":3,"trade":0,"nft":1,"gas":0,"bal":0.009596,"days":1,"spread":0.033333,"streak":1,"rank_m":331580,"pct_m":0.352541,"gas_method":"estimated"},"2024-07":{"txs":6,"uniq":6,"trade":0,"nft":3,"gas":0.000001,"bal":0.013521,"days":3,"spread":0.096774,"streak":1,"rank_m":201041,"pct_m":0.213749,"gas_method":"estimated"},"2024-08":{"txs":23,"uniq":23,"trade":0,"nft":24,"gas":0.000004,"bal":0.029566,"days":3,"spread":0.096774,"streak":1,"rank_m":101182,"pct_m":0.107577,"gas_method":"estimated"},"2024-09":{"txs":4,"uniq":0,"trade":0,"nft":0,"gas":0,"bal":0.027839,"days":1,"spread":0.033333,"streak":1,"rank_m":282940,"pct_m":0.300826,"gas_method":"estimated"},"2024-10":{"txs":2,"uniq":1,"trade":0,"nft":0,"gas":0,"bal":0.027821,"days":1,"spread":0.032258,"streak":1,"rank_m":345601,"pct_m":0.367448,"gas_method":"estimated"},"2024-11":{"txs":4,"uniq":3,"trade":0,"nft":1,"gas":0.000007,"bal":0.027805,"days":2,"spread":0.066667,"streak":1,"rank_m":297752,"pct_m":0.316574,"gas_method":"exact"},"2024-12":{"txs":2,"uniq":2,"trade":0,"nft":0,"gas":0.000044,"bal":0.027801,"days":1,"spread":0.032258,"streak":1,"rank_m":439824,"pct_m":0.467628,"gas_method":"exact"},"2025-01":{"txs":1,"uniq":1,"trade":0,"nft":0,"gas":0.000026,"bal":0.027794,"days":1,"spread":0.032258,"streak":1,"rank_m":439522,"pct_m":0.467307,"gas_method":"exact"},"2025-02":{"txs":1,"uniq":1,"trade":0,"nft":0,"gas":0.000007,"bal":0.027778,"days":1,"spread":0.035714,"streak":1,"rank_m":402716,"pct_m":0.428174,"gas_method":"exact"},"2025-03":{"txs":0,"uniq":0,"trade":0,"nft":0,"gas":0,"bal":0.027778,"days":0,"spread":0,"streak":0,"rank_m":494938,"pct_m":0.526226},"2025-04":{"txs":0,"uniq":0,"trade":0,"nft":0,"gas":0,"bal":0.027778,"days":0,"spread":0,"streak":0,"rank_m":537260,"pct_m":0.571223},"2025-05":{"txs":0,"uniq":0,"trade":0,"nft":0,"gas":0,"bal":0.027778,"days":0,"spread":0,"streak":0,"rank_m":391803,"pct_m":0.416571},"2025-06":{"txs":2,"uniq":1,"trade":0,"nft":0,"gas":0.000014,"bal":0.027726,"days":1,"spread":0.033333,"streak":1,"rank_m":266306,"pct_m":0.28314,"gas_method":"estimated"},"2025-07":{"txs":4,"uniq":3,"trade":0,"nft":0,"gas":0.000028,"bal":0.027717,"days":1,"spread":0.032258,"streak":1,"rank_m":260154,"pct_m":0.276599,"gas_method":"estimated"},"2025-08":{"txs":3,"uniq":3,"trade":0,"nft":0,"gas":0.000021,"bal":0.027725,"days":1,"spread":0.032258,"streak":1,"rank_m":241089,"pct_m":0.256329,"gas_method":"estimated"},"2025-09":{"txs":2,"uniq":2,"trade":0,"nft":0,"gas":0.000014,"bal":0.028165,"days":1,"spread":0.033333,"streak":1,"rank_m":262082,"pct_m":0.278649,"gas_method":"estimated"},"2025-10":{"txs":0,"uniq":0,"trade":0,"nft":0,"gas":0,"bal":0.028165,"days":0,"spread":0,"streak":0,"rank_m":282354,"pct_m":0.300203}}}