{"wallet":"0xc7e2b61b11a5f8fcd64327c1e7de1f3919d7678e","rank":141144,"lifetime":{"months_active":19,"first":"2023-07","last":"2025-10","tx_sum":414,"uniq_sum":154,"trade_sum":25,"nft_sum":70,"gas_sum":0.001391,"avg_balance_eth_mean":0.022832,"streak_best_days":5,"gas_sum_filled":0.001391},"months":{"2023-07":{"txs":0,"uniq":0,"trade":0,"nft":0,"gas":0,"bal":0,"days":0,"spread":0,"streak":0,"rank_m":246382,"pct_m":0.261957},"2023-08":{"txs":0,"uniq":0,"trade":0,"nft":0,"gas":0,"bal":0,"days":0,"spread":0,"streak":0,"rank_m":335920,"pct_m":0.357155},"2023-09":{"txs":0,"uniq":0,"trade":0,"nft":0,"gas":0,"bal":0,"days":0,"spread":0,"streak":0,"rank_m":355761,"pct_m":0.37825},"2023-10":{"txs":0,"uniq":0,"trade":0,"nft":0,"gas":0,"bal":0,"days":0,"spread":0,"streak":0,"rank_m":373971,"pct_m":0.397612},"2023-11":{"txs":0,"uniq":0,"trade":0,"nft":0,"gas":0,"bal":0,"days":0,"spread":0,"streak":0,"rank_m":390422,"pct_m":0.415103},"2023-12":{"txs":0,"uniq":0,"trade":0,"nft":0,"gas":0,"bal":0,"days":0,"spread":0,"streak":0,"rank_m":411113,"pct_m":0.437102},"2024-01":{"txs":0,"uniq":0,"trade":0,"nft":0,"gas":0,"bal":0,"days":0,"spread":0,"streak":0,"rank_m":428394,"pct_m":0.455475},"2024-02":{"txs":61,"uniq":21,"trade":0,"nft":10,"gas":0.000593,"bal":0.000041,"days":2,"spread":0.068966,"streak":1,"rank_m":150737,"pct_m":0.160265,"gas_method":"estimated"},"2024-03":{"txs":14,"uniq":7,"trade":0,"nft":2,"gas":0.000204,"bal":0.000383,"days":7,"spread":0.225806,"streak":2,"rank_m":222361,"pct_m":0.236417,"gas_method":"estimated"},"2024-04":{"txs":109,"uniq":16,"trade":0,"nft":5,"gas":0.000196,"bal":0.004719,"days":11,"spread":0.366667,"streak":3,"rank_m":116121,"pct_m":0.123461,"gas_method":"estimated"},"2024-05":{"txs":13,"uniq":8,"trade":0,"nft":5,"gas":0.000008,"bal":0.006659,"days":4,"spread":0.129032,"streak":1,"rank_m":231539,"pct_m":0.246175,"gas_method":"estimated"},"2024-06":{"txs":12,"uniq":4,"trade":0,"nft":2,"gas":0,"bal":0.01094,"days":5,"spread":0.166667,"streak":2,"rank_m":184942,"pct_m":0.196633,"gas_method":"estimated"},"2024-07":{"txs":87,"uniq":25,"trade":12,"nft":16,"gas":0.000008,"bal":0.011461,"days":9,"spread":0.290323,"streak":3,"rank_m":27083,"pct_m":0.028794,"gas_method":"estimated"},"2024-08":{"txs":36,"uniq":17,"trade":2,"nft":14,"gas":0.000007,"bal":0.019393,"days":11,"spread":0.354839,"streak":2,"rank_m":23451,"pct_m":0.024932,"gas_method":"exact"},"2024-09":{"txs":6,"uniq":4,"trade":0,"nft":3,"gas":0,"bal":0.046632,"days":4,"spread":0.133333,"streak":2,"rank_m":116795,"pct_m":0.124177,"gas_method":"estimated"},"2024-10":{"txs":23,"uniq":13,"trade":0,"nft":12,"gas":0.000001,"bal":0.085247,"days":6,"spread":0.193548,"streak":2,"rank_m":58374,"pct_m":0.062063,"gas_method":"estimated"},"2024-11":{"txs":7,"uniq":6,"trade":0,"nft":1,"gas":0.000016,"bal":0.159347,"days":3,"spread":0.1,"streak":1,"rank_m":216967,"pct_m":0.230682,"gas_method":"exact"},"2024-12":{"txs":5,"uniq":1,"trade":0,"nft":0,"gas":0.000044,"bal":0.085793,"days":1,"spread":0.032258,"streak":1,"rank_m":419408,"pct_m":0.445921,"gas_method":"exact"},"2025-01":{"txs":3,"uniq":3,"trade":0,"nft":0,"gas":0.000078,"bal":0.053414,"days":1,"spread":0.032258,"streak":1,"rank_m":375391,"pct_m":0.399121,"gas_method":"exact"},"2025-02":{"txs":5,"uniq":2,"trade":0,"nft":0,"gas":0.000028,"bal":0.05441,"days":2,"spread":0.071429,"streak":2,"rank_m":272637,"pct_m":0.289871,"gas_method":"exact"},"2025-03":{"txs":4,"uniq":4,"trade":0,"nft":0,"gas":0.000032,"bal":0.017232,"days":3,"spread":0.096774,"streak":2,"rank_m":243285,"pct_m":0.258664,"gas_method":"exact"},"2025-04":{"txs":4,"uniq":4,"trade":0,"nft":0,"gas":0,"bal":0.003836,"days":3,"spread":0.1,"streak":1,"rank_m":403072,"pct_m":0.428552,"gas_method":"exact"},"2025-05":{"txs":15,"uniq":11,"trade":11,"nft":0,"gas":0.000106,"bal":0.019709,"days":3,"spread":0.096774,"streak":1,"rank_m":68010,"pct_m":0.072308,"gas_method":"estimated"},"2025-06":{"txs":2,"uniq":2,"trade":0,"nft":0,"gas":0.000014,"bal":0.013861,"days":2,"spread":0.066667,"streak":1,"rank_m":277565,"pct_m":0.295111,"gas_method":"estimated"},"2025-07":{"txs":0,"uniq":0,"trade":0,"nft":0,"gas":0,"bal":0.013861,"days":0,"spread":0,"streak":0,"rank_m":467425,"pct_m":0.496974},"2025-08":{"txs":7,"uniq":5,"trade":0,"nft":0,"gas":0.000049,"bal":0.012174,"days":3,"spread":0.096774,"streak":1,"rank_m":228482,"pct_m":0.242925,"gas_method":"estimated"},"2025-09":{"txs":1,"uniq":1,"trade":0,"nft":0,"gas":0.000007,"bal":0.010096,"days":1,"spread":0.033333,"streak":1,"rank_m":335924,"pct_m":0.357159,"gas_method":"estimated"},"2025-10":{"txs":0,"uniq":0,"trade":0,"nft":0,"gas":0,"bal":0.010096,"days":0,"spread":0,"streak":0,"rank_m":358009,"pct_m":0.380641}}}