{"wallet":"0xc749025d270c1c5daad62182ad079b6c34ddc98c","rank":362771,"lifetime":{"months_active":21,"first":"2023-07","last":"2025-10","tx_sum":370,"uniq_sum":76,"trade_sum":2,"nft_sum":9,"gas_sum":0.002503,"avg_balance_eth_mean":0.000633,"streak_best_days":12,"gas_sum_filled":0.002503},"months":{"2023-07":{"txs":0,"uniq":0,"trade":0,"nft":0,"gas":0,"bal":0,"days":0,"spread":0,"streak":0,"rank_m":248403,"pct_m":0.264105},"2023-08":{"txs":1,"uniq":1,"trade":0,"nft":1,"gas":0.00002,"bal":0.000081,"days":1,"spread":0.032258,"streak":1,"rank_m":151976,"pct_m":0.161583,"gas_method":"exact"},"2023-09":{"txs":0,"uniq":0,"trade":0,"nft":0,"gas":0,"bal":0.000081,"days":0,"spread":0,"streak":0,"rank_m":204811,"pct_m":0.217758},"2023-10":{"txs":0,"uniq":0,"trade":0,"nft":0,"gas":0,"bal":0.000081,"days":0,"spread":0,"streak":0,"rank_m":215741,"pct_m":0.229379},"2023-11":{"txs":0,"uniq":0,"trade":0,"nft":0,"gas":0,"bal":0.000081,"days":0,"spread":0,"streak":0,"rank_m":228078,"pct_m":0.242496},"2023-12":{"txs":0,"uniq":0,"trade":0,"nft":0,"gas":0,"bal":0.000081,"days":0,"spread":0,"streak":0,"rank_m":254332,"pct_m":0.270409},"2024-01":{"txs":0,"uniq":0,"trade":0,"nft":0,"gas":0,"bal":0.000081,"days":0,"spread":0,"streak":0,"rank_m":267219,"pct_m":0.284111},"2024-02":{"txs":1,"uniq":1,"trade":0,"nft":1,"gas":0.000011,"bal":0.00039,"days":1,"spread":0.034483,"streak":1,"rank_m":254056,"pct_m":0.270116,"gas_method":"estimated"},"2024-03":{"txs":3,"uniq":2,"trade":0,"nft":1,"gas":0.000051,"bal":0.000298,"days":2,"spread":0.064516,"streak":1,"rank_m":327632,"pct_m":0.348343,"gas_method":"estimated"},"2024-04":{"txs":0,"uniq":0,"trade":0,"nft":0,"gas":0,"bal":0.000298,"days":0,"spread":0,"streak":0,"rank_m":482805,"pct_m":0.513326},"2024-05":{"txs":6,"uniq":5,"trade":0,"nft":1,"gas":0.000004,"bal":0.001444,"days":2,"spread":0.064516,"streak":1,"rank_m":377947,"pct_m":0.401839,"gas_method":"estimated"},"2024-06":{"txs":5,"uniq":2,"trade":0,"nft":0,"gas":0,"bal":0.001402,"days":4,"spread":0.133333,"streak":1,"rank_m":334285,"pct_m":0.355417,"gas_method":"exact"},"2024-07":{"txs":8,"uniq":3,"trade":0,"nft":0,"gas":0.000001,"bal":0.002591,"days":4,"spread":0.129032,"streak":2,"rank_m":326695,"pct_m":0.347347,"gas_method":"estimated"},"2024-08":{"txs":8,"uniq":6,"trade":0,"nft":1,"gas":0.000001,"bal":0.001823,"days":5,"spread":0.16129,"streak":2,"rank_m":294927,"pct_m":0.313571,"gas_method":"estimated"},"2024-09":{"txs":2,"uniq":1,"trade":0,"nft":0,"gas":0,"bal":0.001401,"days":1,"spread":0.033333,"streak":1,"rank_m":419901,"pct_m":0.446445,"gas_method":"estimated"},"2024-10":{"txs":10,"uniq":9,"trade":0,"nft":2,"gas":0.000001,"bal":0.002423,"days":5,"spread":0.16129,"streak":2,"rank_m":235398,"pct_m":0.250278,"gas_method":"estimated"},"2024-11":{"txs":1,"uniq":1,"trade":0,"nft":0,"gas":0.000002,"bal":0.000835,"days":1,"spread":0.033333,"streak":1,"rank_m":482617,"pct_m":0.513126,"gas_method":"exact"},"2024-12":{"txs":3,"uniq":2,"trade":0,"nft":0,"gas":0.000044,"bal":0.000049,"days":2,"spread":0.064516,"streak":1,"rank_m":548799,"pct_m":0.583492,"gas_method":"exact"},"2025-01":{"txs":11,"uniq":5,"trade":0,"nft":0,"gas":0.000208,"bal":0.000437,"days":5,"spread":0.16129,"streak":2,"rank_m":343844,"pct_m":0.36558,"gas_method":"exact"},"2025-02":{"txs":3,"uniq":3,"trade":0,"nft":0,"gas":0.000021,"bal":0.000048,"days":3,"spread":0.107143,"streak":1,"rank_m":459696,"pct_m":0.488756,"gas_method":"exact"},"2025-03":{"txs":7,"uniq":2,"trade":0,"nft":0,"gas":0.000024,"bal":0.000118,"days":2,"spread":0.064516,"streak":1,"rank_m":426632,"pct_m":0.453602,"gas_method":"exact"},"2025-04":{"txs":2,"uniq":2,"trade":0,"nft":0,"gas":0.000012,"bal":0.000103,"days":2,"spread":0.066667,"streak":1,"rank_m":497808,"pct_m":0.529277,"gas_method":"exact"},"2025-05":{"txs":7,"uniq":3,"trade":0,"nft":0,"gas":0.000049,"bal":0.000791,"days":4,"spread":0.129032,"streak":2,"rank_m":377560,"pct_m":0.401427,"gas_method":"estimated"},"2025-06":{"txs":83,"uniq":13,"trade":0,"nft":0,"gas":0.000584,"bal":0.0011,"days":21,"spread":0.7,"streak":12,"rank_m":198765,"pct_m":0.211329,"gas_method":"estimated"},"2025-07":{"txs":182,"uniq":2,"trade":2,"nft":0,"gas":0.001281,"bal":0.000446,"days":3,"spread":0.096774,"streak":2,"rank_m":307594,"pct_m":0.327038,"gas_method":"estimated"},"2025-08":{"txs":7,"uniq":5,"trade":0,"nft":1,"gas":0.000049,"bal":0.001032,"days":5,"spread":0.16129,"streak":3,"rank_m":293250,"pct_m":0.311788,"gas_method":"estimated"},"2025-09":{"txs":12,"uniq":4,"trade":0,"nft":1,"gas":0.000084,"bal":0.000177,"days":5,"spread":0.166667,"streak":4,"rank_m":364574,"pct_m":0.387621,"gas_method":"estimated"},"2025-10":{"txs":8,"uniq":4,"trade":0,"nft":0,"gas":0.000056,"bal":0.000038,"days":2,"spread":0.064516,"streak":1,"rank_m":467821,"pct_m":0.497395,"gas_method":"estimated"}}}