{"wallet":"0xc7907f54a2d0803a1669cdf678470dba587402ac","rank":143986,"lifetime":{"months_active":24,"first":"2023-07","last":"2025-10","tx_sum":423,"uniq_sum":124,"trade_sum":12,"nft_sum":52,"gas_sum":0.003724,"avg_balance_eth_mean":0.005068,"streak_best_days":6,"gas_sum_filled":0.003724},"months":{"2023-07":{"txs":0,"uniq":0,"trade":0,"nft":0,"gas":0,"bal":0,"days":0,"spread":0,"streak":0,"rank_m":247434,"pct_m":0.263075},"2023-08":{"txs":6,"uniq":6,"trade":0,"nft":9,"gas":0.000267,"bal":0.000143,"days":4,"spread":0.129032,"streak":2,"rank_m":100578,"pct_m":0.106935,"gas_method":"exact"},"2023-09":{"txs":1,"uniq":1,"trade":0,"nft":2,"gas":0.000045,"bal":0.000161,"days":1,"spread":0.033333,"streak":1,"rank_m":121404,"pct_m":0.129078,"gas_method":"exact"},"2023-10":{"txs":2,"uniq":1,"trade":0,"nft":0,"gas":0.000045,"bal":0.001907,"days":1,"spread":0.032258,"streak":1,"rank_m":127998,"pct_m":0.136089,"gas_method":"estimated"},"2023-11":{"txs":11,"uniq":6,"trade":0,"nft":5,"gas":0.000104,"bal":0.002378,"days":5,"spread":0.166667,"streak":1,"rank_m":38872,"pct_m":0.041328,"gas_method":"exact"},"2023-12":{"txs":7,"uniq":3,"trade":0,"nft":2,"gas":0.0001,"bal":0.001347,"days":3,"spread":0.096774,"streak":1,"rank_m":72163,"pct_m":0.076724,"gas_method":"exact"},"2024-01":{"txs":2,"uniq":2,"trade":0,"nft":0,"gas":0.000092,"bal":0.000753,"days":1,"spread":0.032258,"streak":1,"rank_m":142021,"pct_m":0.150998,"gas_method":"exact"},"2024-02":{"txs":17,"uniq":9,"trade":0,"nft":4,"gas":0.000648,"bal":0.006972,"days":8,"spread":0.275862,"streak":3,"rank_m":48838,"pct_m":0.051924,"gas_method":"estimated"},"2024-03":{"txs":0,"uniq":0,"trade":0,"nft":0,"gas":0,"bal":0.006972,"days":0,"spread":0,"streak":0,"rank_m":357495,"pct_m":0.380094},"2024-04":{"txs":3,"uniq":3,"trade":0,"nft":0,"gas":0.000021,"bal":0.001902,"days":1,"spread":0.033333,"streak":1,"rank_m":408321,"pct_m":0.434133,"gas_method":"estimated"},"2024-05":{"txs":8,"uniq":4,"trade":0,"nft":6,"gas":0.000019,"bal":0.001023,"days":2,"spread":0.064516,"streak":1,"rank_m":356309,"pct_m":0.378833,"gas_method":"estimated"},"2024-06":{"txs":6,"uniq":5,"trade":0,"nft":5,"gas":0.000001,"bal":0.011363,"days":4,"spread":0.133333,"streak":1,"rank_m":209731,"pct_m":0.222989,"gas_method":"estimated"},"2024-07":{"txs":8,"uniq":7,"trade":0,"nft":6,"gas":0.000003,"bal":0.007552,"days":5,"spread":0.16129,"streak":3,"rank_m":157571,"pct_m":0.167531,"gas_method":"estimated"},"2024-08":{"txs":13,"uniq":12,"trade":0,"nft":5,"gas":0.000003,"bal":0.001348,"days":5,"spread":0.16129,"streak":2,"rank_m":245045,"pct_m":0.260535,"gas_method":"estimated"},"2024-09":{"txs":1,"uniq":1,"trade":0,"nft":0,"gas":0,"bal":0.001582,"days":1,"spread":0.033333,"streak":1,"rank_m":420965,"pct_m":0.447576,"gas_method":"estimated"},"2024-10":{"txs":10,"uniq":5,"trade":0,"nft":6,"gas":0.000002,"bal":0.00005,"days":5,"spread":0.16129,"streak":2,"rank_m":365972,"pct_m":0.389107,"gas_method":"estimated"},"2024-11":{"txs":1,"uniq":1,"trade":0,"nft":0,"gas":0.000002,"bal":0.000033,"days":1,"spread":0.033333,"streak":1,"rank_m":519782,"pct_m":0.55264,"gas_method":"exact"},"2024-12":{"txs":2,"uniq":2,"trade":0,"nft":0,"gas":0.000044,"bal":0.000056,"days":2,"spread":0.064516,"streak":1,"rank_m":552371,"pct_m":0.58729,"gas_method":"exact"},"2025-01":{"txs":3,"uniq":3,"trade":0,"nft":0,"gas":0.000078,"bal":0.000061,"days":1,"spread":0.032258,"streak":1,"rank_m":517788,"pct_m":0.55052,"gas_method":"exact"},"2025-02":{"txs":0,"uniq":0,"trade":0,"nft":0,"gas":0,"bal":0.000061,"days":0,"spread":0,"streak":0,"rank_m":732095,"pct_m":0.778375},"2025-03":{"txs":0,"uniq":0,"trade":0,"nft":0,"gas":0,"bal":0.000061,"days":0,"spread":0,"streak":0,"rank_m":747369,"pct_m":0.794615},"2025-04":{"txs":9,"uniq":6,"trade":3,"nft":0,"gas":0.000048,"bal":0.000594,"days":4,"spread":0.133333,"streak":2,"rank_m":227983,"pct_m":0.242395,"gas_method":"exact"},"2025-05":{"txs":2,"uniq":1,"trade":0,"nft":0,"gas":0.000014,"bal":0.00072,"days":2,"spread":0.064516,"streak":1,"rank_m":503449,"pct_m":0.535275,"gas_method":"estimated"},"2025-06":{"txs":90,"uniq":16,"trade":6,"nft":0,"gas":0.000633,"bal":0.005551,"days":19,"spread":0.633333,"streak":5,"rank_m":36081,"pct_m":0.038361,"gas_method":"estimated"},"2025-07":{"txs":51,"uniq":6,"trade":2,"nft":0,"gas":0.000359,"bal":0.008112,"days":14,"spread":0.451613,"streak":2,"rank_m":80898,"pct_m":0.086011,"gas_method":"estimated"},"2025-08":{"txs":37,"uniq":7,"trade":1,"nft":0,"gas":0.00026,"bal":0.007885,"days":14,"spread":0.451613,"streak":3,"rank_m":68033,"pct_m":0.072333,"gas_method":"estimated"},"2025-09":{"txs":74,"uniq":10,"trade":0,"nft":1,"gas":0.000521,"bal":0.035014,"days":21,"spread":0.7,"streak":6,"rank_m":13693,"pct_m":0.014558,"gas_method":"estimated"},"2025-10":{"txs":59,"uniq":7,"trade":0,"nft":1,"gas":0.000415,"bal":0.038317,"days":10,"spread":0.322581,"streak":6,"rank_m":10202,"pct_m":0.010846,"gas_method":"estimated"}}}