{"wallet":"0xc75edf84e98141d22dc7fd1fd46d5440fd6b1650","rank":160036,"lifetime":{"months_active":23,"first":"2023-07","last":"2025-10","tx_sum":221,"uniq_sum":145,"trade_sum":9,"nft_sum":87,"gas_sum":0.0034,"avg_balance_eth_mean":0.002412,"streak_best_days":10,"gas_sum_filled":0.0034},"months":{"2023-07":{"txs":0,"uniq":0,"trade":0,"nft":0,"gas":0,"bal":0,"days":0,"spread":0,"streak":0,"rank_m":248119,"pct_m":0.263803},"2023-08":{"txs":11,"uniq":7,"trade":0,"nft":5,"gas":0.001663,"bal":0.002484,"days":7,"spread":0.225806,"streak":2,"rank_m":66767,"pct_m":0.070987,"gas_method":"exact"},"2023-09":{"txs":5,"uniq":2,"trade":0,"nft":3,"gas":0.000142,"bal":0.005261,"days":2,"spread":0.066667,"streak":1,"rank_m":70345,"pct_m":0.074791,"gas_method":"exact"},"2023-10":{"txs":1,"uniq":1,"trade":0,"nft":1,"gas":0.000015,"bal":0.004782,"days":1,"spread":0.032258,"streak":1,"rank_m":105533,"pct_m":0.112204,"gas_method":"estimated"},"2023-11":{"txs":7,"uniq":5,"trade":0,"nft":2,"gas":0.000057,"bal":0.004002,"days":4,"spread":0.133333,"streak":1,"rank_m":45228,"pct_m":0.048086,"gas_method":"exact"},"2023-12":{"txs":5,"uniq":5,"trade":0,"nft":4,"gas":0.000106,"bal":0.001584,"days":5,"spread":0.16129,"streak":1,"rank_m":56191,"pct_m":0.059742,"gas_method":"exact"},"2024-01":{"txs":2,"uniq":2,"trade":0,"nft":3,"gas":0.000082,"bal":0.000639,"days":1,"spread":0.032258,"streak":1,"rank_m":125480,"pct_m":0.133412,"gas_method":"exact"},"2024-02":{"txs":10,"uniq":5,"trade":0,"nft":4,"gas":0.000254,"bal":0.000446,"days":4,"spread":0.137931,"streak":1,"rank_m":163632,"pct_m":0.173975,"gas_method":"estimated"},"2024-03":{"txs":9,"uniq":6,"trade":0,"nft":6,"gas":0.000558,"bal":0.003726,"days":5,"spread":0.16129,"streak":2,"rank_m":135431,"pct_m":0.143992,"gas_method":"exact"},"2024-04":{"txs":35,"uniq":20,"trade":0,"nft":10,"gas":0.000164,"bal":0.00348,"days":11,"spread":0.366667,"streak":3,"rank_m":142344,"pct_m":0.151342,"gas_method":"estimated"},"2024-05":{"txs":5,"uniq":2,"trade":0,"nft":6,"gas":0.000008,"bal":0.000675,"days":4,"spread":0.129032,"streak":1,"rank_m":373086,"pct_m":0.396671,"gas_method":"estimated"},"2024-06":{"txs":18,"uniq":12,"trade":1,"nft":7,"gas":0.000001,"bal":0.001437,"days":5,"spread":0.166667,"streak":1,"rank_m":212438,"pct_m":0.225867,"gas_method":"estimated"},"2024-07":{"txs":14,"uniq":8,"trade":0,"nft":4,"gas":0.000004,"bal":0.002779,"days":7,"spread":0.225806,"streak":3,"rank_m":120042,"pct_m":0.12763,"gas_method":"exact"},"2024-08":{"txs":36,"uniq":29,"trade":0,"nft":23,"gas":0,"bal":0.001681,"days":15,"spread":0.483871,"streak":10,"rank_m":57532,"pct_m":0.061168,"gas_method":"exact"},"2024-09":{"txs":21,"uniq":13,"trade":3,"nft":4,"gas":0.000002,"bal":0.003038,"days":5,"spread":0.166667,"streak":1,"rank_m":131650,"pct_m":0.139972,"gas_method":"estimated"},"2024-10":{"txs":10,"uniq":5,"trade":0,"nft":3,"gas":0.000001,"bal":0.003891,"days":8,"spread":0.258065,"streak":2,"rank_m":210386,"pct_m":0.223685,"gas_method":"estimated"},"2024-11":{"txs":8,"uniq":6,"trade":3,"nft":0,"gas":0.000018,"bal":0.007384,"days":5,"spread":0.166667,"streak":2,"rank_m":195980,"pct_m":0.208368,"gas_method":"exact"},"2024-12":{"txs":1,"uniq":1,"trade":0,"nft":0,"gas":0.000022,"bal":0.006851,"days":1,"spread":0.032258,"streak":1,"rank_m":501977,"pct_m":0.53371,"gas_method":"exact"},"2025-01":{"txs":8,"uniq":5,"trade":0,"nft":0,"gas":0.000208,"bal":0.006258,"days":5,"spread":0.16129,"streak":1,"rank_m":298205,"pct_m":0.317056,"gas_method":"exact"},"2025-02":{"txs":4,"uniq":3,"trade":0,"nft":1,"gas":0.000028,"bal":0.002496,"days":3,"spread":0.107143,"streak":2,"rank_m":287370,"pct_m":0.305536,"gas_method":"exact"},"2025-03":{"txs":2,"uniq":2,"trade":1,"nft":0,"gas":0.000016,"bal":0.000054,"days":2,"spread":0.064516,"streak":1,"rank_m":420971,"pct_m":0.447583,"gas_method":"exact"},"2025-04":{"txs":6,"uniq":5,"trade":1,"nft":1,"gas":0.00003,"bal":0.000116,"days":2,"spread":0.066667,"streak":1,"rank_m":367794,"pct_m":0.391044,"gas_method":"exact"},"2025-05":{"txs":2,"uniq":1,"trade":0,"nft":0,"gas":0.000014,"bal":0.000896,"days":1,"spread":0.032258,"streak":1,"rank_m":504814,"pct_m":0.536726,"gas_method":"estimated"},"2025-06":{"txs":0,"uniq":0,"trade":0,"nft":0,"gas":0,"bal":0.000896,"days":0,"spread":0,"streak":0,"rank_m":672704,"pct_m":0.71523},"2025-07":{"txs":0,"uniq":0,"trade":0,"nft":0,"gas":0,"bal":0.000896,"days":0,"spread":0,"streak":0,"rank_m":691167,"pct_m":0.73486},"2025-08":{"txs":0,"uniq":0,"trade":0,"nft":0,"gas":0,"bal":0.000896,"days":0,"spread":0,"streak":0,"rank_m":670149,"pct_m":0.712513},"2025-09":{"txs":1,"uniq":0,"trade":0,"nft":0,"gas":0.000007,"bal":0,"days":1,"spread":0.033333,"streak":1,"rank_m":777249,"pct_m":0.826384,"gas_method":"estimated"},"2025-10":{"txs":0,"uniq":0,"trade":0,"nft":0,"gas":0,"bal":0.000896,"days":0,"spread":0,"streak":0,"rank_m":573040,"pct_m":0.609265}}}