{"wallet":"0xc7aad1442b08fa4729664c1c8f7dc1aa935df581","rank":429504,"lifetime":{"months_active":19,"first":"2023-07","last":"2025-10","tx_sum":153,"uniq_sum":73,"trade_sum":1,"nft_sum":27,"gas_sum":0.001124,"avg_balance_eth_mean":0.004974,"streak_best_days":9,"gas_sum_filled":0.001124},"months":{"2023-07":{"txs":0,"uniq":0,"trade":0,"nft":0,"gas":0,"bal":0,"days":0,"spread":0,"streak":0,"rank_m":247060,"pct_m":0.262678},"2023-08":{"txs":3,"uniq":3,"trade":0,"nft":3,"gas":0.000086,"bal":0.000383,"days":2,"spread":0.064516,"streak":1,"rank_m":127676,"pct_m":0.135746,"gas_method":"exact"},"2023-09":{"txs":12,"uniq":5,"trade":0,"nft":5,"gas":0.000132,"bal":0.000567,"days":10,"spread":0.333333,"streak":7,"rank_m":51203,"pct_m":0.054439,"gas_method":"exact"},"2023-10":{"txs":38,"uniq":12,"trade":0,"nft":5,"gas":0.000324,"bal":0.002147,"days":23,"spread":0.741935,"streak":9,"rank_m":32973,"pct_m":0.035056,"gas_method":"estimated"},"2023-11":{"txs":5,"uniq":3,"trade":0,"nft":1,"gas":0.000043,"bal":0.001532,"days":4,"spread":0.133333,"streak":2,"rank_m":60187,"pct_m":0.063991,"gas_method":"exact"},"2023-12":{"txs":1,"uniq":1,"trade":0,"nft":1,"gas":0.000028,"bal":0.001207,"days":1,"spread":0.032258,"streak":1,"rank_m":152862,"pct_m":0.162525,"gas_method":"estimated"},"2024-01":{"txs":3,"uniq":2,"trade":0,"nft":1,"gas":0.000025,"bal":0.00093,"days":2,"spread":0.064516,"streak":1,"rank_m":124871,"pct_m":0.132764,"gas_method":"exact"},"2024-02":{"txs":1,"uniq":1,"trade":0,"nft":1,"gas":0.000015,"bal":0.000638,"days":1,"spread":0.034483,"streak":1,"rank_m":246539,"pct_m":0.262124,"gas_method":"estimated"},"2024-03":{"txs":2,"uniq":1,"trade":0,"nft":2,"gas":0.000044,"bal":0.000564,"days":1,"spread":0.032258,"streak":1,"rank_m":327355,"pct_m":0.348049,"gas_method":"estimated"},"2024-04":{"txs":14,"uniq":9,"trade":0,"nft":3,"gas":0.000038,"bal":0.003052,"days":2,"spread":0.066667,"streak":1,"rank_m":309419,"pct_m":0.328979,"gas_method":"estimated"},"2024-05":{"txs":1,"uniq":1,"trade":0,"nft":2,"gas":0.000001,"bal":0.011457,"days":1,"spread":0.032258,"streak":1,"rank_m":349941,"pct_m":0.372062,"gas_method":"estimated"},"2024-06":{"txs":2,"uniq":2,"trade":0,"nft":2,"gas":0,"bal":0.010184,"days":1,"spread":0.033333,"streak":1,"rank_m":329149,"pct_m":0.349956,"gas_method":"estimated"},"2024-07":{"txs":0,"uniq":0,"trade":0,"nft":0,"gas":0,"bal":0.010184,"days":0,"spread":0,"streak":0,"rank_m":461642,"pct_m":0.490825},"2024-08":{"txs":2,"uniq":2,"trade":0,"nft":1,"gas":0,"bal":0.006173,"days":2,"spread":0.064516,"streak":1,"rank_m":348059,"pct_m":0.370061,"gas_method":"estimated"},"2024-09":{"txs":0,"uniq":0,"trade":0,"nft":0,"gas":0,"bal":0.006173,"days":0,"spread":0,"streak":0,"rank_m":460542,"pct_m":0.489655},"2024-10":{"txs":0,"uniq":0,"trade":0,"nft":0,"gas":0,"bal":0.006173,"days":0,"spread":0,"streak":0,"rank_m":508093,"pct_m":0.540212},"2024-11":{"txs":31,"uniq":14,"trade":0,"nft":0,"gas":0.000071,"bal":0.003501,"days":2,"spread":0.066667,"streak":1,"rank_m":215703,"pct_m":0.229338,"gas_method":"exact"},"2024-12":{"txs":2,"uniq":2,"trade":0,"nft":0,"gas":0.000044,"bal":0.002355,"days":2,"spread":0.064516,"streak":1,"rank_m":490066,"pct_m":0.521046,"gas_method":"exact"},"2025-01":{"txs":0,"uniq":0,"trade":0,"nft":0,"gas":0,"bal":0.002355,"days":0,"spread":0,"streak":0,"rank_m":607951,"pct_m":0.646383},"2025-02":{"txs":1,"uniq":1,"trade":0,"nft":0,"gas":0.000007,"bal":0.002262,"days":1,"spread":0.035714,"streak":1,"rank_m":471562,"pct_m":0.501372,"gas_method":"exact"},"2025-03":{"txs":23,"uniq":4,"trade":0,"nft":0,"gas":0.000182,"bal":0.002228,"days":3,"spread":0.096774,"streak":1,"rank_m":225108,"pct_m":0.239338,"gas_method":"exact"},"2025-04":{"txs":0,"uniq":0,"trade":0,"nft":0,"gas":0,"bal":0.002228,"days":0,"spread":0,"streak":0,"rank_m":637873,"pct_m":0.678197},"2025-05":{"txs":0,"uniq":0,"trade":0,"nft":0,"gas":0,"bal":0.002228,"days":0,"spread":0,"streak":0,"rank_m":601048,"pct_m":0.639044},"2025-06":{"txs":0,"uniq":0,"trade":0,"nft":0,"gas":0,"bal":0.002228,"days":0,"spread":0,"streak":0,"rank_m":607139,"pct_m":0.64552},"2025-07":{"txs":5,"uniq":4,"trade":0,"nft":0,"gas":0.000035,"bal":0.007633,"days":1,"spread":0.032258,"streak":1,"rank_m":333444,"pct_m":0.354523,"gas_method":"estimated"},"2025-08":{"txs":4,"uniq":3,"trade":1,"nft":0,"gas":0.000028,"bal":0.015587,"days":2,"spread":0.064516,"streak":1,"rank_m":209297,"pct_m":0.222527,"gas_method":"estimated"},"2025-09":{"txs":3,"uniq":3,"trade":0,"nft":0,"gas":0.000021,"bal":0.017652,"days":1,"spread":0.033333,"streak":1,"rank_m":268323,"pct_m":0.285285,"gas_method":"estimated"},"2025-10":{"txs":0,"uniq":0,"trade":0,"nft":0,"gas":0,"bal":0.017652,"days":0,"spread":0,"streak":0,"rank_m":308536,"pct_m":0.32804}}}