{"wallet":"0xc7bd9c76917f67c8e4eed5d5ea7b052f1118d429","rank":405883,"lifetime":{"months_active":13,"first":"2023-07","last":"2025-10","tx_sum":138,"uniq_sum":60,"trade_sum":16,"nft_sum":5,"gas_sum":0.008316,"avg_balance_eth_mean":0.04378,"streak_best_days":0,"gas_sum_filled":0.008316},"months":{"2023-07":{"txs":0,"uniq":0,"trade":0,"nft":0,"gas":0,"bal":0,"days":0,"spread":0,"streak":0,"rank_m":246817,"pct_m":0.262419},"2023-08":{"txs":5,"uniq":5,"trade":0,"nft":1,"gas":0.000762,"bal":0.002862,"days":2,"spread":0.064516,"streak":0,"rank_m":133766,"pct_m":0.142221,"gas_method":"exact"},"2023-09":{"txs":0,"uniq":0,"trade":0,"nft":0,"gas":0,"bal":0.002862,"days":0,"spread":0,"streak":0,"rank_m":163553,"pct_m":0.173891},"2023-10":{"txs":3,"uniq":3,"trade":0,"nft":0,"gas":0.000095,"bal":0.001942,"days":1,"spread":0.032258,"streak":0,"rank_m":145089,"pct_m":0.15426,"gas_method":"estimated"},"2023-11":{"txs":0,"uniq":0,"trade":0,"nft":0,"gas":0,"bal":0.001942,"days":0,"spread":0,"streak":0,"rank_m":178886,"pct_m":0.190194},"2023-12":{"txs":10,"uniq":6,"trade":1,"nft":1,"gas":0.001022,"bal":0.008344,"days":3,"spread":0.096774,"streak":0,"rank_m":76515,"pct_m":0.081351,"gas_method":"estimated"},"2024-01":{"txs":13,"uniq":6,"trade":0,"nft":0,"gas":0.000405,"bal":0.001697,"days":3,"spread":0.096774,"streak":0,"rank_m":110032,"pct_m":0.116987,"gas_method":"exact"},"2024-02":{"txs":60,"uniq":18,"trade":0,"nft":2,"gas":0.003227,"bal":0.001433,"days":7,"spread":0.241379,"streak":0,"rank_m":124856,"pct_m":0.132748,"gas_method":"estimated"},"2024-03":{"txs":8,"uniq":5,"trade":0,"nft":0,"gas":0.002395,"bal":0.002081,"days":3,"spread":0.096774,"streak":0,"rank_m":247740,"pct_m":0.263401,"gas_method":"exact"},"2024-04":{"txs":3,"uniq":3,"trade":0,"nft":0,"gas":0.00003,"bal":0.001769,"days":2,"spread":0.066667,"streak":0,"rank_m":428589,"pct_m":0.455682,"gas_method":"estimated"},"2024-05":{"txs":0,"uniq":0,"trade":0,"nft":0,"gas":0,"bal":0.001769,"days":0,"spread":0,"streak":0,"rank_m":496254,"pct_m":0.527625},"2024-06":{"txs":0,"uniq":0,"trade":0,"nft":0,"gas":0,"bal":0.001769,"days":0,"spread":0,"streak":0,"rank_m":515810,"pct_m":0.548417},"2024-07":{"txs":0,"uniq":0,"trade":0,"nft":0,"gas":0,"bal":0.001769,"days":0,"spread":0,"streak":0,"rank_m":526812,"pct_m":0.560115},"2024-08":{"txs":0,"uniq":0,"trade":0,"nft":0,"gas":0,"bal":0.001769,"days":0,"spread":0,"streak":0,"rank_m":539847,"pct_m":0.573974},"2024-09":{"txs":2,"uniq":1,"trade":0,"nft":0,"gas":0,"bal":0.00234,"days":1,"spread":0.033333,"streak":0,"rank_m":444136,"pct_m":0.472212,"gas_method":"estimated"},"2024-10":{"txs":10,"uniq":4,"trade":0,"nft":1,"gas":0.000003,"bal":0.00172,"days":4,"spread":0.129032,"streak":0,"rank_m":374000,"pct_m":0.397642,"gas_method":"estimated"},"2024-11":{"txs":0,"uniq":0,"trade":0,"nft":0,"gas":0,"bal":0.00172,"days":0,"spread":0,"streak":0,"rank_m":572713,"pct_m":0.608918},"2024-12":{"txs":0,"uniq":0,"trade":0,"nft":0,"gas":0,"bal":0.00172,"days":0,"spread":0,"streak":0,"rank_m":629791,"pct_m":0.669604},"2025-01":{"txs":11,"uniq":5,"trade":0,"nft":0,"gas":0.000286,"bal":0.021271,"days":6,"spread":0.193548,"streak":0,"rank_m":272149,"pct_m":0.289353,"gas_method":"exact"},"2025-02":{"txs":9,"uniq":2,"trade":11,"nft":0,"gas":0.000063,"bal":0.290441,"days":5,"spread":0.178571,"streak":0,"rank_m":184713,"pct_m":0.196389,"gas_method":"exact"},"2025-03":{"txs":0,"uniq":0,"trade":0,"nft":0,"gas":0,"bal":0.290441,"days":0,"spread":0,"streak":0,"rank_m":464936,"pct_m":0.494327},"2025-04":{"txs":0,"uniq":0,"trade":0,"nft":0,"gas":0,"bal":0.290441,"days":0,"spread":0,"streak":0,"rank_m":505122,"pct_m":0.537054},"2025-05":{"txs":2,"uniq":1,"trade":4,"nft":0,"gas":0.000014,"bal":0.203016,"days":2,"spread":0.064516,"streak":0,"rank_m":193734,"pct_m":0.20598,"gas_method":"estimated"},"2025-06":{"txs":2,"uniq":1,"trade":0,"nft":0,"gas":0.000014,"bal":0.018145,"days":1,"spread":0.033333,"streak":0,"rank_m":343501,"pct_m":0.365215,"gas_method":"estimated"},"2025-07":{"txs":0,"uniq":0,"trade":0,"nft":0,"gas":0,"bal":0.018145,"days":0,"spread":0,"streak":0,"rank_m":445549,"pct_m":0.473715},"2025-08":{"txs":0,"uniq":0,"trade":0,"nft":0,"gas":0,"bal":0.018145,"days":0,"spread":0,"streak":0,"rank_m":418439,"pct_m":0.444891},"2025-09":{"txs":0,"uniq":0,"trade":0,"nft":0,"gas":0,"bal":0.018145,"days":0,"spread":0,"streak":0,"rank_m":413852,"pct_m":0.440014},"2025-10":{"txs":0,"uniq":0,"trade":0,"nft":0,"gas":0,"bal":0.018145,"days":0,"spread":0,"streak":0,"rank_m":306710,"pct_m":0.326098}}}