{"wallet":"0xc756369ff1eb7f4ed41eb1dcbfa8413c0a514787","rank":232328,"lifetime":{"months_active":13,"first":"2023-07","last":"2025-10","tx_sum":186,"uniq_sum":106,"trade_sum":37,"nft_sum":28,"gas_sum":0.003228,"avg_balance_eth_mean":0.075174,"streak_best_days":2,"gas_sum_filled":0.003228},"months":{"2023-07":{"txs":0,"uniq":0,"trade":0,"nft":0,"gas":0,"bal":0,"days":0,"spread":0,"streak":0,"rank_m":248229,"pct_m":0.26392},"2023-08":{"txs":0,"uniq":0,"trade":0,"nft":0,"gas":0,"bal":0,"days":0,"spread":0,"streak":0,"rank_m":337534,"pct_m":0.358871},"2023-09":{"txs":0,"uniq":0,"trade":0,"nft":0,"gas":0,"bal":0,"days":0,"spread":0,"streak":0,"rank_m":357565,"pct_m":0.380168},"2023-10":{"txs":0,"uniq":0,"trade":0,"nft":0,"gas":0,"bal":0,"days":0,"spread":0,"streak":0,"rank_m":375754,"pct_m":0.399507},"2023-11":{"txs":0,"uniq":0,"trade":0,"nft":0,"gas":0,"bal":0,"days":0,"spread":0,"streak":0,"rank_m":392174,"pct_m":0.416965},"2023-12":{"txs":23,"uniq":12,"trade":5,"nft":1,"gas":0.000674,"bal":0.117741,"days":6,"spread":0.193548,"streak":2,"rank_m":6205,"pct_m":0.006596,"gas_method":"estimated"},"2024-01":{"txs":12,"uniq":10,"trade":2,"nft":2,"gas":0.000302,"bal":0.194673,"days":6,"spread":0.193548,"streak":1,"rank_m":15639,"pct_m":0.016627,"gas_method":"exact"},"2024-02":{"txs":18,"uniq":10,"trade":11,"nft":3,"gas":0.000441,"bal":0.191395,"days":6,"spread":0.206897,"streak":1,"rank_m":21424,"pct_m":0.022777,"gas_method":"exact"},"2024-03":{"txs":20,"uniq":15,"trade":2,"nft":4,"gas":0.001068,"bal":0.140085,"days":8,"spread":0.258065,"streak":2,"rank_m":35141,"pct_m":0.037361,"gas_method":"exact"},"2024-04":{"txs":16,"uniq":10,"trade":1,"nft":4,"gas":0.000143,"bal":0.151543,"days":6,"spread":0.2,"streak":1,"rank_m":122917,"pct_m":0.130686,"gas_method":"exact"},"2024-05":{"txs":17,"uniq":8,"trade":6,"nft":2,"gas":0.000016,"bal":0.149901,"days":6,"spread":0.193548,"streak":1,"rank_m":98150,"pct_m":0.104354,"gas_method":"estimated"},"2024-06":{"txs":17,"uniq":8,"trade":4,"nft":1,"gas":0.000002,"bal":0.168272,"days":5,"spread":0.166667,"streak":1,"rank_m":70443,"pct_m":0.074895,"gas_method":"exact"},"2024-07":{"txs":16,"uniq":8,"trade":3,"nft":1,"gas":0.000007,"bal":0.094593,"days":6,"spread":0.193548,"streak":1,"rank_m":53973,"pct_m":0.057384,"gas_method":"exact"},"2024-08":{"txs":9,"uniq":8,"trade":0,"nft":10,"gas":0.000001,"bal":0.106676,"days":4,"spread":0.129032,"streak":2,"rank_m":112482,"pct_m":0.119592,"gas_method":"exact"},"2024-09":{"txs":0,"uniq":0,"trade":0,"nft":0,"gas":0,"bal":0.106676,"days":0,"spread":0,"streak":0,"rank_m":368811,"pct_m":0.392125},"2024-10":{"txs":0,"uniq":0,"trade":0,"nft":0,"gas":0,"bal":0.106676,"days":0,"spread":0,"streak":0,"rank_m":419466,"pct_m":0.445983},"2024-11":{"txs":0,"uniq":0,"trade":0,"nft":0,"gas":0,"bal":0.106676,"days":0,"spread":0,"streak":0,"rank_m":478741,"pct_m":0.509005},"2024-12":{"txs":14,"uniq":9,"trade":0,"nft":0,"gas":0.000309,"bal":0.105765,"days":4,"spread":0.129032,"streak":1,"rank_m":224255,"pct_m":0.238431,"gas_method":"exact"},"2025-01":{"txs":5,"uniq":4,"trade":3,"nft":0,"gas":0.00013,"bal":0.085976,"days":3,"spread":0.096774,"streak":1,"rank_m":238306,"pct_m":0.25337,"gas_method":"exact"},"2025-02":{"txs":18,"uniq":3,"trade":0,"nft":0,"gas":0.000127,"bal":0.105731,"days":3,"spread":0.107143,"streak":1,"rank_m":160983,"pct_m":0.171159,"gas_method":"exact"},"2025-03":{"txs":1,"uniq":1,"trade":0,"nft":0,"gas":0.000008,"bal":0.021561,"days":1,"spread":0.032258,"streak":1,"rank_m":374953,"pct_m":0.398656,"gas_method":"exact"},"2025-04":{"txs":0,"uniq":0,"trade":0,"nft":0,"gas":0,"bal":0.021561,"days":0,"spread":0,"streak":0,"rank_m":543840,"pct_m":0.578219},"2025-05":{"txs":0,"uniq":0,"trade":0,"nft":0,"gas":0,"bal":0.021561,"days":0,"spread":0,"streak":0,"rank_m":408195,"pct_m":0.433999},"2025-06":{"txs":0,"uniq":0,"trade":0,"nft":0,"gas":0,"bal":0.021561,"days":0,"spread":0,"streak":0,"rank_m":410103,"pct_m":0.436028},"2025-07":{"txs":0,"uniq":0,"trade":0,"nft":0,"gas":0,"bal":0.021561,"days":0,"spread":0,"streak":0,"rank_m":433099,"pct_m":0.460478},"2025-08":{"txs":0,"uniq":0,"trade":0,"nft":0,"gas":0,"bal":0.021561,"days":0,"spread":0,"streak":0,"rank_m":406544,"pct_m":0.432244},"2025-09":{"txs":0,"uniq":0,"trade":0,"nft":0,"gas":0,"bal":0.021561,"days":0,"spread":0,"streak":0,"rank_m":403585,"pct_m":0.429098},"2025-10":{"txs":0,"uniq":0,"trade":0,"nft":0,"gas":0,"bal":0.021561,"days":0,"spread":0,"streak":0,"rank_m":296138,"pct_m":0.314858}}}