{"wallet":"0xc70fe7583b7b29d39040f8d11bc7992c0285a819","rank":463714,"lifetime":{"months_active":19,"first":"2023-07","last":"2025-10","tx_sum":131,"uniq_sum":93,"trade_sum":4,"nft_sum":61,"gas_sum":0.001113,"avg_balance_eth_mean":0.005246,"streak_best_days":3,"gas_sum_filled":0.001113},"months":{"2023-07":{"txs":0,"uniq":0,"trade":0,"nft":0,"gas":0,"bal":0,"days":0,"spread":0,"streak":0,"rank_m":249157,"pct_m":0.264907},"2023-08":{"txs":0,"uniq":0,"trade":0,"nft":0,"gas":0,"bal":0,"days":0,"spread":0,"streak":0,"rank_m":338367,"pct_m":0.359757},"2023-09":{"txs":7,"uniq":4,"trade":0,"nft":2,"gas":0.000187,"bal":0.022238,"days":3,"spread":0.1,"streak":2,"rank_m":55145,"pct_m":0.05863,"gas_method":"estimated"},"2023-10":{"txs":5,"uniq":5,"trade":0,"nft":3,"gas":0.000035,"bal":0.039898,"days":5,"spread":0.16129,"streak":1,"rank_m":40542,"pct_m":0.043104,"gas_method":"estimated"},"2023-11":{"txs":5,"uniq":3,"trade":0,"nft":1,"gas":0.00013,"bal":0.009137,"days":3,"spread":0.1,"streak":2,"rank_m":42687,"pct_m":0.045385,"gas_method":"exact"},"2023-12":{"txs":2,"uniq":2,"trade":0,"nft":1,"gas":0.000159,"bal":0.007552,"days":2,"spread":0.064516,"streak":1,"rank_m":77242,"pct_m":0.082124,"gas_method":"exact"},"2024-01":{"txs":0,"uniq":0,"trade":0,"nft":0,"gas":0,"bal":0.007552,"days":0,"spread":0,"streak":0,"rank_m":205984,"pct_m":0.219005},"2024-02":{"txs":0,"uniq":0,"trade":0,"nft":0,"gas":0,"bal":0.007552,"days":0,"spread":0,"streak":0,"rank_m":273374,"pct_m":0.290655},"2024-03":{"txs":15,"uniq":2,"trade":0,"nft":4,"gas":0.000271,"bal":0.004464,"days":2,"spread":0.064516,"streak":2,"rank_m":197672,"pct_m":0.210167,"gas_method":"estimated"},"2024-04":{"txs":9,"uniq":6,"trade":0,"nft":4,"gas":0.00002,"bal":0.008626,"days":6,"spread":0.2,"streak":2,"rank_m":232210,"pct_m":0.246889,"gas_method":"estimated"},"2024-05":{"txs":10,"uniq":9,"trade":0,"nft":5,"gas":0.000007,"bal":0.004984,"days":6,"spread":0.193548,"streak":2,"rank_m":210176,"pct_m":0.223462,"gas_method":"estimated"},"2024-06":{"txs":6,"uniq":6,"trade":0,"nft":6,"gas":0,"bal":0.006523,"days":4,"spread":0.133333,"streak":1,"rank_m":230107,"pct_m":0.244653,"gas_method":"estimated"},"2024-07":{"txs":3,"uniq":2,"trade":0,"nft":1,"gas":0,"bal":0.006229,"days":2,"spread":0.064516,"streak":1,"rank_m":331911,"pct_m":0.352893,"gas_method":"estimated"},"2024-08":{"txs":16,"uniq":12,"trade":0,"nft":17,"gas":0.000002,"bal":0.006093,"days":10,"spread":0.322581,"streak":3,"rank_m":84687,"pct_m":0.09004,"gas_method":"exact"},"2024-09":{"txs":16,"uniq":16,"trade":0,"nft":15,"gas":0.000001,"bal":0.004623,"days":5,"spread":0.166667,"streak":2,"rank_m":108977,"pct_m":0.115865,"gas_method":"estimated"},"2024-10":{"txs":9,"uniq":7,"trade":1,"nft":1,"gas":0.000001,"bal":0.005759,"days":3,"spread":0.096774,"streak":1,"rank_m":216644,"pct_m":0.230339,"gas_method":"estimated"},"2024-11":{"txs":4,"uniq":3,"trade":0,"nft":1,"gas":0.000007,"bal":0.00113,"days":2,"spread":0.066667,"streak":2,"rank_m":358972,"pct_m":0.381664,"gas_method":"exact"},"2024-12":{"txs":0,"uniq":0,"trade":0,"nft":0,"gas":0,"bal":0.00113,"days":0,"spread":0,"streak":0,"rank_m":641198,"pct_m":0.681732},"2025-01":{"txs":7,"uniq":6,"trade":0,"nft":0,"gas":0.000182,"bal":0.000245,"days":3,"spread":0.096774,"streak":1,"rank_m":406052,"pct_m":0.431721,"gas_method":"exact"},"2025-02":{"txs":3,"uniq":2,"trade":1,"nft":0,"gas":0.000014,"bal":0.000296,"days":2,"spread":0.071429,"streak":1,"rank_m":410523,"pct_m":0.436474,"gas_method":"exact"},"2025-03":{"txs":1,"uniq":1,"trade":0,"nft":0,"gas":0.000008,"bal":0.000389,"days":1,"spread":0.032258,"streak":1,"rank_m":483814,"pct_m":0.514399,"gas_method":"exact"},"2025-04":{"txs":2,"uniq":2,"trade":0,"nft":0,"gas":0.000012,"bal":0.00036,"days":1,"spread":0.033333,"streak":1,"rank_m":492852,"pct_m":0.524008,"gas_method":"exact"},"2025-05":{"txs":7,"uniq":2,"trade":2,"nft":0,"gas":0.000049,"bal":0.000152,"days":2,"spread":0.064516,"streak":1,"rank_m":426399,"pct_m":0.453354,"gas_method":"estimated"},"2025-06":{"txs":4,"uniq":3,"trade":0,"nft":0,"gas":0.000028,"bal":0.000392,"days":3,"spread":0.1,"streak":2,"rank_m":513997,"pct_m":0.54649,"gas_method":"estimated"},"2025-07":{"txs":0,"uniq":0,"trade":0,"nft":0,"gas":0,"bal":0.000392,"days":0,"spread":0,"streak":0,"rank_m":746350,"pct_m":0.793532},"2025-08":{"txs":0,"uniq":0,"trade":0,"nft":0,"gas":0,"bal":0.000392,"days":0,"spread":0,"streak":0,"rank_m":723533,"pct_m":0.769272},"2025-09":{"txs":0,"uniq":0,"trade":0,"nft":0,"gas":0,"bal":0.000392,"days":0,"spread":0,"streak":0,"rank_m":707014,"pct_m":0.751709},"2025-10":{"txs":0,"uniq":0,"trade":0,"nft":0,"gas":0,"bal":0.000392,"days":0,"spread":0,"streak":0,"rank_m":632227,"pct_m":0.672194}}}