{"wallet":"0xc7f3c0e1ef8747015dc69a67ccb25a7fb07f6fc5","rank":8414,"lifetime":{"months_active":28,"first":"2023-07","last":"2025-10","tx_sum":1126,"uniq_sum":363,"trade_sum":19,"nft_sum":183,"gas_sum":0.015835,"avg_balance_eth_mean":0.01684,"streak_best_days":53,"gas_sum_filled":0.015835},"months":{"2023-07":{"txs":3,"uniq":2,"trade":0,"nft":1,"gas":0.000201,"bal":0.000339,"days":1,"spread":0.032258,"streak":1,"rank_m":30283,"pct_m":0.032196,"gas_method":"estimated"},"2023-08":{"txs":37,"uniq":23,"trade":0,"nft":19,"gas":0.006084,"bal":0.012778,"days":17,"spread":0.548387,"streak":8,"rank_m":12587,"pct_m":0.013382,"gas_method":"exact"},"2023-09":{"txs":10,"uniq":7,"trade":0,"nft":5,"gas":0.000061,"bal":0.020785,"days":7,"spread":0.233333,"streak":2,"rank_m":33380,"pct_m":0.035489,"gas_method":"exact"},"2023-10":{"txs":4,"uniq":3,"trade":0,"nft":4,"gas":0.000017,"bal":0.029448,"days":4,"spread":0.129032,"streak":1,"rank_m":44530,"pct_m":0.047344,"gas_method":"exact"},"2023-11":{"txs":18,"uniq":16,"trade":0,"nft":15,"gas":0.000164,"bal":0.024416,"days":6,"spread":0.2,"streak":3,"rank_m":10697,"pct_m":0.011372,"gas_method":"estimated"},"2023-12":{"txs":11,"uniq":10,"trade":0,"nft":8,"gas":0.000214,"bal":0.019055,"days":9,"spread":0.290323,"streak":2,"rank_m":10940,"pct_m":0.011631,"gas_method":"exact"},"2024-01":{"txs":37,"uniq":21,"trade":5,"nft":16,"gas":0.000362,"bal":0.010816,"days":23,"spread":0.741935,"streak":12,"rank_m":3951,"pct_m":0.0042,"gas_method":"exact"},"2024-02":{"txs":17,"uniq":11,"trade":0,"nft":9,"gas":0.000077,"bal":0.009008,"days":13,"spread":0.448276,"streak":4,"rank_m":23820,"pct_m":0.025325,"gas_method":"exact"},"2024-03":{"txs":28,"uniq":19,"trade":0,"nft":16,"gas":0.000134,"bal":0.003509,"days":17,"spread":0.548387,"streak":5,"rank_m":46701,"pct_m":0.049652,"gas_method":"exact"},"2024-04":{"txs":14,"uniq":10,"trade":0,"nft":6,"gas":0.000018,"bal":0.004046,"days":8,"spread":0.266667,"streak":2,"rank_m":182345,"pct_m":0.193871,"gas_method":"exact"},"2024-05":{"txs":8,"uniq":6,"trade":0,"nft":6,"gas":0.000004,"bal":0.012922,"days":6,"spread":0.193548,"streak":2,"rank_m":179769,"pct_m":0.191133,"gas_method":"estimated"},"2024-06":{"txs":22,"uniq":13,"trade":0,"nft":7,"gas":0,"bal":0.010541,"days":13,"spread":0.433333,"streak":5,"rank_m":75944,"pct_m":0.080744,"gas_method":"estimated"},"2024-07":{"txs":37,"uniq":10,"trade":0,"nft":6,"gas":0.000004,"bal":0.012013,"days":24,"spread":0.774194,"streak":11,"rank_m":24550,"pct_m":0.026101,"gas_method":"exact"},"2024-08":{"txs":61,"uniq":29,"trade":1,"nft":28,"gas":0.000003,"bal":0.013691,"days":18,"spread":0.580645,"streak":6,"rank_m":9457,"pct_m":0.010054,"gas_method":"exact"},"2024-09":{"txs":51,"uniq":16,"trade":1,"nft":10,"gas":0,"bal":0.027784,"days":23,"spread":0.766667,"streak":15,"rank_m":6333,"pct_m":0.006732,"gas_method":"exact"},"2024-10":{"txs":45,"uniq":14,"trade":0,"nft":12,"gas":0.000002,"bal":0.023633,"days":29,"spread":0.935484,"streak":29,"rank_m":22797,"pct_m":0.024237,"gas_method":"estimated"},"2024-11":{"txs":96,"uniq":13,"trade":1,"nft":2,"gas":0.000216,"bal":0.039663,"days":26,"spread":0.866667,"streak":23,"rank_m":12543,"pct_m":0.013335,"gas_method":"exact"},"2024-12":{"txs":213,"uniq":17,"trade":0,"nft":2,"gas":0.004476,"bal":0.037013,"days":30,"spread":0.967742,"streak":30,"rank_m":10664,"pct_m":0.011337,"gas_method":"exact"},"2025-01":{"txs":54,"uniq":10,"trade":0,"nft":0,"gas":0.001403,"bal":0.015765,"days":24,"spread":0.774194,"streak":9,"rank_m":40735,"pct_m":0.043309,"gas_method":"exact"},"2025-02":{"txs":42,"uniq":13,"trade":3,"nft":1,"gas":0.000218,"bal":0.007043,"days":22,"spread":0.785714,"streak":12,"rank_m":27074,"pct_m":0.028784,"gas_method":"exact"},"2025-03":{"txs":38,"uniq":11,"trade":2,"nft":1,"gas":0.000277,"bal":0.005937,"days":20,"spread":0.645161,"streak":5,"rank_m":41285,"pct_m":0.043894,"gas_method":"exact"},"2025-04":{"txs":52,"uniq":17,"trade":1,"nft":0,"gas":0.000296,"bal":0.009923,"days":26,"spread":0.866667,"streak":14,"rank_m":11297,"pct_m":0.01201,"gas_method":"exact"},"2025-05":{"txs":38,"uniq":18,"trade":1,"nft":1,"gas":0.000267,"bal":0.017035,"days":18,"spread":0.580645,"streak":8,"rank_m":21235,"pct_m":0.022576,"gas_method":"estimated"},"2025-06":{"txs":57,"uniq":12,"trade":2,"nft":0,"gas":0.000401,"bal":0.016725,"days":29,"spread":0.966667,"streak":19,"rank_m":16764,"pct_m":0.017823,"gas_method":"estimated"},"2025-07":{"txs":33,"uniq":13,"trade":0,"nft":1,"gas":0.000232,"bal":0.026099,"days":21,"spread":0.677419,"streak":10,"rank_m":21934,"pct_m":0.02332,"gas_method":"estimated"},"2025-08":{"txs":29,"uniq":11,"trade":0,"nft":4,"gas":0.000204,"bal":0.027145,"days":18,"spread":0.580645,"streak":8,"rank_m":22107,"pct_m":0.023503,"gas_method":"estimated"},"2025-09":{"txs":48,"uniq":14,"trade":2,"nft":1,"gas":0.000338,"bal":0.019468,"days":17,"spread":0.566667,"streak":4,"rank_m":17892,"pct_m":0.019022,"gas_method":"estimated"},"2025-10":{"txs":23,"uniq":4,"trade":0,"nft":2,"gas":0.000162,"bal":0.014933,"days":10,"spread":0.322581,"streak":4,"rank_m":32111,"pct_m":0.03414,"gas_method":"estimated"}}}