{"wallet":"0xc73ab8b0a3da031d7faa00ca75018e4976960303","rank":192416,"lifetime":{"months_active":17,"first":"2023-07","last":"2025-10","tx_sum":282,"uniq_sum":125,"trade_sum":2,"nft_sum":18,"gas_sum":0.006896,"avg_balance_eth_mean":0.006884,"streak_best_days":5,"gas_sum_filled":0.006896},"months":{"2023-07":{"txs":1,"uniq":1,"trade":0,"nft":1,"gas":0.000118,"bal":0.000448,"days":1,"spread":0.032258,"streak":1,"rank_m":34022,"pct_m":0.036172,"gas_method":"estimated"},"2023-08":{"txs":73,"uniq":24,"trade":0,"nft":4,"gas":0.004509,"bal":0.011489,"days":10,"spread":0.322581,"streak":3,"rank_m":24017,"pct_m":0.025534,"gas_method":"exact"},"2023-09":{"txs":12,"uniq":7,"trade":0,"nft":2,"gas":0.000346,"bal":0.010932,"days":2,"spread":0.066667,"streak":1,"rank_m":47610,"pct_m":0.050619,"gas_method":"exact"},"2023-10":{"txs":6,"uniq":5,"trade":0,"nft":0,"gas":0.000055,"bal":0.012369,"days":3,"spread":0.096774,"streak":1,"rank_m":64510,"pct_m":0.068587,"gas_method":"estimated"},"2023-11":{"txs":1,"uniq":1,"trade":0,"nft":0,"gas":0.000016,"bal":0.006991,"days":1,"spread":0.033333,"streak":1,"rank_m":111051,"pct_m":0.11807,"gas_method":"estimated"},"2023-12":{"txs":1,"uniq":1,"trade":0,"nft":0,"gas":0.00003,"bal":0.004298,"days":1,"spread":0.032258,"streak":1,"rank_m":142889,"pct_m":0.151921,"gas_method":"estimated"},"2024-01":{"txs":9,"uniq":2,"trade":0,"nft":1,"gas":0.000315,"bal":0.002934,"days":2,"spread":0.064516,"streak":1,"rank_m":80814,"pct_m":0.085922,"gas_method":"exact"},"2024-02":{"txs":14,"uniq":9,"trade":0,"nft":6,"gas":0.000067,"bal":0.005928,"days":6,"spread":0.206897,"streak":2,"rank_m":47249,"pct_m":0.050235,"gas_method":"exact"},"2024-03":{"txs":19,"uniq":11,"trade":0,"nft":2,"gas":0.000069,"bal":0.001977,"days":5,"spread":0.16129,"streak":1,"rank_m":154551,"pct_m":0.16432,"gas_method":"exact"},"2024-04":{"txs":20,"uniq":7,"trade":0,"nft":1,"gas":0.000183,"bal":0.005743,"days":4,"spread":0.133333,"streak":2,"rank_m":212881,"pct_m":0.226338,"gas_method":"exact"},"2024-05":{"txs":23,"uniq":9,"trade":2,"nft":1,"gas":0.000022,"bal":0.006404,"days":6,"spread":0.193548,"streak":2,"rank_m":148479,"pct_m":0.157864,"gas_method":"estimated"},"2024-06":{"txs":11,"uniq":8,"trade":0,"nft":0,"gas":0,"bal":0.006421,"days":3,"spread":0.1,"streak":1,"rank_m":273319,"pct_m":0.290597,"gas_method":"estimated"},"2024-07":{"txs":0,"uniq":0,"trade":0,"nft":0,"gas":0,"bal":0.006421,"days":0,"spread":0,"streak":0,"rank_m":482730,"pct_m":0.513246},"2024-08":{"txs":0,"uniq":0,"trade":0,"nft":0,"gas":0,"bal":0.006421,"days":0,"spread":0,"streak":0,"rank_m":490173,"pct_m":0.52116},"2024-09":{"txs":0,"uniq":0,"trade":0,"nft":0,"gas":0,"bal":0.006421,"days":0,"spread":0,"streak":0,"rank_m":458631,"pct_m":0.487624},"2024-10":{"txs":0,"uniq":0,"trade":0,"nft":0,"gas":0,"bal":0.006421,"days":0,"spread":0,"streak":0,"rank_m":506331,"pct_m":0.538339},"2024-11":{"txs":33,"uniq":10,"trade":0,"nft":0,"gas":0.000076,"bal":0.009348,"days":10,"spread":0.333333,"streak":3,"rank_m":108799,"pct_m":0.115676,"gas_method":"exact"},"2024-12":{"txs":42,"uniq":18,"trade":0,"nft":0,"gas":0.000838,"bal":0.041061,"days":8,"spread":0.258065,"streak":3,"rank_m":84464,"pct_m":0.089803,"gas_method":"exact"},"2025-01":{"txs":8,"uniq":6,"trade":0,"nft":0,"gas":0.000182,"bal":0.027854,"days":4,"spread":0.129032,"streak":1,"rank_m":264649,"pct_m":0.281378,"gas_method":"exact"},"2025-02":{"txs":1,"uniq":1,"trade":0,"nft":0,"gas":0.000007,"bal":0.000874,"days":1,"spread":0.035714,"streak":1,"rank_m":496587,"pct_m":0.527979,"gas_method":"exact"},"2025-03":{"txs":8,"uniq":5,"trade":0,"nft":0,"gas":0.000063,"bal":0.001501,"days":4,"spread":0.129032,"streak":1,"rank_m":282392,"pct_m":0.300243,"gas_method":"exact"},"2025-04":{"txs":0,"uniq":0,"trade":0,"nft":0,"gas":0,"bal":0.001501,"days":0,"spread":0,"streak":0,"rank_m":653419,"pct_m":0.694726},"2025-05":{"txs":0,"uniq":0,"trade":0,"nft":0,"gas":0,"bal":0.001501,"days":0,"spread":0,"streak":0,"rank_m":629865,"pct_m":0.669683},"2025-06":{"txs":0,"uniq":0,"trade":0,"nft":0,"gas":0,"bal":0.001501,"days":0,"spread":0,"streak":0,"rank_m":633309,"pct_m":0.673344},"2025-07":{"txs":0,"uniq":0,"trade":0,"nft":0,"gas":0,"bal":0.001501,"days":0,"spread":0,"streak":0,"rank_m":651568,"pct_m":0.692758},"2025-08":{"txs":0,"uniq":0,"trade":0,"nft":0,"gas":0,"bal":0.001501,"days":0,"spread":0,"streak":0,"rank_m":630454,"pct_m":0.670309},"2025-09":{"txs":0,"uniq":0,"trade":0,"nft":0,"gas":0,"bal":0.001501,"days":0,"spread":0,"streak":0,"rank_m":615952,"pct_m":0.65489},"2025-10":{"txs":0,"uniq":0,"trade":0,"nft":0,"gas":0,"bal":0.001501,"days":0,"spread":0,"streak":0,"rank_m":527682,"pct_m":0.56104}}}