{"wallet":"0xc74d983650b6f2b3a3c81b24375ba2ac73585dc0","rank":185267,"lifetime":{"months_active":22,"first":"2023-07","last":"2025-10","tx_sum":380,"uniq_sum":176,"trade_sum":1,"nft_sum":77,"gas_sum":0.00321,"avg_balance_eth_mean":0.003817,"streak_best_days":3,"gas_sum_filled":0.00321},"months":{"2023-07":{"txs":0,"uniq":0,"trade":0,"nft":0,"gas":0,"bal":0,"days":0,"spread":0,"streak":0,"rank_m":248338,"pct_m":0.264036},"2023-08":{"txs":0,"uniq":0,"trade":0,"nft":0,"gas":0,"bal":0,"days":0,"spread":0,"streak":0,"rank_m":337634,"pct_m":0.358977},"2023-09":{"txs":0,"uniq":0,"trade":0,"nft":0,"gas":0,"bal":0,"days":0,"spread":0,"streak":0,"rank_m":357684,"pct_m":0.380295},"2023-10":{"txs":0,"uniq":0,"trade":0,"nft":0,"gas":0,"bal":0,"days":0,"spread":0,"streak":0,"rank_m":375866,"pct_m":0.399626},"2023-11":{"txs":0,"uniq":0,"trade":0,"nft":0,"gas":0,"bal":0,"days":0,"spread":0,"streak":0,"rank_m":392289,"pct_m":0.417088},"2023-12":{"txs":7,"uniq":4,"trade":0,"nft":1,"gas":0.00015,"bal":0.001118,"days":2,"spread":0.064516,"streak":1,"rank_m":110171,"pct_m":0.117135,"gas_method":"estimated"},"2024-01":{"txs":57,"uniq":21,"trade":0,"nft":5,"gas":0.001429,"bal":0.004063,"days":9,"spread":0.290323,"streak":2,"rank_m":12450,"pct_m":0.013236,"gas_method":"exact"},"2024-02":{"txs":22,"uniq":8,"trade":0,"nft":6,"gas":0.00012,"bal":0.001532,"days":6,"spread":0.206897,"streak":1,"rank_m":72649,"pct_m":0.077241,"gas_method":"exact"},"2024-03":{"txs":9,"uniq":8,"trade":0,"nft":4,"gas":0.000119,"bal":0.005521,"days":7,"spread":0.225806,"streak":2,"rank_m":122702,"pct_m":0.130458,"gas_method":"exact"},"2024-04":{"txs":29,"uniq":13,"trade":0,"nft":6,"gas":0.000061,"bal":0.010074,"days":11,"spread":0.366667,"streak":2,"rank_m":134173,"pct_m":0.142654,"gas_method":"estimated"},"2024-05":{"txs":21,"uniq":14,"trade":0,"nft":7,"gas":0.000015,"bal":0.009026,"days":8,"spread":0.258065,"streak":2,"rank_m":123272,"pct_m":0.131064,"gas_method":"estimated"},"2024-06":{"txs":17,"uniq":10,"trade":0,"nft":5,"gas":0.000024,"bal":0.011046,"days":7,"spread":0.233333,"streak":1,"rank_m":95741,"pct_m":0.101792,"gas_method":"exact"},"2024-07":{"txs":29,"uniq":23,"trade":0,"nft":22,"gas":0.000003,"bal":0.010458,"days":10,"spread":0.322581,"streak":2,"rank_m":54201,"pct_m":0.057626,"gas_method":"estimated"},"2024-08":{"txs":16,"uniq":14,"trade":0,"nft":12,"gas":0.000001,"bal":0.008868,"days":7,"spread":0.225806,"streak":3,"rank_m":86228,"pct_m":0.091678,"gas_method":"exact"},"2024-09":{"txs":31,"uniq":19,"trade":1,"nft":7,"gas":0.000001,"bal":0.007558,"days":9,"spread":0.3,"streak":1,"rank_m":65156,"pct_m":0.069274,"gas_method":"estimated"},"2024-10":{"txs":25,"uniq":5,"trade":0,"nft":2,"gas":0.00001,"bal":0.007744,"days":5,"spread":0.16129,"streak":1,"rank_m":138859,"pct_m":0.147636,"gas_method":"exact"},"2024-11":{"txs":28,"uniq":8,"trade":0,"nft":0,"gas":0.000064,"bal":0.007848,"days":4,"spread":0.133333,"streak":1,"rank_m":193596,"pct_m":0.205834,"gas_method":"exact"},"2024-12":{"txs":22,"uniq":6,"trade":0,"nft":0,"gas":0.000485,"bal":0.007642,"days":4,"spread":0.129032,"streak":1,"rank_m":259615,"pct_m":0.276026,"gas_method":"exact"},"2025-01":{"txs":14,"uniq":9,"trade":0,"nft":0,"gas":0.000364,"bal":0.00626,"days":4,"spread":0.129032,"streak":1,"rank_m":241619,"pct_m":0.256893,"gas_method":"exact"},"2025-02":{"txs":4,"uniq":1,"trade":0,"nft":0,"gas":0.000028,"bal":0.00099,"days":1,"spread":0.035714,"streak":1,"rank_m":434566,"pct_m":0.462037,"gas_method":"exact"},"2025-03":{"txs":5,"uniq":2,"trade":0,"nft":0,"gas":0.00004,"bal":0.000978,"days":2,"spread":0.064516,"streak":1,"rank_m":372108,"pct_m":0.395631,"gas_method":"exact"},"2025-04":{"txs":12,"uniq":3,"trade":0,"nft":0,"gas":0.000072,"bal":0.000976,"days":3,"spread":0.1,"streak":1,"rank_m":300071,"pct_m":0.31904,"gas_method":"exact"},"2025-05":{"txs":8,"uniq":2,"trade":0,"nft":0,"gas":0.000056,"bal":0.000946,"days":2,"spread":0.064516,"streak":1,"rank_m":421834,"pct_m":0.4485,"gas_method":"estimated"},"2025-06":{"txs":8,"uniq":2,"trade":0,"nft":0,"gas":0.000056,"bal":0.000787,"days":2,"spread":0.066667,"streak":1,"rank_m":493169,"pct_m":0.524345,"gas_method":"estimated"},"2025-07":{"txs":8,"uniq":2,"trade":0,"nft":0,"gas":0.000056,"bal":0.000887,"days":3,"spread":0.096774,"streak":1,"rank_m":477509,"pct_m":0.507695,"gas_method":"estimated"},"2025-08":{"txs":7,"uniq":1,"trade":0,"nft":0,"gas":0.000049,"bal":0.000856,"days":2,"spread":0.064516,"streak":1,"rank_m":475236,"pct_m":0.505278,"gas_method":"estimated"},"2025-09":{"txs":1,"uniq":1,"trade":0,"nft":0,"gas":0.000007,"bal":0.000853,"days":1,"spread":0.033333,"streak":1,"rank_m":512329,"pct_m":0.544716,"gas_method":"estimated"},"2025-10":{"txs":0,"uniq":0,"trade":0,"nft":0,"gas":0,"bal":0.000853,"days":0,"spread":0,"streak":0,"rank_m":576520,"pct_m":0.612965}}}