{"wallet":"0xc701f7d8f93c933156e585825d213c65f71da629","rank":149321,"lifetime":{"months_active":22,"first":"2023-07","last":"2025-10","tx_sum":290,"uniq_sum":125,"trade_sum":9,"nft_sum":37,"gas_sum":0.004916,"avg_balance_eth_mean":0.021246,"streak_best_days":0,"gas_sum_filled":0.004916},"months":{"2023-07":{"txs":0,"uniq":0,"trade":0,"nft":0,"gas":0,"bal":0,"days":0,"spread":0,"streak":0,"rank_m":249355,"pct_m":0.265118},"2023-08":{"txs":43,"uniq":31,"trade":0,"nft":26,"gas":0.002955,"bal":0.002673,"days":10,"spread":0.322581,"streak":0,"rank_m":61175,"pct_m":0.065041,"gas_method":"exact"},"2023-09":{"txs":2,"uniq":1,"trade":0,"nft":0,"gas":0.000044,"bal":0.008173,"days":1,"spread":0.033333,"streak":0,"rank_m":136617,"pct_m":0.145253,"gas_method":"exact"},"2023-10":{"txs":0,"uniq":0,"trade":0,"nft":0,"gas":0,"bal":0.008173,"days":0,"spread":0,"streak":0,"rank_m":159349,"pct_m":0.169422},"2023-11":{"txs":4,"uniq":2,"trade":0,"nft":0,"gas":0.000055,"bal":0.012167,"days":2,"spread":0.066667,"streak":0,"rank_m":113995,"pct_m":0.1212,"gas_method":"estimated"},"2023-12":{"txs":4,"uniq":3,"trade":0,"nft":1,"gas":0.000104,"bal":0.019797,"days":3,"spread":0.096774,"streak":0,"rank_m":100542,"pct_m":0.106897,"gas_method":"estimated"},"2024-01":{"txs":6,"uniq":3,"trade":0,"nft":0,"gas":0.000327,"bal":0.023356,"days":5,"spread":0.16129,"streak":0,"rank_m":91798,"pct_m":0.0976,"gas_method":"exact"},"2024-02":{"txs":6,"uniq":5,"trade":0,"nft":1,"gas":0.000082,"bal":0.019587,"days":3,"spread":0.103448,"streak":0,"rank_m":150991,"pct_m":0.160535,"gas_method":"estimated"},"2024-03":{"txs":0,"uniq":0,"trade":0,"nft":0,"gas":0,"bal":0.019587,"days":0,"spread":0,"streak":0,"rank_m":339974,"pct_m":0.361465},"2024-04":{"txs":7,"uniq":5,"trade":0,"nft":0,"gas":0.000018,"bal":0.00345,"days":2,"spread":0.066667,"streak":0,"rank_m":397257,"pct_m":0.42237,"gas_method":"estimated"},"2024-05":{"txs":0,"uniq":0,"trade":0,"nft":0,"gas":0,"bal":0.00345,"days":0,"spread":0,"streak":0,"rank_m":483478,"pct_m":0.514041},"2024-06":{"txs":7,"uniq":5,"trade":0,"nft":2,"gas":0,"bal":0.00248,"days":2,"spread":0.066667,"streak":0,"rank_m":380409,"pct_m":0.404457,"gas_method":"estimated"},"2024-07":{"txs":3,"uniq":2,"trade":0,"nft":2,"gas":0,"bal":0.002096,"days":1,"spread":0.032258,"streak":0,"rank_m":429545,"pct_m":0.456699,"gas_method":"estimated"},"2024-08":{"txs":11,"uniq":4,"trade":2,"nft":2,"gas":0.000001,"bal":0.001679,"days":2,"spread":0.064516,"streak":0,"rank_m":349827,"pct_m":0.371941,"gas_method":"estimated"},"2024-09":{"txs":5,"uniq":3,"trade":0,"nft":0,"gas":0,"bal":0.016785,"days":2,"spread":0.066667,"streak":0,"rank_m":294378,"pct_m":0.312987,"gas_method":"estimated"},"2024-10":{"txs":6,"uniq":5,"trade":1,"nft":3,"gas":0.000001,"bal":0.023707,"days":6,"spread":0.193548,"streak":0,"rank_m":168956,"pct_m":0.179636,"gas_method":"exact"},"2024-11":{"txs":1,"uniq":1,"trade":0,"nft":0,"gas":0.000002,"bal":0.002497,"days":1,"spread":0.033333,"streak":0,"rank_m":496468,"pct_m":0.527853,"gas_method":"exact"},"2024-12":{"txs":2,"uniq":2,"trade":0,"nft":0,"gas":0.000044,"bal":0.002471,"days":1,"spread":0.032258,"streak":0,"rank_m":541613,"pct_m":0.575852,"gas_method":"exact"},"2025-01":{"txs":0,"uniq":0,"trade":0,"nft":0,"gas":0,"bal":0.002471,"days":0,"spread":0,"streak":0,"rank_m":607059,"pct_m":0.645435},"2025-02":{"txs":7,"uniq":5,"trade":0,"nft":0,"gas":0.000049,"bal":0.002158,"days":1,"spread":0.035714,"streak":0,"rank_m":389376,"pct_m":0.41399,"gas_method":"exact"},"2025-03":{"txs":1,"uniq":1,"trade":0,"nft":0,"gas":0.000008,"bal":0.00191,"days":1,"spread":0.032258,"streak":0,"rank_m":487871,"pct_m":0.518712,"gas_method":"exact"},"2025-04":{"txs":5,"uniq":5,"trade":0,"nft":0,"gas":0.00003,"bal":0.014219,"days":2,"spread":0.066667,"streak":0,"rank_m":329580,"pct_m":0.350414,"gas_method":"exact"},"2025-05":{"txs":0,"uniq":0,"trade":0,"nft":0,"gas":0,"bal":0.014219,"days":0,"spread":0,"streak":0,"rank_m":440158,"pct_m":0.467983},"2025-06":{"txs":39,"uniq":10,"trade":0,"nft":0,"gas":0.000274,"bal":0.060711,"days":10,"spread":0.333333,"streak":0,"rank_m":90011,"pct_m":0.0957,"gas_method":"estimated"},"2025-07":{"txs":27,"uniq":7,"trade":1,"nft":0,"gas":0.00019,"bal":0.033719,"days":9,"spread":0.290323,"streak":0,"rank_m":108057,"pct_m":0.114887,"gas_method":"estimated"},"2025-08":{"txs":26,"uniq":6,"trade":0,"nft":0,"gas":0.000183,"bal":0.059261,"days":7,"spread":0.225806,"streak":0,"rank_m":123474,"pct_m":0.131279,"gas_method":"estimated"},"2025-09":{"txs":48,"uniq":12,"trade":5,"nft":0,"gas":0.000338,"bal":0.144166,"days":14,"spread":0.466667,"streak":0,"rank_m":28891,"pct_m":0.030716,"gas_method":"estimated"},"2025-10":{"txs":30,"uniq":7,"trade":0,"nft":0,"gas":0.000211,"bal":0.089933,"days":8,"spread":0.258065,"streak":0,"rank_m":40353,"pct_m":0.042903,"gas_method":"estimated"}}}