{"wallet":"0xc770060887350a05a639e0e60ea9d7d775f6287d","rank":608790,"lifetime":{"months_active":8,"first":"2023-07","last":"2025-10","tx_sum":177,"uniq_sum":97,"trade_sum":43,"nft_sum":27,"gas_sum":0.002824,"avg_balance_eth_mean":0.00145,"streak_best_days":2,"gas_sum_filled":0.002824},"months":{"2023-07":{"txs":0,"uniq":0,"trade":0,"nft":0,"gas":0,"bal":0,"days":0,"spread":0,"streak":0,"rank_m":247893,"pct_m":0.263563},"2023-08":{"txs":0,"uniq":0,"trade":0,"nft":0,"gas":0,"bal":0,"days":0,"spread":0,"streak":0,"rank_m":337239,"pct_m":0.358557},"2023-09":{"txs":0,"uniq":0,"trade":0,"nft":0,"gas":0,"bal":0,"days":0,"spread":0,"streak":0,"rank_m":357242,"pct_m":0.379825},"2023-10":{"txs":0,"uniq":0,"trade":0,"nft":0,"gas":0,"bal":0,"days":0,"spread":0,"streak":0,"rank_m":375417,"pct_m":0.399149},"2023-11":{"txs":0,"uniq":0,"trade":0,"nft":0,"gas":0,"bal":0,"days":0,"spread":0,"streak":0,"rank_m":391844,"pct_m":0.416614},"2023-12":{"txs":0,"uniq":0,"trade":0,"nft":0,"gas":0,"bal":0,"days":0,"spread":0,"streak":0,"rank_m":412494,"pct_m":0.43857},"2024-01":{"txs":0,"uniq":0,"trade":0,"nft":0,"gas":0,"bal":0,"days":0,"spread":0,"streak":0,"rank_m":429783,"pct_m":0.456952},"2024-02":{"txs":23,"uniq":15,"trade":3,"nft":6,"gas":0.000767,"bal":0.003574,"days":6,"spread":0.206897,"streak":2,"rank_m":47323,"pct_m":0.050314,"gas_method":"estimated"},"2024-03":{"txs":30,"uniq":18,"trade":7,"nft":5,"gas":0.001499,"bal":0.001148,"days":9,"spread":0.290323,"streak":2,"rank_m":112399,"pct_m":0.119504,"gas_method":"estimated"},"2024-04":{"txs":55,"uniq":15,"trade":7,"nft":4,"gas":0.000339,"bal":0.00312,"days":10,"spread":0.333333,"streak":2,"rank_m":130557,"pct_m":0.138809,"gas_method":"estimated"},"2024-05":{"txs":29,"uniq":15,"trade":11,"nft":5,"gas":0.000059,"bal":0.007593,"days":7,"spread":0.225806,"streak":1,"rank_m":117023,"pct_m":0.12442,"gas_method":"estimated"},"2024-06":{"txs":11,"uniq":11,"trade":2,"nft":4,"gas":0.000001,"bal":0.008293,"days":2,"spread":0.066667,"streak":1,"rank_m":183252,"pct_m":0.194836,"gas_method":"estimated"},"2024-07":{"txs":4,"uniq":4,"trade":0,"nft":2,"gas":0.000001,"bal":0.007108,"days":2,"spread":0.064516,"streak":2,"rank_m":259735,"pct_m":0.276154,"gas_method":"estimated"},"2024-08":{"txs":17,"uniq":12,"trade":12,"nft":1,"gas":0.000004,"bal":0.002443,"days":2,"spread":0.064516,"streak":2,"rank_m":198663,"pct_m":0.211221,"gas_method":"estimated"},"2024-09":{"txs":0,"uniq":0,"trade":0,"nft":0,"gas":0,"bal":0.002443,"days":0,"spread":0,"streak":0,"rank_m":503976,"pct_m":0.535835},"2024-10":{"txs":0,"uniq":0,"trade":0,"nft":0,"gas":0,"bal":0.002443,"days":0,"spread":0,"streak":0,"rank_m":552819,"pct_m":0.587766},"2024-11":{"txs":0,"uniq":0,"trade":0,"nft":0,"gas":0,"bal":0.002443,"days":0,"spread":0,"streak":0,"rank_m":562948,"pct_m":0.598535},"2024-12":{"txs":8,"uniq":7,"trade":1,"nft":0,"gas":0.000154,"bal":0,"days":2,"spread":0.064516,"streak":1,"rank_m":421420,"pct_m":0.44806,"gas_method":"exact"},"2025-01":{"txs":0,"uniq":0,"trade":0,"nft":0,"gas":0,"bal":0,"days":0,"spread":0,"streak":0,"rank_m":751552,"pct_m":0.799062},"2025-02":{"txs":0,"uniq":0,"trade":0,"nft":0,"gas":0,"bal":0,"days":0,"spread":0,"streak":0,"rank_m":778989,"pct_m":0.828234},"2025-03":{"txs":0,"uniq":0,"trade":0,"nft":0,"gas":0,"bal":0,"days":0,"spread":0,"streak":0,"rank_m":801072,"pct_m":0.851713},"2025-04":{"txs":0,"uniq":0,"trade":0,"nft":0,"gas":0,"bal":0,"days":0,"spread":0,"streak":0,"rank_m":833888,"pct_m":0.886604},"2025-05":{"txs":0,"uniq":0,"trade":0,"nft":0,"gas":0,"bal":0,"days":0,"spread":0,"streak":0,"rank_m":855644,"pct_m":0.909735},"2025-06":{"txs":0,"uniq":0,"trade":0,"nft":0,"gas":0,"bal":0,"days":0,"spread":0,"streak":0,"rank_m":869838,"pct_m":0.924826},"2025-07":{"txs":0,"uniq":0,"trade":0,"nft":0,"gas":0,"bal":0,"days":0,"spread":0,"streak":0,"rank_m":892282,"pct_m":0.948689},"2025-08":{"txs":0,"uniq":0,"trade":0,"nft":0,"gas":0,"bal":0,"days":0,"spread":0,"streak":0,"rank_m":894056,"pct_m":0.950575},"2025-09":{"txs":0,"uniq":0,"trade":0,"nft":0,"gas":0,"bal":0,"days":0,"spread":0,"streak":0,"rank_m":892661,"pct_m":0.949092},"2025-10":{"txs":0,"uniq":0,"trade":0,"nft":0,"gas":0,"bal":0,"days":0,"spread":0,"streak":0,"rank_m":865135,"pct_m":0.919826}}}