{"wallet":"0xc76c7e9e2b8929212848ae3cd5dbb1d2512367bc","rank":53628,"lifetime":{"months_active":25,"first":"2023-07","last":"2025-10","tx_sum":1214,"uniq_sum":324,"trade_sum":12,"nft_sum":49,"gas_sum":0.008704,"avg_balance_eth_mean":0.005635,"streak_best_days":8,"gas_sum_filled":0.008704},"months":{"2023-07":{"txs":0,"uniq":0,"trade":0,"nft":0,"gas":0,"bal":0,"days":0,"spread":0,"streak":0,"rank_m":247945,"pct_m":0.263618},"2023-08":{"txs":3,"uniq":1,"trade":0,"nft":2,"gas":0.000125,"bal":0.000133,"days":2,"spread":0.064516,"streak":2,"rank_m":132050,"pct_m":0.140397,"gas_method":"exact"},"2023-09":{"txs":2,"uniq":2,"trade":0,"nft":1,"gas":0.000084,"bal":0.000533,"days":2,"spread":0.066667,"streak":1,"rank_m":107080,"pct_m":0.113848,"gas_method":"exact"},"2023-10":{"txs":0,"uniq":0,"trade":0,"nft":0,"gas":0,"bal":0.000533,"days":0,"spread":0,"streak":0,"rank_m":194353,"pct_m":0.206639},"2023-11":{"txs":1,"uniq":1,"trade":0,"nft":0,"gas":0.000063,"bal":0.00045,"days":1,"spread":0.033333,"streak":1,"rank_m":122640,"pct_m":0.130392,"gas_method":"exact"},"2023-12":{"txs":3,"uniq":3,"trade":0,"nft":4,"gas":0.000246,"bal":0.00015,"days":2,"spread":0.064516,"streak":1,"rank_m":98502,"pct_m":0.104728,"gas_method":"exact"},"2024-01":{"txs":1,"uniq":1,"trade":0,"nft":2,"gas":0.000029,"bal":0.000062,"days":1,"spread":0.032258,"streak":1,"rank_m":157360,"pct_m":0.167307,"gas_method":"exact"},"2024-02":{"txs":8,"uniq":5,"trade":0,"nft":3,"gas":0.000051,"bal":0.000729,"days":3,"spread":0.103448,"streak":1,"rank_m":134601,"pct_m":0.143109,"gas_method":"exact"},"2024-03":{"txs":5,"uniq":4,"trade":0,"nft":1,"gas":0.000091,"bal":0.001853,"days":4,"spread":0.129032,"streak":1,"rank_m":254608,"pct_m":0.270703,"gas_method":"estimated"},"2024-04":{"txs":13,"uniq":6,"trade":0,"nft":4,"gas":0.000029,"bal":0.001726,"days":7,"spread":0.233333,"streak":1,"rank_m":298558,"pct_m":0.317431,"gas_method":"estimated"},"2024-05":{"txs":2,"uniq":2,"trade":0,"nft":1,"gas":0.000008,"bal":0.003114,"days":2,"spread":0.064516,"streak":1,"rank_m":343931,"pct_m":0.365673,"gas_method":"exact"},"2024-06":{"txs":12,"uniq":8,"trade":0,"nft":4,"gas":0,"bal":0.00268,"days":6,"spread":0.2,"streak":2,"rank_m":209847,"pct_m":0.223112,"gas_method":"estimated"},"2024-07":{"txs":8,"uniq":5,"trade":0,"nft":0,"gas":0.000001,"bal":0.001825,"days":3,"spread":0.096774,"streak":1,"rank_m":356755,"pct_m":0.379307,"gas_method":"estimated"},"2024-08":{"txs":19,"uniq":17,"trade":0,"nft":18,"gas":0.000002,"bal":0.001166,"days":9,"spread":0.290323,"streak":3,"rank_m":181464,"pct_m":0.192935,"gas_method":"estimated"},"2024-09":{"txs":0,"uniq":0,"trade":0,"nft":0,"gas":0,"bal":0.001166,"days":0,"spread":0,"streak":0,"rank_m":535594,"pct_m":0.569452},"2024-10":{"txs":18,"uniq":9,"trade":0,"nft":2,"gas":0.000001,"bal":0.001063,"days":8,"spread":0.258065,"streak":2,"rank_m":239000,"pct_m":0.254108,"gas_method":"estimated"},"2024-11":{"txs":10,"uniq":6,"trade":0,"nft":1,"gas":0.000021,"bal":0.000546,"days":4,"spread":0.133333,"streak":2,"rank_m":292955,"pct_m":0.311474,"gas_method":"exact"},"2024-12":{"txs":48,"uniq":18,"trade":0,"nft":2,"gas":0.000948,"bal":0.01134,"days":19,"spread":0.612903,"streak":6,"rank_m":48557,"pct_m":0.051626,"gas_method":"exact"},"2025-01":{"txs":53,"uniq":24,"trade":0,"nft":0,"gas":0.000014,"bal":0.005198,"days":16,"spread":0.516129,"streak":4,"rank_m":189348,"pct_m":0.201317,"gas_method":"exact"},"2025-02":{"txs":9,"uniq":8,"trade":0,"nft":0,"gas":0.000063,"bal":0.006653,"days":4,"spread":0.142857,"streak":1,"rank_m":212470,"pct_m":0.225901,"gas_method":"exact"},"2025-03":{"txs":20,"uniq":13,"trade":7,"nft":0,"gas":0.000134,"bal":0.001407,"days":10,"spread":0.322581,"streak":3,"rank_m":104628,"pct_m":0.111241,"gas_method":"exact"},"2025-04":{"txs":55,"uniq":23,"trade":1,"nft":1,"gas":0.00029,"bal":0.006621,"days":10,"spread":0.333333,"streak":3,"rank_m":26306,"pct_m":0.027968,"gas_method":"exact"},"2025-05":{"txs":147,"uniq":44,"trade":4,"nft":0,"gas":0.001035,"bal":0.015357,"days":23,"spread":0.741935,"streak":5,"rank_m":12293,"pct_m":0.013069,"gas_method":"estimated"},"2025-06":{"txs":140,"uniq":32,"trade":0,"nft":0,"gas":0.000985,"bal":0.013767,"days":23,"spread":0.766667,"streak":8,"rank_m":21133,"pct_m":0.022468,"gas_method":"estimated"},"2025-07":{"txs":66,"uniq":20,"trade":0,"nft":0,"gas":0.000465,"bal":0.024923,"days":20,"spread":0.645161,"streak":6,"rank_m":21000,"pct_m":0.022327,"gas_method":"estimated"},"2025-08":{"txs":68,"uniq":39,"trade":0,"nft":1,"gas":0.000479,"bal":0.023756,"days":14,"spread":0.451613,"streak":4,"rank_m":16206,"pct_m":0.017229,"gas_method":"estimated"},"2025-09":{"txs":256,"uniq":24,"trade":0,"nft":0,"gas":0.001802,"bal":0.015458,"days":19,"spread":0.633333,"streak":5,"rank_m":22085,"pct_m":0.02348,"gas_method":"estimated"},"2025-10":{"txs":247,"uniq":9,"trade":0,"nft":2,"gas":0.001738,"bal":0.015584,"days":10,"spread":0.322581,"streak":5,"rank_m":13974,"pct_m":0.014856,"gas_method":"estimated"}}}