{"wallet":"0xc785d6ad03275d09cb9df5d8ec1816f305399d67","rank":281625,"lifetime":{"months_active":10,"first":"2023-07","last":"2025-10","tx_sum":603,"uniq_sum":31,"trade_sum":0,"nft_sum":11,"gas_sum":0.007501,"avg_balance_eth_mean":1.005002,"streak_best_days":8,"gas_sum_filled":0.007501},"months":{"2023-07":{"txs":0,"uniq":0,"trade":0,"nft":0,"gas":0,"bal":0,"days":0,"spread":0,"streak":0,"rank_m":247579,"pct_m":0.263229},"2023-08":{"txs":0,"uniq":0,"trade":0,"nft":0,"gas":0,"bal":0,"days":0,"spread":0,"streak":0,"rank_m":336965,"pct_m":0.358266},"2023-09":{"txs":0,"uniq":0,"trade":0,"nft":0,"gas":0,"bal":0,"days":0,"spread":0,"streak":0,"rank_m":356927,"pct_m":0.37949},"2023-10":{"txs":0,"uniq":0,"trade":0,"nft":0,"gas":0,"bal":0,"days":0,"spread":0,"streak":0,"rank_m":375114,"pct_m":0.398827},"2023-11":{"txs":0,"uniq":0,"trade":0,"nft":0,"gas":0,"bal":0,"days":0,"spread":0,"streak":0,"rank_m":391542,"pct_m":0.416293},"2023-12":{"txs":78,"uniq":6,"trade":0,"nft":5,"gas":0.001675,"bal":0.031086,"days":7,"spread":0.225806,"streak":4,"rank_m":10131,"pct_m":0.01077,"gas_method":"estimated"},"2024-01":{"txs":0,"uniq":0,"trade":0,"nft":0,"gas":0,"bal":0.031086,"days":0,"spread":0,"streak":0,"rank_m":198781,"pct_m":0.211346},"2024-02":{"txs":62,"uniq":3,"trade":0,"nft":2,"gas":0.0007,"bal":0.1483,"days":6,"spread":0.206897,"streak":4,"rank_m":36516,"pct_m":0.038823,"gas_method":"estimated"},"2024-03":{"txs":131,"uniq":2,"trade":0,"nft":1,"gas":0.004939,"bal":0.583108,"days":8,"spread":0.258065,"streak":4,"rank_m":52554,"pct_m":0.055875,"gas_method":"exact"},"2024-04":{"txs":0,"uniq":0,"trade":0,"nft":0,"gas":0,"bal":0.583108,"days":0,"spread":0,"streak":0,"rank_m":395208,"pct_m":0.420191},"2024-05":{"txs":5,"uniq":2,"trade":0,"nft":0,"gas":0.000003,"bal":0.591605,"days":1,"spread":0.032258,"streak":1,"rank_m":295090,"pct_m":0.313744,"gas_method":"estimated"},"2024-06":{"txs":61,"uniq":5,"trade":0,"nft":1,"gas":0.000002,"bal":0.591543,"days":3,"spread":0.1,"streak":1,"rank_m":128144,"pct_m":0.136244,"gas_method":"estimated"},"2024-07":{"txs":17,"uniq":1,"trade":0,"nft":0,"gas":0.000002,"bal":0.591484,"days":3,"spread":0.096774,"streak":2,"rank_m":174588,"pct_m":0.185624,"gas_method":"estimated"},"2024-08":{"txs":238,"uniq":4,"trade":0,"nft":2,"gas":0.000143,"bal":0.583185,"days":7,"spread":0.225806,"streak":4,"rank_m":39027,"pct_m":0.041493,"gas_method":"exact"},"2024-09":{"txs":5,"uniq":2,"trade":0,"nft":0,"gas":0,"bal":0.576464,"days":1,"spread":0.033333,"streak":1,"rank_m":216543,"pct_m":0.230231,"gas_method":"estimated"},"2024-10":{"txs":0,"uniq":0,"trade":0,"nft":0,"gas":0,"bal":0.576464,"days":0,"spread":0,"streak":0,"rank_m":406370,"pct_m":0.432059},"2024-11":{"txs":0,"uniq":0,"trade":0,"nft":0,"gas":0,"bal":0.576464,"days":0,"spread":0,"streak":0,"rank_m":470870,"pct_m":0.500636},"2024-12":{"txs":0,"uniq":0,"trade":0,"nft":0,"gas":0,"bal":0.576464,"days":0,"spread":0,"streak":0,"rank_m":534246,"pct_m":0.568019},"2025-01":{"txs":0,"uniq":0,"trade":0,"nft":0,"gas":0,"bal":0.576464,"days":0,"spread":0,"streak":0,"rank_m":514748,"pct_m":0.547288},"2025-02":{"txs":1,"uniq":1,"trade":0,"nft":0,"gas":0.000007,"bal":2.569529,"days":1,"spread":0.035714,"streak":1,"rank_m":375051,"pct_m":0.39876,"gas_method":"exact"},"2025-03":{"txs":0,"uniq":0,"trade":0,"nft":0,"gas":0,"bal":2.569529,"days":0,"spread":0,"streak":0,"rank_m":458440,"pct_m":0.487421},"2025-04":{"txs":5,"uniq":5,"trade":0,"nft":0,"gas":0.00003,"bal":2.340595,"days":2,"spread":0.066667,"streak":1,"rank_m":221586,"pct_m":0.235593,"gas_method":"exact"},"2025-05":{"txs":0,"uniq":0,"trade":0,"nft":0,"gas":0,"bal":2.340595,"days":0,"spread":0,"streak":0,"rank_m":304602,"pct_m":0.323857},"2025-06":{"txs":0,"uniq":0,"trade":0,"nft":0,"gas":0,"bal":2.340595,"days":0,"spread":0,"streak":0,"rank_m":312016,"pct_m":0.33174},"2025-07":{"txs":0,"uniq":0,"trade":0,"nft":0,"gas":0,"bal":2.340595,"days":0,"spread":0,"streak":0,"rank_m":344936,"pct_m":0.366741},"2025-08":{"txs":0,"uniq":0,"trade":0,"nft":0,"gas":0,"bal":2.340595,"days":0,"spread":0,"streak":0,"rank_m":321431,"pct_m":0.34175},"2025-09":{"txs":0,"uniq":0,"trade":0,"nft":0,"gas":0,"bal":2.340595,"days":0,"spread":0,"streak":0,"rank_m":326257,"pct_m":0.346881},"2025-10":{"txs":0,"uniq":0,"trade":0,"nft":0,"gas":0,"bal":2.340595,"days":0,"spread":0,"streak":0,"rank_m":216191,"pct_m":0.229857}}}