{"wallet":"0xc7908373bc971f760d90886401c684db2b185c29","rank":548855,"lifetime":{"months_active":13,"first":"2023-07","last":"2025-10","tx_sum":168,"uniq_sum":101,"trade_sum":21,"nft_sum":63,"gas_sum":0.000624,"avg_balance_eth_mean":0.000586,"streak_best_days":4,"gas_sum_filled":0.000624},"months":{"2023-07":{"txs":0,"uniq":0,"trade":0,"nft":0,"gas":0,"bal":0,"days":0,"spread":0,"streak":0,"rank_m":247432,"pct_m":0.263073},"2023-08":{"txs":0,"uniq":0,"trade":0,"nft":0,"gas":0,"bal":0,"days":0,"spread":0,"streak":0,"rank_m":336843,"pct_m":0.358136},"2023-09":{"txs":0,"uniq":0,"trade":0,"nft":0,"gas":0,"bal":0,"days":0,"spread":0,"streak":0,"rank_m":356786,"pct_m":0.37934},"2023-10":{"txs":5,"uniq":4,"trade":0,"nft":0,"gas":0.000036,"bal":0.000144,"days":2,"spread":0.064516,"streak":1,"rank_m":133207,"pct_m":0.141627,"gas_method":"estimated"},"2023-11":{"txs":0,"uniq":0,"trade":0,"nft":0,"gas":0,"bal":0.000144,"days":0,"spread":0,"streak":0,"rank_m":222384,"pct_m":0.236442},"2023-12":{"txs":0,"uniq":0,"trade":0,"nft":0,"gas":0,"bal":0.000144,"days":0,"spread":0,"streak":0,"rank_m":247567,"pct_m":0.263217},"2024-01":{"txs":0,"uniq":0,"trade":0,"nft":0,"gas":0,"bal":0.000144,"days":0,"spread":0,"streak":0,"rank_m":259157,"pct_m":0.275539},"2024-02":{"txs":0,"uniq":0,"trade":0,"nft":0,"gas":0,"bal":0.000144,"days":0,"spread":0,"streak":0,"rank_m":323195,"pct_m":0.343626},"2024-03":{"txs":0,"uniq":0,"trade":0,"nft":0,"gas":0,"bal":0.000144,"days":0,"spread":0,"streak":0,"rank_m":411120,"pct_m":0.437109},"2024-04":{"txs":0,"uniq":0,"trade":0,"nft":0,"gas":0,"bal":0.000144,"days":0,"spread":0,"streak":0,"rank_m":494242,"pct_m":0.525486},"2024-05":{"txs":0,"uniq":0,"trade":0,"nft":0,"gas":0,"bal":0.000144,"days":0,"spread":0,"streak":0,"rank_m":525901,"pct_m":0.559146},"2024-06":{"txs":0,"uniq":0,"trade":0,"nft":0,"gas":0,"bal":0.000144,"days":0,"spread":0,"streak":0,"rank_m":549111,"pct_m":0.583824},"2024-07":{"txs":1,"uniq":0,"trade":0,"nft":1,"gas":0,"bal":0.000059,"days":1,"spread":0.032258,"streak":1,"rank_m":488814,"pct_m":0.519715,"gas_method":"estimated"},"2024-08":{"txs":74,"uniq":61,"trade":0,"nft":62,"gas":0.000006,"bal":0.000716,"days":14,"spread":0.451613,"streak":4,"rank_m":118484,"pct_m":0.125973,"gas_method":"estimated"},"2024-09":{"txs":5,"uniq":4,"trade":0,"nft":0,"gas":0,"bal":0.00035,"days":2,"spread":0.066667,"streak":2,"rank_m":399421,"pct_m":0.42467,"gas_method":"estimated"},"2024-10":{"txs":1,"uniq":1,"trade":0,"nft":0,"gas":0,"bal":0.000252,"days":1,"spread":0.032258,"streak":1,"rank_m":542757,"pct_m":0.577068,"gas_method":"estimated"},"2024-11":{"txs":0,"uniq":0,"trade":0,"nft":0,"gas":0,"bal":0.000252,"days":0,"spread":0,"streak":0,"rank_m":633447,"pct_m":0.673491},"2024-12":{"txs":0,"uniq":0,"trade":0,"nft":0,"gas":0,"bal":0.000252,"days":0,"spread":0,"streak":0,"rank_m":679136,"pct_m":0.722068},"2025-01":{"txs":0,"uniq":0,"trade":0,"nft":0,"gas":0,"bal":0.000252,"days":0,"spread":0,"streak":0,"rank_m":679481,"pct_m":0.722435},"2025-02":{"txs":1,"uniq":1,"trade":0,"nft":0,"gas":0.000007,"bal":0.000088,"days":1,"spread":0.035714,"streak":1,"rank_m":543136,"pct_m":0.577471,"gas_method":"exact"},"2025-03":{"txs":27,"uniq":11,"trade":16,"nft":0,"gas":0.000205,"bal":0.000926,"days":2,"spread":0.064516,"streak":1,"rank_m":186039,"pct_m":0.197799,"gas_method":"exact"},"2025-04":{"txs":9,"uniq":4,"trade":0,"nft":0,"gas":0.000054,"bal":0.002414,"days":3,"spread":0.1,"streak":1,"rank_m":279080,"pct_m":0.296722,"gas_method":"exact"},"2025-05":{"txs":5,"uniq":4,"trade":0,"nft":0,"gas":0.000035,"bal":0.002205,"days":4,"spread":0.129032,"streak":2,"rank_m":287017,"pct_m":0.305161,"gas_method":"estimated"},"2025-06":{"txs":32,"uniq":7,"trade":5,"nft":0,"gas":0.000225,"bal":0.002055,"days":5,"spread":0.166667,"streak":2,"rank_m":208842,"pct_m":0.222043,"gas_method":"estimated"},"2025-07":{"txs":5,"uniq":1,"trade":0,"nft":0,"gas":0.000035,"bal":0.001789,"days":5,"spread":0.16129,"streak":2,"rank_m":411155,"pct_m":0.437146,"gas_method":"estimated"},"2025-08":{"txs":2,"uniq":2,"trade":0,"nft":0,"gas":0.000014,"bal":0.001342,"days":2,"spread":0.064516,"streak":1,"rank_m":453672,"pct_m":0.482351,"gas_method":"estimated"},"2025-09":{"txs":1,"uniq":1,"trade":0,"nft":0,"gas":0.000007,"bal":0.001078,"days":1,"spread":0.033333,"streak":1,"rank_m":495992,"pct_m":0.527346,"gas_method":"estimated"},"2025-10":{"txs":0,"uniq":0,"trade":0,"nft":0,"gas":0,"bal":0.001078,"days":0,"spread":0,"streak":0,"rank_m":555204,"pct_m":0.590302}}}