{"wallet":"0xc706e0b13f2934dda029ce9e0e848360815c8741","rank":151720,"lifetime":{"months_active":14,"first":"2023-07","last":"2025-10","tx_sum":726,"uniq_sum":465,"trade_sum":2,"nft_sum":397,"gas_sum":0.001217,"avg_balance_eth_mean":0.007714,"streak_best_days":15,"gas_sum_filled":0.001217},"months":{"2023-07":{"txs":0,"uniq":0,"trade":0,"nft":0,"gas":0,"bal":0,"days":0,"spread":0,"streak":0,"rank_m":249276,"pct_m":0.265034},"2023-08":{"txs":0,"uniq":0,"trade":0,"nft":0,"gas":0,"bal":0,"days":0,"spread":0,"streak":0,"rank_m":338471,"pct_m":0.359867},"2023-09":{"txs":0,"uniq":0,"trade":0,"nft":0,"gas":0,"bal":0,"days":0,"spread":0,"streak":0,"rank_m":358607,"pct_m":0.381276},"2023-10":{"txs":0,"uniq":0,"trade":0,"nft":0,"gas":0,"bal":0,"days":0,"spread":0,"streak":0,"rank_m":376785,"pct_m":0.400603},"2023-11":{"txs":0,"uniq":0,"trade":0,"nft":0,"gas":0,"bal":0,"days":0,"spread":0,"streak":0,"rank_m":393171,"pct_m":0.418025},"2023-12":{"txs":0,"uniq":0,"trade":0,"nft":0,"gas":0,"bal":0,"days":0,"spread":0,"streak":0,"rank_m":413780,"pct_m":0.439937},"2024-01":{"txs":0,"uniq":0,"trade":0,"nft":0,"gas":0,"bal":0,"days":0,"spread":0,"streak":0,"rank_m":431028,"pct_m":0.458276},"2024-02":{"txs":0,"uniq":0,"trade":0,"nft":0,"gas":0,"bal":0,"days":0,"spread":0,"streak":0,"rank_m":472915,"pct_m":0.502811},"2024-03":{"txs":67,"uniq":47,"trade":0,"nft":47,"gas":0.00081,"bal":0.090917,"days":14,"spread":0.451613,"streak":8,"rank_m":11803,"pct_m":0.012548,"gas_method":"estimated"},"2024-04":{"txs":234,"uniq":86,"trade":0,"nft":83,"gas":0.00002,"bal":0.095225,"days":23,"spread":0.766667,"streak":9,"rank_m":7861,"pct_m":0.008357,"gas_method":"exact"},"2024-05":{"txs":181,"uniq":140,"trade":0,"nft":140,"gas":0.00009,"bal":0.003181,"days":17,"spread":0.548387,"streak":13,"rank_m":57765,"pct_m":0.061416,"gas_method":"estimated"},"2024-06":{"txs":41,"uniq":28,"trade":0,"nft":30,"gas":0.000001,"bal":0.002175,"days":7,"spread":0.233333,"streak":2,"rank_m":133140,"pct_m":0.141556,"gas_method":"estimated"},"2024-07":{"txs":34,"uniq":28,"trade":0,"nft":16,"gas":0.000003,"bal":0.002156,"days":8,"spread":0.258065,"streak":5,"rank_m":104635,"pct_m":0.111249,"gas_method":"estimated"},"2024-08":{"txs":7,"uniq":6,"trade":0,"nft":4,"gas":0,"bal":0.001521,"days":2,"spread":0.064516,"streak":1,"rank_m":340067,"pct_m":0.361564,"gas_method":"estimated"},"2024-09":{"txs":66,"uniq":53,"trade":0,"nft":41,"gas":0.000002,"bal":0.002258,"days":10,"spread":0.333333,"streak":6,"rank_m":69399,"pct_m":0.073785,"gas_method":"estimated"},"2024-10":{"txs":22,"uniq":19,"trade":0,"nft":20,"gas":0.000001,"bal":0.002929,"days":7,"spread":0.225806,"streak":2,"rank_m":139058,"pct_m":0.147848,"gas_method":"estimated"},"2024-11":{"txs":36,"uniq":30,"trade":0,"nft":14,"gas":0.000083,"bal":0.002879,"days":7,"spread":0.233333,"streak":3,"rank_m":98747,"pct_m":0.104989,"gas_method":"exact"},"2024-12":{"txs":5,"uniq":5,"trade":1,"nft":0,"gas":0.00011,"bal":0.002385,"days":3,"spread":0.096774,"streak":2,"rank_m":331110,"pct_m":0.352041,"gas_method":"exact"},"2025-01":{"txs":21,"uniq":13,"trade":0,"nft":2,"gas":0.000008,"bal":0.000641,"days":8,"spread":0.258065,"streak":3,"rank_m":247471,"pct_m":0.263115,"gas_method":"exact"},"2025-02":{"txs":6,"uniq":4,"trade":0,"nft":0,"gas":0.000042,"bal":0.000653,"days":3,"spread":0.107143,"streak":3,"rank_m":319150,"pct_m":0.339325,"gas_method":"exact"},"2025-03":{"txs":5,"uniq":5,"trade":1,"nft":0,"gas":0.00004,"bal":0.00086,"days":3,"spread":0.096774,"streak":1,"rank_m":296162,"pct_m":0.314884,"gas_method":"exact"},"2025-04":{"txs":0,"uniq":0,"trade":0,"nft":0,"gas":0,"bal":0.00086,"days":0,"spread":0,"streak":0,"rank_m":680964,"pct_m":0.724012},"2025-05":{"txs":1,"uniq":1,"trade":0,"nft":0,"gas":0.000007,"bal":0.001224,"days":1,"spread":0.032258,"streak":1,"rank_m":486854,"pct_m":0.517631,"gas_method":"estimated"},"2025-06":{"txs":0,"uniq":0,"trade":0,"nft":0,"gas":0,"bal":0.001224,"days":0,"spread":0,"streak":0,"rank_m":648275,"pct_m":0.689257},"2025-07":{"txs":0,"uniq":0,"trade":0,"nft":0,"gas":0,"bal":0.001224,"days":0,"spread":0,"streak":0,"rank_m":666914,"pct_m":0.709074},"2025-08":{"txs":0,"uniq":0,"trade":0,"nft":0,"gas":0,"bal":0.001224,"days":0,"spread":0,"streak":0,"rank_m":645219,"pct_m":0.686007},"2025-09":{"txs":0,"uniq":0,"trade":0,"nft":0,"gas":0,"bal":0.001224,"days":0,"spread":0,"streak":0,"rank_m":631206,"pct_m":0.671108},"2025-10":{"txs":0,"uniq":0,"trade":0,"nft":0,"gas":0,"bal":0.001224,"days":0,"spread":0,"streak":0,"rank_m":545853,"pct_m":0.58036}}}