{"wallet":"0xc7d70900a34334e7a8ed176cf6278d14d396162f","rank":178576,"lifetime":{"months_active":16,"first":"2023-07","last":"2025-10","tx_sum":207,"uniq_sum":104,"trade_sum":42,"nft_sum":7,"gas_sum":0.001961,"avg_balance_eth_mean":0.006338,"streak_best_days":13,"gas_sum_filled":0.001961},"months":{"2023-07":{"txs":0,"uniq":0,"trade":0,"nft":0,"gas":0,"bal":0,"days":0,"spread":0,"streak":0,"rank_m":246507,"pct_m":0.26209},"2023-08":{"txs":0,"uniq":0,"trade":0,"nft":0,"gas":0,"bal":0,"days":0,"spread":0,"streak":0,"rank_m":336027,"pct_m":0.357269},"2023-09":{"txs":0,"uniq":0,"trade":0,"nft":0,"gas":0,"bal":0,"days":0,"spread":0,"streak":0,"rank_m":355888,"pct_m":0.378385},"2023-10":{"txs":0,"uniq":0,"trade":0,"nft":0,"gas":0,"bal":0,"days":0,"spread":0,"streak":0,"rank_m":374091,"pct_m":0.397739},"2023-11":{"txs":0,"uniq":0,"trade":0,"nft":0,"gas":0,"bal":0,"days":0,"spread":0,"streak":0,"rank_m":390532,"pct_m":0.41522},"2023-12":{"txs":13,"uniq":8,"trade":0,"nft":1,"gas":0.000337,"bal":0.001525,"days":5,"spread":0.16129,"streak":2,"rank_m":66276,"pct_m":0.070465,"gas_method":"estimated"},"2024-01":{"txs":6,"uniq":5,"trade":0,"nft":1,"gas":0.000212,"bal":0.000929,"days":1,"spread":0.032258,"streak":1,"rank_m":101677,"pct_m":0.108104,"gas_method":"exact"},"2024-02":{"txs":0,"uniq":0,"trade":0,"nft":0,"gas":0,"bal":0.000929,"days":0,"spread":0,"streak":0,"rank_m":293220,"pct_m":0.311756},"2024-03":{"txs":7,"uniq":4,"trade":0,"nft":1,"gas":0.000487,"bal":0.006039,"days":2,"spread":0.064516,"streak":1,"rank_m":200539,"pct_m":0.213216,"gas_method":"exact"},"2024-04":{"txs":16,"uniq":6,"trade":4,"nft":2,"gas":0.00004,"bal":0.005303,"days":4,"spread":0.133333,"streak":1,"rank_m":240944,"pct_m":0.256175,"gas_method":"estimated"},"2024-05":{"txs":24,"uniq":7,"trade":5,"nft":1,"gas":0.000061,"bal":0.006438,"days":4,"spread":0.129032,"streak":1,"rank_m":140444,"pct_m":0.149322,"gas_method":"exact"},"2024-06":{"txs":0,"uniq":0,"trade":0,"nft":0,"gas":0,"bal":0.006438,"days":0,"spread":0,"streak":0,"rank_m":480362,"pct_m":0.510728},"2024-07":{"txs":0,"uniq":0,"trade":0,"nft":0,"gas":0,"bal":0.006438,"days":0,"spread":0,"streak":0,"rank_m":482302,"pct_m":0.512791},"2024-08":{"txs":0,"uniq":0,"trade":0,"nft":0,"gas":0,"bal":0.006438,"days":0,"spread":0,"streak":0,"rank_m":489765,"pct_m":0.520726},"2024-09":{"txs":20,"uniq":8,"trade":8,"nft":0,"gas":0.000001,"bal":0.006512,"days":3,"spread":0.1,"streak":1,"rank_m":127376,"pct_m":0.135427,"gas_method":"estimated"},"2024-10":{"txs":25,"uniq":10,"trade":8,"nft":0,"gas":0.000002,"bal":0.006587,"days":6,"spread":0.193548,"streak":4,"rank_m":93397,"pct_m":0.0993,"gas_method":"estimated"},"2024-11":{"txs":13,"uniq":10,"trade":0,"nft":0,"gas":0.00003,"bal":0.007424,"days":9,"spread":0.3,"streak":7,"rank_m":162454,"pct_m":0.172723,"gas_method":"exact"},"2024-12":{"txs":21,"uniq":8,"trade":2,"nft":0,"gas":0.000463,"bal":0.006671,"days":13,"spread":0.419355,"streak":13,"rank_m":111154,"pct_m":0.11818,"gas_method":"exact"},"2025-01":{"txs":1,"uniq":1,"trade":0,"nft":0,"gas":0.000026,"bal":0.008087,"days":1,"spread":0.032258,"streak":1,"rank_m":472202,"pct_m":0.502053,"gas_method":"exact"},"2025-02":{"txs":6,"uniq":4,"trade":0,"nft":0,"gas":0.000042,"bal":0.005056,"days":6,"spread":0.214286,"streak":1,"rank_m":264110,"pct_m":0.280805,"gas_method":"exact"},"2025-03":{"txs":16,"uniq":10,"trade":5,"nft":0,"gas":0.000126,"bal":0.006139,"days":13,"spread":0.419355,"streak":4,"rank_m":67267,"pct_m":0.071518,"gas_method":"exact"},"2025-04":{"txs":20,"uniq":12,"trade":8,"nft":0,"gas":0.000001,"bal":0.00472,"days":15,"spread":0.5,"streak":4,"rank_m":101217,"pct_m":0.107615,"gas_method":"exact"},"2025-05":{"txs":7,"uniq":3,"trade":0,"nft":0,"gas":0.000049,"bal":0.013597,"days":4,"spread":0.129032,"streak":1,"rank_m":166352,"pct_m":0.176867,"gas_method":"estimated"},"2025-06":{"txs":0,"uniq":0,"trade":0,"nft":0,"gas":0,"bal":0.013597,"days":0,"spread":0,"streak":0,"rank_m":445246,"pct_m":0.473392},"2025-07":{"txs":0,"uniq":0,"trade":0,"nft":0,"gas":0,"bal":0.013597,"days":0,"spread":0,"streak":0,"rank_m":469200,"pct_m":0.498861},"2025-08":{"txs":11,"uniq":7,"trade":1,"nft":1,"gas":0.000077,"bal":0.013881,"days":6,"spread":0.193548,"streak":4,"rank_m":88934,"pct_m":0.094555,"gas_method":"estimated"},"2025-09":{"txs":1,"uniq":1,"trade":1,"nft":0,"gas":0.000007,"bal":0.015557,"days":1,"spread":0.033333,"streak":1,"rank_m":264729,"pct_m":0.281464,"gas_method":"estimated"},"2025-10":{"txs":0,"uniq":0,"trade":0,"nft":0,"gas":0,"bal":0.015557,"days":0,"spread":0,"streak":0,"rank_m":317101,"pct_m":0.337146}}}