{"wallet":"0xc74d9589e34d851c69b86e084b151aadd3c012f6","rank":109913,"lifetime":{"months_active":22,"first":"2023-07","last":"2025-10","tx_sum":352,"uniq_sum":167,"trade_sum":6,"nft_sum":69,"gas_sum":0.003852,"avg_balance_eth_mean":0.003326,"streak_best_days":14,"gas_sum_filled":0.003852},"months":{"2023-07":{"txs":0,"uniq":0,"trade":0,"nft":0,"gas":0,"bal":0,"days":0,"spread":0,"streak":0,"rank_m":248339,"pct_m":0.264037},"2023-08":{"txs":19,"uniq":12,"trade":0,"nft":6,"gas":0.002083,"bal":0.001735,"days":9,"spread":0.290323,"streak":3,"rank_m":51861,"pct_m":0.055138,"gas_method":"exact"},"2023-09":{"txs":0,"uniq":0,"trade":0,"nft":0,"gas":0,"bal":0.001735,"days":0,"spread":0,"streak":0,"rank_m":171929,"pct_m":0.182797},"2023-10":{"txs":0,"uniq":0,"trade":0,"nft":0,"gas":0,"bal":0.001735,"days":0,"spread":0,"streak":0,"rank_m":168964,"pct_m":0.179644},"2023-11":{"txs":0,"uniq":0,"trade":0,"nft":0,"gas":0,"bal":0.001735,"days":0,"spread":0,"streak":0,"rank_m":179775,"pct_m":0.191139},"2023-12":{"txs":5,"uniq":4,"trade":0,"nft":4,"gas":0.000086,"bal":0.000463,"days":2,"spread":0.064516,"streak":2,"rank_m":77950,"pct_m":0.082877,"gas_method":"exact"},"2024-01":{"txs":4,"uniq":1,"trade":0,"nft":0,"gas":0.000222,"bal":0.00015,"days":4,"spread":0.129032,"streak":3,"rank_m":121029,"pct_m":0.128679,"gas_method":"exact"},"2024-02":{"txs":0,"uniq":0,"trade":0,"nft":0,"gas":0,"bal":0.00015,"days":0,"spread":0,"streak":0,"rank_m":322827,"pct_m":0.343234},"2024-03":{"txs":0,"uniq":0,"trade":0,"nft":0,"gas":0,"bal":0.00015,"days":0,"spread":0,"streak":0,"rank_m":410763,"pct_m":0.436729},"2024-04":{"txs":19,"uniq":7,"trade":1,"nft":5,"gas":0.000048,"bal":0.002224,"days":7,"spread":0.233333,"streak":4,"rank_m":218893,"pct_m":0.23273,"gas_method":"estimated"},"2024-05":{"txs":42,"uniq":18,"trade":1,"nft":11,"gas":0.000012,"bal":0.001822,"days":6,"spread":0.193548,"streak":1,"rank_m":124934,"pct_m":0.132831,"gas_method":"exact"},"2024-06":{"txs":18,"uniq":9,"trade":0,"nft":3,"gas":0.000001,"bal":0.001471,"days":8,"spread":0.266667,"streak":3,"rank_m":204513,"pct_m":0.217441,"gas_method":"estimated"},"2024-07":{"txs":5,"uniq":3,"trade":0,"nft":3,"gas":0.000002,"bal":0.002045,"days":4,"spread":0.129032,"streak":2,"rank_m":225446,"pct_m":0.239697,"gas_method":"exact"},"2024-08":{"txs":17,"uniq":15,"trade":0,"nft":16,"gas":0.000002,"bal":0.002195,"days":4,"spread":0.129032,"streak":1,"rank_m":224441,"pct_m":0.238629,"gas_method":"estimated"},"2024-09":{"txs":10,"uniq":8,"trade":0,"nft":6,"gas":0,"bal":0.004665,"days":5,"spread":0.166667,"streak":1,"rank_m":164447,"pct_m":0.174842,"gas_method":"estimated"},"2024-10":{"txs":14,"uniq":11,"trade":0,"nft":6,"gas":0.000001,"bal":0.006088,"days":8,"spread":0.258065,"streak":2,"rank_m":136275,"pct_m":0.144889,"gas_method":"estimated"},"2024-11":{"txs":3,"uniq":3,"trade":0,"nft":0,"gas":0.000007,"bal":0.006279,"days":3,"spread":0.1,"streak":1,"rank_m":367384,"pct_m":0.390608,"gas_method":"exact"},"2024-12":{"txs":4,"uniq":4,"trade":0,"nft":0,"gas":0.000088,"bal":0.005454,"days":3,"spread":0.096774,"streak":1,"rank_m":406374,"pct_m":0.432063,"gas_method":"exact"},"2025-01":{"txs":6,"uniq":5,"trade":0,"nft":1,"gas":0.000156,"bal":0.002844,"days":4,"spread":0.129032,"streak":3,"rank_m":275569,"pct_m":0.292989,"gas_method":"exact"},"2025-02":{"txs":5,"uniq":5,"trade":0,"nft":0,"gas":0.000035,"bal":0.003002,"days":3,"spread":0.107143,"streak":1,"rank_m":313182,"pct_m":0.33298,"gas_method":"exact"},"2025-03":{"txs":21,"uniq":8,"trade":1,"nft":0,"gas":0.000166,"bal":0.006192,"days":11,"spread":0.354839,"streak":5,"rank_m":73615,"pct_m":0.078268,"gas_method":"exact"},"2025-04":{"txs":26,"uniq":4,"trade":1,"nft":1,"gas":0,"bal":0.001806,"days":24,"spread":0.8,"streak":9,"rank_m":162210,"pct_m":0.172464,"gas_method":"exact"},"2025-05":{"txs":24,"uniq":3,"trade":0,"nft":0,"gas":0.000169,"bal":0.001338,"days":22,"spread":0.709677,"streak":6,"rank_m":224911,"pct_m":0.239128,"gas_method":"estimated"},"2025-06":{"txs":28,"uniq":12,"trade":0,"nft":1,"gas":0.000197,"bal":0.004227,"days":9,"spread":0.3,"streak":3,"rank_m":140668,"pct_m":0.14956,"gas_method":"estimated"},"2025-07":{"txs":16,"uniq":12,"trade":0,"nft":1,"gas":0.000113,"bal":0.005762,"days":10,"spread":0.322581,"streak":3,"rank_m":131545,"pct_m":0.13986,"gas_method":"estimated"},"2025-08":{"txs":12,"uniq":7,"trade":0,"nft":2,"gas":0.000084,"bal":0.004194,"days":6,"spread":0.193548,"streak":2,"rank_m":193134,"pct_m":0.205342,"gas_method":"estimated"},"2025-09":{"txs":28,"uniq":7,"trade":0,"nft":1,"gas":0.000197,"bal":0.006941,"days":9,"spread":0.3,"streak":4,"rank_m":94341,"pct_m":0.100304,"gas_method":"estimated"},"2025-10":{"txs":26,"uniq":9,"trade":2,"nft":2,"gas":0.000183,"bal":0.016715,"days":6,"spread":0.193548,"streak":2,"rank_m":28379,"pct_m":0.030172,"gas_method":"estimated"}}}