{"wallet":"0xc793ee64e6ac6239c527fd041a78a8fcaa245e4f","rank":24985,"lifetime":{"months_active":17,"first":"2023-07","last":"2025-10","tx_sum":773,"uniq_sum":269,"trade_sum":14,"nft_sum":197,"gas_sum":0.005104,"avg_balance_eth_mean":0.058904,"streak_best_days":48,"gas_sum_filled":0.005104},"months":{"2023-07":{"txs":0,"uniq":0,"trade":0,"nft":0,"gas":0,"bal":0,"days":0,"spread":0,"streak":0,"rank_m":247389,"pct_m":0.263027},"2023-08":{"txs":0,"uniq":0,"trade":0,"nft":0,"gas":0,"bal":0,"days":0,"spread":0,"streak":0,"rank_m":336801,"pct_m":0.358092},"2023-09":{"txs":0,"uniq":0,"trade":0,"nft":0,"gas":0,"bal":0,"days":0,"spread":0,"streak":0,"rank_m":356740,"pct_m":0.379291},"2023-10":{"txs":0,"uniq":0,"trade":0,"nft":0,"gas":0,"bal":0,"days":0,"spread":0,"streak":0,"rank_m":374935,"pct_m":0.398637},"2023-11":{"txs":0,"uniq":0,"trade":0,"nft":0,"gas":0,"bal":0,"days":0,"spread":0,"streak":0,"rank_m":391365,"pct_m":0.416105},"2023-12":{"txs":0,"uniq":0,"trade":0,"nft":0,"gas":0,"bal":0,"days":0,"spread":0,"streak":0,"rank_m":412043,"pct_m":0.43809},"2024-01":{"txs":0,"uniq":0,"trade":0,"nft":0,"gas":0,"bal":0,"days":0,"spread":0,"streak":0,"rank_m":429319,"pct_m":0.456459},"2024-02":{"txs":7,"uniq":4,"trade":0,"nft":1,"gas":0.000028,"bal":0.000436,"days":2,"spread":0.068966,"streak":1,"rank_m":207578,"pct_m":0.2207,"gas_method":"estimated"},"2024-03":{"txs":33,"uniq":11,"trade":0,"nft":6,"gas":0.000197,"bal":0.158675,"days":9,"spread":0.290323,"streak":4,"rank_m":40917,"pct_m":0.043503,"gas_method":"estimated"},"2024-04":{"txs":50,"uniq":32,"trade":0,"nft":26,"gas":0.000037,"bal":0.589514,"days":21,"spread":0.7,"streak":8,"rank_m":22751,"pct_m":0.024188,"gas_method":"estimated"},"2024-05":{"txs":66,"uniq":24,"trade":0,"nft":14,"gas":0.000024,"bal":0.196371,"days":21,"spread":0.677419,"streak":6,"rank_m":9300,"pct_m":0.009887,"gas_method":"exact"},"2024-06":{"txs":32,"uniq":24,"trade":0,"nft":6,"gas":0.000001,"bal":0.014506,"days":13,"spread":0.433333,"streak":7,"rank_m":28593,"pct_m":0.0304,"gas_method":"exact"},"2024-07":{"txs":22,"uniq":12,"trade":0,"nft":5,"gas":0.000001,"bal":0.02179,"days":8,"spread":0.258065,"streak":2,"rank_m":52942,"pct_m":0.056288,"gas_method":"exact"},"2024-08":{"txs":49,"uniq":11,"trade":0,"nft":5,"gas":0.000004,"bal":0.032495,"days":25,"spread":0.806452,"streak":17,"rank_m":18589,"pct_m":0.019763,"gas_method":"exact"},"2024-09":{"txs":61,"uniq":16,"trade":0,"nft":18,"gas":0.000001,"bal":0.025418,"days":15,"spread":0.5,"streak":4,"rank_m":15759,"pct_m":0.016754,"gas_method":"estimated"},"2024-10":{"txs":105,"uniq":36,"trade":2,"nft":18,"gas":0.000018,"bal":0.010259,"days":20,"spread":0.645161,"streak":13,"rank_m":8557,"pct_m":0.009097,"gas_method":"exact"},"2024-11":{"txs":112,"uniq":16,"trade":7,"nft":3,"gas":0.000258,"bal":0.006508,"days":29,"spread":0.966667,"streak":26,"rank_m":19177,"pct_m":0.020388,"gas_method":"exact"},"2024-12":{"txs":73,"uniq":16,"trade":4,"nft":1,"gas":0.001588,"bal":0.037316,"days":25,"spread":0.806452,"streak":22,"rank_m":14773,"pct_m":0.015706,"gas_method":"exact"},"2025-01":{"txs":95,"uniq":34,"trade":1,"nft":81,"gas":0.002468,"bal":0.060769,"days":25,"spread":0.806452,"streak":11,"rank_m":6407,"pct_m":0.006811,"gas_method":"exact"},"2025-02":{"txs":43,"uniq":20,"trade":0,"nft":13,"gas":0.000303,"bal":0.029622,"days":8,"spread":0.285714,"streak":4,"rank_m":24077,"pct_m":0.025598,"gas_method":"exact"},"2025-03":{"txs":4,"uniq":3,"trade":0,"nft":0,"gas":0.000032,"bal":0.066134,"days":3,"spread":0.096774,"streak":2,"rank_m":230364,"pct_m":0.244926,"gas_method":"exact"},"2025-04":{"txs":4,"uniq":3,"trade":0,"nft":0,"gas":0.000024,"bal":0.066347,"days":1,"spread":0.033333,"streak":1,"rank_m":302612,"pct_m":0.321741,"gas_method":"exact"},"2025-05":{"txs":0,"uniq":0,"trade":0,"nft":0,"gas":0,"bal":0.066347,"days":0,"spread":0,"streak":0,"rank_m":353234,"pct_m":0.375564},"2025-06":{"txs":16,"uniq":7,"trade":0,"nft":0,"gas":0.000113,"bal":0.066701,"days":6,"spread":0.2,"streak":2,"rank_m":90053,"pct_m":0.095745,"gas_method":"estimated"},"2025-07":{"txs":0,"uniq":0,"trade":0,"nft":0,"gas":0,"bal":0.066701,"days":0,"spread":0,"streak":0,"rank_m":383356,"pct_m":0.40759},"2025-08":{"txs":0,"uniq":0,"trade":0,"nft":0,"gas":0,"bal":0.066701,"days":0,"spread":0,"streak":0,"rank_m":359005,"pct_m":0.381699},"2025-09":{"txs":1,"uniq":0,"trade":0,"nft":0,"gas":0.000007,"bal":0,"days":1,"spread":0.033333,"streak":1,"rank_m":777213,"pct_m":0.826346,"gas_method":"estimated"},"2025-10":{"txs":0,"uniq":0,"trade":0,"nft":0,"gas":0,"bal":0.066701,"days":0,"spread":0,"streak":0,"rank_m":250726,"pct_m":0.266575}}}