{"wallet":"0xc755dc7c18341f498a8106aa8ffe1d30ce186283","rank":13003,"lifetime":{"months_active":27,"first":"2023-07","last":"2025-10","tx_sum":1023,"uniq_sum":523,"trade_sum":18,"nft_sum":240,"gas_sum":0.00891,"avg_balance_eth_mean":0.041152,"streak_best_days":13,"gas_sum_filled":0.00891},"months":{"2023-07":{"txs":0,"uniq":0,"trade":0,"nft":0,"gas":0,"bal":0,"days":0,"spread":0,"streak":0,"rank_m":248237,"pct_m":0.263929},"2023-08":{"txs":18,"uniq":12,"trade":0,"nft":4,"gas":0.001183,"bal":0.039042,"days":7,"spread":0.225806,"streak":2,"rank_m":46826,"pct_m":0.049785,"gas_method":"exact"},"2023-09":{"txs":22,"uniq":13,"trade":1,"nft":5,"gas":0.001612,"bal":0.041411,"days":5,"spread":0.166667,"streak":2,"rank_m":11478,"pct_m":0.012203,"gas_method":"exact"},"2023-10":{"txs":1,"uniq":1,"trade":0,"nft":1,"gas":0.000006,"bal":0.034455,"days":1,"spread":0.032258,"streak":1,"rank_m":84476,"pct_m":0.089815,"gas_method":"estimated"},"2023-11":{"txs":7,"uniq":5,"trade":0,"nft":1,"gas":0.000069,"bal":0.032276,"days":2,"spread":0.066667,"streak":1,"rank_m":45249,"pct_m":0.048108,"gas_method":"estimated"},"2023-12":{"txs":4,"uniq":4,"trade":0,"nft":4,"gas":0.000074,"bal":0.023031,"days":4,"spread":0.129032,"streak":2,"rank_m":36789,"pct_m":0.039114,"gas_method":"estimated"},"2024-01":{"txs":12,"uniq":10,"trade":3,"nft":7,"gas":0.000519,"bal":0.015029,"days":7,"spread":0.225806,"streak":1,"rank_m":17869,"pct_m":0.018998,"gas_method":"exact"},"2024-02":{"txs":19,"uniq":13,"trade":1,"nft":10,"gas":0.000611,"bal":0.026025,"days":9,"spread":0.310345,"streak":2,"rank_m":15437,"pct_m":0.016412,"gas_method":"exact"},"2024-03":{"txs":99,"uniq":39,"trade":1,"nft":28,"gas":0.000235,"bal":0.027859,"days":16,"spread":0.516129,"streak":5,"rank_m":9158,"pct_m":0.009736,"gas_method":"exact"},"2024-04":{"txs":60,"uniq":40,"trade":0,"nft":26,"gas":0.000021,"bal":0.014306,"days":19,"spread":0.633333,"streak":8,"rank_m":32329,"pct_m":0.034372,"gas_method":"exact"},"2024-05":{"txs":57,"uniq":21,"trade":0,"nft":22,"gas":0.00002,"bal":0.020903,"days":15,"spread":0.483871,"streak":5,"rank_m":22814,"pct_m":0.024255,"gas_method":"exact"},"2024-06":{"txs":46,"uniq":25,"trade":0,"nft":12,"gas":0.000001,"bal":0.015301,"days":10,"spread":0.333333,"streak":5,"rank_m":42753,"pct_m":0.045455,"gas_method":"estimated"},"2024-07":{"txs":43,"uniq":17,"trade":0,"nft":13,"gas":0.000004,"bal":0.021247,"days":15,"spread":0.483871,"streak":4,"rank_m":26074,"pct_m":0.027721,"gas_method":"estimated"},"2024-08":{"txs":86,"uniq":67,"trade":0,"nft":62,"gas":0.000005,"bal":0.030738,"days":17,"spread":0.548387,"streak":6,"rank_m":4468,"pct_m":0.004749,"gas_method":"exact"},"2024-09":{"txs":6,"uniq":6,"trade":0,"nft":10,"gas":0,"bal":0.055259,"days":5,"spread":0.166667,"streak":3,"rank_m":74224,"pct_m":0.078915,"gas_method":"estimated"},"2024-10":{"txs":59,"uniq":28,"trade":1,"nft":23,"gas":0.000005,"bal":0.069459,"days":23,"spread":0.741935,"streak":8,"rank_m":5906,"pct_m":0.006278,"gas_method":"exact"},"2024-11":{"txs":72,"uniq":41,"trade":0,"nft":7,"gas":0.000159,"bal":0.134032,"days":23,"spread":0.766667,"streak":8,"rank_m":10484,"pct_m":0.011146,"gas_method":"exact"},"2024-12":{"txs":94,"uniq":40,"trade":0,"nft":4,"gas":0.001984,"bal":0.056317,"days":27,"spread":0.870968,"streak":9,"rank_m":11910,"pct_m":0.012662,"gas_method":"exact"},"2025-01":{"txs":15,"uniq":11,"trade":0,"nft":0,"gas":0.000338,"bal":0.015292,"days":9,"spread":0.290323,"streak":2,"rank_m":151584,"pct_m":0.161166,"gas_method":"exact"},"2025-02":{"txs":19,"uniq":12,"trade":1,"nft":0,"gas":0.000099,"bal":0.039972,"days":8,"spread":0.285714,"streak":2,"rank_m":53842,"pct_m":0.057245,"gas_method":"exact"},"2025-03":{"txs":22,"uniq":11,"trade":0,"nft":0,"gas":0.000142,"bal":0.066322,"days":6,"spread":0.193548,"streak":1,"rank_m":91060,"pct_m":0.096816,"gas_method":"exact"},"2025-04":{"txs":16,"uniq":13,"trade":3,"nft":0,"gas":0.000091,"bal":0.057578,"days":7,"spread":0.233333,"streak":3,"rank_m":29581,"pct_m":0.03145,"gas_method":"exact"},"2025-05":{"txs":14,"uniq":10,"trade":0,"nft":0,"gas":0.000099,"bal":0.046887,"days":7,"spread":0.225806,"streak":2,"rank_m":47232,"pct_m":0.050217,"gas_method":"estimated"},"2025-06":{"txs":12,"uniq":6,"trade":0,"nft":0,"gas":0.000084,"bal":0.055396,"days":6,"spread":0.2,"streak":2,"rank_m":102559,"pct_m":0.109041,"gas_method":"estimated"},"2025-07":{"txs":45,"uniq":22,"trade":7,"nft":0,"gas":0.000317,"bal":0.058637,"days":12,"spread":0.387097,"streak":3,"rank_m":13608,"pct_m":0.014467,"gas_method":"estimated"},"2025-08":{"txs":53,"uniq":24,"trade":0,"nft":0,"gas":0.000373,"bal":0.052221,"days":15,"spread":0.483871,"streak":6,"rank_m":15904,"pct_m":0.016908,"gas_method":"estimated"},"2025-09":{"txs":72,"uniq":21,"trade":0,"nft":0,"gas":0.000507,"bal":0.04461,"days":22,"spread":0.733333,"streak":13,"rank_m":11943,"pct_m":0.012697,"gas_method":"estimated"},"2025-10":{"txs":50,"uniq":11,"trade":0,"nft":1,"gas":0.000352,"bal":0.058642,"days":12,"spread":0.387097,"streak":7,"rank_m":6299,"pct_m":0.006696,"gas_method":"estimated"}}}