{"wallet":"0xc7aa041c32770baad04aa85a274a08987cbae955","rank":99024,"lifetime":{"months_active":25,"first":"2023-07","last":"2025-10","tx_sum":331,"uniq_sum":139,"trade_sum":18,"nft_sum":19,"gas_sum":0.003485,"avg_balance_eth_mean":0.045474,"streak_best_days":3,"gas_sum_filled":0.003485},"months":{"2023-07":{"txs":0,"uniq":0,"trade":0,"nft":0,"gas":0,"bal":0,"days":0,"spread":0,"streak":0,"rank_m":247077,"pct_m":0.262696},"2023-08":{"txs":0,"uniq":0,"trade":0,"nft":0,"gas":0,"bal":0,"days":0,"spread":0,"streak":0,"rank_m":336530,"pct_m":0.357804},"2023-09":{"txs":20,"uniq":10,"trade":2,"nft":4,"gas":0.00035,"bal":0.015552,"days":2,"spread":0.066667,"streak":1,"rank_m":31449,"pct_m":0.033436,"gas_method":"exact"},"2023-10":{"txs":11,"uniq":5,"trade":4,"nft":1,"gas":0.000107,"bal":0.019015,"days":2,"spread":0.064516,"streak":1,"rank_m":38804,"pct_m":0.041256,"gas_method":"estimated"},"2023-11":{"txs":2,"uniq":2,"trade":0,"nft":0,"gas":0.000034,"bal":0.018795,"days":1,"spread":0.033333,"streak":1,"rank_m":84247,"pct_m":0.089572,"gas_method":"estimated"},"2023-12":{"txs":9,"uniq":6,"trade":2,"nft":1,"gas":0.000285,"bal":0.017495,"days":1,"spread":0.032258,"streak":1,"rank_m":46351,"pct_m":0.04928,"gas_method":"estimated"},"2024-01":{"txs":12,"uniq":10,"trade":2,"nft":1,"gas":0.000354,"bal":0.017041,"days":2,"spread":0.064516,"streak":1,"rank_m":48021,"pct_m":0.051056,"gas_method":"estimated"},"2024-02":{"txs":18,"uniq":11,"trade":0,"nft":1,"gas":0.0003,"bal":0.015681,"days":4,"spread":0.137931,"streak":2,"rank_m":60515,"pct_m":0.06434,"gas_method":"estimated"},"2024-03":{"txs":28,"uniq":12,"trade":5,"nft":2,"gas":0.000318,"bal":0.010025,"days":6,"spread":0.193548,"streak":1,"rank_m":71081,"pct_m":0.075574,"gas_method":"exact"},"2024-04":{"txs":11,"uniq":8,"trade":3,"nft":1,"gas":0.000648,"bal":0.003854,"days":2,"spread":0.066667,"streak":1,"rank_m":226593,"pct_m":0.240917,"gas_method":"exact"},"2024-05":{"txs":29,"uniq":10,"trade":0,"nft":1,"gas":0.00003,"bal":0.003592,"days":3,"spread":0.096774,"streak":2,"rank_m":244054,"pct_m":0.259482,"gas_method":"estimated"},"2024-06":{"txs":16,"uniq":5,"trade":0,"nft":1,"gas":0.000001,"bal":0.00321,"days":2,"spread":0.066667,"streak":1,"rank_m":304459,"pct_m":0.323705,"gas_method":"estimated"},"2024-07":{"txs":0,"uniq":0,"trade":0,"nft":0,"gas":0,"bal":0.00321,"days":0,"spread":0,"streak":0,"rank_m":509415,"pct_m":0.541618},"2024-08":{"txs":19,"uniq":7,"trade":0,"nft":1,"gas":0.000002,"bal":0.004883,"days":4,"spread":0.129032,"streak":1,"rank_m":246511,"pct_m":0.262094,"gas_method":"estimated"},"2024-09":{"txs":24,"uniq":7,"trade":0,"nft":1,"gas":0.000001,"bal":0.009581,"days":6,"spread":0.2,"streak":2,"rank_m":113627,"pct_m":0.120809,"gas_method":"estimated"},"2024-10":{"txs":20,"uniq":4,"trade":0,"nft":1,"gas":0.000011,"bal":0.002268,"days":6,"spread":0.193548,"streak":3,"rank_m":161591,"pct_m":0.171805,"gas_method":"exact"},"2024-11":{"txs":27,"uniq":3,"trade":0,"nft":1,"gas":0.000062,"bal":0.001389,"days":7,"spread":0.233333,"streak":2,"rank_m":215410,"pct_m":0.229027,"gas_method":"exact"},"2024-12":{"txs":11,"uniq":3,"trade":0,"nft":0,"gas":0.000243,"bal":0.011836,"days":4,"spread":0.129032,"streak":1,"rank_m":314647,"pct_m":0.334537,"gas_method":"exact"},"2025-01":{"txs":12,"uniq":3,"trade":0,"nft":0,"gas":0.000312,"bal":0.065367,"days":7,"spread":0.225806,"streak":1,"rank_m":218231,"pct_m":0.232026,"gas_method":"exact"},"2025-02":{"txs":10,"uniq":5,"trade":0,"nft":0,"gas":0.00007,"bal":0.118864,"days":4,"spread":0.142857,"streak":1,"rank_m":169407,"pct_m":0.180115,"gas_method":"exact"},"2025-03":{"txs":1,"uniq":1,"trade":0,"nft":0,"gas":0.000008,"bal":0.118855,"days":1,"spread":0.032258,"streak":1,"rank_m":352199,"pct_m":0.374463,"gas_method":"exact"},"2025-04":{"txs":8,"uniq":6,"trade":0,"nft":0,"gas":0.000048,"bal":0.133915,"days":2,"spread":0.066667,"streak":1,"rank_m":186514,"pct_m":0.198304,"gas_method":"exact"},"2025-05":{"txs":11,"uniq":5,"trade":0,"nft":0,"gas":0.000077,"bal":0.146902,"days":6,"spread":0.193548,"streak":2,"rank_m":51008,"pct_m":0.054232,"gas_method":"estimated"},"2025-06":{"txs":9,"uniq":4,"trade":0,"nft":0,"gas":0.000063,"bal":0.14766,"days":3,"spread":0.1,"streak":1,"rank_m":135995,"pct_m":0.144591,"gas_method":"estimated"},"2025-07":{"txs":12,"uniq":5,"trade":0,"nft":1,"gas":0.000084,"bal":0.134715,"days":5,"spread":0.16129,"streak":1,"rank_m":111826,"pct_m":0.118894,"gas_method":"estimated"},"2025-08":{"txs":6,"uniq":3,"trade":0,"nft":0,"gas":0.000042,"bal":0.082872,"days":2,"spread":0.064516,"streak":1,"rank_m":180095,"pct_m":0.191479,"gas_method":"estimated"},"2025-09":{"txs":2,"uniq":1,"trade":0,"nft":0,"gas":0.000014,"bal":0.083144,"days":1,"spread":0.033333,"streak":1,"rank_m":243852,"pct_m":0.259267,"gas_method":"estimated"},"2025-10":{"txs":3,"uniq":3,"trade":0,"nft":1,"gas":0.000021,"bal":0.083537,"days":1,"spread":0.032258,"streak":1,"rank_m":87295,"pct_m":0.092813,"gas_method":"estimated"}}}