{"wallet":"0xccc03b90c7742e1426eeff0eef08ff4b385f9c53","rank":172840,"lifetime":{"months_active":17,"first":"2023-07","last":"2025-10","tx_sum":325,"uniq_sum":155,"trade_sum":3,"nft_sum":46,"gas_sum":0.006957,"avg_balance_eth_mean":0.009236,"streak_best_days":3,"gas_sum_filled":0.006957},"months":{"2023-07":{"txs":3,"uniq":2,"trade":0,"nft":1,"gas":0.000878,"bal":0.000339,"days":1,"spread":0.032258,"streak":1,"rank_m":29936,"pct_m":0.031827,"gas_method":"estimated"},"2023-08":{"txs":1,"uniq":3,"trade":0,"nft":1,"gas":0.000532,"bal":0.000701,"days":1,"spread":0.032258,"streak":1,"rank_m":130343,"pct_m":0.138582,"gas_method":"exact"},"2023-09":{"txs":0,"uniq":0,"trade":0,"nft":0,"gas":0,"bal":0.000701,"days":0,"spread":0,"streak":0,"rank_m":179734,"pct_m":0.191095},"2023-10":{"txs":0,"uniq":0,"trade":0,"nft":0,"gas":0,"bal":0.000701,"days":0,"spread":0,"streak":0,"rank_m":182894,"pct_m":0.194455},"2023-11":{"txs":0,"uniq":0,"trade":0,"nft":0,"gas":0,"bal":0.000701,"days":0,"spread":0,"streak":0,"rank_m":189809,"pct_m":0.201807},"2023-12":{"txs":0,"uniq":0,"trade":0,"nft":0,"gas":0,"bal":0.000701,"days":0,"spread":0,"streak":0,"rank_m":212502,"pct_m":0.225935},"2024-01":{"txs":0,"uniq":0,"trade":0,"nft":0,"gas":0,"bal":0.000701,"days":0,"spread":0,"streak":0,"rank_m":223014,"pct_m":0.237111},"2024-02":{"txs":4,"uniq":3,"trade":0,"nft":0,"gas":0.000156,"bal":0.000098,"days":1,"spread":0.034483,"streak":1,"rank_m":257990,"pct_m":0.274299,"gas_method":"estimated"},"2024-03":{"txs":74,"uniq":12,"trade":0,"nft":3,"gas":0.004669,"bal":0.000038,"days":3,"spread":0.096774,"streak":2,"rank_m":147070,"pct_m":0.156366,"gas_method":"exact"},"2024-04":{"txs":26,"uniq":12,"trade":0,"nft":1,"gas":0.000188,"bal":0.000007,"days":3,"spread":0.1,"streak":2,"rank_m":357753,"pct_m":0.380368,"gas_method":"estimated"},"2024-05":{"txs":41,"uniq":15,"trade":0,"nft":0,"gas":0.000098,"bal":0.000002,"days":1,"spread":0.032258,"streak":1,"rank_m":397628,"pct_m":0.422764,"gas_method":"estimated"},"2024-06":{"txs":25,"uniq":13,"trade":0,"nft":4,"gas":0.000002,"bal":0.012556,"days":4,"spread":0.133333,"streak":1,"rank_m":131211,"pct_m":0.139505,"gas_method":"estimated"},"2024-07":{"txs":20,"uniq":15,"trade":0,"nft":10,"gas":0.000007,"bal":0.035764,"days":4,"spread":0.129032,"streak":1,"rank_m":86777,"pct_m":0.092262,"gas_method":"estimated"},"2024-08":{"txs":10,"uniq":9,"trade":0,"nft":11,"gas":0.000003,"bal":0.001626,"days":3,"spread":0.096774,"streak":1,"rank_m":287290,"pct_m":0.305451,"gas_method":"estimated"},"2024-09":{"txs":16,"uniq":11,"trade":0,"nft":9,"gas":0.000002,"bal":0.01245,"days":4,"spread":0.133333,"streak":1,"rank_m":98397,"pct_m":0.104616,"gas_method":"estimated"},"2024-10":{"txs":53,"uniq":29,"trade":0,"nft":6,"gas":0.000011,"bal":0.020033,"days":6,"spread":0.193548,"streak":3,"rank_m":49854,"pct_m":0.053005,"gas_method":"estimated"},"2024-11":{"txs":23,"uniq":12,"trade":0,"nft":0,"gas":0.000053,"bal":0.01882,"days":4,"spread":0.133333,"streak":1,"rank_m":163119,"pct_m":0.17343,"gas_method":"exact"},"2024-12":{"txs":8,"uniq":6,"trade":0,"nft":0,"gas":0.000154,"bal":0.011416,"days":2,"spread":0.064516,"streak":1,"rank_m":345843,"pct_m":0.367705,"gas_method":"exact"},"2025-01":{"txs":3,"uniq":2,"trade":2,"nft":0,"gas":0.000078,"bal":0.026038,"days":2,"spread":0.064516,"streak":1,"rank_m":315269,"pct_m":0.335199,"gas_method":"exact"},"2025-02":{"txs":6,"uniq":3,"trade":0,"nft":0,"gas":0.000042,"bal":0.029229,"days":1,"spread":0.035714,"streak":1,"rank_m":288700,"pct_m":0.30695,"gas_method":"exact"},"2025-03":{"txs":0,"uniq":0,"trade":0,"nft":0,"gas":0,"bal":0.029229,"days":0,"spread":0,"streak":0,"rank_m":491420,"pct_m":0.522485},"2025-04":{"txs":0,"uniq":0,"trade":0,"nft":0,"gas":0,"bal":0.029229,"days":0,"spread":0,"streak":0,"rank_m":533556,"pct_m":0.567285},"2025-05":{"txs":7,"uniq":7,"trade":1,"nft":0,"gas":0.000049,"bal":0.009075,"days":1,"spread":0.032258,"streak":1,"rank_m":166493,"pct_m":0.177017,"gas_method":"estimated"},"2025-06":{"txs":0,"uniq":0,"trade":0,"nft":0,"gas":0,"bal":0.009075,"days":0,"spread":0,"streak":0,"rank_m":483106,"pct_m":0.513646},"2025-07":{"txs":0,"uniq":0,"trade":0,"nft":0,"gas":0,"bal":0.009075,"days":0,"spread":0,"streak":0,"rank_m":508047,"pct_m":0.540164},"2025-08":{"txs":5,"uniq":1,"trade":0,"nft":0,"gas":0.000035,"bal":0.000099,"days":1,"spread":0.032258,"streak":1,"rank_m":617078,"pct_m":0.656087,"gas_method":"estimated"},"2025-09":{"txs":0,"uniq":0,"trade":0,"nft":0,"gas":0,"bal":0.000099,"days":0,"spread":0,"streak":0,"rank_m":800716,"pct_m":0.851334},"2025-10":{"txs":0,"uniq":0,"trade":0,"nft":0,"gas":0,"bal":0.000099,"days":0,"spread":0,"streak":0,"rank_m":748538,"pct_m":0.795858}}}