{"wallet":"0xccb14685183f872bd195cf1bb7d470751262923e","rank":661450,"lifetime":{"months_active":2,"first":"2023-07","last":"2025-10","tx_sum":215,"uniq_sum":58,"trade_sum":0,"nft_sum":26,"gas_sum":0.043512,"avg_balance_eth_mean":0.000563,"streak_best_days":13,"gas_sum_filled":0.043512},"months":{"2023-07":{"txs":0,"uniq":0,"trade":0,"nft":0,"gas":0,"bal":0,"days":0,"spread":0,"streak":0,"rank_m":229765,"pct_m":0.244289},"2023-08":{"txs":199,"uniq":49,"trade":0,"nft":23,"gas":0.041177,"bal":0.00988,"days":21,"spread":0.677419,"streak":12,"rank_m":4547,"pct_m":0.004833,"gas_method":"exact"},"2023-09":{"txs":16,"uniq":9,"trade":0,"nft":3,"gas":0.002335,"bal":0.000226,"days":5,"spread":0.166667,"streak":2,"rank_m":49463,"pct_m":0.052589,"gas_method":"exact"},"2023-10":{"txs":0,"uniq":0,"trade":0,"nft":0,"gas":0,"bal":0.000226,"days":0,"spread":0,"streak":0,"rank_m":200663,"pct_m":0.213347},"2023-11":{"txs":0,"uniq":0,"trade":0,"nft":0,"gas":0,"bal":0.000226,"days":0,"spread":0,"streak":0,"rank_m":210977,"pct_m":0.224313},"2023-12":{"txs":0,"uniq":0,"trade":0,"nft":0,"gas":0,"bal":0.000226,"days":0,"spread":0,"streak":0,"rank_m":235734,"pct_m":0.250636},"2024-01":{"txs":0,"uniq":0,"trade":0,"nft":0,"gas":0,"bal":0.000226,"days":0,"spread":0,"streak":0,"rank_m":245716,"pct_m":0.261249},"2024-02":{"txs":0,"uniq":0,"trade":0,"nft":0,"gas":0,"bal":0.000226,"days":0,"spread":0,"streak":0,"rank_m":310950,"pct_m":0.330607},"2024-03":{"txs":0,"uniq":0,"trade":0,"nft":0,"gas":0,"bal":0.000226,"days":0,"spread":0,"streak":0,"rank_m":398839,"pct_m":0.424052},"2024-04":{"txs":0,"uniq":0,"trade":0,"nft":0,"gas":0,"bal":0.000226,"days":0,"spread":0,"streak":0,"rank_m":483988,"pct_m":0.514584},"2024-05":{"txs":0,"uniq":0,"trade":0,"nft":0,"gas":0,"bal":0.000226,"days":0,"spread":0,"streak":0,"rank_m":516523,"pct_m":0.549175},"2024-06":{"txs":0,"uniq":0,"trade":0,"nft":0,"gas":0,"bal":0.000226,"days":0,"spread":0,"streak":0,"rank_m":543790,"pct_m":0.578166},"2024-07":{"txs":0,"uniq":0,"trade":0,"nft":0,"gas":0,"bal":0.000226,"days":0,"spread":0,"streak":0,"rank_m":566686,"pct_m":0.60251},"2024-08":{"txs":0,"uniq":0,"trade":0,"nft":0,"gas":0,"bal":0.000226,"days":0,"spread":0,"streak":0,"rank_m":586938,"pct_m":0.624042},"2024-09":{"txs":0,"uniq":0,"trade":0,"nft":0,"gas":0,"bal":0.000226,"days":0,"spread":0,"streak":0,"rank_m":585628,"pct_m":0.622649},"2024-10":{"txs":0,"uniq":0,"trade":0,"nft":0,"gas":0,"bal":0.000226,"days":0,"spread":0,"streak":0,"rank_m":628844,"pct_m":0.668597},"2024-11":{"txs":0,"uniq":0,"trade":0,"nft":0,"gas":0,"bal":0.000226,"days":0,"spread":0,"streak":0,"rank_m":633318,"pct_m":0.673354},"2024-12":{"txs":0,"uniq":0,"trade":0,"nft":0,"gas":0,"bal":0.000226,"days":0,"spread":0,"streak":0,"rank_m":679266,"pct_m":0.722207},"2025-01":{"txs":0,"uniq":0,"trade":0,"nft":0,"gas":0,"bal":0.000226,"days":0,"spread":0,"streak":0,"rank_m":679854,"pct_m":0.722832},"2025-02":{"txs":0,"uniq":0,"trade":0,"nft":0,"gas":0,"bal":0.000226,"days":0,"spread":0,"streak":0,"rank_m":700474,"pct_m":0.744755},"2025-03":{"txs":0,"uniq":0,"trade":0,"nft":0,"gas":0,"bal":0.000226,"days":0,"spread":0,"streak":0,"rank_m":707758,"pct_m":0.7525},"2025-04":{"txs":0,"uniq":0,"trade":0,"nft":0,"gas":0,"bal":0.000226,"days":0,"spread":0,"streak":0,"rank_m":733673,"pct_m":0.780053},"2025-05":{"txs":0,"uniq":0,"trade":0,"nft":0,"gas":0,"bal":0.000226,"days":0,"spread":0,"streak":0,"rank_m":750563,"pct_m":0.798011},"2025-06":{"txs":0,"uniq":0,"trade":0,"nft":0,"gas":0,"bal":0.000226,"days":0,"spread":0,"streak":0,"rank_m":747426,"pct_m":0.794676},"2025-07":{"txs":0,"uniq":0,"trade":0,"nft":0,"gas":0,"bal":0.000226,"days":0,"spread":0,"streak":0,"rank_m":772247,"pct_m":0.821066},"2025-08":{"txs":0,"uniq":0,"trade":0,"nft":0,"gas":0,"bal":0.000226,"days":0,"spread":0,"streak":0,"rank_m":752222,"pct_m":0.799775},"2025-09":{"txs":0,"uniq":0,"trade":0,"nft":0,"gas":0,"bal":0.000226,"days":0,"spread":0,"streak":0,"rank_m":739508,"pct_m":0.786257},"2025-10":{"txs":0,"uniq":0,"trade":0,"nft":0,"gas":0,"bal":0.000226,"days":0,"spread":0,"streak":0,"rank_m":666326,"pct_m":0.708449}}}