{"wallet":"0xcc5398b74f65f14cd692f8d16b7b5585aa76abd9","rank":118765,"lifetime":{"months_active":21,"first":"2023-07","last":"2025-10","tx_sum":253,"uniq_sum":173,"trade_sum":25,"nft_sum":104,"gas_sum":0.002564,"avg_balance_eth_mean":0.033198,"streak_best_days":4,"gas_sum_filled":0.002564},"months":{"2023-07":{"txs":0,"uniq":0,"trade":0,"nft":0,"gas":0,"bal":0,"days":0,"spread":0,"streak":0,"rank_m":230995,"pct_m":0.245597},"2023-08":{"txs":11,"uniq":7,"trade":0,"nft":3,"gas":0.000656,"bal":0.00215,"days":5,"spread":0.16129,"streak":2,"rank_m":80666,"pct_m":0.085764,"gas_method":"exact"},"2023-09":{"txs":6,"uniq":6,"trade":0,"nft":2,"gas":0.000401,"bal":0.003129,"days":2,"spread":0.066667,"streak":1,"rank_m":62108,"pct_m":0.066033,"gas_method":"exact"},"2023-10":{"txs":2,"uniq":2,"trade":0,"nft":1,"gas":0.000014,"bal":0.003012,"days":2,"spread":0.064516,"streak":1,"rank_m":97836,"pct_m":0.10402,"gas_method":"estimated"},"2023-11":{"txs":6,"uniq":5,"trade":0,"nft":2,"gas":0.000074,"bal":0.002119,"days":4,"spread":0.133333,"streak":1,"rank_m":69279,"pct_m":0.073658,"gas_method":"estimated"},"2023-12":{"txs":5,"uniq":5,"trade":0,"nft":3,"gas":0.000116,"bal":0.000297,"days":4,"spread":0.129032,"streak":1,"rank_m":111121,"pct_m":0.118145,"gas_method":"estimated"},"2024-01":{"txs":2,"uniq":2,"trade":0,"nft":0,"gas":0.000043,"bal":0.000476,"days":1,"spread":0.032258,"streak":1,"rank_m":181597,"pct_m":0.193076,"gas_method":"estimated"},"2024-02":{"txs":6,"uniq":5,"trade":0,"nft":3,"gas":0.000073,"bal":0.003318,"days":3,"spread":0.103448,"streak":1,"rank_m":133360,"pct_m":0.14179,"gas_method":"estimated"},"2024-03":{"txs":41,"uniq":19,"trade":17,"nft":3,"gas":0.000748,"bal":0.013455,"days":4,"spread":0.129032,"streak":2,"rank_m":56743,"pct_m":0.060329,"gas_method":"estimated"},"2024-04":{"txs":9,"uniq":7,"trade":0,"nft":2,"gas":0.00002,"bal":0.011753,"days":3,"spread":0.1,"streak":1,"rank_m":267942,"pct_m":0.28488,"gas_method":"estimated"},"2024-05":{"txs":10,"uniq":7,"trade":0,"nft":2,"gas":0.000007,"bal":0.01278,"days":3,"spread":0.096774,"streak":1,"rank_m":239580,"pct_m":0.254725,"gas_method":"estimated"},"2024-06":{"txs":2,"uniq":2,"trade":0,"nft":3,"gas":0,"bal":0.014329,"days":1,"spread":0.033333,"streak":1,"rank_m":301292,"pct_m":0.320338,"gas_method":"estimated"},"2024-07":{"txs":16,"uniq":14,"trade":0,"nft":17,"gas":0.000002,"bal":0.012962,"days":2,"spread":0.064516,"streak":1,"rank_m":136824,"pct_m":0.145473,"gas_method":"estimated"},"2024-08":{"txs":27,"uniq":24,"trade":0,"nft":30,"gas":0.000002,"bal":0.011478,"days":7,"spread":0.225806,"streak":1,"rank_m":66172,"pct_m":0.070354,"gas_method":"exact"},"2024-09":{"txs":29,"uniq":18,"trade":0,"nft":15,"gas":0.000001,"bal":0.027434,"days":13,"spread":0.433333,"streak":4,"rank_m":20245,"pct_m":0.021524,"gas_method":"estimated"},"2024-10":{"txs":29,"uniq":15,"trade":0,"nft":15,"gas":0.000002,"bal":0.028125,"days":10,"spread":0.322581,"streak":3,"rank_m":47173,"pct_m":0.050154,"gas_method":"estimated"},"2024-11":{"txs":26,"uniq":14,"trade":5,"nft":1,"gas":0.00006,"bal":0.021045,"days":9,"spread":0.3,"streak":3,"rank_m":55104,"pct_m":0.058586,"gas_method":"exact"},"2024-12":{"txs":11,"uniq":10,"trade":1,"nft":1,"gas":0.000243,"bal":0.030953,"days":5,"spread":0.16129,"streak":3,"rank_m":152286,"pct_m":0.161912,"gas_method":"exact"},"2025-01":{"txs":0,"uniq":0,"trade":0,"nft":0,"gas":0,"bal":0.030953,"days":0,"spread":0,"streak":0,"rank_m":536458,"pct_m":0.570371},"2025-02":{"txs":5,"uniq":3,"trade":0,"nft":0,"gas":0.000035,"bal":0.046084,"days":2,"spread":0.071429,"streak":2,"rank_m":252363,"pct_m":0.268316,"gas_method":"exact"},"2025-03":{"txs":0,"uniq":0,"trade":0,"nft":0,"gas":0,"bal":0.046084,"days":0,"spread":0,"streak":0,"rank_m":482576,"pct_m":0.513082},"2025-04":{"txs":3,"uniq":3,"trade":1,"nft":0,"gas":0.000018,"bal":0.064911,"days":2,"spread":0.066667,"streak":2,"rank_m":214832,"pct_m":0.228412,"gas_method":"exact"},"2025-05":{"txs":2,"uniq":2,"trade":1,"nft":0,"gas":0.000014,"bal":0.099912,"days":1,"spread":0.032258,"streak":1,"rank_m":155676,"pct_m":0.165516,"gas_method":"estimated"},"2025-06":{"txs":0,"uniq":0,"trade":0,"nft":0,"gas":0,"bal":0.099912,"days":0,"spread":0,"streak":0,"rank_m":340796,"pct_m":0.362339},"2025-07":{"txs":0,"uniq":0,"trade":0,"nft":0,"gas":0,"bal":0.099912,"days":0,"spread":0,"streak":0,"rank_m":370390,"pct_m":0.393804},"2025-08":{"txs":0,"uniq":0,"trade":0,"nft":0,"gas":0,"bal":0.099912,"days":0,"spread":0,"streak":0,"rank_m":345720,"pct_m":0.367575},"2025-09":{"txs":5,"uniq":3,"trade":0,"nft":1,"gas":0.000035,"bal":0.071529,"days":1,"spread":0.033333,"streak":1,"rank_m":183838,"pct_m":0.195459,"gas_method":"estimated"},"2025-10":{"txs":0,"uniq":0,"trade":0,"nft":0,"gas":0,"bal":0.071529,"days":0,"spread":0,"streak":0,"rank_m":245634,"pct_m":0.261161}}}