{"wallet":"0xccfc1a398f089e78a74289920a523f4fafca5624","rank":334690,"lifetime":{"months_active":14,"first":"2023-07","last":"2025-10","tx_sum":167,"uniq_sum":96,"trade_sum":13,"nft_sum":9,"gas_sum":0.004438,"avg_balance_eth_mean":0.035543,"streak_best_days":2,"gas_sum_filled":0.004438},"months":{"2023-07":{"txs":0,"uniq":0,"trade":0,"nft":0,"gas":0,"bal":0,"days":0,"spread":0,"streak":0,"rank_m":228766,"pct_m":0.243227},"2023-08":{"txs":0,"uniq":0,"trade":0,"nft":0,"gas":0,"bal":0,"days":0,"spread":0,"streak":0,"rank_m":320373,"pct_m":0.340625},"2023-09":{"txs":1,"uniq":1,"trade":0,"nft":0,"gas":0.000044,"bal":0.000317,"days":1,"spread":0.033333,"streak":1,"rank_m":130158,"pct_m":0.138385,"gas_method":"exact"},"2023-10":{"txs":0,"uniq":0,"trade":0,"nft":0,"gas":0,"bal":0.000317,"days":0,"spread":0,"streak":0,"rank_m":196468,"pct_m":0.208887},"2023-11":{"txs":1,"uniq":1,"trade":0,"nft":0,"gas":0.000039,"bal":0.000442,"days":1,"spread":0.033333,"streak":1,"rank_m":156971,"pct_m":0.166893,"gas_method":"estimated"},"2023-12":{"txs":38,"uniq":26,"trade":1,"nft":3,"gas":0.002752,"bal":0.010363,"days":3,"spread":0.096774,"streak":2,"rank_m":17472,"pct_m":0.018575,"gas_method":"estimated"},"2024-01":{"txs":6,"uniq":4,"trade":0,"nft":2,"gas":0.000063,"bal":0.015386,"days":3,"spread":0.096774,"streak":1,"rank_m":59977,"pct_m":0.063768,"gas_method":"exact"},"2024-02":{"txs":5,"uniq":5,"trade":0,"nft":1,"gas":0.00019,"bal":0.025201,"days":3,"spread":0.103448,"streak":2,"rank_m":96601,"pct_m":0.102707,"gas_method":"estimated"},"2024-03":{"txs":10,"uniq":7,"trade":0,"nft":1,"gas":0.000077,"bal":0.027566,"days":3,"spread":0.096774,"streak":1,"rank_m":155115,"pct_m":0.16492,"gas_method":"exact"},"2024-04":{"txs":8,"uniq":6,"trade":1,"nft":1,"gas":0.000056,"bal":0.030325,"days":3,"spread":0.1,"streak":1,"rank_m":221121,"pct_m":0.235099,"gas_method":"estimated"},"2024-05":{"txs":0,"uniq":0,"trade":0,"nft":0,"gas":0,"bal":0.030325,"days":0,"spread":0,"streak":0,"rank_m":425262,"pct_m":0.452145},"2024-06":{"txs":4,"uniq":3,"trade":1,"nft":0,"gas":0,"bal":0.034844,"days":2,"spread":0.066667,"streak":1,"rank_m":216831,"pct_m":0.230538,"gas_method":"estimated"},"2024-07":{"txs":0,"uniq":0,"trade":0,"nft":0,"gas":0,"bal":0.034844,"days":0,"spread":0,"streak":0,"rank_m":422856,"pct_m":0.449587},"2024-08":{"txs":0,"uniq":0,"trade":0,"nft":0,"gas":0,"bal":0.034844,"days":0,"spread":0,"streak":0,"rank_m":425797,"pct_m":0.452714},"2024-09":{"txs":0,"uniq":0,"trade":0,"nft":0,"gas":0,"bal":0.034844,"days":0,"spread":0,"streak":0,"rank_m":384845,"pct_m":0.409173},"2024-10":{"txs":0,"uniq":0,"trade":0,"nft":0,"gas":0,"bal":0.034844,"days":0,"spread":0,"streak":0,"rank_m":435301,"pct_m":0.462819},"2024-11":{"txs":0,"uniq":0,"trade":0,"nft":0,"gas":0,"bal":0.034844,"days":0,"spread":0,"streak":0,"rank_m":488446,"pct_m":0.519323},"2024-12":{"txs":27,"uniq":13,"trade":4,"nft":0,"gas":0.000595,"bal":0.060314,"days":1,"spread":0.032258,"streak":1,"rank_m":164221,"pct_m":0.174602,"gas_method":"exact"},"2025-01":{"txs":8,"uniq":5,"trade":0,"nft":0,"gas":0.000208,"bal":0.060143,"days":3,"spread":0.096774,"streak":1,"rank_m":266014,"pct_m":0.28283,"gas_method":"exact"},"2025-02":{"txs":0,"uniq":0,"trade":0,"nft":0,"gas":0,"bal":0.060143,"days":0,"spread":0,"streak":0,"rank_m":505022,"pct_m":0.536947},"2025-03":{"txs":0,"uniq":0,"trade":0,"nft":0,"gas":0,"bal":0.060143,"days":0,"spread":0,"streak":0,"rank_m":477994,"pct_m":0.508211},"2025-04":{"txs":0,"uniq":0,"trade":0,"nft":0,"gas":0,"bal":0.060143,"days":0,"spread":0,"streak":0,"rank_m":519304,"pct_m":0.552132},"2025-05":{"txs":36,"uniq":15,"trade":4,"nft":0,"gas":0.000253,"bal":0.095918,"days":2,"spread":0.064516,"streak":1,"rank_m":42761,"pct_m":0.045463,"gas_method":"estimated"},"2025-06":{"txs":0,"uniq":0,"trade":0,"nft":0,"gas":0,"bal":0.095918,"days":0,"spread":0,"streak":0,"rank_m":341499,"pct_m":0.363087},"2025-07":{"txs":3,"uniq":3,"trade":2,"nft":1,"gas":0.000021,"bal":0.144557,"days":1,"spread":0.032258,"streak":1,"rank_m":181228,"pct_m":0.192684,"gas_method":"estimated"},"2025-08":{"txs":8,"uniq":2,"trade":0,"nft":0,"gas":0.000056,"bal":0.002873,"days":1,"spread":0.032258,"streak":1,"rank_m":391641,"pct_m":0.416399,"gas_method":"estimated"},"2025-09":{"txs":12,"uniq":5,"trade":0,"nft":0,"gas":0.000084,"bal":0.00287,"days":1,"spread":0.033333,"streak":1,"rank_m":351524,"pct_m":0.373746,"gas_method":"estimated"},"2025-10":{"txs":0,"uniq":0,"trade":0,"nft":0,"gas":0,"bal":0.00287,"days":0,"spread":0,"streak":0,"rank_m":473726,"pct_m":0.503673}}}