{"wallet":"0xcc471153bd45364aa81e5003fa373e836621eab5","rank":406431,"lifetime":{"months_active":21,"first":"2023-07","last":"2025-10","tx_sum":179,"uniq_sum":61,"trade_sum":1,"nft_sum":11,"gas_sum":0.002038,"avg_balance_eth_mean":0.009629,"streak_best_days":4,"gas_sum_filled":0.002038},"months":{"2023-07":{"txs":0,"uniq":0,"trade":0,"nft":0,"gas":0,"bal":0,"days":0,"spread":0,"streak":0,"rank_m":231180,"pct_m":0.245794},"2023-08":{"txs":9,"uniq":6,"trade":0,"nft":5,"gas":0.000687,"bal":0.002168,"days":4,"spread":0.129032,"streak":1,"rank_m":88195,"pct_m":0.093769,"gas_method":"exact"},"2023-09":{"txs":2,"uniq":1,"trade":0,"nft":0,"gas":0.000015,"bal":0.003033,"days":2,"spread":0.066667,"streak":1,"rank_m":109333,"pct_m":0.116244,"gas_method":"exact"},"2023-10":{"txs":7,"uniq":4,"trade":0,"nft":4,"gas":0.000088,"bal":0.002523,"days":2,"spread":0.064516,"streak":1,"rank_m":58282,"pct_m":0.061965,"gas_method":"exact"},"2023-11":{"txs":5,"uniq":3,"trade":0,"nft":0,"gas":0.000097,"bal":0.002806,"days":2,"spread":0.066667,"streak":1,"rank_m":97713,"pct_m":0.103889,"gas_method":"estimated"},"2023-12":{"txs":2,"uniq":2,"trade":0,"nft":0,"gas":0.000072,"bal":0.003424,"days":2,"spread":0.064516,"streak":1,"rank_m":123099,"pct_m":0.13088,"gas_method":"estimated"},"2024-01":{"txs":4,"uniq":1,"trade":0,"nft":0,"gas":0.00006,"bal":0.00307,"days":4,"spread":0.129032,"streak":1,"rank_m":109062,"pct_m":0.115956,"gas_method":"exact"},"2024-02":{"txs":2,"uniq":1,"trade":0,"nft":0,"gas":0.000038,"bal":0.002681,"days":1,"spread":0.034483,"streak":1,"rank_m":223953,"pct_m":0.23811,"gas_method":"estimated"},"2024-03":{"txs":0,"uniq":0,"trade":0,"nft":0,"gas":0,"bal":0.002681,"days":0,"spread":0,"streak":0,"rank_m":372382,"pct_m":0.395922},"2024-04":{"txs":9,"uniq":7,"trade":0,"nft":0,"gas":0.000032,"bal":0.004623,"days":3,"spread":0.1,"streak":1,"rank_m":333104,"pct_m":0.354161,"gas_method":"estimated"},"2024-05":{"txs":0,"uniq":0,"trade":0,"nft":0,"gas":0,"bal":0.004623,"days":0,"spread":0,"streak":0,"rank_m":475284,"pct_m":0.505329},"2024-06":{"txs":2,"uniq":2,"trade":0,"nft":1,"gas":0,"bal":0.004827,"days":1,"spread":0.033333,"streak":1,"rank_m":381018,"pct_m":0.405104,"gas_method":"estimated"},"2024-07":{"txs":1,"uniq":1,"trade":0,"nft":0,"gas":0,"bal":0.00219,"days":1,"spread":0.032258,"streak":1,"rank_m":440385,"pct_m":0.468224,"gas_method":"estimated"},"2024-08":{"txs":1,"uniq":1,"trade":0,"nft":1,"gas":0,"bal":0.001323,"days":1,"spread":0.032258,"streak":1,"rank_m":434906,"pct_m":0.462399,"gas_method":"estimated"},"2024-09":{"txs":0,"uniq":0,"trade":0,"nft":0,"gas":0,"bal":0.001323,"days":0,"spread":0,"streak":0,"rank_m":528166,"pct_m":0.561554},"2024-10":{"txs":1,"uniq":1,"trade":0,"nft":0,"gas":0,"bal":0.001196,"days":1,"spread":0.032258,"streak":1,"rank_m":485553,"pct_m":0.516248,"gas_method":"estimated"},"2024-11":{"txs":0,"uniq":0,"trade":0,"nft":0,"gas":0,"bal":0.001196,"days":0,"spread":0,"streak":0,"rank_m":583746,"pct_m":0.620648},"2024-12":{"txs":2,"uniq":1,"trade":0,"nft":0,"gas":0.000022,"bal":0.000944,"days":1,"spread":0.032258,"streak":1,"rank_m":541601,"pct_m":0.575839,"gas_method":"exact"},"2025-01":{"txs":0,"uniq":0,"trade":0,"nft":0,"gas":0,"bal":0.000944,"days":0,"spread":0,"streak":0,"rank_m":634861,"pct_m":0.674994},"2025-02":{"txs":5,"uniq":5,"trade":0,"nft":0,"gas":0.000035,"bal":0.003013,"days":1,"spread":0.035714,"streak":1,"rank_m":345063,"pct_m":0.366876,"gas_method":"exact"},"2025-03":{"txs":0,"uniq":0,"trade":0,"nft":0,"gas":0,"bal":0.003013,"days":0,"spread":0,"streak":0,"rank_m":591514,"pct_m":0.628907},"2025-04":{"txs":1,"uniq":1,"trade":0,"nft":0,"gas":0.000006,"bal":0.004925,"days":1,"spread":0.033333,"streak":1,"rank_m":457460,"pct_m":0.486379,"gas_method":"exact"},"2025-05":{"txs":1,"uniq":0,"trade":0,"nft":0,"gas":0.000007,"bal":0.005206,"days":1,"spread":0.032258,"streak":1,"rank_m":413341,"pct_m":0.43947,"gas_method":"estimated"},"2025-06":{"txs":13,"uniq":4,"trade":0,"nft":0,"gas":0.000091,"bal":0.007969,"days":5,"spread":0.166667,"streak":2,"rank_m":224343,"pct_m":0.238524,"gas_method":"estimated"},"2025-07":{"txs":33,"uniq":8,"trade":0,"nft":0,"gas":0.000232,"bal":0.016953,"days":9,"spread":0.290323,"streak":2,"rank_m":104185,"pct_m":0.11077,"gas_method":"estimated"},"2025-08":{"txs":26,"uniq":5,"trade":1,"nft":0,"gas":0.000183,"bal":0.04654,"days":7,"spread":0.225806,"streak":1,"rank_m":70870,"pct_m":0.075349,"gas_method":"estimated"},"2025-09":{"txs":25,"uniq":5,"trade":0,"nft":0,"gas":0.000176,"bal":0.069203,"days":11,"spread":0.366667,"streak":4,"rank_m":48285,"pct_m":0.051336,"gas_method":"estimated"},"2025-10":{"txs":28,"uniq":2,"trade":0,"nft":0,"gas":0.000197,"bal":0.067205,"days":8,"spread":0.258065,"streak":4,"rank_m":27714,"pct_m":0.029465,"gas_method":"estimated"}}}