{"wallet":"0xccf0bcdf5491ddb100d42bd6944b12501b0a2991","rank":377964,"lifetime":{"months_active":17,"first":"2023-07","last":"2025-10","tx_sum":345,"uniq_sum":131,"trade_sum":0,"nft_sum":40,"gas_sum":0.010712,"avg_balance_eth_mean":0.000341,"streak_best_days":0,"gas_sum_filled":0.010712},"months":{"2023-07":{"txs":0,"uniq":0,"trade":0,"nft":0,"gas":0,"bal":0,"days":0,"spread":0,"streak":0,"rank_m":228910,"pct_m":0.24338},"2023-08":{"txs":27,"uniq":14,"trade":0,"nft":6,"gas":0.002524,"bal":0.001623,"days":11,"spread":0.354839,"streak":0,"rank_m":77067,"pct_m":0.081938,"gas_method":"exact"},"2023-09":{"txs":24,"uniq":6,"trade":0,"nft":2,"gas":0.000832,"bal":0.002081,"days":13,"spread":0.433333,"streak":0,"rank_m":65603,"pct_m":0.069749,"gas_method":"exact"},"2023-10":{"txs":2,"uniq":2,"trade":0,"nft":2,"gas":0.000028,"bal":0.000831,"days":2,"spread":0.064516,"streak":0,"rank_m":123913,"pct_m":0.131745,"gas_method":"exact"},"2023-11":{"txs":1,"uniq":1,"trade":0,"nft":0,"gas":0.000041,"bal":0.000792,"days":1,"spread":0.033333,"streak":0,"rank_m":169431,"pct_m":0.180141,"gas_method":"estimated"},"2023-12":{"txs":4,"uniq":2,"trade":0,"nft":1,"gas":0.000304,"bal":0.000618,"days":3,"spread":0.096774,"streak":0,"rank_m":165436,"pct_m":0.175893,"gas_method":"estimated"},"2024-01":{"txs":56,"uniq":10,"trade":0,"nft":1,"gas":0.00209,"bal":0.001223,"days":6,"spread":0.193548,"streak":0,"rank_m":70294,"pct_m":0.074737,"gas_method":"exact"},"2024-02":{"txs":42,"uniq":25,"trade":0,"nft":19,"gas":0.001682,"bal":0.001562,"days":14,"spread":0.482759,"streak":0,"rank_m":93867,"pct_m":0.0998,"gas_method":"estimated"},"2024-03":{"txs":90,"uniq":44,"trade":0,"nft":7,"gas":0.002892,"bal":0.000416,"days":13,"spread":0.419355,"streak":0,"rank_m":107675,"pct_m":0.114481,"gas_method":"exact"},"2024-04":{"txs":6,"uniq":5,"trade":0,"nft":0,"gas":0.000052,"bal":0.000052,"days":3,"spread":0.1,"streak":0,"rank_m":395649,"pct_m":0.42066,"gas_method":"exact"},"2024-05":{"txs":17,"uniq":8,"trade":0,"nft":2,"gas":0.000042,"bal":0.000188,"days":3,"spread":0.096774,"streak":0,"rank_m":399431,"pct_m":0.424681,"gas_method":"estimated"},"2024-06":{"txs":2,"uniq":2,"trade":0,"nft":0,"gas":0,"bal":0.000037,"days":2,"spread":0.066667,"streak":0,"rank_m":512942,"pct_m":0.545368,"gas_method":"estimated"},"2024-07":{"txs":0,"uniq":0,"trade":0,"nft":0,"gas":0,"bal":0.000037,"days":0,"spread":0,"streak":0,"rank_m":587463,"pct_m":0.6246},"2024-08":{"txs":0,"uniq":0,"trade":0,"nft":0,"gas":0,"bal":0.000037,"days":0,"spread":0,"streak":0,"rank_m":608585,"pct_m":0.647057},"2024-09":{"txs":0,"uniq":0,"trade":0,"nft":0,"gas":0,"bal":0.000037,"days":0,"spread":0,"streak":0,"rank_m":615462,"pct_m":0.654369},"2024-10":{"txs":4,"uniq":2,"trade":0,"nft":0,"gas":0.000001,"bal":0,"days":1,"spread":0.032258,"streak":0,"rank_m":595346,"pct_m":0.632981,"gas_method":"estimated"},"2024-11":{"txs":55,"uniq":6,"trade":0,"nft":0,"gas":0.000115,"bal":0,"days":2,"spread":0.066667,"streak":0,"rank_m":363167,"pct_m":0.386125,"gas_method":"exact"},"2024-12":{"txs":0,"uniq":0,"trade":0,"nft":0,"gas":0,"bal":0,"days":0,"spread":0,"streak":0,"rank_m":734483,"pct_m":0.780914},"2025-01":{"txs":0,"uniq":0,"trade":0,"nft":0,"gas":0,"bal":0,"days":0,"spread":0,"streak":0,"rank_m":752716,"pct_m":0.8003},"2025-02":{"txs":0,"uniq":0,"trade":0,"nft":0,"gas":0,"bal":0,"days":0,"spread":0,"streak":0,"rank_m":780457,"pct_m":0.829795},"2025-03":{"txs":4,"uniq":4,"trade":0,"nft":0,"gas":0.000032,"bal":0,"days":2,"spread":0.064516,"streak":0,"rank_m":475711,"pct_m":0.505783,"gas_method":"exact"},"2025-04":{"txs":0,"uniq":0,"trade":0,"nft":0,"gas":0,"bal":0,"days":0,"spread":0,"streak":0,"rank_m":826191,"pct_m":0.87842},"2025-05":{"txs":0,"uniq":0,"trade":0,"nft":0,"gas":0,"bal":0,"days":0,"spread":0,"streak":0,"rank_m":848488,"pct_m":0.902127},"2025-06":{"txs":2,"uniq":0,"trade":0,"nft":0,"gas":0.000014,"bal":0,"days":1,"spread":0.033333,"streak":0,"rank_m":788143,"pct_m":0.837967,"gas_method":"estimated"},"2025-07":{"txs":0,"uniq":0,"trade":0,"nft":0,"gas":0,"bal":0,"days":0,"spread":0,"streak":0,"rank_m":884522,"pct_m":0.940439},"2025-08":{"txs":5,"uniq":0,"trade":0,"nft":0,"gas":0.000035,"bal":0,"days":2,"spread":0.064516,"streak":0,"rank_m":775367,"pct_m":0.824383,"gas_method":"estimated"},"2025-09":{"txs":4,"uniq":0,"trade":0,"nft":0,"gas":0.000028,"bal":0,"days":2,"spread":0.066667,"streak":0,"rank_m":779489,"pct_m":0.828766,"gas_method":"estimated"},"2025-10":{"txs":0,"uniq":0,"trade":0,"nft":0,"gas":0,"bal":0,"days":0,"spread":0,"streak":0,"rank_m":852491,"pct_m":0.906383}}}