{"wallet":"0xcc49bda30e1d0cbaa306fb0cc6bad10f750f435c","rank":302393,"lifetime":{"months_active":22,"first":"2023-07","last":"2025-10","tx_sum":190,"uniq_sum":123,"trade_sum":0,"nft_sum":66,"gas_sum":0.003162,"avg_balance_eth_mean":0.002398,"streak_best_days":6,"gas_sum_filled":0.003162},"months":{"2023-07":{"txs":3,"uniq":2,"trade":0,"nft":1,"gas":0.000564,"bal":0.000055,"days":1,"spread":0.032258,"streak":1,"rank_m":40300,"pct_m":0.042847,"gas_method":"estimated"},"2023-08":{"txs":14,"uniq":9,"trade":0,"nft":5,"gas":0.001691,"bal":0.002149,"days":4,"spread":0.129032,"streak":2,"rank_m":68342,"pct_m":0.072661,"gas_method":"exact"},"2023-09":{"txs":0,"uniq":0,"trade":0,"nft":0,"gas":0,"bal":0.002149,"days":0,"spread":0,"streak":0,"rank_m":163320,"pct_m":0.173644},"2023-10":{"txs":5,"uniq":4,"trade":0,"nft":4,"gas":0.000074,"bal":0.001896,"days":2,"spread":0.064516,"streak":1,"rank_m":82354,"pct_m":0.087559,"gas_method":"estimated"},"2023-11":{"txs":0,"uniq":0,"trade":0,"nft":0,"gas":0,"bal":0.001896,"days":0,"spread":0,"streak":0,"rank_m":177733,"pct_m":0.188968},"2023-12":{"txs":2,"uniq":2,"trade":0,"nft":2,"gas":0.000096,"bal":0.001459,"days":2,"spread":0.064516,"streak":1,"rank_m":119094,"pct_m":0.126622,"gas_method":"estimated"},"2024-01":{"txs":0,"uniq":0,"trade":0,"nft":0,"gas":0,"bal":0.001459,"days":0,"spread":0,"streak":0,"rank_m":216238,"pct_m":0.229907},"2024-02":{"txs":1,"uniq":1,"trade":0,"nft":1,"gas":0.000025,"bal":0.001318,"days":1,"spread":0.034483,"streak":1,"rank_m":230451,"pct_m":0.245019,"gas_method":"estimated"},"2024-03":{"txs":1,"uniq":1,"trade":0,"nft":1,"gas":0.000038,"bal":0.001292,"days":1,"spread":0.032258,"streak":1,"rank_m":322644,"pct_m":0.34304,"gas_method":"estimated"},"2024-04":{"txs":53,"uniq":22,"trade":0,"nft":6,"gas":0.000246,"bal":0.004911,"days":7,"spread":0.233333,"streak":2,"rank_m":145889,"pct_m":0.155111,"gas_method":"estimated"},"2024-05":{"txs":5,"uniq":5,"trade":0,"nft":5,"gas":0.000008,"bal":0.007966,"days":4,"spread":0.129032,"streak":2,"rank_m":242947,"pct_m":0.258305,"gas_method":"estimated"},"2024-06":{"txs":6,"uniq":4,"trade":0,"nft":3,"gas":0,"bal":0.005037,"days":4,"spread":0.133333,"streak":2,"rank_m":251076,"pct_m":0.266947,"gas_method":"estimated"},"2024-07":{"txs":4,"uniq":2,"trade":0,"nft":0,"gas":0.000001,"bal":0.001481,"days":3,"spread":0.096774,"streak":1,"rank_m":404869,"pct_m":0.430463,"gas_method":"estimated"},"2024-08":{"txs":24,"uniq":21,"trade":0,"nft":24,"gas":0.000004,"bal":0.002835,"days":9,"spread":0.290323,"streak":3,"rank_m":124910,"pct_m":0.132805,"gas_method":"estimated"},"2024-09":{"txs":10,"uniq":10,"trade":0,"nft":7,"gas":0.000001,"bal":0.001864,"days":9,"spread":0.3,"streak":6,"rank_m":148009,"pct_m":0.157365,"gas_method":"estimated"},"2024-10":{"txs":10,"uniq":8,"trade":0,"nft":7,"gas":0.000001,"bal":0.001234,"days":6,"spread":0.193548,"streak":2,"rank_m":240842,"pct_m":0.256066,"gas_method":"estimated"},"2024-11":{"txs":14,"uniq":3,"trade":0,"nft":0,"gas":0.00003,"bal":0.003225,"days":3,"spread":0.1,"streak":2,"rank_m":284450,"pct_m":0.302431,"gas_method":"exact"},"2024-12":{"txs":3,"uniq":2,"trade":0,"nft":0,"gas":0.000066,"bal":0.00321,"days":2,"spread":0.064516,"streak":1,"rank_m":464506,"pct_m":0.49387,"gas_method":"exact"},"2025-01":{"txs":4,"uniq":3,"trade":0,"nft":0,"gas":0.000104,"bal":0.003204,"days":4,"spread":0.129032,"streak":1,"rank_m":387906,"pct_m":0.412428,"gas_method":"exact"},"2025-02":{"txs":7,"uniq":6,"trade":0,"nft":0,"gas":0.000049,"bal":0.002483,"days":4,"spread":0.142857,"streak":2,"rank_m":248852,"pct_m":0.264583,"gas_method":"exact"},"2025-03":{"txs":0,"uniq":0,"trade":0,"nft":0,"gas":0,"bal":0.002483,"days":0,"spread":0,"streak":0,"rank_m":599214,"pct_m":0.637094},"2025-04":{"txs":5,"uniq":4,"trade":0,"nft":0,"gas":0.00003,"bal":0.001997,"days":3,"spread":0.1,"streak":1,"rank_m":333813,"pct_m":0.354915,"gas_method":"exact"},"2025-05":{"txs":1,"uniq":1,"trade":0,"nft":0,"gas":0.000007,"bal":0.001969,"days":1,"spread":0.032258,"streak":1,"rank_m":445056,"pct_m":0.47319,"gas_method":"estimated"},"2025-06":{"txs":0,"uniq":0,"trade":0,"nft":0,"gas":0,"bal":0.001969,"days":0,"spread":0,"streak":0,"rank_m":613146,"pct_m":0.651907},"2025-07":{"txs":2,"uniq":2,"trade":0,"nft":0,"gas":0.000014,"bal":0.001967,"days":2,"spread":0.064516,"streak":1,"rank_m":457651,"pct_m":0.486582,"gas_method":"estimated"},"2025-08":{"txs":1,"uniq":1,"trade":0,"nft":0,"gas":0.000007,"bal":0.001906,"days":1,"spread":0.032258,"streak":1,"rank_m":466618,"pct_m":0.496116,"gas_method":"estimated"},"2025-09":{"txs":15,"uniq":10,"trade":0,"nft":0,"gas":0.000106,"bal":0.001865,"days":3,"spread":0.1,"streak":1,"rank_m":317787,"pct_m":0.337876,"gas_method":"estimated"},"2025-10":{"txs":0,"uniq":0,"trade":0,"nft":0,"gas":0,"bal":0.001865,"days":0,"spread":0,"streak":0,"rank_m":506616,"pct_m":0.538642}}}