{"wallet":"0xcc276779abfd367c2ee8bce7533a50642e7e2682","rank":550883,"lifetime":{"months_active":22,"first":"2023-07","last":"2025-10","tx_sum":139,"uniq_sum":70,"trade_sum":3,"nft_sum":19,"gas_sum":0.001129,"avg_balance_eth_mean":0.002499,"streak_best_days":4,"gas_sum_filled":0.001129},"months":{"2023-07":{"txs":0,"uniq":0,"trade":0,"nft":0,"gas":0,"bal":0,"days":0,"spread":0,"streak":0,"rank_m":231598,"pct_m":0.246238},"2023-08":{"txs":0,"uniq":0,"trade":0,"nft":0,"gas":0,"bal":0,"days":0,"spread":0,"streak":0,"rank_m":322859,"pct_m":0.343268},"2023-09":{"txs":0,"uniq":0,"trade":0,"nft":0,"gas":0,"bal":0,"days":0,"spread":0,"streak":0,"rank_m":341100,"pct_m":0.362663},"2023-10":{"txs":7,"uniq":2,"trade":0,"nft":0,"gas":0.00006,"bal":0.001478,"days":3,"spread":0.096774,"streak":2,"rank_m":100863,"pct_m":0.107238,"gas_method":"estimated"},"2023-11":{"txs":1,"uniq":1,"trade":0,"nft":0,"gas":0.000015,"bal":0.001719,"days":1,"spread":0.033333,"streak":1,"rank_m":137167,"pct_m":0.145837,"gas_method":"estimated"},"2023-12":{"txs":1,"uniq":1,"trade":0,"nft":0,"gas":0.000028,"bal":0.0015,"days":1,"spread":0.032258,"streak":1,"rank_m":164477,"pct_m":0.174874,"gas_method":"estimated"},"2024-01":{"txs":2,"uniq":2,"trade":0,"nft":1,"gas":0.00002,"bal":0.002195,"days":2,"spread":0.064516,"streak":1,"rank_m":116416,"pct_m":0.123775,"gas_method":"exact"},"2024-02":{"txs":14,"uniq":9,"trade":1,"nft":1,"gas":0.000205,"bal":0.002041,"days":2,"spread":0.068966,"streak":1,"rank_m":114726,"pct_m":0.121978,"gas_method":"estimated"},"2024-03":{"txs":1,"uniq":1,"trade":0,"nft":1,"gas":0.000121,"bal":0.001929,"days":1,"spread":0.032258,"streak":1,"rank_m":280381,"pct_m":0.298105,"gas_method":"exact"},"2024-04":{"txs":2,"uniq":1,"trade":0,"nft":0,"gas":0.000005,"bal":0.001924,"days":1,"spread":0.033333,"streak":1,"rank_m":420033,"pct_m":0.446586,"gas_method":"estimated"},"2024-05":{"txs":2,"uniq":1,"trade":0,"nft":0,"gas":0.000002,"bal":0.001921,"days":1,"spread":0.032258,"streak":1,"rank_m":438221,"pct_m":0.465923,"gas_method":"estimated"},"2024-06":{"txs":2,"uniq":1,"trade":0,"nft":0,"gas":0,"bal":0.001923,"days":1,"spread":0.033333,"streak":1,"rank_m":445719,"pct_m":0.473895,"gas_method":"estimated"},"2024-07":{"txs":1,"uniq":1,"trade":0,"nft":1,"gas":0,"bal":0.001932,"days":1,"spread":0.032258,"streak":1,"rank_m":414193,"pct_m":0.440376,"gas_method":"estimated"},"2024-08":{"txs":12,"uniq":11,"trade":0,"nft":13,"gas":0.000001,"bal":0.001707,"days":4,"spread":0.129032,"streak":3,"rank_m":227558,"pct_m":0.241943,"gas_method":"estimated"},"2024-09":{"txs":1,"uniq":1,"trade":0,"nft":1,"gas":0,"bal":0.000811,"days":1,"spread":0.033333,"streak":1,"rank_m":408276,"pct_m":0.434085,"gas_method":"estimated"},"2024-10":{"txs":1,"uniq":1,"trade":0,"nft":1,"gas":0,"bal":0.000809,"days":1,"spread":0.032258,"streak":1,"rank_m":464801,"pct_m":0.494184,"gas_method":"estimated"},"2024-11":{"txs":3,"uniq":2,"trade":0,"nft":0,"gas":0.000005,"bal":0.000846,"days":2,"spread":0.066667,"streak":1,"rank_m":443910,"pct_m":0.471972,"gas_method":"exact"},"2024-12":{"txs":3,"uniq":3,"trade":0,"nft":0,"gas":0.000066,"bal":0.000981,"days":2,"spread":0.064516,"streak":1,"rank_m":485944,"pct_m":0.516663,"gas_method":"exact"},"2025-01":{"txs":0,"uniq":0,"trade":0,"nft":0,"gas":0,"bal":0.000981,"days":0,"spread":0,"streak":0,"rank_m":633214,"pct_m":0.673243},"2025-02":{"txs":1,"uniq":1,"trade":0,"nft":0,"gas":0.000007,"bal":0.00098,"days":1,"spread":0.035714,"streak":1,"rank_m":492428,"pct_m":0.523557,"gas_method":"exact"},"2025-03":{"txs":0,"uniq":0,"trade":0,"nft":0,"gas":0,"bal":0.00098,"days":0,"spread":0,"streak":0,"rank_m":642981,"pct_m":0.683628},"2025-04":{"txs":4,"uniq":2,"trade":0,"nft":0,"gas":0.000024,"bal":0.000961,"days":4,"spread":0.133333,"streak":2,"rank_m":363843,"pct_m":0.386843,"gas_method":"exact"},"2025-05":{"txs":9,"uniq":5,"trade":0,"nft":0,"gas":0.000063,"bal":0.000484,"days":7,"spread":0.225806,"streak":3,"rank_m":360498,"pct_m":0.383287,"gas_method":"estimated"},"2025-06":{"txs":0,"uniq":0,"trade":0,"nft":0,"gas":0,"bal":0.000484,"days":0,"spread":0,"streak":0,"rank_m":711818,"pct_m":0.756817},"2025-07":{"txs":13,"uniq":7,"trade":0,"nft":0,"gas":0.000091,"bal":0.003586,"days":7,"spread":0.225806,"streak":4,"rank_m":266126,"pct_m":0.282949,"gas_method":"estimated"},"2025-08":{"txs":18,"uniq":8,"trade":2,"nft":0,"gas":0.000127,"bal":0.005079,"days":9,"spread":0.290323,"streak":1,"rank_m":154076,"pct_m":0.163815,"gas_method":"estimated"},"2025-09":{"txs":26,"uniq":8,"trade":0,"nft":0,"gas":0.000183,"bal":0.012397,"days":10,"spread":0.333333,"streak":2,"rank_m":98160,"pct_m":0.104364,"gas_method":"estimated"},"2025-10":{"txs":15,"uniq":1,"trade":0,"nft":0,"gas":0.000106,"bal":0.020322,"days":8,"spread":0.258065,"streak":3,"rank_m":68677,"pct_m":0.073018,"gas_method":"estimated"}}}