{"wallet":"0xcc34aa1c34594a3e390705754271bf1f29771fd9","rank":37356,"lifetime":{"months_active":8,"first":"2023-07","last":"2025-10","tx_sum":8557,"uniq_sum":195,"trade_sum":66,"nft_sum":12,"gas_sum":0.579768,"avg_balance_eth_mean":0.393235,"streak_best_days":15,"gas_sum_filled":0.579768},"months":{"2023-07":{"txs":64,"uniq":20,"trade":0,"nft":0,"gas":0.023141,"bal":0.077687,"days":2,"spread":0.064516,"streak":2,"rank_m":1943,"pct_m":0.002065,"gas_method":"exact"},"2023-08":{"txs":2,"uniq":21,"trade":0,"nft":0,"gas":0.000058,"bal":0.378423,"days":2,"spread":0.064516,"streak":1,"rank_m":95242,"pct_m":0.101262,"gas_method":"exact"},"2023-09":{"txs":0,"uniq":0,"trade":0,"nft":0,"gas":0,"bal":0.378423,"days":0,"spread":0,"streak":0,"rank_m":149657,"pct_m":0.159117},"2023-10":{"txs":0,"uniq":0,"trade":0,"nft":0,"gas":0,"bal":0.378423,"days":0,"spread":0,"streak":0,"rank_m":149908,"pct_m":0.159384},"2023-11":{"txs":0,"uniq":0,"trade":0,"nft":0,"gas":0,"bal":0.378423,"days":0,"spread":0,"streak":0,"rank_m":155560,"pct_m":0.165393},"2023-12":{"txs":5,"uniq":2,"trade":0,"nft":0,"gas":0.000419,"bal":0.348845,"days":3,"spread":0.096774,"streak":2,"rank_m":53744,"pct_m":0.057141,"gas_method":"estimated"},"2024-01":{"txs":2,"uniq":1,"trade":0,"nft":0,"gas":0.000156,"bal":0.578818,"days":2,"spread":0.064516,"streak":1,"rank_m":108680,"pct_m":0.115549,"gas_method":"estimated"},"2024-02":{"txs":145,"uniq":35,"trade":26,"nft":10,"gas":0.006392,"bal":0.657153,"days":12,"spread":0.413793,"streak":5,"rank_m":1957,"pct_m":0.00208,"gas_method":"estimated"},"2024-03":{"txs":8315,"uniq":109,"trade":40,"nft":2,"gas":0.549529,"bal":0.785076,"days":25,"spread":0.806452,"streak":15,"rank_m":1086,"pct_m":0.001154,"gas_method":"estimated"},"2024-04":{"txs":0,"uniq":0,"trade":0,"nft":0,"gas":0,"bal":0.785076,"days":0,"spread":0,"streak":0,"rank_m":392381,"pct_m":0.417185},"2024-05":{"txs":0,"uniq":0,"trade":0,"nft":0,"gas":0,"bal":0.785076,"days":0,"spread":0,"streak":0,"rank_m":402097,"pct_m":0.427516},"2024-06":{"txs":0,"uniq":0,"trade":0,"nft":0,"gas":0,"bal":0.785076,"days":0,"spread":0,"streak":0,"rank_m":401504,"pct_m":0.426885},"2024-07":{"txs":0,"uniq":0,"trade":0,"nft":0,"gas":0,"bal":0.785076,"days":0,"spread":0,"streak":0,"rank_m":394463,"pct_m":0.419399},"2024-08":{"txs":0,"uniq":0,"trade":0,"nft":0,"gas":0,"bal":0.785076,"days":0,"spread":0,"streak":0,"rank_m":396437,"pct_m":0.421498},"2024-09":{"txs":0,"uniq":0,"trade":0,"nft":0,"gas":0,"bal":0.785076,"days":0,"spread":0,"streak":0,"rank_m":350845,"pct_m":0.373024},"2024-10":{"txs":0,"uniq":0,"trade":0,"nft":0,"gas":0,"bal":0.785076,"days":0,"spread":0,"streak":0,"rank_m":402643,"pct_m":0.428096},"2024-11":{"txs":23,"uniq":6,"trade":0,"nft":0,"gas":0.000051,"bal":0.167976,"days":3,"spread":0.1,"streak":2,"rank_m":154252,"pct_m":0.164002,"gas_method":"exact"},"2024-12":{"txs":1,"uniq":1,"trade":0,"nft":0,"gas":0.000022,"bal":0.125982,"days":1,"spread":0.032258,"streak":1,"rank_m":449621,"pct_m":0.478044,"gas_method":"exact"},"2025-01":{"txs":0,"uniq":0,"trade":0,"nft":0,"gas":0,"bal":0.125982,"days":0,"spread":0,"streak":0,"rank_m":520155,"pct_m":0.553037},"2025-02":{"txs":0,"uniq":0,"trade":0,"nft":0,"gas":0,"bal":0.125982,"days":0,"spread":0,"streak":0,"rank_m":496288,"pct_m":0.527661},"2025-03":{"txs":0,"uniq":0,"trade":0,"nft":0,"gas":0,"bal":0.125982,"days":0,"spread":0,"streak":0,"rank_m":469174,"pct_m":0.498833},"2025-04":{"txs":0,"uniq":0,"trade":0,"nft":0,"gas":0,"bal":0.125982,"days":0,"spread":0,"streak":0,"rank_m":509802,"pct_m":0.54203},"2025-05":{"txs":0,"uniq":0,"trade":0,"nft":0,"gas":0,"bal":0.125982,"days":0,"spread":0,"streak":0,"rank_m":329351,"pct_m":0.350171},"2025-06":{"txs":0,"uniq":0,"trade":0,"nft":0,"gas":0,"bal":0.125982,"days":0,"spread":0,"streak":0,"rank_m":334748,"pct_m":0.355909},"2025-07":{"txs":0,"uniq":0,"trade":0,"nft":0,"gas":0,"bal":0.125982,"days":0,"spread":0,"streak":0,"rank_m":365399,"pct_m":0.388498},"2025-08":{"txs":0,"uniq":0,"trade":0,"nft":0,"gas":0,"bal":0.125982,"days":0,"spread":0,"streak":0,"rank_m":340641,"pct_m":0.362175},"2025-09":{"txs":0,"uniq":0,"trade":0,"nft":0,"gas":0,"bal":0.125982,"days":0,"spread":0,"streak":0,"rank_m":343654,"pct_m":0.365378},"2025-10":{"txs":0,"uniq":0,"trade":0,"nft":0,"gas":0,"bal":0.125982,"days":0,"spread":0,"streak":0,"rank_m":232959,"pct_m":0.247685}}}