{"wallet":"0xcca6371767aec7d3495d50e3dd39b67d85eef35e","rank":228180,"lifetime":{"months_active":18,"first":"2023-07","last":"2025-10","tx_sum":184,"uniq_sum":130,"trade_sum":8,"nft_sum":96,"gas_sum":0.003185,"avg_balance_eth_mean":0.004049,"streak_best_days":7,"gas_sum_filled":0.003185},"months":{"2023-07":{"txs":0,"uniq":0,"trade":0,"nft":0,"gas":0,"bal":0,"days":0,"spread":0,"streak":0,"rank_m":229913,"pct_m":0.244447},"2023-08":{"txs":0,"uniq":0,"trade":0,"nft":0,"gas":0,"bal":0,"days":0,"spread":0,"streak":0,"rank_m":321389,"pct_m":0.341705},"2023-09":{"txs":22,"uniq":13,"trade":2,"nft":6,"gas":0.001816,"bal":0.005069,"days":11,"spread":0.366667,"streak":3,"rank_m":14493,"pct_m":0.015408,"gas_method":"exact"},"2023-10":{"txs":7,"uniq":6,"trade":6,"nft":2,"gas":0.000112,"bal":0.004229,"days":4,"spread":0.129032,"streak":2,"rank_m":44079,"pct_m":0.046865,"gas_method":"estimated"},"2023-11":{"txs":1,"uniq":1,"trade":0,"nft":0,"gas":0.000028,"bal":0.006558,"days":1,"spread":0.033333,"streak":1,"rank_m":111653,"pct_m":0.11871,"gas_method":"estimated"},"2023-12":{"txs":9,"uniq":4,"trade":0,"nft":0,"gas":0.000468,"bal":0.006866,"days":2,"spread":0.064516,"streak":1,"rank_m":79088,"pct_m":0.084087,"gas_method":"estimated"},"2024-01":{"txs":6,"uniq":4,"trade":0,"nft":1,"gas":0.000291,"bal":0.006442,"days":2,"spread":0.064516,"streak":2,"rank_m":82462,"pct_m":0.087674,"gas_method":"estimated"},"2024-02":{"txs":8,"uniq":6,"trade":0,"nft":1,"gas":0.000219,"bal":0.007526,"days":4,"spread":0.137931,"streak":2,"rank_m":97927,"pct_m":0.104117,"gas_method":"estimated"},"2024-03":{"txs":8,"uniq":5,"trade":0,"nft":0,"gas":0.000077,"bal":0.006822,"days":4,"spread":0.129032,"streak":2,"rank_m":176926,"pct_m":0.18811,"gas_method":"exact"},"2024-04":{"txs":4,"uniq":2,"trade":0,"nft":0,"gas":0.00002,"bal":0.008667,"days":2,"spread":0.066667,"streak":1,"rank_m":358399,"pct_m":0.381055,"gas_method":"estimated"},"2024-05":{"txs":6,"uniq":3,"trade":0,"nft":1,"gas":0.00001,"bal":0.006787,"days":4,"spread":0.129032,"streak":2,"rank_m":292193,"pct_m":0.310664,"gas_method":"estimated"},"2024-06":{"txs":4,"uniq":1,"trade":0,"nft":0,"gas":0,"bal":0.006675,"days":3,"spread":0.1,"streak":2,"rank_m":340680,"pct_m":0.362216,"gas_method":"estimated"},"2024-07":{"txs":27,"uniq":22,"trade":0,"nft":26,"gas":0.000007,"bal":0.006201,"days":7,"spread":0.225806,"streak":3,"rank_m":80545,"pct_m":0.085636,"gas_method":"estimated"},"2024-08":{"txs":68,"uniq":53,"trade":0,"nft":56,"gas":0.000013,"bal":0.006826,"days":19,"spread":0.612903,"streak":6,"rank_m":34059,"pct_m":0.036211,"gas_method":"estimated"},"2024-09":{"txs":6,"uniq":3,"trade":0,"nft":3,"gas":0.000001,"bal":0.005014,"days":5,"spread":0.166667,"streak":1,"rank_m":217425,"pct_m":0.231169,"gas_method":"estimated"},"2024-10":{"txs":0,"uniq":0,"trade":0,"nft":0,"gas":0,"bal":0.005014,"days":0,"spread":0,"streak":0,"rank_m":516795,"pct_m":0.549465},"2024-11":{"txs":0,"uniq":0,"trade":0,"nft":0,"gas":0,"bal":0.005014,"days":0,"spread":0,"streak":0,"rank_m":538947,"pct_m":0.573017},"2024-12":{"txs":2,"uniq":2,"trade":0,"nft":0,"gas":0.000044,"bal":0.006582,"days":1,"spread":0.032258,"streak":1,"rank_m":476004,"pct_m":0.506095,"gas_method":"exact"},"2025-01":{"txs":2,"uniq":1,"trade":0,"nft":0,"gas":0.000052,"bal":0.005524,"days":1,"spread":0.032258,"streak":1,"rank_m":461572,"pct_m":0.490751,"gas_method":"exact"},"2025-02":{"txs":0,"uniq":0,"trade":0,"nft":0,"gas":0,"bal":0.005524,"days":0,"spread":0,"streak":0,"rank_m":580987,"pct_m":0.617715},"2025-03":{"txs":1,"uniq":1,"trade":0,"nft":0,"gas":0.000008,"bal":0.000892,"days":1,"spread":0.032258,"streak":1,"rank_m":463981,"pct_m":0.493312,"gas_method":"exact"},"2025-04":{"txs":2,"uniq":2,"trade":0,"nft":0,"gas":0.000012,"bal":0.000211,"days":1,"spread":0.033333,"streak":1,"rank_m":500683,"pct_m":0.532334,"gas_method":"exact"},"2025-05":{"txs":0,"uniq":0,"trade":0,"nft":0,"gas":0,"bal":0.000211,"days":0,"spread":0,"streak":0,"rank_m":752423,"pct_m":0.799989},"2025-06":{"txs":0,"uniq":0,"trade":0,"nft":0,"gas":0,"bal":0.000211,"days":0,"spread":0,"streak":0,"rank_m":750808,"pct_m":0.798271},"2025-07":{"txs":1,"uniq":1,"trade":0,"nft":0,"gas":0.000007,"bal":0.000126,"days":1,"spread":0.032258,"streak":1,"rank_m":645333,"pct_m":0.686129,"gas_method":"estimated"},"2025-08":{"txs":0,"uniq":0,"trade":0,"nft":0,"gas":0,"bal":0.000126,"days":0,"spread":0,"streak":0,"rank_m":794262,"pct_m":0.844472},"2025-09":{"txs":0,"uniq":0,"trade":0,"nft":0,"gas":0,"bal":0.000126,"days":0,"spread":0,"streak":0,"rank_m":788543,"pct_m":0.838392},"2025-10":{"txs":0,"uniq":0,"trade":0,"nft":0,"gas":0,"bal":0.000126,"days":0,"spread":0,"streak":0,"rank_m":734199,"pct_m":0.780612}}}