{"wallet":"0xccb484de6c708f7b47a335244054c1e368b1a228","rank":528883,"lifetime":{"months_active":14,"first":"2023-07","last":"2025-10","tx_sum":154,"uniq_sum":96,"trade_sum":4,"nft_sum":38,"gas_sum":0.000861,"avg_balance_eth_mean":0.002101,"streak_best_days":3,"gas_sum_filled":0.000861},"months":{"2023-07":{"txs":0,"uniq":0,"trade":0,"nft":0,"gas":0,"bal":0,"days":0,"spread":0,"streak":0,"rank_m":229715,"pct_m":0.244236},"2023-08":{"txs":0,"uniq":0,"trade":0,"nft":0,"gas":0,"bal":0,"days":0,"spread":0,"streak":0,"rank_m":321209,"pct_m":0.341514},"2023-09":{"txs":0,"uniq":0,"trade":0,"nft":0,"gas":0,"bal":0,"days":0,"spread":0,"streak":0,"rank_m":339244,"pct_m":0.360689},"2023-10":{"txs":0,"uniq":0,"trade":0,"nft":0,"gas":0,"bal":0,"days":0,"spread":0,"streak":0,"rank_m":357546,"pct_m":0.380148},"2023-11":{"txs":0,"uniq":0,"trade":0,"nft":0,"gas":0,"bal":0,"days":0,"spread":0,"streak":0,"rank_m":374216,"pct_m":0.397872},"2023-12":{"txs":0,"uniq":0,"trade":0,"nft":0,"gas":0,"bal":0,"days":0,"spread":0,"streak":0,"rank_m":395846,"pct_m":0.420869},"2024-01":{"txs":0,"uniq":0,"trade":0,"nft":0,"gas":0,"bal":0,"days":0,"spread":0,"streak":0,"rank_m":413137,"pct_m":0.439254},"2024-02":{"txs":4,"uniq":1,"trade":0,"nft":0,"gas":0.00004,"bal":0.000101,"days":1,"spread":0.034483,"streak":1,"rank_m":267619,"pct_m":0.284536,"gas_method":"estimated"},"2024-03":{"txs":2,"uniq":1,"trade":0,"nft":0,"gas":0.00026,"bal":0.000127,"days":1,"spread":0.032258,"streak":1,"rank_m":316907,"pct_m":0.33694,"gas_method":"exact"},"2024-04":{"txs":44,"uniq":25,"trade":0,"nft":9,"gas":0.000081,"bal":0.003807,"days":5,"spread":0.166667,"streak":2,"rank_m":167182,"pct_m":0.17775,"gas_method":"estimated"},"2024-05":{"txs":9,"uniq":7,"trade":0,"nft":4,"gas":0.000032,"bal":0.00589,"days":4,"spread":0.129032,"streak":1,"rank_m":209881,"pct_m":0.223148,"gas_method":"exact"},"2024-06":{"txs":15,"uniq":8,"trade":2,"nft":0,"gas":0.000002,"bal":0.005715,"days":4,"spread":0.133333,"streak":3,"rank_m":109003,"pct_m":0.115893,"gas_method":"exact"},"2024-07":{"txs":11,"uniq":6,"trade":0,"nft":0,"gas":0.000001,"bal":0.005684,"days":3,"spread":0.096774,"streak":1,"rank_m":281572,"pct_m":0.299371,"gas_method":"estimated"},"2024-08":{"txs":16,"uniq":14,"trade":0,"nft":15,"gas":0.000001,"bal":0.005321,"days":6,"spread":0.193548,"streak":2,"rank_m":150846,"pct_m":0.160381,"gas_method":"estimated"},"2024-09":{"txs":18,"uniq":13,"trade":0,"nft":8,"gas":0.000003,"bal":0.003526,"days":5,"spread":0.166667,"streak":2,"rank_m":70521,"pct_m":0.074978,"gas_method":"exact"},"2024-10":{"txs":0,"uniq":0,"trade":0,"nft":0,"gas":0,"bal":0.003526,"days":0,"spread":0,"streak":0,"rank_m":535181,"pct_m":0.569013},"2024-11":{"txs":10,"uniq":7,"trade":1,"nft":0,"gas":0.000023,"bal":0.00333,"days":3,"spread":0.1,"streak":1,"rank_m":252378,"pct_m":0.268332,"gas_method":"exact"},"2024-12":{"txs":4,"uniq":3,"trade":0,"nft":0,"gas":0.000088,"bal":0.002942,"days":2,"spread":0.064516,"streak":2,"rank_m":420801,"pct_m":0.447402,"gas_method":"exact"},"2025-01":{"txs":10,"uniq":5,"trade":1,"nft":0,"gas":0.00026,"bal":0.002307,"days":2,"spread":0.064516,"streak":1,"rank_m":301732,"pct_m":0.320806,"gas_method":"exact"},"2025-02":{"txs":4,"uniq":2,"trade":0,"nft":0,"gas":0.000028,"bal":0.002139,"days":1,"spread":0.035714,"streak":1,"rank_m":399861,"pct_m":0.425138,"gas_method":"exact"},"2025-03":{"txs":3,"uniq":2,"trade":0,"nft":0,"gas":0.000024,"bal":0.002128,"days":1,"spread":0.032258,"streak":1,"rank_m":392964,"pct_m":0.417805,"gas_method":"exact"},"2025-04":{"txs":4,"uniq":2,"trade":0,"nft":2,"gas":0.000018,"bal":0.001755,"days":3,"spread":0.1,"streak":1,"rank_m":344617,"pct_m":0.366402,"gas_method":"exact"},"2025-05":{"txs":0,"uniq":0,"trade":0,"nft":0,"gas":0,"bal":0.001755,"days":0,"spread":0,"streak":0,"rank_m":615572,"pct_m":0.654486},"2025-06":{"txs":0,"uniq":0,"trade":0,"nft":0,"gas":0,"bal":0.001755,"days":0,"spread":0,"streak":0,"rank_m":620468,"pct_m":0.659692},"2025-07":{"txs":0,"uniq":0,"trade":0,"nft":0,"gas":0,"bal":0.001755,"days":0,"spread":0,"streak":0,"rank_m":638064,"pct_m":0.6784},"2025-08":{"txs":0,"uniq":0,"trade":0,"nft":0,"gas":0,"bal":0.001755,"days":0,"spread":0,"streak":0,"rank_m":617251,"pct_m":0.656271},"2025-09":{"txs":0,"uniq":0,"trade":0,"nft":0,"gas":0,"bal":0.001755,"days":0,"spread":0,"streak":0,"rank_m":603602,"pct_m":0.641759},"2025-10":{"txs":0,"uniq":0,"trade":0,"nft":0,"gas":0,"bal":0.001755,"days":0,"spread":0,"streak":0,"rank_m":511022,"pct_m":0.543327}}}