{"wallet":"0xcc2b11e154bec475a8863c9b7b6a1056d61dec32","rank":121600,"lifetime":{"months_active":23,"first":"2023-07","last":"2025-10","tx_sum":301,"uniq_sum":133,"trade_sum":6,"nft_sum":72,"gas_sum":0.003507,"avg_balance_eth_mean":0.004003,"streak_best_days":20,"gas_sum_filled":0.003507},"months":{"2023-07":{"txs":3,"uniq":1,"trade":0,"nft":0,"gas":0.000303,"bal":0.001922,"days":1,"spread":0.032258,"streak":1,"rank_m":33184,"pct_m":0.035281,"gas_method":"estimated"},"2023-08":{"txs":5,"uniq":4,"trade":0,"nft":3,"gas":0.000773,"bal":0.011043,"days":2,"spread":0.064516,"streak":1,"rank_m":92471,"pct_m":0.098316,"gas_method":"exact"},"2023-09":{"txs":0,"uniq":0,"trade":0,"nft":0,"gas":0,"bal":0.011043,"days":0,"spread":0,"streak":0,"rank_m":152790,"pct_m":0.162448},"2023-10":{"txs":0,"uniq":0,"trade":0,"nft":0,"gas":0,"bal":0.011043,"days":0,"spread":0,"streak":0,"rank_m":156813,"pct_m":0.166725},"2023-11":{"txs":29,"uniq":6,"trade":0,"nft":4,"gas":0.000194,"bal":0.006237,"days":23,"spread":0.766667,"streak":10,"rank_m":11432,"pct_m":0.012154,"gas_method":"exact"},"2023-12":{"txs":29,"uniq":12,"trade":1,"nft":9,"gas":0.000744,"bal":0.002567,"days":12,"spread":0.387097,"streak":7,"rank_m":25517,"pct_m":0.027129,"gas_method":"estimated"},"2024-01":{"txs":25,"uniq":4,"trade":0,"nft":3,"gas":0.00046,"bal":0.003489,"days":23,"spread":0.741935,"streak":20,"rank_m":22787,"pct_m":0.024226,"gas_method":"exact"},"2024-02":{"txs":21,"uniq":10,"trade":0,"nft":11,"gas":0.000162,"bal":0.001895,"days":6,"spread":0.206897,"streak":3,"rank_m":47763,"pct_m":0.050781,"gas_method":"exact"},"2024-03":{"txs":11,"uniq":5,"trade":0,"nft":5,"gas":0.000223,"bal":0.003836,"days":5,"spread":0.16129,"streak":2,"rank_m":168365,"pct_m":0.179008,"gas_method":"estimated"},"2024-04":{"txs":88,"uniq":27,"trade":4,"nft":13,"gas":0.00022,"bal":0.003978,"days":13,"spread":0.433333,"streak":5,"rank_m":74660,"pct_m":0.079379,"gas_method":"estimated"},"2024-05":{"txs":23,"uniq":14,"trade":0,"nft":8,"gas":0.000009,"bal":0.002193,"days":13,"spread":0.419355,"streak":4,"rank_m":101174,"pct_m":0.107569,"gas_method":"exact"},"2024-06":{"txs":26,"uniq":15,"trade":0,"nft":6,"gas":0.000001,"bal":0.001925,"days":9,"spread":0.3,"streak":4,"rank_m":147146,"pct_m":0.156447,"gas_method":"estimated"},"2024-07":{"txs":2,"uniq":2,"trade":0,"nft":4,"gas":0,"bal":0.003465,"days":2,"spread":0.064516,"streak":1,"rank_m":334711,"pct_m":0.35587,"gas_method":"estimated"},"2024-08":{"txs":2,"uniq":2,"trade":0,"nft":2,"gas":0,"bal":0.003128,"days":2,"spread":0.064516,"streak":1,"rank_m":364595,"pct_m":0.387643,"gas_method":"estimated"},"2024-09":{"txs":1,"uniq":1,"trade":0,"nft":1,"gas":0,"bal":0.002672,"days":1,"spread":0.033333,"streak":1,"rank_m":360199,"pct_m":0.382969,"gas_method":"estimated"},"2024-10":{"txs":1,"uniq":1,"trade":0,"nft":0,"gas":0,"bal":0.002469,"days":1,"spread":0.032258,"streak":1,"rank_m":456283,"pct_m":0.485127,"gas_method":"estimated"},"2024-11":{"txs":3,"uniq":3,"trade":0,"nft":0,"gas":0.000007,"bal":0.001535,"days":2,"spread":0.066667,"streak":1,"rank_m":412754,"pct_m":0.438846,"gas_method":"exact"},"2024-12":{"txs":7,"uniq":6,"trade":1,"nft":2,"gas":0.000154,"bal":0.000659,"days":7,"spread":0.225806,"streak":2,"rank_m":304464,"pct_m":0.323711,"gas_method":"exact"},"2025-01":{"txs":4,"uniq":4,"trade":0,"nft":0,"gas":0.000104,"bal":0.000155,"days":2,"spread":0.064516,"streak":1,"rank_m":475595,"pct_m":0.50566,"gas_method":"exact"},"2025-02":{"txs":0,"uniq":0,"trade":0,"nft":0,"gas":0,"bal":0.000155,"days":0,"spread":0,"streak":0,"rank_m":713523,"pct_m":0.758629},"2025-03":{"txs":8,"uniq":7,"trade":0,"nft":0,"gas":0.000063,"bal":0.001098,"days":3,"spread":0.096774,"streak":3,"rank_m":260760,"pct_m":0.277244,"gas_method":"exact"},"2025-04":{"txs":1,"uniq":1,"trade":0,"nft":0,"gas":0.000006,"bal":0.000814,"days":1,"spread":0.033333,"streak":1,"rank_m":505371,"pct_m":0.537318,"gas_method":"exact"},"2025-05":{"txs":1,"uniq":1,"trade":0,"nft":1,"gas":0.000007,"bal":0.000754,"days":1,"spread":0.032258,"streak":1,"rank_m":427090,"pct_m":0.454089,"gas_method":"estimated"},"2025-06":{"txs":4,"uniq":3,"trade":0,"nft":0,"gas":0.000028,"bal":0.000797,"days":1,"spread":0.033333,"streak":1,"rank_m":509282,"pct_m":0.541477,"gas_method":"estimated"},"2025-07":{"txs":1,"uniq":1,"trade":0,"nft":0,"gas":0.000007,"bal":0.003816,"days":1,"spread":0.032258,"streak":1,"rank_m":449052,"pct_m":0.477439,"gas_method":"estimated"},"2025-08":{"txs":0,"uniq":0,"trade":0,"nft":0,"gas":0,"bal":0.003816,"days":0,"spread":0,"streak":0,"rank_m":562914,"pct_m":0.598499},"2025-09":{"txs":6,"uniq":3,"trade":0,"nft":0,"gas":0.000042,"bal":0.012794,"days":1,"spread":0.033333,"streak":1,"rank_m":274776,"pct_m":0.292146,"gas_method":"estimated"},"2025-10":{"txs":0,"uniq":0,"trade":0,"nft":0,"gas":0,"bal":0.012794,"days":0,"spread":0,"streak":0,"rank_m":329179,"pct_m":0.349988}}}