{"wallet":"0xcc9baa200e9ab3fe7512f022126f15e9a1a64739","rank":123025,"lifetime":{"months_active":24,"first":"2023-07","last":"2025-10","tx_sum":1726,"uniq_sum":101,"trade_sum":5,"nft_sum":26,"gas_sum":0.001889,"avg_balance_eth_mean":0.001932,"streak_best_days":22,"gas_sum_filled":0.001889},"months":{"2023-07":{"txs":0,"uniq":0,"trade":0,"nft":0,"gas":0,"bal":0,"days":0,"spread":0,"streak":0,"rank_m":230049,"pct_m":0.244591},"2023-08":{"txs":0,"uniq":0,"trade":0,"nft":0,"gas":0,"bal":0,"days":0,"spread":0,"streak":0,"rank_m":321507,"pct_m":0.341831},"2023-09":{"txs":1,"uniq":1,"trade":0,"nft":1,"gas":0.000022,"bal":0.000987,"days":1,"spread":0.033333,"streak":1,"rank_m":119567,"pct_m":0.127125,"gas_method":"exact"},"2023-10":{"txs":5,"uniq":4,"trade":0,"nft":2,"gas":0.000029,"bal":0.001011,"days":3,"spread":0.096774,"streak":1,"rank_m":93087,"pct_m":0.098971,"gas_method":"estimated"},"2023-11":{"txs":2,"uniq":1,"trade":0,"nft":0,"gas":0.00002,"bal":0.000211,"days":1,"spread":0.033333,"streak":1,"rank_m":158770,"pct_m":0.168806,"gas_method":"estimated"},"2023-12":{"txs":10,"uniq":7,"trade":1,"nft":1,"gas":0.000116,"bal":0.000606,"days":5,"spread":0.16129,"streak":3,"rank_m":42577,"pct_m":0.045268,"gas_method":"exact"},"2024-01":{"txs":1,"uniq":1,"trade":0,"nft":0,"gas":0.000046,"bal":0.002157,"days":1,"spread":0.032258,"streak":1,"rank_m":145254,"pct_m":0.154436,"gas_method":"exact"},"2024-02":{"txs":6,"uniq":3,"trade":0,"nft":1,"gas":0.000135,"bal":0.001076,"days":4,"spread":0.137931,"streak":2,"rank_m":130938,"pct_m":0.139215,"gas_method":"exact"},"2024-03":{"txs":13,"uniq":4,"trade":0,"nft":1,"gas":0.00019,"bal":0.001729,"days":2,"spread":0.064516,"streak":1,"rank_m":253864,"pct_m":0.269912,"gas_method":"estimated"},"2024-04":{"txs":79,"uniq":19,"trade":2,"nft":9,"gas":0.000142,"bal":0.002021,"days":4,"spread":0.133333,"streak":2,"rank_m":172846,"pct_m":0.183772,"gas_method":"estimated"},"2024-05":{"txs":4,"uniq":2,"trade":0,"nft":0,"gas":0.000002,"bal":0.003233,"days":2,"spread":0.064516,"streak":1,"rank_m":398457,"pct_m":0.423646,"gas_method":"estimated"},"2024-06":{"txs":3,"uniq":3,"trade":0,"nft":2,"gas":0,"bal":0.001597,"days":1,"spread":0.033333,"streak":1,"rank_m":393575,"pct_m":0.418455,"gas_method":"estimated"},"2024-07":{"txs":337,"uniq":3,"trade":0,"nft":2,"gas":0.000031,"bal":0.001322,"days":14,"spread":0.451613,"streak":5,"rank_m":175805,"pct_m":0.186918,"gas_method":"estimated"},"2024-08":{"txs":604,"uniq":6,"trade":0,"nft":4,"gas":0.000032,"bal":0.000698,"days":25,"spread":0.806452,"streak":22,"rank_m":79881,"pct_m":0.08493,"gas_method":"exact"},"2024-09":{"txs":429,"uniq":3,"trade":0,"nft":1,"gas":0.000004,"bal":0.000672,"days":26,"spread":0.866667,"streak":10,"rank_m":93377,"pct_m":0.099279,"gas_method":"exact"},"2024-10":{"txs":96,"uniq":3,"trade":0,"nft":2,"gas":0.000017,"bal":0.000357,"days":6,"spread":0.193548,"streak":5,"rank_m":163246,"pct_m":0.173565,"gas_method":"exact"},"2024-11":{"txs":9,"uniq":5,"trade":0,"nft":0,"gas":0.000016,"bal":0.002457,"days":4,"spread":0.133333,"streak":2,"rank_m":301217,"pct_m":0.320258,"gas_method":"exact"},"2024-12":{"txs":18,"uniq":9,"trade":0,"nft":0,"gas":0.000397,"bal":0.00158,"days":8,"spread":0.258065,"streak":1,"rank_m":269437,"pct_m":0.286469,"gas_method":"exact"},"2025-01":{"txs":1,"uniq":1,"trade":0,"nft":0,"gas":0.000026,"bal":0.00003,"days":1,"spread":0.032258,"streak":1,"rank_m":570634,"pct_m":0.606707,"gas_method":"exact"},"2025-02":{"txs":13,"uniq":3,"trade":0,"nft":0,"gas":0.000049,"bal":0.006436,"days":5,"spread":0.178571,"streak":1,"rank_m":236895,"pct_m":0.25187,"gas_method":"exact"},"2025-03":{"txs":7,"uniq":3,"trade":0,"nft":0,"gas":0.00004,"bal":0.002381,"days":3,"spread":0.096774,"streak":1,"rank_m":314150,"pct_m":0.334009,"gas_method":"exact"},"2025-04":{"txs":21,"uniq":7,"trade":0,"nft":0,"gas":0.000103,"bal":0.002431,"days":7,"spread":0.233333,"streak":1,"rank_m":163144,"pct_m":0.173457,"gas_method":"exact"},"2025-05":{"txs":3,"uniq":1,"trade":0,"nft":0,"gas":0.000021,"bal":0.001571,"days":1,"spread":0.032258,"streak":1,"rank_m":445145,"pct_m":0.473285,"gas_method":"estimated"},"2025-06":{"txs":20,"uniq":5,"trade":2,"nft":0,"gas":0.000141,"bal":0.004309,"days":5,"spread":0.166667,"streak":3,"rank_m":182557,"pct_m":0.194097,"gas_method":"estimated"},"2025-07":{"txs":3,"uniq":3,"trade":0,"nft":0,"gas":0.000021,"bal":0.004466,"days":2,"spread":0.064516,"streak":1,"rank_m":380988,"pct_m":0.405072,"gas_method":"estimated"},"2025-08":{"txs":0,"uniq":0,"trade":0,"nft":0,"gas":0,"bal":0.004466,"days":0,"spread":0,"streak":0,"rank_m":547456,"pct_m":0.582064},"2025-09":{"txs":0,"uniq":0,"trade":0,"nft":0,"gas":0,"bal":0.004466,"days":0,"spread":0,"streak":0,"rank_m":538311,"pct_m":0.572341},"2025-10":{"txs":41,"uniq":4,"trade":0,"nft":0,"gas":0.000289,"bal":0.001815,"days":4,"spread":0.129032,"streak":2,"rank_m":204636,"pct_m":0.217572,"gas_method":"estimated"}}}