{"wallet":"0xcc620aa26d0dd4069d840b319a3fa7737490c1c0","rank":626273,"lifetime":{"months_active":15,"first":"2023-07","last":"2025-10","tx_sum":116,"uniq_sum":59,"trade_sum":10,"nft_sum":10,"gas_sum":0.00175,"avg_balance_eth_mean":0.00152,"streak_best_days":5,"gas_sum_filled":0.00175},"months":{"2023-07":{"txs":0,"uniq":0,"trade":0,"nft":0,"gas":0,"bal":0,"days":0,"spread":0,"streak":0,"rank_m":230817,"pct_m":0.245408},"2023-08":{"txs":5,"uniq":3,"trade":0,"nft":1,"gas":0.00015,"bal":0.001618,"days":4,"spread":0.129032,"streak":2,"rank_m":109687,"pct_m":0.11662,"gas_method":"exact"},"2023-09":{"txs":3,"uniq":3,"trade":3,"nft":0,"gas":0.000187,"bal":0.001375,"days":1,"spread":0.033333,"streak":1,"rank_m":92299,"pct_m":0.098133,"gas_method":"estimated"},"2023-10":{"txs":6,"uniq":2,"trade":2,"nft":1,"gas":0.000098,"bal":0.002744,"days":2,"spread":0.064516,"streak":1,"rank_m":58390,"pct_m":0.06208,"gas_method":"exact"},"2023-11":{"txs":4,"uniq":3,"trade":0,"nft":1,"gas":0.000114,"bal":0.000886,"days":3,"spread":0.1,"streak":1,"rank_m":103252,"pct_m":0.109778,"gas_method":"estimated"},"2023-12":{"txs":0,"uniq":0,"trade":0,"nft":0,"gas":0,"bal":0.000886,"days":0,"spread":0,"streak":0,"rank_m":210192,"pct_m":0.223479},"2024-01":{"txs":0,"uniq":0,"trade":0,"nft":0,"gas":0,"bal":0.000886,"days":0,"spread":0,"streak":0,"rank_m":220775,"pct_m":0.234731},"2024-02":{"txs":1,"uniq":1,"trade":0,"nft":0,"gas":0.000028,"bal":0.000089,"days":1,"spread":0.034483,"streak":1,"rank_m":277087,"pct_m":0.294603,"gas_method":"estimated"},"2024-03":{"txs":18,"uniq":8,"trade":5,"nft":3,"gas":0.00076,"bal":0.000845,"days":6,"spread":0.193548,"streak":2,"rank_m":165956,"pct_m":0.176446,"gas_method":"estimated"},"2024-04":{"txs":0,"uniq":0,"trade":0,"nft":0,"gas":0,"bal":0.000845,"days":0,"spread":0,"streak":0,"rank_m":476308,"pct_m":0.506418},"2024-05":{"txs":0,"uniq":0,"trade":0,"nft":0,"gas":0,"bal":0.000845,"days":0,"spread":0,"streak":0,"rank_m":505329,"pct_m":0.537274},"2024-06":{"txs":0,"uniq":0,"trade":0,"nft":0,"gas":0,"bal":0.000845,"days":0,"spread":0,"streak":0,"rank_m":528418,"pct_m":0.561822},"2024-07":{"txs":0,"uniq":0,"trade":0,"nft":0,"gas":0,"bal":0.000845,"days":0,"spread":0,"streak":0,"rank_m":544598,"pct_m":0.579025},"2024-08":{"txs":0,"uniq":0,"trade":0,"nft":0,"gas":0,"bal":0.000845,"days":0,"spread":0,"streak":0,"rank_m":561520,"pct_m":0.597017},"2024-09":{"txs":27,"uniq":8,"trade":0,"nft":4,"gas":0.000002,"bal":0.001262,"days":10,"spread":0.333333,"streak":5,"rank_m":153046,"pct_m":0.16272,"gas_method":"estimated"},"2024-10":{"txs":7,"uniq":4,"trade":0,"nft":0,"gas":0.000001,"bal":0.005884,"days":4,"spread":0.129032,"streak":2,"rank_m":291544,"pct_m":0.309974,"gas_method":"estimated"},"2024-11":{"txs":8,"uniq":2,"trade":0,"nft":0,"gas":0.000018,"bal":0.002657,"days":5,"spread":0.166667,"streak":3,"rank_m":304238,"pct_m":0.32347,"gas_method":"exact"},"2024-12":{"txs":0,"uniq":0,"trade":0,"nft":0,"gas":0,"bal":0.002657,"days":0,"spread":0,"streak":0,"rank_m":617899,"pct_m":0.65696},"2025-01":{"txs":7,"uniq":6,"trade":0,"nft":0,"gas":0.000182,"bal":0.001275,"days":2,"spread":0.064516,"streak":1,"rank_m":376527,"pct_m":0.400329,"gas_method":"exact"},"2025-02":{"txs":11,"uniq":4,"trade":0,"nft":0,"gas":0.000077,"bal":0.000645,"days":2,"spread":0.071429,"streak":1,"rank_m":320153,"pct_m":0.340391,"gas_method":"exact"},"2025-03":{"txs":0,"uniq":0,"trade":0,"nft":0,"gas":0,"bal":0.000645,"days":0,"spread":0,"streak":0,"rank_m":662559,"pct_m":0.704444},"2025-04":{"txs":0,"uniq":0,"trade":0,"nft":0,"gas":0,"bal":0.000645,"days":0,"spread":0,"streak":0,"rank_m":690426,"pct_m":0.734072},"2025-05":{"txs":3,"uniq":3,"trade":0,"nft":0,"gas":0.000021,"bal":0.000831,"days":1,"spread":0.032258,"streak":1,"rank_m":466599,"pct_m":0.496095,"gas_method":"estimated"},"2025-06":{"txs":4,"uniq":3,"trade":0,"nft":0,"gas":0.000028,"bal":0.000881,"days":1,"spread":0.033333,"streak":1,"rank_m":502559,"pct_m":0.534329,"gas_method":"estimated"},"2025-07":{"txs":10,"uniq":7,"trade":0,"nft":0,"gas":0.00007,"bal":0.001003,"days":3,"spread":0.096774,"streak":2,"rank_m":391226,"pct_m":0.415957,"gas_method":"estimated"},"2025-08":{"txs":2,"uniq":2,"trade":0,"nft":0,"gas":0.000014,"bal":0.00354,"days":1,"spread":0.032258,"streak":1,"rank_m":403952,"pct_m":0.429488,"gas_method":"estimated"},"2025-09":{"txs":0,"uniq":0,"trade":0,"nft":0,"gas":0,"bal":0.00354,"days":0,"spread":0,"streak":0,"rank_m":558003,"pct_m":0.593278},"2025-10":{"txs":0,"uniq":0,"trade":0,"nft":0,"gas":0,"bal":0.00354,"days":0,"spread":0,"streak":0,"rank_m":458132,"pct_m":0.487093}}}