{"wallet":"0xcced1052fd0923449bdf77a005919434ed5f2e7a","rank":274336,"lifetime":{"months_active":19,"first":"2023-07","last":"2025-10","tx_sum":319,"uniq_sum":166,"trade_sum":5,"nft_sum":62,"gas_sum":0.001636,"avg_balance_eth_mean":0.000675,"streak_best_days":4,"gas_sum_filled":0.001636},"months":{"2023-07":{"txs":0,"uniq":0,"trade":0,"nft":0,"gas":0,"bal":0,"days":0,"spread":0,"streak":0,"rank_m":228958,"pct_m":0.243431},"2023-08":{"txs":15,"uniq":8,"trade":0,"nft":2,"gas":0.000353,"bal":0.000003,"days":1,"spread":0.032258,"streak":1,"rank_m":115937,"pct_m":0.123265,"gas_method":"exact"},"2023-09":{"txs":0,"uniq":0,"trade":0,"nft":0,"gas":0,"bal":0.000003,"days":0,"spread":0,"streak":0,"rank_m":207510,"pct_m":0.220627},"2023-10":{"txs":0,"uniq":0,"trade":0,"nft":0,"gas":0,"bal":0.000003,"days":0,"spread":0,"streak":0,"rank_m":220979,"pct_m":0.234948},"2023-11":{"txs":0,"uniq":0,"trade":0,"nft":0,"gas":0,"bal":0.000003,"days":0,"spread":0,"streak":0,"rank_m":236524,"pct_m":0.251475},"2023-12":{"txs":0,"uniq":0,"trade":0,"nft":0,"gas":0,"bal":0.000003,"days":0,"spread":0,"streak":0,"rank_m":264430,"pct_m":0.281146},"2024-01":{"txs":0,"uniq":0,"trade":0,"nft":0,"gas":0,"bal":0.000003,"days":0,"spread":0,"streak":0,"rank_m":279474,"pct_m":0.297141},"2024-02":{"txs":8,"uniq":5,"trade":0,"nft":1,"gas":0.000065,"bal":0.000191,"days":2,"spread":0.068966,"streak":2,"rank_m":199725,"pct_m":0.21235,"gas_method":"estimated"},"2024-03":{"txs":4,"uniq":3,"trade":0,"nft":0,"gas":0.000049,"bal":0.000557,"days":3,"spread":0.096774,"streak":1,"rank_m":317363,"pct_m":0.337425,"gas_method":"estimated"},"2024-04":{"txs":23,"uniq":6,"trade":0,"nft":2,"gas":0.000034,"bal":0.000284,"days":5,"spread":0.166667,"streak":2,"rank_m":334166,"pct_m":0.35529,"gas_method":"estimated"},"2024-05":{"txs":36,"uniq":15,"trade":0,"nft":6,"gas":0.000018,"bal":0.002027,"days":11,"spread":0.354839,"streak":2,"rank_m":157924,"pct_m":0.167907,"gas_method":"estimated"},"2024-06":{"txs":64,"uniq":32,"trade":1,"nft":8,"gas":0,"bal":0.004051,"days":14,"spread":0.466667,"streak":4,"rank_m":41109,"pct_m":0.043707,"gas_method":"exact"},"2024-07":{"txs":24,"uniq":15,"trade":1,"nft":13,"gas":0.000009,"bal":0.001745,"days":7,"spread":0.225806,"streak":3,"rank_m":72960,"pct_m":0.077571,"gas_method":"exact"},"2024-08":{"txs":32,"uniq":19,"trade":0,"nft":20,"gas":0.000001,"bal":0.000528,"days":9,"spread":0.290323,"streak":2,"rank_m":125630,"pct_m":0.133571,"gas_method":"exact"},"2024-09":{"txs":8,"uniq":6,"trade":0,"nft":5,"gas":0.000001,"bal":0.001624,"days":4,"spread":0.133333,"streak":1,"rank_m":168258,"pct_m":0.178894,"gas_method":"exact"},"2024-10":{"txs":15,"uniq":9,"trade":0,"nft":4,"gas":0.000001,"bal":0.000695,"days":9,"spread":0.290323,"streak":3,"rank_m":236843,"pct_m":0.251815,"gas_method":"estimated"},"2024-11":{"txs":8,"uniq":4,"trade":1,"nft":0,"gas":0.000011,"bal":0.002562,"days":5,"spread":0.166667,"streak":2,"rank_m":261968,"pct_m":0.278528,"gas_method":"exact"},"2024-12":{"txs":33,"uniq":10,"trade":0,"nft":1,"gas":0.000661,"bal":0.000573,"days":8,"spread":0.258065,"streak":2,"rank_m":211269,"pct_m":0.224624,"gas_method":"exact"},"2025-01":{"txs":9,"uniq":5,"trade":0,"nft":0,"gas":0.000182,"bal":0.000503,"days":6,"spread":0.193548,"streak":2,"rank_m":345007,"pct_m":0.366817,"gas_method":"exact"},"2025-02":{"txs":9,"uniq":5,"trade":0,"nft":0,"gas":0.000042,"bal":0.000438,"days":4,"spread":0.142857,"streak":1,"rank_m":331666,"pct_m":0.352632,"gas_method":"exact"},"2025-03":{"txs":5,"uniq":4,"trade":1,"nft":0,"gas":0.000032,"bal":0.000136,"days":2,"spread":0.064516,"streak":1,"rank_m":362580,"pct_m":0.3855,"gas_method":"exact"},"2025-04":{"txs":5,"uniq":4,"trade":0,"nft":0,"gas":0.00003,"bal":0.000274,"days":1,"spread":0.033333,"streak":1,"rank_m":428734,"pct_m":0.455837,"gas_method":"exact"},"2025-05":{"txs":2,"uniq":2,"trade":0,"nft":0,"gas":0.000014,"bal":0.000626,"days":2,"spread":0.064516,"streak":1,"rank_m":491603,"pct_m":0.52268,"gas_method":"estimated"},"2025-06":{"txs":0,"uniq":0,"trade":0,"nft":0,"gas":0,"bal":0.000626,"days":0,"spread":0,"streak":0,"rank_m":692065,"pct_m":0.735815},"2025-07":{"txs":6,"uniq":4,"trade":0,"nft":0,"gas":0.000042,"bal":0.000153,"days":4,"spread":0.129032,"streak":2,"rank_m":540680,"pct_m":0.57486,"gas_method":"estimated"},"2025-08":{"txs":0,"uniq":0,"trade":0,"nft":0,"gas":0,"bal":0.000153,"days":0,"spread":0,"streak":0,"rank_m":784824,"pct_m":0.834438},"2025-09":{"txs":0,"uniq":0,"trade":0,"nft":0,"gas":0,"bal":0.000153,"days":0,"spread":0,"streak":0,"rank_m":777710,"pct_m":0.826874},"2025-10":{"txs":13,"uniq":10,"trade":1,"nft":0,"gas":0.000091,"bal":0.000967,"days":3,"spread":0.096774,"streak":2,"rank_m":169014,"pct_m":0.179698,"gas_method":"estimated"}}}