{"wallet":"0xcc945e71a239f892f51a35c28bd5d541935983da","rank":517555,"lifetime":{"months_active":9,"first":"2023-07","last":"2025-10","tx_sum":130,"uniq_sum":51,"trade_sum":0,"nft_sum":0,"gas_sum":0.008485,"avg_balance_eth_mean":0.400886,"streak_best_days":6,"gas_sum_filled":0.008485},"months":{"2023-07":{"txs":39,"uniq":11,"trade":0,"nft":0,"gas":0.005569,"bal":0.017358,"days":2,"spread":0.064516,"streak":2,"rank_m":3014,"pct_m":0.003203,"gas_method":"exact"},"2023-08":{"txs":24,"uniq":20,"trade":0,"nft":0,"gas":0.002119,"bal":0.048205,"days":8,"spread":0.258065,"streak":4,"rank_m":39431,"pct_m":0.041923,"gas_method":"exact"},"2023-09":{"txs":1,"uniq":1,"trade":0,"nft":0,"gas":0.000027,"bal":0.014976,"days":1,"spread":0.033333,"streak":1,"rank_m":105033,"pct_m":0.111672,"gas_method":"exact"},"2023-10":{"txs":0,"uniq":0,"trade":0,"nft":0,"gas":0,"bal":0.014976,"days":0,"spread":0,"streak":0,"rank_m":155635,"pct_m":0.165473},"2023-11":{"txs":0,"uniq":0,"trade":0,"nft":0,"gas":0,"bal":0.014976,"days":0,"spread":0,"streak":0,"rank_m":164416,"pct_m":0.174809},"2023-12":{"txs":0,"uniq":0,"trade":0,"nft":0,"gas":0,"bal":0.014976,"days":0,"spread":0,"streak":0,"rank_m":189674,"pct_m":0.201664},"2024-01":{"txs":0,"uniq":0,"trade":0,"nft":0,"gas":0,"bal":0.014976,"days":0,"spread":0,"streak":0,"rank_m":199615,"pct_m":0.212233},"2024-02":{"txs":0,"uniq":0,"trade":0,"nft":0,"gas":0,"bal":0.014976,"days":0,"spread":0,"streak":0,"rank_m":262503,"pct_m":0.279097},"2024-03":{"txs":1,"uniq":0,"trade":0,"nft":0,"gas":0.000149,"bal":0.100951,"days":1,"spread":0.032258,"streak":1,"rank_m":259015,"pct_m":0.275388,"gas_method":"estimated"},"2024-04":{"txs":28,"uniq":5,"trade":0,"nft":0,"gas":0.000516,"bal":0.37627,"days":5,"spread":0.166667,"streak":5,"rank_m":161691,"pct_m":0.171912,"gas_method":"estimated"},"2024-05":{"txs":16,"uniq":10,"trade":0,"nft":0,"gas":0.000098,"bal":0.350511,"days":4,"spread":0.129032,"streak":4,"rank_m":136014,"pct_m":0.144611,"gas_method":"estimated"},"2024-06":{"txs":13,"uniq":3,"trade":0,"nft":0,"gas":0.000003,"bal":0.692803,"days":2,"spread":0.066667,"streak":1,"rank_m":214560,"pct_m":0.228123,"gas_method":"estimated"},"2024-07":{"txs":0,"uniq":0,"trade":0,"nft":0,"gas":0,"bal":0.692803,"days":0,"spread":0,"streak":0,"rank_m":394632,"pct_m":0.419579},"2024-08":{"txs":0,"uniq":0,"trade":0,"nft":0,"gas":0,"bal":0.692803,"days":0,"spread":0,"streak":0,"rank_m":396616,"pct_m":0.421688},"2024-09":{"txs":7,"uniq":0,"trade":0,"nft":0,"gas":0.000002,"bal":0.888019,"days":1,"spread":0.033333,"streak":1,"rank_m":223207,"pct_m":0.237317,"gas_method":"estimated"},"2024-10":{"txs":0,"uniq":0,"trade":0,"nft":0,"gas":0,"bal":0.888019,"days":0,"spread":0,"streak":0,"rank_m":402108,"pct_m":0.427527},"2024-11":{"txs":1,"uniq":1,"trade":0,"nft":0,"gas":0.000002,"bal":0.532267,"days":1,"spread":0.033333,"streak":1,"rank_m":380000,"pct_m":0.404022,"gas_method":"exact"},"2024-12":{"txs":0,"uniq":0,"trade":0,"nft":0,"gas":0,"bal":0.532267,"days":0,"spread":0,"streak":0,"rank_m":532469,"pct_m":0.566129},"2025-01":{"txs":0,"uniq":0,"trade":0,"nft":0,"gas":0,"bal":0.532267,"days":0,"spread":0,"streak":0,"rank_m":512932,"pct_m":0.545357},"2025-02":{"txs":0,"uniq":0,"trade":0,"nft":0,"gas":0,"bal":0.532267,"days":0,"spread":0,"streak":0,"rank_m":487420,"pct_m":0.518233},"2025-03":{"txs":0,"uniq":0,"trade":0,"nft":0,"gas":0,"bal":0.532267,"days":0,"spread":0,"streak":0,"rank_m":459886,"pct_m":0.488958},"2025-04":{"txs":0,"uniq":0,"trade":0,"nft":0,"gas":0,"bal":0.532267,"days":0,"spread":0,"streak":0,"rank_m":499892,"pct_m":0.531493},"2025-05":{"txs":0,"uniq":0,"trade":0,"nft":0,"gas":0,"bal":0.532267,"days":0,"spread":0,"streak":0,"rank_m":308694,"pct_m":0.328208},"2025-06":{"txs":0,"uniq":0,"trade":0,"nft":0,"gas":0,"bal":0.532267,"days":0,"spread":0,"streak":0,"rank_m":315991,"pct_m":0.335966},"2025-07":{"txs":0,"uniq":0,"trade":0,"nft":0,"gas":0,"bal":0.532267,"days":0,"spread":0,"streak":0,"rank_m":348131,"pct_m":0.370138},"2025-08":{"txs":0,"uniq":0,"trade":0,"nft":0,"gas":0,"bal":0.532267,"days":0,"spread":0,"streak":0,"rank_m":324159,"pct_m":0.344651},"2025-09":{"txs":0,"uniq":0,"trade":0,"nft":0,"gas":0,"bal":0.532267,"days":0,"spread":0,"streak":0,"rank_m":328644,"pct_m":0.349419},"2025-10":{"txs":0,"uniq":0,"trade":0,"nft":0,"gas":0,"bal":0.532267,"days":0,"spread":0,"streak":0,"rank_m":217832,"pct_m":0.231602}}}