{"wallet":"0xccd610b5bb21929beaadd5207acc7b90cc30fed7","rank":298891,"lifetime":{"months_active":25,"first":"2023-07","last":"2025-10","tx_sum":250,"uniq_sum":151,"trade_sum":4,"nft_sum":59,"gas_sum":0.001768,"avg_balance_eth_mean":0.000463,"streak_best_days":5,"gas_sum_filled":0.001768},"months":{"2023-07":{"txs":3,"uniq":2,"trade":0,"nft":1,"gas":0.00005,"bal":0.000019,"days":2,"spread":0.064516,"streak":1,"rank_m":25272,"pct_m":0.026869,"gas_method":"exact"},"2023-08":{"txs":5,"uniq":4,"trade":0,"nft":2,"gas":0.000347,"bal":0.000045,"days":2,"spread":0.064516,"streak":1,"rank_m":125549,"pct_m":0.133485,"gas_method":"exact"},"2023-09":{"txs":0,"uniq":0,"trade":0,"nft":0,"gas":0,"bal":0.000045,"days":0,"spread":0,"streak":0,"rank_m":201591,"pct_m":0.214334},"2023-10":{"txs":2,"uniq":1,"trade":0,"nft":1,"gas":0.000078,"bal":0.000124,"days":1,"spread":0.032258,"streak":1,"rank_m":114138,"pct_m":0.121352,"gas_method":"exact"},"2023-11":{"txs":0,"uniq":0,"trade":0,"nft":0,"gas":0,"bal":0.000124,"days":0,"spread":0,"streak":0,"rank_m":218094,"pct_m":0.23188},"2023-12":{"txs":2,"uniq":1,"trade":0,"nft":1,"gas":0.000045,"bal":0.000138,"days":1,"spread":0.032258,"streak":1,"rank_m":174145,"pct_m":0.185153,"gas_method":"estimated"},"2024-01":{"txs":0,"uniq":0,"trade":0,"nft":0,"gas":0,"bal":0.000138,"days":0,"spread":0,"streak":0,"rank_m":253923,"pct_m":0.269974},"2024-02":{"txs":12,"uniq":7,"trade":0,"nft":5,"gas":0.000143,"bal":0.000295,"days":7,"spread":0.241379,"streak":2,"rank_m":134044,"pct_m":0.142517,"gas_method":"estimated"},"2024-03":{"txs":11,"uniq":7,"trade":0,"nft":5,"gas":0.000197,"bal":0.000892,"days":7,"spread":0.225806,"streak":2,"rank_m":194777,"pct_m":0.207089,"gas_method":"estimated"},"2024-04":{"txs":12,"uniq":8,"trade":0,"nft":6,"gas":0.000055,"bal":0.000803,"days":6,"spread":0.2,"streak":2,"rank_m":238915,"pct_m":0.254018,"gas_method":"exact"},"2024-05":{"txs":40,"uniq":19,"trade":2,"nft":10,"gas":0.000012,"bal":0.000822,"days":9,"spread":0.290323,"streak":3,"rank_m":95775,"pct_m":0.101829,"gas_method":"exact"},"2024-06":{"txs":9,"uniq":6,"trade":0,"nft":2,"gas":0.000001,"bal":0.000399,"days":4,"spread":0.133333,"streak":1,"rank_m":260932,"pct_m":0.277427,"gas_method":"exact"},"2024-07":{"txs":16,"uniq":8,"trade":0,"nft":3,"gas":0.000002,"bal":0.000345,"days":6,"spread":0.193548,"streak":3,"rank_m":262020,"pct_m":0.278583,"gas_method":"estimated"},"2024-08":{"txs":3,"uniq":2,"trade":0,"nft":1,"gas":0,"bal":0.00041,"days":2,"spread":0.064516,"streak":1,"rank_m":442626,"pct_m":0.470607,"gas_method":"estimated"},"2024-09":{"txs":3,"uniq":2,"trade":0,"nft":2,"gas":0,"bal":0.000477,"days":2,"spread":0.066667,"streak":1,"rank_m":378292,"pct_m":0.402206,"gas_method":"estimated"},"2024-10":{"txs":20,"uniq":13,"trade":1,"nft":9,"gas":0.000001,"bal":0.000889,"days":12,"spread":0.387097,"streak":2,"rank_m":180785,"pct_m":0.192213,"gas_method":"estimated"},"2024-11":{"txs":10,"uniq":8,"trade":0,"nft":1,"gas":0.000021,"bal":0.000748,"days":4,"spread":0.133333,"streak":1,"rank_m":293652,"pct_m":0.312215,"gas_method":"exact"},"2024-12":{"txs":4,"uniq":2,"trade":0,"nft":0,"gas":0.000066,"bal":0.00045,"days":4,"spread":0.129032,"streak":2,"rank_m":463650,"pct_m":0.49296,"gas_method":"exact"},"2025-01":{"txs":6,"uniq":5,"trade":0,"nft":1,"gas":0.00013,"bal":0.000547,"days":4,"spread":0.129032,"streak":1,"rank_m":356596,"pct_m":0.379138,"gas_method":"exact"},"2025-02":{"txs":7,"uniq":6,"trade":0,"nft":1,"gas":0.000049,"bal":0.000578,"days":4,"spread":0.142857,"streak":1,"rank_m":285047,"pct_m":0.303066,"gas_method":"exact"},"2025-03":{"txs":7,"uniq":4,"trade":0,"nft":1,"gas":0.000047,"bal":0.000552,"days":4,"spread":0.129032,"streak":1,"rank_m":302964,"pct_m":0.322116,"gas_method":"exact"},"2025-04":{"txs":12,"uniq":9,"trade":1,"nft":1,"gas":0.00006,"bal":0.000957,"days":6,"spread":0.2,"streak":2,"rank_m":170312,"pct_m":0.181078,"gas_method":"exact"},"2025-05":{"txs":9,"uniq":6,"trade":0,"nft":0,"gas":0.000063,"bal":0.002,"days":3,"spread":0.096774,"streak":2,"rank_m":271182,"pct_m":0.288324,"gas_method":"estimated"},"2025-06":{"txs":20,"uniq":9,"trade":0,"nft":0,"gas":0.000141,"bal":0.000497,"days":5,"spread":0.166667,"streak":5,"rank_m":391313,"pct_m":0.41605,"gas_method":"estimated"},"2025-07":{"txs":14,"uniq":12,"trade":0,"nft":0,"gas":0.000099,"bal":0.000344,"days":7,"spread":0.225806,"streak":2,"rank_m":401501,"pct_m":0.426882,"gas_method":"estimated"},"2025-08":{"txs":6,"uniq":4,"trade":0,"nft":3,"gas":0.000042,"bal":0.000163,"days":4,"spread":0.129032,"streak":2,"rank_m":401958,"pct_m":0.427368,"gas_method":"estimated"},"2025-09":{"txs":11,"uniq":3,"trade":0,"nft":2,"gas":0.000077,"bal":0.00011,"days":5,"spread":0.166667,"streak":2,"rank_m":397663,"pct_m":0.422801,"gas_method":"estimated"},"2025-10":{"txs":6,"uniq":3,"trade":0,"nft":1,"gas":0.000042,"bal":0.000058,"days":5,"spread":0.16129,"streak":2,"rank_m":318372,"pct_m":0.338498,"gas_method":"estimated"}}}