{"wallet":"0xcce806114b6cc9df239821ba1373c44bafe9b200","rank":394694,"lifetime":{"months_active":13,"first":"2023-07","last":"2025-10","tx_sum":135,"uniq_sum":80,"trade_sum":9,"nft_sum":24,"gas_sum":0.012652,"avg_balance_eth_mean":0.005929,"streak_best_days":3,"gas_sum_filled":0.012652},"months":{"2023-07":{"txs":0,"uniq":0,"trade":0,"nft":0,"gas":0,"bal":0,"days":0,"spread":0,"streak":0,"rank_m":229043,"pct_m":0.243522},"2023-08":{"txs":60,"uniq":28,"trade":9,"nft":12,"gas":0.011263,"bal":0.007445,"days":6,"spread":0.193548,"streak":2,"rank_m":20570,"pct_m":0.021869,"gas_method":"exact"},"2023-09":{"txs":18,"uniq":9,"trade":0,"nft":5,"gas":0.000332,"bal":0.006153,"days":3,"spread":0.1,"streak":1,"rank_m":39531,"pct_m":0.042029,"gas_method":"exact"},"2023-10":{"txs":11,"uniq":5,"trade":0,"nft":2,"gas":0.000165,"bal":0.008621,"days":2,"spread":0.064516,"streak":1,"rank_m":43599,"pct_m":0.046354,"gas_method":"exact"},"2023-11":{"txs":6,"uniq":4,"trade":0,"nft":2,"gas":0.000157,"bal":0.006539,"days":2,"spread":0.066667,"streak":1,"rank_m":48395,"pct_m":0.051453,"gas_method":"exact"},"2023-12":{"txs":0,"uniq":0,"trade":0,"nft":0,"gas":0,"bal":0.006539,"days":0,"spread":0,"streak":0,"rank_m":195489,"pct_m":0.207846},"2024-01":{"txs":9,"uniq":7,"trade":0,"nft":0,"gas":0.000455,"bal":0.008428,"days":1,"spread":0.032258,"streak":1,"rank_m":96474,"pct_m":0.102572,"gas_method":"estimated"},"2024-02":{"txs":3,"uniq":3,"trade":0,"nft":3,"gas":0.000086,"bal":0.013307,"days":1,"spread":0.034483,"streak":1,"rank_m":139916,"pct_m":0.14876,"gas_method":"estimated"},"2024-03":{"txs":0,"uniq":0,"trade":0,"nft":0,"gas":0,"bal":0.013307,"days":0,"spread":0,"streak":0,"rank_m":342085,"pct_m":0.36371},"2024-04":{"txs":10,"uniq":10,"trade":0,"nft":0,"gas":0.000053,"bal":0.011158,"days":3,"spread":0.1,"streak":2,"rank_m":259459,"pct_m":0.27586,"gas_method":"estimated"},"2024-05":{"txs":2,"uniq":2,"trade":0,"nft":0,"gas":0.000004,"bal":0.011134,"days":1,"spread":0.032258,"streak":1,"rank_m":369292,"pct_m":0.392637,"gas_method":"estimated"},"2024-06":{"txs":0,"uniq":0,"trade":0,"nft":0,"gas":0,"bal":0.011134,"days":0,"spread":0,"streak":0,"rank_m":456157,"pct_m":0.484993},"2024-07":{"txs":1,"uniq":1,"trade":0,"nft":0,"gas":0,"bal":0.011108,"days":1,"spread":0.032258,"streak":1,"rank_m":370403,"pct_m":0.393818,"gas_method":"estimated"},"2024-08":{"txs":0,"uniq":0,"trade":0,"nft":0,"gas":0,"bal":0.011108,"days":0,"spread":0,"streak":0,"rank_m":461064,"pct_m":0.49021},"2024-09":{"txs":0,"uniq":0,"trade":0,"nft":0,"gas":0,"bal":0.011108,"days":0,"spread":0,"streak":0,"rank_m":425043,"pct_m":0.451912},"2024-10":{"txs":0,"uniq":0,"trade":0,"nft":0,"gas":0,"bal":0.011108,"days":0,"spread":0,"streak":0,"rank_m":474115,"pct_m":0.504086},"2024-11":{"txs":1,"uniq":1,"trade":0,"nft":0,"gas":0.000002,"bal":0.008887,"days":1,"spread":0.033333,"streak":1,"rank_m":428814,"pct_m":0.455922,"gas_method":"exact"},"2024-12":{"txs":4,"uniq":3,"trade":0,"nft":0,"gas":0.000066,"bal":0.000796,"days":2,"spread":0.064516,"streak":1,"rank_m":486770,"pct_m":0.517542,"gas_method":"exact"},"2025-01":{"txs":0,"uniq":0,"trade":0,"nft":0,"gas":0,"bal":0.000796,"days":0,"spread":0,"streak":0,"rank_m":639780,"pct_m":0.680224},"2025-02":{"txs":0,"uniq":0,"trade":0,"nft":0,"gas":0,"bal":0.000796,"days":0,"spread":0,"streak":0,"rank_m":656562,"pct_m":0.698067},"2025-03":{"txs":0,"uniq":0,"trade":0,"nft":0,"gas":0,"bal":0.000796,"days":0,"spread":0,"streak":0,"rank_m":653035,"pct_m":0.694317},"2025-04":{"txs":1,"uniq":1,"trade":0,"nft":0,"gas":0.000006,"bal":0.000993,"days":1,"spread":0.033333,"streak":1,"rank_m":499035,"pct_m":0.530582,"gas_method":"exact"},"2025-05":{"txs":0,"uniq":0,"trade":0,"nft":0,"gas":0,"bal":0.000993,"days":0,"spread":0,"streak":0,"rank_m":658873,"pct_m":0.700524},"2025-06":{"txs":0,"uniq":0,"trade":0,"nft":0,"gas":0,"bal":0.000993,"days":0,"spread":0,"streak":0,"rank_m":660925,"pct_m":0.702706},"2025-07":{"txs":0,"uniq":0,"trade":0,"nft":0,"gas":0,"bal":0.000993,"days":0,"spread":0,"streak":0,"rank_m":678033,"pct_m":0.720896},"2025-08":{"txs":9,"uniq":6,"trade":0,"nft":0,"gas":0.000063,"bal":0.000596,"days":3,"spread":0.096774,"streak":3,"rank_m":403773,"pct_m":0.429298,"gas_method":"estimated"},"2025-09":{"txs":0,"uniq":0,"trade":0,"nft":0,"gas":0,"bal":0.000596,"days":0,"spread":0,"streak":0,"rank_m":674412,"pct_m":0.717046},"2025-10":{"txs":0,"uniq":0,"trade":0,"nft":0,"gas":0,"bal":0.000596,"days":0,"spread":0,"streak":0,"rank_m":597847,"pct_m":0.635641}}}