{"wallet":"0xcc141d390464dbda951832b758a377f905bc556e","rank":84619,"lifetime":{"months_active":25,"first":"2023-07","last":"2025-10","tx_sum":1120,"uniq_sum":387,"trade_sum":29,"nft_sum":112,"gas_sum":0.008081,"avg_balance_eth_mean":0.003273,"streak_best_days":0,"gas_sum_filled":0.008081},"months":{"2023-07":{"txs":0,"uniq":0,"trade":0,"nft":0,"gas":0,"bal":0,"days":0,"spread":0,"streak":0,"rank_m":231827,"pct_m":0.246482},"2023-08":{"txs":4,"uniq":3,"trade":0,"nft":1,"gas":0.000474,"bal":0.000067,"days":1,"spread":0.032258,"streak":0,"rank_m":157889,"pct_m":0.167869,"gas_method":"exact"},"2023-09":{"txs":3,"uniq":3,"trade":0,"nft":2,"gas":0.000052,"bal":0.007223,"days":3,"spread":0.1,"streak":0,"rank_m":103410,"pct_m":0.109946,"gas_method":"exact"},"2023-10":{"txs":4,"uniq":3,"trade":0,"nft":1,"gas":0.000028,"bal":0.002427,"days":3,"spread":0.096774,"streak":0,"rank_m":106337,"pct_m":0.113058,"gas_method":"exact"},"2023-11":{"txs":1,"uniq":1,"trade":0,"nft":0,"gas":0.000012,"bal":0.000595,"days":1,"spread":0.033333,"streak":0,"rank_m":171042,"pct_m":0.181854,"gas_method":"estimated"},"2023-12":{"txs":0,"uniq":0,"trade":0,"nft":0,"gas":0,"bal":0.000595,"days":0,"spread":0,"streak":0,"rank_m":217269,"pct_m":0.231003},"2024-01":{"txs":0,"uniq":0,"trade":0,"nft":0,"gas":0,"bal":0.000595,"days":0,"spread":0,"streak":0,"rank_m":224770,"pct_m":0.238978},"2024-02":{"txs":22,"uniq":11,"trade":0,"nft":2,"gas":0.000267,"bal":0.010653,"days":5,"spread":0.172414,"streak":0,"rank_m":99370,"pct_m":0.105651,"gas_method":"estimated"},"2024-03":{"txs":13,"uniq":5,"trade":0,"nft":3,"gas":0.000237,"bal":0.003455,"days":4,"spread":0.129032,"streak":0,"rank_m":232953,"pct_m":0.247679,"gas_method":"estimated"},"2024-04":{"txs":33,"uniq":14,"trade":2,"nft":5,"gas":0.000074,"bal":0.001992,"days":8,"spread":0.266667,"streak":0,"rank_m":242460,"pct_m":0.257787,"gas_method":"estimated"},"2024-05":{"txs":30,"uniq":11,"trade":2,"nft":7,"gas":0.000085,"bal":0.001446,"days":11,"spread":0.354839,"streak":0,"rank_m":157271,"pct_m":0.167212,"gas_method":"exact"},"2024-06":{"txs":56,"uniq":25,"trade":0,"nft":17,"gas":0.000002,"bal":0.002625,"days":13,"spread":0.433333,"streak":0,"rank_m":160857,"pct_m":0.171025,"gas_method":"estimated"},"2024-07":{"txs":27,"uniq":13,"trade":0,"nft":6,"gas":0.000003,"bal":0.000844,"days":9,"spread":0.290323,"streak":0,"rank_m":170460,"pct_m":0.181235,"gas_method":"exact"},"2024-08":{"txs":61,"uniq":26,"trade":1,"nft":21,"gas":0.000005,"bal":0.004667,"days":9,"spread":0.290323,"streak":0,"rank_m":129555,"pct_m":0.137744,"gas_method":"estimated"},"2024-09":{"txs":20,"uniq":9,"trade":0,"nft":8,"gas":0.000001,"bal":0.001572,"days":5,"spread":0.166667,"streak":0,"rank_m":231629,"pct_m":0.246271,"gas_method":"estimated"},"2024-10":{"txs":50,"uniq":25,"trade":0,"nft":26,"gas":0.000001,"bal":0.002751,"days":6,"spread":0.193548,"streak":0,"rank_m":132488,"pct_m":0.140863,"gas_method":"exact"},"2024-11":{"txs":8,"uniq":5,"trade":0,"nft":0,"gas":0.000018,"bal":0.004221,"days":2,"spread":0.066667,"streak":0,"rank_m":369962,"pct_m":0.393349,"gas_method":"exact"},"2024-12":{"txs":44,"uniq":14,"trade":2,"nft":0,"gas":0.000926,"bal":0.00118,"days":8,"spread":0.258065,"streak":0,"rank_m":207391,"pct_m":0.220501,"gas_method":"exact"},"2025-01":{"txs":33,"uniq":10,"trade":0,"nft":0,"gas":0.000857,"bal":0.000385,"days":6,"spread":0.193548,"streak":0,"rank_m":285899,"pct_m":0.303972,"gas_method":"exact"},"2025-02":{"txs":72,"uniq":24,"trade":0,"nft":3,"gas":0.000507,"bal":0.002064,"days":11,"spread":0.392857,"streak":0,"rank_m":112292,"pct_m":0.11939,"gas_method":"exact"},"2025-03":{"txs":95,"uniq":29,"trade":0,"nft":2,"gas":0.000735,"bal":0.002374,"days":11,"spread":0.354839,"streak":0,"rank_m":105003,"pct_m":0.11164,"gas_method":"exact"},"2025-04":{"txs":19,"uniq":12,"trade":1,"nft":0,"gas":0.000103,"bal":0.000916,"days":5,"spread":0.166667,"streak":0,"rank_m":215362,"pct_m":0.228976,"gas_method":"exact"},"2025-05":{"txs":121,"uniq":34,"trade":4,"nft":2,"gas":0.000852,"bal":0.001149,"days":10,"spread":0.322581,"streak":0,"rank_m":146219,"pct_m":0.155462,"gas_method":"estimated"},"2025-06":{"txs":154,"uniq":39,"trade":16,"nft":0,"gas":0.001084,"bal":0.003331,"days":15,"spread":0.5,"streak":0,"rank_m":98938,"pct_m":0.105192,"gas_method":"estimated"},"2025-07":{"txs":62,"uniq":25,"trade":0,"nft":2,"gas":0.000436,"bal":0.014475,"days":7,"spread":0.225806,"streak":0,"rank_m":91554,"pct_m":0.097341,"gas_method":"estimated"},"2025-08":{"txs":64,"uniq":15,"trade":1,"nft":2,"gas":0.00045,"bal":0.008869,"days":13,"spread":0.419355,"streak":0,"rank_m":79338,"pct_m":0.084353,"gas_method":"estimated"},"2025-09":{"txs":116,"uniq":26,"trade":0,"nft":2,"gas":0.000816,"bal":0.00753,"days":11,"spread":0.366667,"streak":0,"rank_m":82419,"pct_m":0.087628,"gas_method":"estimated"},"2025-10":{"txs":8,"uniq":5,"trade":0,"nft":0,"gas":0.000056,"bal":0.003645,"days":2,"spread":0.064516,"streak":0,"rank_m":260378,"pct_m":0.276837,"gas_method":"estimated"}}}