{"wallet":"0xcc5b5feaded15833692348c4b2adf808aee8cc3a","rank":90112,"lifetime":{"months_active":18,"first":"2023-07","last":"2025-10","tx_sum":588,"uniq_sum":242,"trade_sum":32,"nft_sum":144,"gas_sum":0.001158,"avg_balance_eth_mean":0.004415,"streak_best_days":14,"gas_sum_filled":0.001158},"months":{"2023-07":{"txs":0,"uniq":0,"trade":0,"nft":0,"gas":0,"bal":0,"days":0,"spread":0,"streak":0,"rank_m":230901,"pct_m":0.245497},"2023-08":{"txs":0,"uniq":0,"trade":0,"nft":0,"gas":0,"bal":0,"days":0,"spread":0,"streak":0,"rank_m":322252,"pct_m":0.342623},"2023-09":{"txs":0,"uniq":0,"trade":0,"nft":0,"gas":0,"bal":0,"days":0,"spread":0,"streak":0,"rank_m":340417,"pct_m":0.361936},"2023-10":{"txs":0,"uniq":0,"trade":0,"nft":0,"gas":0,"bal":0,"days":0,"spread":0,"streak":0,"rank_m":358714,"pct_m":0.38139},"2023-11":{"txs":0,"uniq":0,"trade":0,"nft":0,"gas":0,"bal":0,"days":0,"spread":0,"streak":0,"rank_m":375381,"pct_m":0.399111},"2023-12":{"txs":0,"uniq":0,"trade":0,"nft":0,"gas":0,"bal":0,"days":0,"spread":0,"streak":0,"rank_m":396964,"pct_m":0.422058},"2024-01":{"txs":16,"uniq":2,"trade":0,"nft":1,"gas":0.000049,"bal":0.001952,"days":14,"spread":0.451613,"streak":8,"rank_m":59455,"pct_m":0.063213,"gas_method":"exact"},"2024-02":{"txs":16,"uniq":10,"trade":0,"nft":8,"gas":0.00004,"bal":0.006269,"days":6,"spread":0.206897,"streak":2,"rank_m":53544,"pct_m":0.056928,"gas_method":"estimated"},"2024-03":{"txs":50,"uniq":27,"trade":4,"nft":24,"gas":0.000188,"bal":0.00246,"days":10,"spread":0.322581,"streak":3,"rank_m":65170,"pct_m":0.069289,"gas_method":"estimated"},"2024-04":{"txs":139,"uniq":41,"trade":14,"nft":19,"gas":0.000084,"bal":0.010674,"days":28,"spread":0.933333,"streak":12,"rank_m":9237,"pct_m":0.00982,"gas_method":"exact"},"2024-05":{"txs":56,"uniq":21,"trade":1,"nft":11,"gas":0.000015,"bal":0.005577,"days":27,"spread":0.870968,"streak":8,"rank_m":32272,"pct_m":0.034311,"gas_method":"exact"},"2024-06":{"txs":25,"uniq":16,"trade":0,"nft":8,"gas":0,"bal":0.019414,"days":12,"spread":0.4,"streak":3,"rank_m":56182,"pct_m":0.059733,"gas_method":"estimated"},"2024-07":{"txs":12,"uniq":7,"trade":0,"nft":3,"gas":0.000001,"bal":0.016425,"days":7,"spread":0.225806,"streak":2,"rank_m":100164,"pct_m":0.106495,"gas_method":"exact"},"2024-08":{"txs":83,"uniq":31,"trade":2,"nft":23,"gas":0.000001,"bal":0.006995,"days":19,"spread":0.612903,"streak":4,"rank_m":16442,"pct_m":0.01748,"gas_method":"exact"},"2024-09":{"txs":69,"uniq":25,"trade":0,"nft":21,"gas":0,"bal":0.002386,"days":23,"spread":0.766667,"streak":8,"rank_m":27911,"pct_m":0.029674,"gas_method":"exact"},"2024-10":{"txs":66,"uniq":28,"trade":6,"nft":24,"gas":0.000003,"bal":0.001391,"days":18,"spread":0.580645,"streak":10,"rank_m":36005,"pct_m":0.03828,"gas_method":"exact"},"2024-11":{"txs":12,"uniq":6,"trade":1,"nft":1,"gas":0.000028,"bal":0.000366,"days":3,"spread":0.1,"streak":1,"rank_m":301303,"pct_m":0.32035,"gas_method":"exact"},"2024-12":{"txs":10,"uniq":5,"trade":4,"nft":0,"gas":0.000198,"bal":0.00432,"days":4,"spread":0.129032,"streak":1,"rank_m":283801,"pct_m":0.301741,"gas_method":"exact"},"2025-01":{"txs":18,"uniq":9,"trade":0,"nft":1,"gas":0.000442,"bal":0.004878,"days":11,"spread":0.354839,"streak":6,"rank_m":125740,"pct_m":0.133688,"gas_method":"exact"},"2025-02":{"txs":2,"uniq":2,"trade":0,"nft":0,"gas":0.000014,"bal":0.003982,"days":2,"spread":0.071429,"streak":2,"rank_m":381504,"pct_m":0.405621,"gas_method":"exact"},"2025-03":{"txs":0,"uniq":0,"trade":0,"nft":0,"gas":0,"bal":0.003982,"days":0,"spread":0,"streak":0,"rank_m":580414,"pct_m":0.617105},"2025-04":{"txs":3,"uniq":3,"trade":0,"nft":0,"gas":0.000018,"bal":0.00502,"days":2,"spread":0.066667,"streak":1,"rank_m":368544,"pct_m":0.391842,"gas_method":"exact"},"2025-05":{"txs":4,"uniq":3,"trade":0,"nft":0,"gas":0.000028,"bal":0.005293,"days":2,"spread":0.064516,"streak":1,"rank_m":285957,"pct_m":0.304034,"gas_method":"estimated"},"2025-06":{"txs":0,"uniq":0,"trade":0,"nft":0,"gas":0,"bal":0.005293,"days":0,"spread":0,"streak":0,"rank_m":535971,"pct_m":0.569853},"2025-07":{"txs":0,"uniq":0,"trade":0,"nft":0,"gas":0,"bal":0.005293,"days":0,"spread":0,"streak":0,"rank_m":558953,"pct_m":0.594288},"2025-08":{"txs":2,"uniq":2,"trade":0,"nft":0,"gas":0.000014,"bal":0.005291,"days":1,"spread":0.032258,"streak":1,"rank_m":370863,"pct_m":0.394307,"gas_method":"estimated"},"2025-09":{"txs":5,"uniq":4,"trade":0,"nft":0,"gas":0.000035,"bal":0.003178,"days":2,"spread":0.066667,"streak":2,"rank_m":337862,"pct_m":0.35922,"gas_method":"estimated"},"2025-10":{"txs":0,"uniq":0,"trade":0,"nft":0,"gas":0,"bal":0.003178,"days":0,"spread":0,"streak":0,"rank_m":466598,"pct_m":0.496094}}}