{"wallet":"0xcb5260f86b6904f9000620b03dd42d6da07cd58b","rank":172247,"lifetime":{"months_active":20,"first":"2023-07","last":"2025-10","tx_sum":165,"uniq_sum":109,"trade_sum":13,"nft_sum":95,"gas_sum":0.004512,"avg_balance_eth_mean":0.033511,"streak_best_days":5,"gas_sum_filled":0.004512},"months":{"2023-07":{"txs":0,"uniq":0,"trade":0,"nft":0,"gas":0,"bal":0,"days":0,"spread":0,"streak":0,"rank_m":234478,"pct_m":0.2493},"2023-08":{"txs":46,"uniq":33,"trade":2,"nft":30,"gas":0.002821,"bal":0.032504,"days":16,"spread":0.516129,"streak":5,"rank_m":8962,"pct_m":0.009527,"gas_method":"exact"},"2023-09":{"txs":11,"uniq":9,"trade":0,"nft":10,"gas":0.00032,"bal":0.096749,"days":4,"spread":0.133333,"streak":2,"rank_m":23430,"pct_m":0.02491,"gas_method":"exact"},"2023-10":{"txs":16,"uniq":8,"trade":0,"nft":5,"gas":0.000124,"bal":0.07355,"days":4,"spread":0.129032,"streak":2,"rank_m":16401,"pct_m":0.017437,"gas_method":"exact"},"2023-11":{"txs":3,"uniq":3,"trade":0,"nft":3,"gas":0.000078,"bal":0.161043,"days":3,"spread":0.1,"streak":1,"rank_m":38452,"pct_m":0.040882,"gas_method":"exact"},"2023-12":{"txs":3,"uniq":2,"trade":0,"nft":16,"gas":0.000207,"bal":0.091359,"days":3,"spread":0.096774,"streak":1,"rank_m":42103,"pct_m":0.044764,"gas_method":"exact"},"2024-01":{"txs":6,"uniq":5,"trade":0,"nft":6,"gas":0.00009,"bal":0.049032,"days":4,"spread":0.129032,"streak":1,"rank_m":42206,"pct_m":0.044873,"gas_method":"exact"},"2024-02":{"txs":17,"uniq":8,"trade":6,"nft":2,"gas":0.000411,"bal":0.061097,"days":7,"spread":0.241379,"streak":4,"rank_m":20454,"pct_m":0.021746,"gas_method":"estimated"},"2024-03":{"txs":6,"uniq":6,"trade":0,"nft":5,"gas":0.000217,"bal":0.068545,"days":5,"spread":0.16129,"streak":1,"rank_m":135886,"pct_m":0.144475,"gas_method":"estimated"},"2024-04":{"txs":25,"uniq":10,"trade":3,"nft":4,"gas":0.000112,"bal":0.042493,"days":8,"spread":0.266667,"streak":3,"rank_m":93858,"pct_m":0.09979,"gas_method":"estimated"},"2024-05":{"txs":4,"uniq":3,"trade":0,"nft":3,"gas":0.000006,"bal":0.073057,"days":2,"spread":0.064516,"streak":2,"rank_m":233929,"pct_m":0.248716,"gas_method":"estimated"},"2024-06":{"txs":3,"uniq":3,"trade":0,"nft":2,"gas":0,"bal":0.062348,"days":2,"spread":0.066667,"streak":1,"rank_m":243134,"pct_m":0.258503,"gas_method":"estimated"},"2024-07":{"txs":7,"uniq":6,"trade":0,"nft":6,"gas":0.000002,"bal":0.011077,"days":2,"spread":0.064516,"streak":1,"rank_m":208571,"pct_m":0.221755,"gas_method":"estimated"},"2024-08":{"txs":1,"uniq":1,"trade":0,"nft":2,"gas":0.000002,"bal":0.005211,"days":1,"spread":0.032258,"streak":1,"rank_m":328869,"pct_m":0.349658,"gas_method":"exact"},"2024-09":{"txs":0,"uniq":0,"trade":0,"nft":0,"gas":0,"bal":0.005211,"days":0,"spread":0,"streak":0,"rank_m":467668,"pct_m":0.497232},"2024-10":{"txs":0,"uniq":0,"trade":0,"nft":0,"gas":0,"bal":0.005211,"days":0,"spread":0,"streak":0,"rank_m":515427,"pct_m":0.54801},"2024-11":{"txs":1,"uniq":1,"trade":0,"nft":1,"gas":0.000002,"bal":0.005209,"days":1,"spread":0.033333,"streak":1,"rank_m":398638,"pct_m":0.423838,"gas_method":"exact"},"2024-12":{"txs":1,"uniq":1,"trade":0,"nft":0,"gas":0.000022,"bal":0.002953,"days":1,"spread":0.032258,"streak":1,"rank_m":521441,"pct_m":0.554404,"gas_method":"exact"},"2025-01":{"txs":2,"uniq":1,"trade":0,"nft":0,"gas":0.000026,"bal":0.011641,"days":1,"spread":0.032258,"streak":1,"rank_m":455552,"pct_m":0.48435,"gas_method":"exact"},"2025-02":{"txs":3,"uniq":3,"trade":0,"nft":0,"gas":0.000021,"bal":0.02172,"days":1,"spread":0.035714,"streak":1,"rank_m":340059,"pct_m":0.361556,"gas_method":"exact"},"2025-03":{"txs":0,"uniq":0,"trade":0,"nft":0,"gas":0,"bal":0.02172,"days":0,"spread":0,"streak":0,"rank_m":499052,"pct_m":0.5306},"2025-04":{"txs":7,"uniq":3,"trade":2,"nft":0,"gas":0.00003,"bal":0.006277,"days":1,"spread":0.033333,"streak":1,"rank_m":281304,"pct_m":0.299086,"gas_method":"exact"},"2025-05":{"txs":0,"uniq":0,"trade":0,"nft":0,"gas":0,"bal":0.006277,"days":0,"spread":0,"streak":0,"rank_m":514757,"pct_m":0.547298},"2025-06":{"txs":2,"uniq":2,"trade":0,"nft":0,"gas":0.000014,"bal":0.005278,"days":1,"spread":0.033333,"streak":1,"rank_m":376587,"pct_m":0.400393,"gas_method":"estimated"},"2025-07":{"txs":0,"uniq":0,"trade":0,"nft":0,"gas":0,"bal":0.005278,"days":0,"spread":0,"streak":0,"rank_m":559766,"pct_m":0.595152},"2025-08":{"txs":0,"uniq":0,"trade":0,"nft":0,"gas":0,"bal":0.005278,"days":0,"spread":0,"streak":0,"rank_m":532559,"pct_m":0.566225},"2025-09":{"txs":0,"uniq":0,"trade":0,"nft":0,"gas":0,"bal":0.005278,"days":0,"spread":0,"streak":0,"rank_m":524031,"pct_m":0.557158},"2025-10":{"txs":1,"uniq":1,"trade":0,"nft":0,"gas":0.000007,"bal":0.002906,"days":1,"spread":0.032258,"streak":1,"rank_m":311548,"pct_m":0.331242,"gas_method":"estimated"}}}