{"wallet":"0xcbbca41ca5343131e1c6767b33402888a04fc70e","rank":289417,"lifetime":{"months_active":23,"first":"2023-07","last":"2025-10","tx_sum":226,"uniq_sum":121,"trade_sum":0,"nft_sum":68,"gas_sum":0.001711,"avg_balance_eth_mean":0.007797,"streak_best_days":0,"gas_sum_filled":0.001711},"months":{"2023-07":{"txs":0,"uniq":0,"trade":0,"nft":0,"gas":0,"bal":0,"days":0,"spread":0,"streak":0,"rank_m":232986,"pct_m":0.247714},"2023-08":{"txs":16,"uniq":14,"trade":0,"nft":11,"gas":0.000485,"bal":0.000107,"days":7,"spread":0.225806,"streak":0,"rank_m":106027,"pct_m":0.112729,"gas_method":"exact"},"2023-09":{"txs":9,"uniq":4,"trade":0,"nft":3,"gas":0.000033,"bal":0.000232,"days":6,"spread":0.2,"streak":0,"rank_m":109240,"pct_m":0.116145,"gas_method":"exact"},"2023-10":{"txs":24,"uniq":13,"trade":0,"nft":6,"gas":0.000091,"bal":0.004546,"days":10,"spread":0.322581,"streak":0,"rank_m":49610,"pct_m":0.052745,"gas_method":"exact"},"2023-11":{"txs":7,"uniq":6,"trade":0,"nft":4,"gas":0.000033,"bal":0.003894,"days":6,"spread":0.2,"streak":0,"rank_m":66882,"pct_m":0.071109,"gas_method":"exact"},"2023-12":{"txs":0,"uniq":0,"trade":0,"nft":0,"gas":0,"bal":0.003894,"days":0,"spread":0,"streak":0,"rank_m":199857,"pct_m":0.21249},"2024-01":{"txs":6,"uniq":3,"trade":0,"nft":0,"gas":0.000632,"bal":0.006268,"days":5,"spread":0.16129,"streak":0,"rank_m":97708,"pct_m":0.103884,"gas_method":"exact"},"2024-02":{"txs":17,"uniq":13,"trade":0,"nft":7,"gas":0.000026,"bal":0.006125,"days":10,"spread":0.344828,"streak":0,"rank_m":73141,"pct_m":0.077764,"gas_method":"exact"},"2024-03":{"txs":79,"uniq":14,"trade":0,"nft":9,"gas":0.000271,"bal":0.008176,"days":14,"spread":0.451613,"streak":0,"rank_m":77543,"pct_m":0.082444,"gas_method":"exact"},"2024-04":{"txs":17,"uniq":16,"trade":0,"nft":12,"gas":0.000023,"bal":0.011767,"days":10,"spread":0.333333,"streak":0,"rank_m":186704,"pct_m":0.198506,"gas_method":"estimated"},"2024-05":{"txs":11,"uniq":7,"trade":0,"nft":4,"gas":0.000005,"bal":0.010253,"days":6,"spread":0.193548,"streak":0,"rank_m":249260,"pct_m":0.265017,"gas_method":"estimated"},"2024-06":{"txs":9,"uniq":8,"trade":0,"nft":4,"gas":0,"bal":0.010508,"days":7,"spread":0.233333,"streak":0,"rank_m":208266,"pct_m":0.221431,"gas_method":"estimated"},"2024-07":{"txs":1,"uniq":1,"trade":0,"nft":1,"gas":0,"bal":0.010521,"days":1,"spread":0.032258,"streak":0,"rank_m":397013,"pct_m":0.42211,"gas_method":"estimated"},"2024-08":{"txs":8,"uniq":6,"trade":0,"nft":5,"gas":0,"bal":0.01031,"days":7,"spread":0.225806,"streak":0,"rank_m":236393,"pct_m":0.251336,"gas_method":"estimated"},"2024-09":{"txs":5,"uniq":5,"trade":0,"nft":2,"gas":0,"bal":0.010158,"days":4,"spread":0.133333,"streak":0,"rank_m":232420,"pct_m":0.247112,"gas_method":"estimated"},"2024-10":{"txs":1,"uniq":1,"trade":0,"nft":0,"gas":0,"bal":0.01012,"days":1,"spread":0.032258,"streak":0,"rank_m":407118,"pct_m":0.432854,"gas_method":"exact"},"2024-11":{"txs":3,"uniq":2,"trade":0,"nft":0,"gas":0.000007,"bal":0.010115,"days":2,"spread":0.066667,"streak":0,"rank_m":413448,"pct_m":0.439584,"gas_method":"exact"},"2024-12":{"txs":1,"uniq":0,"trade":0,"nft":0,"gas":0.000022,"bal":0.010111,"days":1,"spread":0.032258,"streak":0,"rank_m":540965,"pct_m":0.575163,"gas_method":"exact"},"2025-01":{"txs":0,"uniq":0,"trade":0,"nft":0,"gas":0,"bal":0.010111,"days":0,"spread":0,"streak":0,"rank_m":562906,"pct_m":0.598491},"2025-02":{"txs":1,"uniq":1,"trade":0,"nft":0,"gas":0.000007,"bal":0.010107,"days":1,"spread":0.035714,"streak":0,"rank_m":477620,"pct_m":0.507813,"gas_method":"exact"},"2025-03":{"txs":0,"uniq":0,"trade":0,"nft":0,"gas":0,"bal":0.010107,"days":0,"spread":0,"streak":0,"rank_m":531902,"pct_m":0.565527},"2025-04":{"txs":1,"uniq":1,"trade":0,"nft":0,"gas":0.000006,"bal":0.010107,"days":1,"spread":0.033333,"streak":0,"rank_m":482317,"pct_m":0.512807,"gas_method":"exact"},"2025-05":{"txs":0,"uniq":0,"trade":0,"nft":0,"gas":0,"bal":0.010107,"days":0,"spread":0,"streak":0,"rank_m":471678,"pct_m":0.501495},"2025-06":{"txs":3,"uniq":3,"trade":0,"nft":0,"gas":0.000021,"bal":0.010106,"days":2,"spread":0.066667,"streak":0,"rank_m":332881,"pct_m":0.353924,"gas_method":"estimated"},"2025-07":{"txs":1,"uniq":1,"trade":0,"nft":0,"gas":0.000007,"bal":0.010106,"days":1,"spread":0.032258,"streak":0,"rank_m":420085,"pct_m":0.446641,"gas_method":"estimated"},"2025-08":{"txs":2,"uniq":0,"trade":0,"nft":0,"gas":0.000014,"bal":0.010104,"days":2,"spread":0.064516,"streak":0,"rank_m":388989,"pct_m":0.413579,"gas_method":"estimated"},"2025-09":{"txs":2,"uniq":1,"trade":0,"nft":0,"gas":0.000014,"bal":0.008134,"days":2,"spread":0.066667,"streak":0,"rank_m":374605,"pct_m":0.398286,"gas_method":"estimated"},"2025-10":{"txs":2,"uniq":1,"trade":0,"nft":0,"gas":0.000014,"bal":0.00222,"days":2,"spread":0.064516,"streak":0,"rank_m":351392,"pct_m":0.373605,"gas_method":"estimated"}}}