{"wallet":"0xcb9adb2dcf97804abb077f843b77fd5c85d7c5d7","rank":371668,"lifetime":{"months_active":20,"first":"2023-07","last":"2025-10","tx_sum":140,"uniq_sum":88,"trade_sum":7,"nft_sum":14,"gas_sum":0.002337,"avg_balance_eth_mean":0.014273,"streak_best_days":2,"gas_sum_filled":0.002337},"months":{"2023-07":{"txs":0,"uniq":0,"trade":0,"nft":0,"gas":0,"bal":0,"days":0,"spread":0,"streak":0,"rank_m":233473,"pct_m":0.248232},"2023-08":{"txs":0,"uniq":0,"trade":0,"nft":0,"gas":0,"bal":0,"days":0,"spread":0,"streak":0,"rank_m":324526,"pct_m":0.345041},"2023-09":{"txs":41,"uniq":29,"trade":3,"nft":7,"gas":0.001173,"bal":0.002817,"days":1,"spread":0.033333,"streak":1,"rank_m":52195,"pct_m":0.055494,"gas_method":"estimated"},"2023-10":{"txs":7,"uniq":4,"trade":0,"nft":1,"gas":0.000025,"bal":0.013403,"days":3,"spread":0.096774,"streak":1,"rank_m":50703,"pct_m":0.053907,"gas_method":"exact"},"2023-11":{"txs":6,"uniq":5,"trade":0,"nft":0,"gas":0.000079,"bal":0.017748,"days":2,"spread":0.066667,"streak":1,"rank_m":58239,"pct_m":0.06192,"gas_method":"estimated"},"2023-12":{"txs":1,"uniq":1,"trade":0,"nft":1,"gas":0.000025,"bal":0.011658,"days":1,"spread":0.032258,"streak":1,"rank_m":107227,"pct_m":0.114005,"gas_method":"estimated"},"2024-01":{"txs":0,"uniq":0,"trade":0,"nft":0,"gas":0,"bal":0.011658,"days":0,"spread":0,"streak":0,"rank_m":201376,"pct_m":0.214105},"2024-02":{"txs":0,"uniq":0,"trade":0,"nft":0,"gas":0,"bal":0.011658,"days":0,"spread":0,"streak":0,"rank_m":265708,"pct_m":0.282504},"2024-03":{"txs":2,"uniq":1,"trade":0,"nft":0,"gas":0.000039,"bal":0.010736,"days":1,"spread":0.032258,"streak":1,"rank_m":277234,"pct_m":0.294759,"gas_method":"estimated"},"2024-04":{"txs":0,"uniq":0,"trade":0,"nft":0,"gas":0,"bal":0.010736,"days":0,"spread":0,"streak":0,"rank_m":428298,"pct_m":0.455373},"2024-05":{"txs":2,"uniq":2,"trade":1,"nft":2,"gas":0.000002,"bal":0.007153,"days":1,"spread":0.032258,"streak":1,"rank_m":323943,"pct_m":0.344421,"gas_method":"estimated"},"2024-06":{"txs":1,"uniq":1,"trade":0,"nft":2,"gas":0,"bal":0.006939,"days":1,"spread":0.033333,"streak":1,"rank_m":365090,"pct_m":0.388169,"gas_method":"estimated"},"2024-07":{"txs":1,"uniq":1,"trade":0,"nft":0,"gas":0,"bal":0.01084,"days":1,"spread":0.032258,"streak":1,"rank_m":372060,"pct_m":0.39558,"gas_method":"estimated"},"2024-08":{"txs":1,"uniq":1,"trade":0,"nft":0,"gas":0,"bal":0.012014,"days":1,"spread":0.032258,"streak":1,"rank_m":372482,"pct_m":0.396028,"gas_method":"estimated"},"2024-09":{"txs":6,"uniq":4,"trade":0,"nft":1,"gas":0,"bal":0.011993,"days":1,"spread":0.033333,"streak":1,"rank_m":231157,"pct_m":0.245769,"gas_method":"estimated"},"2024-10":{"txs":7,"uniq":4,"trade":0,"nft":0,"gas":0,"bal":0.011898,"days":2,"spread":0.064516,"streak":1,"rank_m":295092,"pct_m":0.313746,"gas_method":"estimated"},"2024-11":{"txs":1,"uniq":1,"trade":0,"nft":0,"gas":0.000002,"bal":0.013581,"days":1,"spread":0.033333,"streak":1,"rank_m":415880,"pct_m":0.44217,"gas_method":"exact"},"2024-12":{"txs":7,"uniq":5,"trade":0,"nft":0,"gas":0.000154,"bal":0.013966,"days":3,"spread":0.096774,"streak":1,"rank_m":337117,"pct_m":0.358428,"gas_method":"exact"},"2025-01":{"txs":23,"uniq":8,"trade":0,"nft":0,"gas":0.000597,"bal":0.013581,"days":3,"spread":0.096774,"streak":1,"rank_m":195669,"pct_m":0.208038,"gas_method":"exact"},"2025-02":{"txs":1,"uniq":1,"trade":0,"nft":0,"gas":0.000007,"bal":0.012648,"days":1,"spread":0.035714,"streak":1,"rank_m":419673,"pct_m":0.446203,"gas_method":"exact"},"2025-03":{"txs":2,"uniq":2,"trade":2,"nft":0,"gas":0.000016,"bal":0.012512,"days":1,"spread":0.032258,"streak":1,"rank_m":295109,"pct_m":0.313764,"gas_method":"exact"},"2025-04":{"txs":0,"uniq":0,"trade":0,"nft":0,"gas":0,"bal":0.012512,"days":0,"spread":0,"streak":0,"rank_m":560973,"pct_m":0.596435},"2025-05":{"txs":6,"uniq":6,"trade":0,"nft":0,"gas":0.000042,"bal":0.012666,"days":2,"spread":0.064516,"streak":2,"rank_m":149382,"pct_m":0.158825,"gas_method":"estimated"},"2025-06":{"txs":0,"uniq":0,"trade":0,"nft":0,"gas":0,"bal":0.012666,"days":0,"spread":0,"streak":0,"rank_m":448972,"pct_m":0.477354},"2025-07":{"txs":6,"uniq":4,"trade":1,"nft":0,"gas":0.000042,"bal":0.012701,"days":2,"spread":0.064516,"streak":1,"rank_m":220507,"pct_m":0.234446,"gas_method":"estimated"},"2025-08":{"txs":5,"uniq":3,"trade":0,"nft":0,"gas":0.000035,"bal":0.014107,"days":1,"spread":0.032258,"streak":1,"rank_m":268696,"pct_m":0.285681,"gas_method":"estimated"},"2025-09":{"txs":14,"uniq":5,"trade":0,"nft":0,"gas":0.000099,"bal":0.058733,"days":3,"spread":0.1,"streak":1,"rank_m":130414,"pct_m":0.138657,"gas_method":"estimated"},"2025-10":{"txs":0,"uniq":0,"trade":0,"nft":0,"gas":0,"bal":0.058733,"days":0,"spread":0,"streak":0,"rank_m":251263,"pct_m":0.267146}}}