{"wallet":"0xcbc9dd04153508782b444e3255a9663e9a9953ca","rank":182003,"lifetime":{"months_active":24,"first":"2023-07","last":"2025-10","tx_sum":356,"uniq_sum":152,"trade_sum":27,"nft_sum":48,"gas_sum":0.004511,"avg_balance_eth_mean":0.001245,"streak_best_days":0,"gas_sum_filled":0.004511},"months":{"2023-07":{"txs":4,"uniq":3,"trade":0,"nft":1,"gas":0.000706,"bal":0.000201,"days":1,"spread":0.032258,"streak":0,"rank_m":50500,"pct_m":0.053691,"gas_method":"estimated"},"2023-08":{"txs":8,"uniq":7,"trade":0,"nft":2,"gas":0.000994,"bal":0.000757,"days":6,"spread":0.193548,"streak":0,"rank_m":118094,"pct_m":0.125559,"gas_method":"exact"},"2023-09":{"txs":4,"uniq":3,"trade":0,"nft":1,"gas":0.000155,"bal":0.000866,"days":1,"spread":0.033333,"streak":0,"rank_m":131905,"pct_m":0.140243,"gas_method":"exact"},"2023-10":{"txs":1,"uniq":1,"trade":0,"nft":1,"gas":0.000014,"bal":0.000407,"days":1,"spread":0.032258,"streak":0,"rank_m":155239,"pct_m":0.165052,"gas_method":"estimated"},"2023-11":{"txs":1,"uniq":1,"trade":0,"nft":0,"gas":0.000024,"bal":0.000265,"days":1,"spread":0.033333,"streak":0,"rank_m":173906,"pct_m":0.184899,"gas_method":"estimated"},"2023-12":{"txs":2,"uniq":1,"trade":0,"nft":1,"gas":0.00009,"bal":0.000111,"days":2,"spread":0.064516,"streak":0,"rank_m":191727,"pct_m":0.203847,"gas_method":"estimated"},"2024-01":{"txs":1,"uniq":1,"trade":0,"nft":0,"gas":0.000044,"bal":0.00002,"days":1,"spread":0.032258,"streak":0,"rank_m":199526,"pct_m":0.212139,"gas_method":"exact"},"2024-02":{"txs":71,"uniq":33,"trade":8,"nft":17,"gas":0.000956,"bal":0.021403,"days":16,"spread":0.551724,"streak":0,"rank_m":22509,"pct_m":0.023931,"gas_method":"exact"},"2024-03":{"txs":1,"uniq":1,"trade":0,"nft":1,"gas":0.000035,"bal":0.000044,"days":1,"spread":0.032258,"streak":0,"rank_m":381266,"pct_m":0.405368,"gas_method":"estimated"},"2024-04":{"txs":74,"uniq":21,"trade":13,"nft":1,"gas":0.000323,"bal":0.00063,"days":14,"spread":0.466667,"streak":0,"rank_m":202710,"pct_m":0.215524,"gas_method":"estimated"},"2024-05":{"txs":56,"uniq":23,"trade":0,"nft":6,"gas":0.000081,"bal":0.000531,"days":11,"spread":0.354839,"streak":0,"rank_m":242457,"pct_m":0.257784,"gas_method":"estimated"},"2024-06":{"txs":13,"uniq":9,"trade":3,"nft":5,"gas":0.000001,"bal":0.00027,"days":5,"spread":0.166667,"streak":0,"rank_m":323232,"pct_m":0.343665,"gas_method":"estimated"},"2024-07":{"txs":8,"uniq":6,"trade":0,"nft":2,"gas":0.000002,"bal":0.001375,"days":4,"spread":0.129032,"streak":0,"rank_m":349518,"pct_m":0.371613,"gas_method":"estimated"},"2024-08":{"txs":8,"uniq":7,"trade":0,"nft":1,"gas":0.000498,"bal":0.002682,"days":4,"spread":0.129032,"streak":0,"rank_m":271160,"pct_m":0.288301,"gas_method":"exact"},"2024-09":{"txs":11,"uniq":9,"trade":1,"nft":6,"gas":0.000001,"bal":0.004742,"days":6,"spread":0.2,"streak":0,"rank_m":178249,"pct_m":0.189516,"gas_method":"estimated"},"2024-10":{"txs":18,"uniq":13,"trade":2,"nft":3,"gas":0.000002,"bal":0.00042,"days":10,"spread":0.322581,"streak":0,"rank_m":275813,"pct_m":0.293248,"gas_method":"estimated"},"2024-11":{"txs":1,"uniq":1,"trade":0,"nft":0,"gas":0.000002,"bal":0.000001,"days":1,"spread":0.033333,"streak":0,"rank_m":562232,"pct_m":0.597774,"gas_method":"exact"},"2024-12":{"txs":13,"uniq":2,"trade":0,"nft":0,"gas":0.000066,"bal":0.000023,"days":4,"spread":0.129032,"streak":0,"rank_m":518520,"pct_m":0.551299,"gas_method":"exact"},"2025-01":{"txs":15,"uniq":4,"trade":0,"nft":0,"gas":0.000208,"bal":0.000082,"days":2,"spread":0.064516,"streak":0,"rank_m":463550,"pct_m":0.492854,"gas_method":"exact"},"2025-02":{"txs":17,"uniq":5,"trade":0,"nft":0,"gas":0.000106,"bal":0.000021,"days":3,"spread":0.107143,"streak":0,"rank_m":373138,"pct_m":0.396726,"gas_method":"exact"},"2025-03":{"txs":0,"uniq":0,"trade":0,"nft":0,"gas":0,"bal":0.000021,"days":0,"spread":0,"streak":0,"rank_m":761973,"pct_m":0.810142},"2025-04":{"txs":1,"uniq":1,"trade":0,"nft":0,"gas":0.000006,"bal":0,"days":1,"spread":0.033333,"streak":0,"rank_m":628899,"pct_m":0.668656,"gas_method":"exact"},"2025-05":{"txs":0,"uniq":0,"trade":0,"nft":0,"gas":0,"bal":0,"days":0,"spread":0,"streak":0,"rank_m":862023,"pct_m":0.916517},"2025-06":{"txs":0,"uniq":0,"trade":0,"nft":0,"gas":0,"bal":0,"days":0,"spread":0,"streak":0,"rank_m":875309,"pct_m":0.930643},"2025-07":{"txs":5,"uniq":0,"trade":0,"nft":0,"gas":0.000035,"bal":0,"days":1,"spread":0.032258,"streak":0,"rank_m":802842,"pct_m":0.853595,"gas_method":"estimated"},"2025-08":{"txs":15,"uniq":0,"trade":0,"nft":0,"gas":0.000106,"bal":0,"days":4,"spread":0.129032,"streak":0,"rank_m":739837,"pct_m":0.786607,"gas_method":"estimated"},"2025-09":{"txs":8,"uniq":0,"trade":0,"nft":0,"gas":0.000056,"bal":0,"days":2,"spread":0.066667,"streak":0,"rank_m":766056,"pct_m":0.814483,"gas_method":"estimated"},"2025-10":{"txs":0,"uniq":0,"trade":0,"nft":0,"gas":0,"bal":0,"days":0,"spread":0,"streak":0,"rank_m":882987,"pct_m":0.938806}}}