{"wallet":"0xcb54ebf9e208ce6b09d6a2512227a7546fbd035f","rank":9075,"lifetime":{"months_active":28,"first":"2023-07","last":"2025-10","tx_sum":1508,"uniq_sum":563,"trade_sum":26,"nft_sum":328,"gas_sum":0.019402,"avg_balance_eth_mean":0.010796,"streak_best_days":27,"gas_sum_filled":0.019402},"months":{"2023-07":{"txs":14,"uniq":3,"trade":0,"nft":2,"gas":0.001044,"bal":0.001602,"days":4,"spread":0.129032,"streak":2,"rank_m":2971,"pct_m":0.003158,"gas_method":"exact"},"2023-08":{"txs":54,"uniq":37,"trade":0,"nft":26,"gas":0.005691,"bal":0.004517,"days":21,"spread":0.677419,"streak":10,"rank_m":12261,"pct_m":0.013035,"gas_method":"exact"},"2023-09":{"txs":100,"uniq":27,"trade":0,"nft":15,"gas":0.004116,"bal":0.002618,"days":29,"spread":0.966667,"streak":27,"rank_m":8906,"pct_m":0.009468,"gas_method":"exact"},"2023-10":{"txs":50,"uniq":14,"trade":0,"nft":10,"gas":0.000735,"bal":0.001937,"days":28,"spread":0.903226,"streak":17,"rank_m":13314,"pct_m":0.014155,"gas_method":"exact"},"2023-11":{"txs":25,"uniq":10,"trade":0,"nft":4,"gas":0.000208,"bal":0.001172,"days":19,"spread":0.633333,"streak":5,"rank_m":22585,"pct_m":0.024012,"gas_method":"exact"},"2023-12":{"txs":21,"uniq":10,"trade":2,"nft":7,"gas":0.000108,"bal":0.001719,"days":17,"spread":0.548387,"streak":5,"rank_m":18207,"pct_m":0.019357,"gas_method":"exact"},"2024-01":{"txs":13,"uniq":6,"trade":0,"nft":5,"gas":0.00028,"bal":0.001453,"days":10,"spread":0.322581,"streak":2,"rank_m":42988,"pct_m":0.045705,"gas_method":"exact"},"2024-02":{"txs":41,"uniq":20,"trade":4,"nft":14,"gas":0.000054,"bal":0.005015,"days":20,"spread":0.689655,"streak":11,"rank_m":11387,"pct_m":0.012106,"gas_method":"exact"},"2024-03":{"txs":47,"uniq":28,"trade":0,"nft":25,"gas":0.000379,"bal":0.005941,"days":20,"spread":0.645161,"streak":10,"rank_m":22818,"pct_m":0.024259,"gas_method":"exact"},"2024-04":{"txs":70,"uniq":27,"trade":0,"nft":27,"gas":0.000292,"bal":0.001817,"days":21,"spread":0.7,"streak":4,"rank_m":62275,"pct_m":0.066211,"gas_method":"exact"},"2024-05":{"txs":70,"uniq":35,"trade":0,"nft":29,"gas":0.000009,"bal":0.002165,"days":22,"spread":0.709677,"streak":8,"rank_m":45343,"pct_m":0.048208,"gas_method":"exact"},"2024-06":{"txs":47,"uniq":23,"trade":0,"nft":22,"gas":0,"bal":0.004873,"days":17,"spread":0.566667,"streak":8,"rank_m":41430,"pct_m":0.044048,"gas_method":"exact"},"2024-07":{"txs":30,"uniq":19,"trade":0,"nft":33,"gas":0.000002,"bal":0.007752,"days":15,"spread":0.483871,"streak":3,"rank_m":32161,"pct_m":0.034193,"gas_method":"exact"},"2024-08":{"txs":45,"uniq":39,"trade":0,"nft":47,"gas":0.000003,"bal":0.008376,"days":14,"spread":0.451613,"streak":3,"rank_m":24329,"pct_m":0.025866,"gas_method":"exact"},"2024-09":{"txs":21,"uniq":13,"trade":0,"nft":16,"gas":0.000001,"bal":0.009271,"days":8,"spread":0.266667,"streak":2,"rank_m":63501,"pct_m":0.067514,"gas_method":"estimated"},"2024-10":{"txs":32,"uniq":22,"trade":2,"nft":26,"gas":0.000006,"bal":0.010446,"days":12,"spread":0.387097,"streak":3,"rank_m":28874,"pct_m":0.030698,"gas_method":"exact"},"2024-11":{"txs":20,"uniq":13,"trade":4,"nft":6,"gas":0.000046,"bal":0.011613,"days":12,"spread":0.4,"streak":3,"rank_m":71853,"pct_m":0.076394,"gas_method":"exact"},"2024-12":{"txs":36,"uniq":23,"trade":6,"nft":1,"gas":0.000772,"bal":0.011184,"days":14,"spread":0.451613,"streak":4,"rank_m":50009,"pct_m":0.053169,"gas_method":"exact"},"2025-01":{"txs":18,"uniq":8,"trade":0,"nft":1,"gas":0.000416,"bal":0.01107,"days":9,"spread":0.290323,"streak":2,"rank_m":133154,"pct_m":0.141571,"gas_method":"exact"},"2025-02":{"txs":27,"uniq":10,"trade":1,"nft":4,"gas":0.000169,"bal":0.010656,"days":15,"spread":0.535714,"streak":10,"rank_m":37919,"pct_m":0.040315,"gas_method":"exact"},"2025-03":{"txs":56,"uniq":25,"trade":5,"nft":1,"gas":0.000411,"bal":0.010594,"days":16,"spread":0.516129,"streak":6,"rank_m":17738,"pct_m":0.018858,"gas_method":"exact"},"2025-04":{"txs":46,"uniq":17,"trade":0,"nft":0,"gas":0.00026,"bal":0.016051,"days":10,"spread":0.333333,"streak":6,"rank_m":21856,"pct_m":0.023237,"gas_method":"exact"},"2025-05":{"txs":40,"uniq":16,"trade":0,"nft":0,"gas":0.000282,"bal":0.030227,"days":13,"spread":0.419355,"streak":4,"rank_m":27325,"pct_m":0.029051,"gas_method":"estimated"},"2025-06":{"txs":94,"uniq":23,"trade":2,"nft":0,"gas":0.000662,"bal":0.016598,"days":11,"spread":0.366667,"streak":7,"rank_m":18284,"pct_m":0.019439,"gas_method":"estimated"},"2025-07":{"txs":42,"uniq":15,"trade":0,"nft":1,"gas":0.000296,"bal":0.021061,"days":10,"spread":0.322581,"streak":2,"rank_m":43722,"pct_m":0.046485,"gas_method":"estimated"},"2025-08":{"txs":181,"uniq":28,"trade":0,"nft":1,"gas":0.001274,"bal":0.017806,"days":13,"spread":0.419355,"streak":4,"rank_m":17227,"pct_m":0.018315,"gas_method":"estimated"},"2025-09":{"txs":178,"uniq":31,"trade":0,"nft":1,"gas":0.001253,"bal":0.024556,"days":18,"spread":0.6,"streak":9,"rank_m":9144,"pct_m":0.009721,"gas_method":"estimated"},"2025-10":{"txs":90,"uniq":21,"trade":0,"nft":4,"gas":0.000633,"bal":0.050194,"days":9,"spread":0.290323,"streak":3,"rank_m":6227,"pct_m":0.00662,"gas_method":"estimated"}}}