{"wallet":"0xcb3bbd24eb5cfdae35c62e84cad894c32ff1fd5e","rank":239799,"lifetime":{"months_active":18,"first":"2023-07","last":"2025-10","tx_sum":468,"uniq_sum":259,"trade_sum":0,"nft_sum":1,"gas_sum":0.003933,"avg_balance_eth_mean":0.002082,"streak_best_days":3,"gas_sum_filled":0.003933},"months":{"2023-07":{"txs":0,"uniq":0,"trade":0,"nft":0,"gas":0,"bal":0,"days":0,"spread":0,"streak":0,"rank_m":234758,"pct_m":0.249598},"2023-08":{"txs":47,"uniq":19,"trade":0,"nft":0,"gas":0.000536,"bal":0.000019,"days":2,"spread":0.064516,"streak":2,"rank_m":91644,"pct_m":0.097436,"gas_method":"exact"},"2023-09":{"txs":4,"uniq":3,"trade":0,"nft":0,"gas":0.000041,"bal":0.005801,"days":3,"spread":0.1,"streak":2,"rank_m":75588,"pct_m":0.080365,"gas_method":"exact"},"2023-10":{"txs":0,"uniq":0,"trade":0,"nft":0,"gas":0,"bal":0.005801,"days":0,"spread":0,"streak":0,"rank_m":159805,"pct_m":0.169906},"2023-11":{"txs":1,"uniq":1,"trade":0,"nft":0,"gas":0.000013,"bal":0.007702,"days":1,"spread":0.033333,"streak":1,"rank_m":109082,"pct_m":0.115977,"gas_method":"estimated"},"2023-12":{"txs":0,"uniq":0,"trade":0,"nft":0,"gas":0,"bal":0.007702,"days":0,"spread":0,"streak":0,"rank_m":194881,"pct_m":0.2072},"2024-01":{"txs":0,"uniq":0,"trade":0,"nft":0,"gas":0,"bal":0.007702,"days":0,"spread":0,"streak":0,"rank_m":204409,"pct_m":0.21733},"2024-02":{"txs":0,"uniq":0,"trade":0,"nft":0,"gas":0,"bal":0.007702,"days":0,"spread":0,"streak":0,"rank_m":271215,"pct_m":0.28836},"2024-03":{"txs":15,"uniq":11,"trade":0,"nft":0,"gas":0.00006,"bal":0.002645,"days":3,"spread":0.096774,"streak":1,"rank_m":185039,"pct_m":0.196736,"gas_method":"exact"},"2024-04":{"txs":35,"uniq":19,"trade":0,"nft":0,"gas":0.000007,"bal":0.003134,"days":4,"spread":0.133333,"streak":2,"rank_m":202962,"pct_m":0.215792,"gas_method":"exact"},"2024-05":{"txs":24,"uniq":20,"trade":0,"nft":1,"gas":0.000019,"bal":0.001187,"days":4,"spread":0.129032,"streak":3,"rank_m":247341,"pct_m":0.262976,"gas_method":"estimated"},"2024-06":{"txs":0,"uniq":0,"trade":0,"nft":0,"gas":0,"bal":0.001187,"days":0,"spread":0,"streak":0,"rank_m":522682,"pct_m":0.555724},"2024-07":{"txs":3,"uniq":2,"trade":0,"nft":0,"gas":0,"bal":0.000109,"days":1,"spread":0.032258,"streak":1,"rank_m":489060,"pct_m":0.519976,"gas_method":"estimated"},"2024-08":{"txs":0,"uniq":0,"trade":0,"nft":0,"gas":0,"bal":0.000109,"days":0,"spread":0,"streak":0,"rank_m":595677,"pct_m":0.633333},"2024-09":{"txs":7,"uniq":5,"trade":0,"nft":0,"gas":0,"bal":0.000505,"days":2,"spread":0.066667,"streak":1,"rank_m":391290,"pct_m":0.416025,"gas_method":"estimated"},"2024-10":{"txs":0,"uniq":0,"trade":0,"nft":0,"gas":0,"bal":0.000505,"days":0,"spread":0,"streak":0,"rank_m":612095,"pct_m":0.650789},"2024-11":{"txs":0,"uniq":0,"trade":0,"nft":0,"gas":0,"bal":0.000505,"days":0,"spread":0,"streak":0,"rank_m":614725,"pct_m":0.653586},"2024-12":{"txs":64,"uniq":5,"trade":0,"nft":0,"gas":0.001389,"bal":0.000206,"days":3,"spread":0.096774,"streak":1,"rank_m":311382,"pct_m":0.331066,"gas_method":"exact"},"2025-01":{"txs":2,"uniq":1,"trade":0,"nft":0,"gas":0.000026,"bal":0.000133,"days":1,"spread":0.032258,"streak":1,"rank_m":553348,"pct_m":0.588328,"gas_method":"exact"},"2025-02":{"txs":37,"uniq":36,"trade":0,"nft":0,"gas":0.000253,"bal":0.000086,"days":1,"spread":0.035714,"streak":1,"rank_m":262117,"pct_m":0.278686,"gas_method":"exact"},"2025-03":{"txs":42,"uniq":36,"trade":0,"nft":0,"gas":0.000316,"bal":0.000475,"days":2,"spread":0.064516,"streak":1,"rank_m":210652,"pct_m":0.223968,"gas_method":"exact"},"2025-04":{"txs":37,"uniq":36,"trade":0,"nft":0,"gas":0.000217,"bal":0.000159,"days":1,"spread":0.033333,"streak":1,"rank_m":257666,"pct_m":0.273954,"gas_method":"exact"},"2025-05":{"txs":37,"uniq":19,"trade":0,"nft":0,"gas":0.00026,"bal":0.000678,"days":3,"spread":0.096774,"streak":1,"rank_m":312839,"pct_m":0.332615,"gas_method":"estimated"},"2025-06":{"txs":70,"uniq":37,"trade":0,"nft":0,"gas":0.000493,"bal":0.000319,"days":5,"spread":0.166667,"streak":2,"rank_m":352246,"pct_m":0.374513,"gas_method":"estimated"},"2025-07":{"txs":41,"uniq":7,"trade":0,"nft":0,"gas":0.000289,"bal":0.000314,"days":2,"spread":0.064516,"streak":1,"rank_m":459968,"pct_m":0.489045,"gas_method":"estimated"},"2025-08":{"txs":1,"uniq":1,"trade":0,"nft":0,"gas":0.000007,"bal":0.001275,"days":1,"spread":0.032258,"streak":1,"rank_m":494666,"pct_m":0.525937,"gas_method":"estimated"},"2025-09":{"txs":0,"uniq":0,"trade":0,"nft":0,"gas":0,"bal":0.001275,"days":0,"spread":0,"streak":0,"rank_m":626338,"pct_m":0.665933},"2025-10":{"txs":1,"uniq":1,"trade":0,"nft":0,"gas":0.000007,"bal":0.001059,"days":1,"spread":0.032258,"streak":1,"rank_m":373568,"pct_m":0.397183,"gas_method":"estimated"}}}