{"wallet":"0xcb396477694118363ebfeb6040995615432fb88e","rank":664899,"lifetime":{"months_active":11,"first":"2023-07","last":"2025-10","tx_sum":204,"uniq_sum":84,"trade_sum":4,"nft_sum":45,"gas_sum":0.000447,"avg_balance_eth_mean":0.000879,"streak_best_days":0,"gas_sum_filled":0.000447},"months":{"2023-07":{"txs":0,"uniq":0,"trade":0,"nft":0,"gas":0,"bal":0,"days":0,"spread":0,"streak":0,"rank_m":234797,"pct_m":0.249639},"2023-08":{"txs":0,"uniq":0,"trade":0,"nft":0,"gas":0,"bal":0,"days":0,"spread":0,"streak":0,"rank_m":325667,"pct_m":0.346254},"2023-09":{"txs":0,"uniq":0,"trade":0,"nft":0,"gas":0,"bal":0,"days":0,"spread":0,"streak":0,"rank_m":344257,"pct_m":0.366019},"2023-10":{"txs":0,"uniq":0,"trade":0,"nft":0,"gas":0,"bal":0,"days":0,"spread":0,"streak":0,"rank_m":362571,"pct_m":0.385491},"2023-11":{"txs":10,"uniq":7,"trade":0,"nft":4,"gas":0.000041,"bal":0.000157,"days":5,"spread":0.166667,"streak":0,"rank_m":119661,"pct_m":0.127225,"gas_method":"estimated"},"2023-12":{"txs":1,"uniq":1,"trade":0,"nft":1,"gas":0.000008,"bal":0.000092,"days":1,"spread":0.032258,"streak":0,"rank_m":198608,"pct_m":0.211163,"gas_method":"estimated"},"2024-01":{"txs":1,"uniq":1,"trade":0,"nft":0,"gas":0.00002,"bal":0.000048,"days":1,"spread":0.032258,"streak":0,"rank_m":200727,"pct_m":0.213415,"gas_method":"exact"},"2024-02":{"txs":0,"uniq":0,"trade":0,"nft":0,"gas":0,"bal":0.000048,"days":0,"spread":0,"streak":0,"rank_m":332793,"pct_m":0.35383},"2024-03":{"txs":0,"uniq":0,"trade":0,"nft":0,"gas":0,"bal":0.000048,"days":0,"spread":0,"streak":0,"rank_m":421144,"pct_m":0.447767},"2024-04":{"txs":72,"uniq":21,"trade":2,"nft":14,"gas":0.000054,"bal":0.00148,"days":8,"spread":0.266667,"streak":0,"rank_m":213612,"pct_m":0.227115,"gas_method":"estimated"},"2024-05":{"txs":58,"uniq":24,"trade":0,"nft":9,"gas":0.000263,"bal":0.001983,"days":12,"spread":0.387097,"streak":0,"rank_m":118047,"pct_m":0.125509,"gas_method":"exact"},"2024-06":{"txs":11,"uniq":8,"trade":0,"nft":4,"gas":0,"bal":0.004379,"days":6,"spread":0.2,"streak":0,"rank_m":256009,"pct_m":0.272192,"gas_method":"estimated"},"2024-07":{"txs":14,"uniq":7,"trade":0,"nft":3,"gas":0.000001,"bal":0.001693,"days":6,"spread":0.193548,"streak":0,"rank_m":288473,"pct_m":0.306709,"gas_method":"estimated"},"2024-08":{"txs":26,"uniq":12,"trade":2,"nft":8,"gas":0.000003,"bal":0.002131,"days":10,"spread":0.322581,"streak":0,"rank_m":137382,"pct_m":0.146066,"gas_method":"exact"},"2024-09":{"txs":3,"uniq":3,"trade":0,"nft":2,"gas":0.000001,"bal":0.001047,"days":2,"spread":0.066667,"streak":0,"rank_m":320575,"pct_m":0.34084,"gas_method":"exact"},"2024-10":{"txs":0,"uniq":0,"trade":0,"nft":0,"gas":0,"bal":0.001047,"days":0,"spread":0,"streak":0,"rank_m":586429,"pct_m":0.623501},"2024-11":{"txs":0,"uniq":0,"trade":0,"nft":0,"gas":0,"bal":0.001047,"days":0,"spread":0,"streak":0,"rank_m":588390,"pct_m":0.625586},"2024-12":{"txs":0,"uniq":0,"trade":0,"nft":0,"gas":0,"bal":0.001047,"days":0,"spread":0,"streak":0,"rank_m":641783,"pct_m":0.682354},"2025-01":{"txs":0,"uniq":0,"trade":0,"nft":0,"gas":0,"bal":0.001047,"days":0,"spread":0,"streak":0,"rank_m":630881,"pct_m":0.670763},"2025-02":{"txs":0,"uniq":0,"trade":0,"nft":0,"gas":0,"bal":0.001047,"days":0,"spread":0,"streak":0,"rank_m":645276,"pct_m":0.686068},"2025-03":{"txs":0,"uniq":0,"trade":0,"nft":0,"gas":0,"bal":0.001047,"days":0,"spread":0,"streak":0,"rank_m":639184,"pct_m":0.679591},"2025-04":{"txs":0,"uniq":0,"trade":0,"nft":0,"gas":0,"bal":0.001047,"days":0,"spread":0,"streak":0,"rank_m":667437,"pct_m":0.70963},"2025-05":{"txs":0,"uniq":0,"trade":0,"nft":0,"gas":0,"bal":0.001047,"days":0,"spread":0,"streak":0,"rank_m":654877,"pct_m":0.696276},"2025-06":{"txs":0,"uniq":0,"trade":0,"nft":0,"gas":0,"bal":0.001047,"days":0,"spread":0,"streak":0,"rank_m":657453,"pct_m":0.699015},"2025-07":{"txs":0,"uniq":0,"trade":0,"nft":0,"gas":0,"bal":0.001047,"days":0,"spread":0,"streak":0,"rank_m":674685,"pct_m":0.717336},"2025-08":{"txs":0,"uniq":0,"trade":0,"nft":0,"gas":0,"bal":0.001047,"days":0,"spread":0,"streak":0,"rank_m":653570,"pct_m":0.694886},"2025-09":{"txs":6,"uniq":0,"trade":0,"nft":0,"gas":0.000042,"bal":0,"days":1,"spread":0.033333,"streak":0,"rank_m":788710,"pct_m":0.83857,"gas_method":"estimated"},"2025-10":{"txs":2,"uniq":0,"trade":0,"nft":0,"gas":0.000014,"bal":0,"days":2,"spread":0.064516,"streak":0,"rank_m":717716,"pct_m":0.763087,"gas_method":"estimated"}}}