{"wallet":"0xcb7693f00a4efc4abe9d3169cc434dfc04d4c0b8","rank":114080,"lifetime":{"months_active":25,"first":"2023-07","last":"2025-10","tx_sum":338,"uniq_sum":171,"trade_sum":0,"nft_sum":59,"gas_sum":0.008962,"avg_balance_eth_mean":0.046921,"streak_best_days":4,"gas_sum_filled":0.008962},"months":{"2023-07":{"txs":0,"uniq":0,"trade":0,"nft":0,"gas":0,"bal":0,"days":0,"spread":0,"streak":0,"rank_m":233983,"pct_m":0.248774},"2023-08":{"txs":53,"uniq":34,"trade":0,"nft":25,"gas":0.004194,"bal":0.002004,"days":9,"spread":0.290323,"streak":2,"rank_m":31132,"pct_m":0.033099,"gas_method":"exact"},"2023-09":{"txs":6,"uniq":5,"trade":0,"nft":3,"gas":0.000536,"bal":0.002729,"days":2,"spread":0.066667,"streak":1,"rank_m":79219,"pct_m":0.084226,"gas_method":"estimated"},"2023-10":{"txs":14,"uniq":7,"trade":0,"nft":2,"gas":0.000331,"bal":0.003229,"days":4,"spread":0.129032,"streak":2,"rank_m":53623,"pct_m":0.057012,"gas_method":"estimated"},"2023-11":{"txs":6,"uniq":4,"trade":0,"nft":1,"gas":0.000245,"bal":0.001582,"days":4,"spread":0.133333,"streak":2,"rank_m":75422,"pct_m":0.080189,"gas_method":"estimated"},"2023-12":{"txs":2,"uniq":2,"trade":0,"nft":2,"gas":0.000051,"bal":0.000038,"days":2,"spread":0.064516,"streak":1,"rank_m":122594,"pct_m":0.130343,"gas_method":"exact"},"2024-01":{"txs":2,"uniq":1,"trade":0,"nft":2,"gas":0.000143,"bal":0.00009,"days":1,"spread":0.032258,"streak":1,"rank_m":175395,"pct_m":0.186482,"gas_method":"estimated"},"2024-02":{"txs":22,"uniq":12,"trade":0,"nft":8,"gas":0.000887,"bal":0.001166,"days":8,"spread":0.275862,"streak":2,"rank_m":80791,"pct_m":0.085897,"gas_method":"estimated"},"2024-03":{"txs":8,"uniq":7,"trade":0,"nft":2,"gas":0.000247,"bal":0.001602,"days":6,"spread":0.193548,"streak":2,"rank_m":161629,"pct_m":0.171846,"gas_method":"exact"},"2024-04":{"txs":6,"uniq":5,"trade":0,"nft":2,"gas":0.000045,"bal":0.003303,"days":3,"spread":0.1,"streak":1,"rank_m":337280,"pct_m":0.358601,"gas_method":"estimated"},"2024-05":{"txs":0,"uniq":0,"trade":0,"nft":0,"gas":0,"bal":0.003303,"days":0,"spread":0,"streak":0,"rank_m":482867,"pct_m":0.513392},"2024-06":{"txs":3,"uniq":2,"trade":0,"nft":2,"gas":0,"bal":0.002445,"days":2,"spread":0.066667,"streak":1,"rank_m":373864,"pct_m":0.397498,"gas_method":"estimated"},"2024-07":{"txs":1,"uniq":1,"trade":0,"nft":0,"gas":0,"bal":0.003986,"days":1,"spread":0.032258,"streak":1,"rank_m":421118,"pct_m":0.447739,"gas_method":"estimated"},"2024-08":{"txs":2,"uniq":2,"trade":0,"nft":1,"gas":0.000001,"bal":0.003784,"days":1,"spread":0.032258,"streak":1,"rank_m":383804,"pct_m":0.408066,"gas_method":"estimated"},"2024-09":{"txs":26,"uniq":13,"trade":0,"nft":2,"gas":0.000003,"bal":0.004721,"days":3,"spread":0.1,"streak":2,"rank_m":141079,"pct_m":0.149997,"gas_method":"estimated"},"2024-10":{"txs":14,"uniq":8,"trade":0,"nft":3,"gas":0.000003,"bal":0.046534,"days":7,"spread":0.225806,"streak":4,"rank_m":83357,"pct_m":0.088626,"gas_method":"estimated"},"2024-11":{"txs":0,"uniq":0,"trade":0,"nft":0,"gas":0,"bal":0.046534,"days":0,"spread":0,"streak":0,"rank_m":485270,"pct_m":0.515947},"2024-12":{"txs":12,"uniq":8,"trade":0,"nft":1,"gas":0.000265,"bal":0.460869,"days":5,"spread":0.16129,"streak":1,"rank_m":185423,"pct_m":0.197144,"gas_method":"exact"},"2025-01":{"txs":57,"uniq":15,"trade":0,"nft":2,"gas":0.001403,"bal":0.2537,"days":5,"spread":0.16129,"streak":3,"rank_m":43816,"pct_m":0.046585,"gas_method":"exact"},"2025-02":{"txs":17,"uniq":11,"trade":0,"nft":0,"gas":0.000106,"bal":0.404083,"days":8,"spread":0.285714,"streak":2,"rank_m":65521,"pct_m":0.069662,"gas_method":"exact"},"2025-03":{"txs":24,"uniq":4,"trade":0,"nft":0,"gas":0.00019,"bal":0.010918,"days":6,"spread":0.193548,"streak":2,"rank_m":127521,"pct_m":0.135582,"gas_method":"exact"},"2025-04":{"txs":19,"uniq":7,"trade":0,"nft":1,"gas":0.000003,"bal":0.016475,"days":6,"spread":0.2,"streak":1,"rank_m":162904,"pct_m":0.173201,"gas_method":"exact"},"2025-05":{"txs":6,"uniq":4,"trade":0,"nft":0,"gas":0.000042,"bal":0.008844,"days":2,"spread":0.064516,"streak":1,"rank_m":218166,"pct_m":0.231957,"gas_method":"estimated"},"2025-06":{"txs":16,"uniq":1,"trade":0,"nft":0,"gas":0.000113,"bal":0.008619,"days":1,"spread":0.033333,"streak":1,"rank_m":299453,"pct_m":0.318383,"gas_method":"estimated"},"2025-07":{"txs":3,"uniq":2,"trade":0,"nft":0,"gas":0.000021,"bal":0.012271,"days":3,"spread":0.096774,"streak":1,"rank_m":297666,"pct_m":0.316483,"gas_method":"estimated"},"2025-08":{"txs":12,"uniq":9,"trade":0,"nft":0,"gas":0.000084,"bal":0.006589,"days":3,"spread":0.096774,"streak":1,"rank_m":241714,"pct_m":0.256994,"gas_method":"estimated"},"2025-09":{"txs":2,"uniq":2,"trade":0,"nft":0,"gas":0.000014,"bal":0.002054,"days":2,"spread":0.066667,"streak":1,"rank_m":415683,"pct_m":0.441961,"gas_method":"estimated"},"2025-10":{"txs":5,"uniq":5,"trade":0,"nft":0,"gas":0.000035,"bal":0.002315,"days":2,"spread":0.064516,"streak":1,"rank_m":254053,"pct_m":0.270113,"gas_method":"estimated"}}}