{"wallet":"0xcb098f17a35fd4d82e072b565cbf45c7e116b0d0","rank":77821,"lifetime":{"months_active":26,"first":"2023-07","last":"2025-10","tx_sum":292,"uniq_sum":170,"trade_sum":12,"nft_sum":64,"gas_sum":0.002906,"avg_balance_eth_mean":0.017543,"streak_best_days":10,"gas_sum_filled":0.002906},"months":{"2023-07":{"txs":3,"uniq":2,"trade":0,"nft":1,"gas":0.000268,"bal":0.000341,"days":1,"spread":0.032258,"streak":1,"rank_m":28410,"pct_m":0.030205,"gas_method":"estimated"},"2023-08":{"txs":9,"uniq":8,"trade":0,"nft":5,"gas":0.001065,"bal":0.003364,"days":8,"spread":0.258065,"streak":3,"rank_m":63752,"pct_m":0.067781,"gas_method":"exact"},"2023-09":{"txs":2,"uniq":2,"trade":0,"nft":1,"gas":0.000041,"bal":0.005199,"days":2,"spread":0.066667,"streak":1,"rank_m":90016,"pct_m":0.095706,"gas_method":"exact"},"2023-10":{"txs":3,"uniq":2,"trade":0,"nft":1,"gas":0.000021,"bal":0.005285,"days":1,"spread":0.032258,"streak":1,"rank_m":93322,"pct_m":0.099221,"gas_method":"estimated"},"2023-11":{"txs":1,"uniq":1,"trade":0,"nft":0,"gas":0.000012,"bal":0.003496,"days":1,"spread":0.033333,"streak":1,"rank_m":124114,"pct_m":0.131959,"gas_method":"estimated"},"2023-12":{"txs":3,"uniq":2,"trade":0,"nft":2,"gas":0.000068,"bal":0.003144,"days":2,"spread":0.064516,"streak":1,"rank_m":99184,"pct_m":0.105453,"gas_method":"estimated"},"2024-01":{"txs":1,"uniq":1,"trade":0,"nft":1,"gas":0.000021,"bal":0.003853,"days":1,"spread":0.032258,"streak":1,"rank_m":137508,"pct_m":0.1462,"gas_method":"estimated"},"2024-02":{"txs":10,"uniq":6,"trade":0,"nft":3,"gas":0.000048,"bal":0.003528,"days":3,"spread":0.103448,"streak":1,"rank_m":101275,"pct_m":0.107676,"gas_method":"exact"},"2024-03":{"txs":2,"uniq":2,"trade":0,"nft":2,"gas":0.000036,"bal":0.004956,"days":2,"spread":0.064516,"streak":1,"rank_m":254789,"pct_m":0.270895,"gas_method":"estimated"},"2024-04":{"txs":7,"uniq":5,"trade":4,"nft":1,"gas":0.000015,"bal":0.009279,"days":2,"spread":0.066667,"streak":1,"rank_m":264226,"pct_m":0.280929,"gas_method":"estimated"},"2024-05":{"txs":0,"uniq":0,"trade":0,"nft":0,"gas":0,"bal":0.009279,"days":0,"spread":0,"streak":0,"rank_m":455654,"pct_m":0.484458},"2024-06":{"txs":9,"uniq":5,"trade":0,"nft":2,"gas":0,"bal":0.013967,"days":5,"spread":0.166667,"streak":1,"rank_m":195699,"pct_m":0.20807,"gas_method":"estimated"},"2024-07":{"txs":13,"uniq":8,"trade":0,"nft":2,"gas":0.000001,"bal":0.007767,"days":4,"spread":0.129032,"streak":2,"rank_m":172599,"pct_m":0.183509,"gas_method":"estimated"},"2024-08":{"txs":40,"uniq":33,"trade":0,"nft":33,"gas":0.000003,"bal":0.000643,"days":18,"spread":0.580645,"streak":10,"rank_m":130257,"pct_m":0.138491,"gas_method":"estimated"},"2024-09":{"txs":1,"uniq":1,"trade":0,"nft":1,"gas":0,"bal":0.000707,"days":1,"spread":0.033333,"streak":1,"rank_m":413049,"pct_m":0.43916,"gas_method":"estimated"},"2024-10":{"txs":12,"uniq":11,"trade":1,"nft":8,"gas":0.000001,"bal":0.001945,"days":9,"spread":0.290323,"streak":5,"rank_m":153600,"pct_m":0.163309,"gas_method":"estimated"},"2024-11":{"txs":15,"uniq":12,"trade":0,"nft":0,"gas":0.000034,"bal":0.004604,"days":6,"spread":0.2,"streak":2,"rank_m":196368,"pct_m":0.208781,"gas_method":"exact"},"2024-12":{"txs":12,"uniq":11,"trade":0,"nft":1,"gas":0.000265,"bal":0.069661,"days":8,"spread":0.258065,"streak":2,"rank_m":141274,"pct_m":0.150204,"gas_method":"exact"},"2025-01":{"txs":10,"uniq":6,"trade":1,"nft":0,"gas":0.00026,"bal":0.065243,"days":8,"spread":0.258065,"streak":2,"rank_m":137217,"pct_m":0.145891,"gas_method":"exact"},"2025-02":{"txs":37,"uniq":8,"trade":1,"nft":0,"gas":0.00007,"bal":0.039629,"days":10,"spread":0.357143,"streak":7,"rank_m":40408,"pct_m":0.042961,"gas_method":"exact"},"2025-03":{"txs":8,"uniq":6,"trade":3,"nft":0,"gas":0.000055,"bal":0.029662,"days":5,"spread":0.16129,"streak":2,"rank_m":113830,"pct_m":0.121025,"gas_method":"exact"},"2025-04":{"txs":27,"uniq":13,"trade":2,"nft":0,"gas":0.000151,"bal":0.032311,"days":11,"spread":0.366667,"streak":8,"rank_m":14866,"pct_m":0.015805,"gas_method":"exact"},"2025-05":{"txs":6,"uniq":3,"trade":0,"nft":0,"gas":0.000042,"bal":0.029731,"days":5,"spread":0.16129,"streak":1,"rank_m":121900,"pct_m":0.129605,"gas_method":"estimated"},"2025-06":{"txs":44,"uniq":11,"trade":0,"nft":0,"gas":0.00031,"bal":0.039293,"days":13,"spread":0.433333,"streak":5,"rank_m":34246,"pct_m":0.03641,"gas_method":"estimated"},"2025-07":{"txs":11,"uniq":7,"trade":0,"nft":0,"gas":0.000077,"bal":0.058292,"days":3,"spread":0.096774,"streak":2,"rank_m":123784,"pct_m":0.131608,"gas_method":"estimated"},"2025-08":{"txs":5,"uniq":3,"trade":0,"nft":0,"gas":0.000035,"bal":0.037879,"days":3,"spread":0.096774,"streak":1,"rank_m":195046,"pct_m":0.207375,"gas_method":"estimated"},"2025-09":{"txs":1,"uniq":1,"trade":0,"nft":0,"gas":0.000007,"bal":0.004076,"days":1,"spread":0.033333,"streak":1,"rank_m":405502,"pct_m":0.431136,"gas_method":"estimated"},"2025-10":{"txs":0,"uniq":0,"trade":0,"nft":0,"gas":0,"bal":0.004076,"days":0,"spread":0,"streak":0,"rank_m":446914,"pct_m":0.475166}}}