{"wallet":"0xcbabc8a26a18265c9a1290d9930da4277fef4e28","rank":1998,"lifetime":{"months_active":26,"first":"2023-07","last":"2025-10","tx_sum":3088,"uniq_sum":308,"trade_sum":113,"nft_sum":46,"gas_sum":0.018322,"avg_balance_eth_mean":0.504693,"streak_best_days":22,"gas_sum_filled":0.018322},"months":{"2023-07":{"txs":0,"uniq":0,"trade":0,"nft":0,"gas":0,"bal":0,"days":0,"spread":0,"streak":0,"rank_m":233243,"pct_m":0.247987},"2023-08":{"txs":8,"uniq":5,"trade":0,"nft":1,"gas":0.001037,"bal":0.062343,"days":5,"spread":0.16129,"streak":1,"rank_m":76915,"pct_m":0.081776,"gas_method":"exact"},"2023-09":{"txs":17,"uniq":8,"trade":0,"nft":4,"gas":0.000395,"bal":0.019672,"days":5,"spread":0.166667,"streak":2,"rank_m":25906,"pct_m":0.027543,"gas_method":"exact"},"2023-10":{"txs":43,"uniq":16,"trade":6,"nft":5,"gas":0.000897,"bal":0.025279,"days":10,"spread":0.322581,"streak":2,"rank_m":3280,"pct_m":0.003486,"gas_method":"exact"},"2023-11":{"txs":22,"uniq":12,"trade":16,"nft":0,"gas":0.000305,"bal":0.008077,"days":4,"spread":0.133333,"streak":2,"rank_m":19589,"pct_m":0.020826,"gas_method":"estimated"},"2023-12":{"txs":19,"uniq":9,"trade":3,"nft":0,"gas":0.000493,"bal":0.005935,"days":3,"spread":0.096774,"streak":1,"rank_m":35738,"pct_m":0.037996,"gas_method":"estimated"},"2024-01":{"txs":14,"uniq":7,"trade":0,"nft":0,"gas":0.001358,"bal":0.003318,"days":2,"spread":0.064516,"streak":1,"rank_m":62785,"pct_m":0.066753,"gas_method":"exact"},"2024-02":{"txs":11,"uniq":7,"trade":5,"nft":0,"gas":0.00015,"bal":0.002321,"days":5,"spread":0.172414,"streak":1,"rank_m":93862,"pct_m":0.099795,"gas_method":"estimated"},"2024-03":{"txs":222,"uniq":18,"trade":0,"nft":3,"gas":0.003113,"bal":0.07039,"days":27,"spread":0.870968,"streak":11,"rank_m":8574,"pct_m":0.009115,"gas_method":"exact"},"2024-04":{"txs":236,"uniq":21,"trade":10,"nft":5,"gas":0.001148,"bal":0.044094,"days":24,"spread":0.8,"streak":13,"rank_m":3649,"pct_m":0.003879,"gas_method":"exact"},"2024-05":{"txs":90,"uniq":11,"trade":0,"nft":1,"gas":0.000075,"bal":0.078127,"days":15,"spread":0.483871,"streak":3,"rank_m":56747,"pct_m":0.060333,"gas_method":"estimated"},"2024-06":{"txs":185,"uniq":22,"trade":0,"nft":1,"gas":0.000006,"bal":0.068807,"days":20,"spread":0.666667,"streak":11,"rank_m":22485,"pct_m":0.023905,"gas_method":"estimated"},"2024-07":{"txs":615,"uniq":27,"trade":0,"nft":7,"gas":0.000004,"bal":0.05242,"days":23,"spread":0.741935,"streak":16,"rank_m":3721,"pct_m":0.003955,"gas_method":"exact"},"2024-08":{"txs":172,"uniq":14,"trade":0,"nft":3,"gas":0.000036,"bal":0.177395,"days":21,"spread":0.677419,"streak":6,"rank_m":9405,"pct_m":0.009999,"gas_method":"exact"},"2024-09":{"txs":65,"uniq":13,"trade":0,"nft":4,"gas":0.000003,"bal":0.032157,"days":10,"spread":0.333333,"streak":4,"rank_m":22546,"pct_m":0.02397,"gas_method":"estimated"},"2024-10":{"txs":15,"uniq":10,"trade":0,"nft":2,"gas":0.000001,"bal":0.02506,"days":4,"spread":0.129032,"streak":2,"rank_m":120845,"pct_m":0.128484,"gas_method":"estimated"},"2024-11":{"txs":207,"uniq":20,"trade":0,"nft":0,"gas":0.000476,"bal":0.030215,"days":17,"spread":0.566667,"streak":8,"rank_m":20840,"pct_m":0.022156,"gas_method":"exact"},"2024-12":{"txs":151,"uniq":16,"trade":0,"nft":1,"gas":0.003329,"bal":0.963805,"days":22,"spread":0.709677,"streak":11,"rank_m":11052,"pct_m":0.01175,"gas_method":"exact"},"2025-01":{"txs":221,"uniq":14,"trade":0,"nft":1,"gas":0.000021,"bal":2.031224,"days":20,"spread":0.645161,"streak":12,"rank_m":42155,"pct_m":0.044819,"gas_method":"exact"},"2025-02":{"txs":17,"uniq":5,"trade":4,"nft":1,"gas":0.00012,"bal":2.032921,"days":5,"spread":0.178571,"streak":1,"rank_m":81412,"pct_m":0.086558,"gas_method":"exact"},"2025-03":{"txs":24,"uniq":5,"trade":1,"nft":1,"gas":0.00019,"bal":2.066362,"days":4,"spread":0.129032,"streak":2,"rank_m":63501,"pct_m":0.067514,"gas_method":"exact"},"2025-04":{"txs":0,"uniq":0,"trade":0,"nft":0,"gas":0,"bal":2.066362,"days":0,"spread":0,"streak":0,"rank_m":496676,"pct_m":0.528074},"2025-05":{"txs":29,"uniq":12,"trade":0,"nft":0,"gas":0.000204,"bal":1.692627,"days":5,"spread":0.16129,"streak":1,"rank_m":32401,"pct_m":0.034448,"gas_method":"estimated"},"2025-06":{"txs":106,"uniq":11,"trade":29,"nft":1,"gas":0.000746,"bal":1.061319,"days":13,"spread":0.433333,"streak":2,"rank_m":10577,"pct_m":0.011245,"gas_method":"estimated"},"2025-07":{"txs":394,"uniq":15,"trade":35,"nft":2,"gas":0.002773,"bal":0.92115,"days":27,"spread":0.870968,"streak":17,"rank_m":620,"pct_m":0.000658,"gas_method":"estimated"},"2025-08":{"txs":102,"uniq":4,"trade":4,"nft":1,"gas":0.000718,"bal":0.252518,"days":15,"spread":0.483871,"streak":4,"rank_m":13531,"pct_m":0.014385,"gas_method":"estimated"},"2025-09":{"txs":64,"uniq":5,"trade":0,"nft":2,"gas":0.00045,"bal":0.121851,"days":12,"spread":0.4,"streak":3,"rank_m":23118,"pct_m":0.024578,"gas_method":"estimated"},"2025-10":{"txs":39,"uniq":1,"trade":0,"nft":0,"gas":0.000274,"bal":0.215664,"days":10,"spread":0.322581,"streak":9,"rank_m":18303,"pct_m":0.019459,"gas_method":"estimated"}}}