{"wallet":"0xcb498c69a466d9b50d866d0f0af6dc415357c867","rank":355822,"lifetime":{"months_active":20,"first":"2023-07","last":"2025-10","tx_sum":164,"uniq_sum":110,"trade_sum":20,"nft_sum":36,"gas_sum":0.001821,"avg_balance_eth_mean":0.003614,"streak_best_days":2,"gas_sum_filled":0.001821},"months":{"2023-07":{"txs":0,"uniq":0,"trade":0,"nft":0,"gas":0,"bal":0,"days":0,"spread":0,"streak":0,"rank_m":234580,"pct_m":0.249409},"2023-08":{"txs":0,"uniq":0,"trade":0,"nft":0,"gas":0,"bal":0,"days":0,"spread":0,"streak":0,"rank_m":325490,"pct_m":0.346066},"2023-09":{"txs":0,"uniq":0,"trade":0,"nft":0,"gas":0,"bal":0,"days":0,"spread":0,"streak":0,"rank_m":344058,"pct_m":0.365808},"2023-10":{"txs":0,"uniq":0,"trade":0,"nft":0,"gas":0,"bal":0,"days":0,"spread":0,"streak":0,"rank_m":362370,"pct_m":0.385277},"2023-11":{"txs":4,"uniq":4,"trade":1,"nft":3,"gas":0.000137,"bal":0.00415,"days":2,"spread":0.066667,"streak":1,"rank_m":63473,"pct_m":0.067485,"gas_method":"estimated"},"2023-12":{"txs":4,"uniq":4,"trade":0,"nft":4,"gas":0.000276,"bal":0.004159,"days":2,"spread":0.064516,"streak":1,"rank_m":58363,"pct_m":0.062052,"gas_method":"exact"},"2024-01":{"txs":10,"uniq":6,"trade":2,"nft":1,"gas":0.000094,"bal":0.005778,"days":2,"spread":0.064516,"streak":1,"rank_m":54823,"pct_m":0.058288,"gas_method":"exact"},"2024-02":{"txs":11,"uniq":8,"trade":4,"nft":1,"gas":0.000373,"bal":0.001598,"days":1,"spread":0.034483,"streak":1,"rank_m":133281,"pct_m":0.141706,"gas_method":"estimated"},"2024-03":{"txs":5,"uniq":4,"trade":2,"nft":0,"gas":0.000254,"bal":0.003244,"days":2,"spread":0.064516,"streak":1,"rank_m":218803,"pct_m":0.232634,"gas_method":"estimated"},"2024-04":{"txs":12,"uniq":9,"trade":0,"nft":5,"gas":0.000075,"bal":0.008179,"days":4,"spread":0.133333,"streak":1,"rank_m":244878,"pct_m":0.260358,"gas_method":"estimated"},"2024-05":{"txs":2,"uniq":2,"trade":0,"nft":3,"gas":0.000004,"bal":0.009263,"days":1,"spread":0.032258,"streak":1,"rank_m":337827,"pct_m":0.359183,"gas_method":"estimated"},"2024-06":{"txs":28,"uniq":15,"trade":0,"nft":9,"gas":0.000002,"bal":0.002853,"days":4,"spread":0.133333,"streak":1,"rank_m":184068,"pct_m":0.195703,"gas_method":"estimated"},"2024-07":{"txs":6,"uniq":4,"trade":1,"nft":2,"gas":0.000002,"bal":0.005257,"days":3,"spread":0.096774,"streak":1,"rank_m":237899,"pct_m":0.252937,"gas_method":"estimated"},"2024-08":{"txs":9,"uniq":6,"trade":0,"nft":3,"gas":0.000002,"bal":0.004754,"days":1,"spread":0.032258,"streak":1,"rank_m":302909,"pct_m":0.322057,"gas_method":"estimated"},"2024-09":{"txs":0,"uniq":0,"trade":0,"nft":0,"gas":0,"bal":0.004754,"days":0,"spread":0,"streak":0,"rank_m":472337,"pct_m":0.502196},"2024-10":{"txs":2,"uniq":2,"trade":0,"nft":0,"gas":0,"bal":0.003215,"days":1,"spread":0.032258,"streak":1,"rank_m":428969,"pct_m":0.456086,"gas_method":"estimated"},"2024-11":{"txs":8,"uniq":4,"trade":0,"nft":2,"gas":0.000014,"bal":0.002154,"days":2,"spread":0.066667,"streak":1,"rank_m":319530,"pct_m":0.339729,"gas_method":"exact"},"2024-12":{"txs":9,"uniq":7,"trade":0,"nft":1,"gas":0.000176,"bal":0.000621,"days":3,"spread":0.096774,"streak":2,"rank_m":336667,"pct_m":0.357949,"gas_method":"exact"},"2025-01":{"txs":1,"uniq":1,"trade":0,"nft":0,"gas":0.000026,"bal":0.000444,"days":1,"spread":0.032258,"streak":1,"rank_m":540154,"pct_m":0.5743,"gas_method":"exact"},"2025-02":{"txs":1,"uniq":0,"trade":0,"nft":0,"gas":0.00002,"bal":0.00028,"days":1,"spread":0.035714,"streak":1,"rank_m":612584,"pct_m":0.651309,"gas_method":"estimated"},"2025-03":{"txs":0,"uniq":0,"trade":0,"nft":0,"gas":0,"bal":0.00028,"days":0,"spread":0,"streak":0,"rank_m":701899,"pct_m":0.74627},"2025-04":{"txs":0,"uniq":0,"trade":0,"nft":0,"gas":0,"bal":0.00028,"days":0,"spread":0,"streak":0,"rank_m":728285,"pct_m":0.774325},"2025-05":{"txs":3,"uniq":1,"trade":0,"nft":0,"gas":0.000021,"bal":0.006035,"days":1,"spread":0.032258,"streak":1,"rank_m":334131,"pct_m":0.355253,"gas_method":"estimated"},"2025-06":{"txs":15,"uniq":12,"trade":0,"nft":0,"gas":0.000106,"bal":0.016576,"days":1,"spread":0.033333,"streak":1,"rank_m":180647,"pct_m":0.192066,"gas_method":"estimated"},"2025-07":{"txs":7,"uniq":3,"trade":10,"nft":1,"gas":0.000049,"bal":0.015721,"days":1,"spread":0.032258,"streak":1,"rank_m":215276,"pct_m":0.228884,"gas_method":"estimated"},"2025-08":{"txs":2,"uniq":1,"trade":0,"nft":1,"gas":0.000014,"bal":0.000589,"days":1,"spread":0.032258,"streak":1,"rank_m":451602,"pct_m":0.48015,"gas_method":"estimated"},"2025-09":{"txs":0,"uniq":0,"trade":0,"nft":0,"gas":0,"bal":0.000589,"days":0,"spread":0,"streak":0,"rank_m":675839,"pct_m":0.718563},"2025-10":{"txs":25,"uniq":17,"trade":0,"nft":0,"gas":0.000176,"bal":0.000425,"days":1,"spread":0.032258,"streak":1,"rank_m":310541,"pct_m":0.330172,"gas_method":"estimated"}}}