{"wallet":"0xcbbb7fc91275db6e9408b9d4d79e12c4ff588633","rank":107990,"lifetime":{"months_active":25,"first":"2023-07","last":"2025-10","tx_sum":429,"uniq_sum":237,"trade_sum":15,"nft_sum":89,"gas_sum":0.003854,"avg_balance_eth_mean":0.008971,"streak_best_days":2,"gas_sum_filled":0.003854},"months":{"2023-07":{"txs":0,"uniq":0,"trade":0,"nft":0,"gas":0,"bal":0,"days":0,"spread":0,"streak":0,"rank_m":233009,"pct_m":0.247738},"2023-08":{"txs":8,"uniq":7,"trade":0,"nft":5,"gas":0.000517,"bal":0.020294,"days":3,"spread":0.096774,"streak":1,"rank_m":78236,"pct_m":0.083181,"gas_method":"exact"},"2023-09":{"txs":0,"uniq":0,"trade":0,"nft":0,"gas":0,"bal":0.020294,"days":0,"spread":0,"streak":0,"rank_m":151954,"pct_m":0.161559},"2023-10":{"txs":4,"uniq":4,"trade":0,"nft":2,"gas":0.00006,"bal":0.014074,"days":1,"spread":0.032258,"streak":1,"rank_m":67451,"pct_m":0.071714,"gas_method":"estimated"},"2023-11":{"txs":5,"uniq":3,"trade":0,"nft":0,"gas":0.000129,"bal":0.001148,"days":1,"spread":0.033333,"streak":1,"rank_m":122420,"pct_m":0.130158,"gas_method":"estimated"},"2023-12":{"txs":0,"uniq":0,"trade":0,"nft":0,"gas":0,"bal":0.001148,"days":0,"spread":0,"streak":0,"rank_m":208024,"pct_m":0.221174},"2024-01":{"txs":2,"uniq":2,"trade":0,"nft":1,"gas":0.000122,"bal":0.00027,"days":1,"spread":0.032258,"streak":1,"rank_m":138114,"pct_m":0.146844,"gas_method":"exact"},"2024-02":{"txs":3,"uniq":2,"trade":0,"nft":3,"gas":0.000076,"bal":0.000392,"days":2,"spread":0.068966,"streak":1,"rank_m":215127,"pct_m":0.228726,"gas_method":"estimated"},"2024-03":{"txs":11,"uniq":7,"trade":0,"nft":1,"gas":0.000419,"bal":0.005123,"days":1,"spread":0.032258,"streak":1,"rank_m":224029,"pct_m":0.238191,"gas_method":"estimated"},"2024-04":{"txs":7,"uniq":5,"trade":0,"nft":0,"gas":0.000033,"bal":0.009227,"days":1,"spread":0.033333,"streak":1,"rank_m":341222,"pct_m":0.362792,"gas_method":"estimated"},"2024-05":{"txs":15,"uniq":6,"trade":0,"nft":3,"gas":0.000023,"bal":0.012105,"days":3,"spread":0.096774,"streak":2,"rank_m":205270,"pct_m":0.218246,"gas_method":"estimated"},"2024-06":{"txs":7,"uniq":5,"trade":0,"nft":3,"gas":0,"bal":0.011473,"days":1,"spread":0.033333,"streak":1,"rank_m":258506,"pct_m":0.274847,"gas_method":"estimated"},"2024-07":{"txs":4,"uniq":3,"trade":0,"nft":5,"gas":0.000001,"bal":0.010542,"days":1,"spread":0.032258,"streak":1,"rank_m":271489,"pct_m":0.288651,"gas_method":"estimated"},"2024-08":{"txs":49,"uniq":44,"trade":0,"nft":49,"gas":0.000008,"bal":0.007971,"days":4,"spread":0.129032,"streak":2,"rank_m":84164,"pct_m":0.089484,"gas_method":"estimated"},"2024-09":{"txs":9,"uniq":9,"trade":0,"nft":7,"gas":0.000001,"bal":0.000824,"days":3,"spread":0.1,"streak":1,"rank_m":261379,"pct_m":0.277902,"gas_method":"estimated"},"2024-10":{"txs":19,"uniq":13,"trade":0,"nft":6,"gas":0.000002,"bal":0.000549,"days":4,"spread":0.129032,"streak":2,"rank_m":258372,"pct_m":0.274705,"gas_method":"estimated"},"2024-11":{"txs":20,"uniq":11,"trade":0,"nft":2,"gas":0.000046,"bal":0.000169,"days":4,"spread":0.133333,"streak":2,"rank_m":247196,"pct_m":0.262822,"gas_method":"exact"},"2024-12":{"txs":25,"uniq":19,"trade":0,"nft":0,"gas":0.000551,"bal":0.00883,"days":3,"spread":0.096774,"streak":1,"rank_m":212597,"pct_m":0.226036,"gas_method":"exact"},"2025-01":{"txs":9,"uniq":6,"trade":0,"nft":0,"gas":0.000234,"bal":0.005639,"days":1,"spread":0.032258,"streak":1,"rank_m":336208,"pct_m":0.357461,"gas_method":"exact"},"2025-02":{"txs":8,"uniq":5,"trade":0,"nft":0,"gas":0.000056,"bal":0.009283,"days":2,"spread":0.071429,"streak":1,"rank_m":257590,"pct_m":0.273873,"gas_method":"exact"},"2025-03":{"txs":15,"uniq":10,"trade":6,"nft":0,"gas":0.000111,"bal":0.032686,"days":4,"spread":0.129032,"streak":1,"rank_m":89215,"pct_m":0.094854,"gas_method":"exact"},"2025-04":{"txs":5,"uniq":5,"trade":1,"nft":0,"gas":0.00003,"bal":0.028664,"days":3,"spread":0.1,"streak":2,"rank_m":162761,"pct_m":0.173049,"gas_method":"exact"},"2025-05":{"txs":43,"uniq":19,"trade":5,"nft":0,"gas":0.000303,"bal":0.006499,"days":5,"spread":0.16129,"streak":2,"rank_m":60795,"pct_m":0.064637,"gas_method":"estimated"},"2025-06":{"txs":33,"uniq":17,"trade":0,"nft":0,"gas":0.000232,"bal":0.00381,"days":9,"spread":0.3,"streak":2,"rank_m":190461,"pct_m":0.2025,"gas_method":"estimated"},"2025-07":{"txs":30,"uniq":9,"trade":0,"nft":1,"gas":0.000211,"bal":0.0069,"days":7,"spread":0.225806,"streak":2,"rank_m":138007,"pct_m":0.14673,"gas_method":"estimated"},"2025-08":{"txs":27,"uniq":9,"trade":2,"nft":0,"gas":0.00019,"bal":0.011081,"days":8,"spread":0.258065,"streak":2,"rank_m":73077,"pct_m":0.077696,"gas_method":"estimated"},"2025-09":{"txs":39,"uniq":10,"trade":1,"nft":1,"gas":0.000274,"bal":0.013527,"days":10,"spread":0.333333,"streak":2,"rank_m":45586,"pct_m":0.048467,"gas_method":"estimated"},"2025-10":{"txs":32,"uniq":7,"trade":0,"nft":0,"gas":0.000225,"bal":0.008676,"days":3,"spread":0.096774,"streak":2,"rank_m":93679,"pct_m":0.0996,"gas_method":"estimated"}}}