{"wallet":"0xcb5969b53c246a3d97e822cb50aecef34569c5af","rank":14890,"lifetime":{"months_active":23,"first":"2023-07","last":"2025-10","tx_sum":740,"uniq_sum":320,"trade_sum":28,"nft_sum":48,"gas_sum":0.010926,"avg_balance_eth_mean":0.324433,"streak_best_days":11,"gas_sum_filled":0.010926},"months":{"2023-07":{"txs":0,"uniq":0,"trade":0,"nft":0,"gas":0,"bal":0,"days":0,"spread":0,"streak":0,"rank_m":234379,"pct_m":0.249195},"2023-08":{"txs":4,"uniq":2,"trade":0,"nft":0,"gas":0.000081,"bal":0.096858,"days":2,"spread":0.064516,"streak":1,"rank_m":112142,"pct_m":0.11923,"gas_method":"exact"},"2023-09":{"txs":2,"uniq":1,"trade":0,"nft":1,"gas":0.000014,"bal":0.152137,"days":2,"spread":0.066667,"streak":1,"rank_m":82584,"pct_m":0.087804,"gas_method":"exact"},"2023-10":{"txs":0,"uniq":0,"trade":0,"nft":0,"gas":0,"bal":0.152137,"days":0,"spread":0,"streak":0,"rank_m":151004,"pct_m":0.160549},"2023-11":{"txs":74,"uniq":25,"trade":1,"nft":8,"gas":0.000913,"bal":0.065491,"days":12,"spread":0.4,"streak":3,"rank_m":2654,"pct_m":0.002821,"gas_method":"estimated"},"2023-12":{"txs":42,"uniq":17,"trade":2,"nft":3,"gas":0.000971,"bal":0.057614,"days":13,"spread":0.419355,"streak":4,"rank_m":2983,"pct_m":0.003171,"gas_method":"estimated"},"2024-01":{"txs":36,"uniq":23,"trade":5,"nft":8,"gas":0.000252,"bal":0.008818,"days":10,"spread":0.322581,"streak":2,"rank_m":8774,"pct_m":0.009328,"gas_method":"exact"},"2024-02":{"txs":6,"uniq":6,"trade":0,"nft":2,"gas":0.000073,"bal":0.047198,"days":3,"spread":0.103448,"streak":1,"rank_m":91612,"pct_m":0.097402,"gas_method":"estimated"},"2024-03":{"txs":50,"uniq":27,"trade":1,"nft":7,"gas":0.000912,"bal":0.069189,"days":15,"spread":0.483871,"streak":6,"rank_m":14862,"pct_m":0.0158,"gas_method":"estimated"},"2024-04":{"txs":50,"uniq":26,"trade":8,"nft":9,"gas":0.000112,"bal":0.502575,"days":15,"spread":0.5,"streak":4,"rank_m":24410,"pct_m":0.025952,"gas_method":"estimated"},"2024-05":{"txs":32,"uniq":16,"trade":0,"nft":2,"gas":0.000024,"bal":1.417176,"days":6,"spread":0.193548,"streak":2,"rank_m":71250,"pct_m":0.075753,"gas_method":"estimated"},"2024-06":{"txs":16,"uniq":13,"trade":0,"nft":1,"gas":0,"bal":0.584022,"days":6,"spread":0.2,"streak":3,"rank_m":78956,"pct_m":0.083946,"gas_method":"estimated"},"2024-07":{"txs":8,"uniq":5,"trade":0,"nft":1,"gas":0.000001,"bal":0.154015,"days":4,"spread":0.129032,"streak":2,"rank_m":143334,"pct_m":0.152394,"gas_method":"estimated"},"2024-08":{"txs":2,"uniq":2,"trade":1,"nft":0,"gas":0,"bal":0.049886,"days":2,"spread":0.064516,"streak":1,"rank_m":224249,"pct_m":0.238424,"gas_method":"estimated"},"2024-09":{"txs":2,"uniq":2,"trade":0,"nft":0,"gas":0,"bal":0.010398,"days":1,"spread":0.033333,"streak":1,"rank_m":311479,"pct_m":0.331169,"gas_method":"estimated"},"2024-10":{"txs":3,"uniq":3,"trade":0,"nft":3,"gas":0,"bal":0.284307,"days":2,"spread":0.064516,"streak":1,"rank_m":211415,"pct_m":0.224779,"gas_method":"estimated"},"2024-11":{"txs":35,"uniq":17,"trade":0,"nft":1,"gas":0.00008,"bal":1.521828,"days":12,"spread":0.4,"streak":4,"rank_m":34971,"pct_m":0.037181,"gas_method":"exact"},"2024-12":{"txs":98,"uniq":30,"trade":1,"nft":0,"gas":0.002139,"bal":1.162139,"days":19,"spread":0.612903,"streak":6,"rank_m":9583,"pct_m":0.010188,"gas_method":"exact"},"2025-01":{"txs":179,"uniq":51,"trade":1,"nft":2,"gas":0.00465,"bal":0.931334,"days":20,"spread":0.645161,"streak":11,"rank_m":2258,"pct_m":0.0024,"gas_method":"exact"},"2025-02":{"txs":35,"uniq":15,"trade":0,"nft":0,"gas":0.000246,"bal":0.175639,"days":9,"spread":0.321429,"streak":3,"rank_m":29333,"pct_m":0.031186,"gas_method":"exact"},"2025-03":{"txs":17,"uniq":7,"trade":0,"nft":0,"gas":0.000134,"bal":0.539329,"days":3,"spread":0.096774,"streak":1,"rank_m":123121,"pct_m":0.130903,"gas_method":"exact"},"2025-04":{"txs":21,"uniq":14,"trade":5,"nft":0,"gas":0.000127,"bal":0.666355,"days":4,"spread":0.133333,"streak":2,"rank_m":28655,"pct_m":0.030465,"gas_method":"exact"},"2025-05":{"txs":18,"uniq":10,"trade":0,"nft":0,"gas":0.000127,"bal":0.403082,"days":5,"spread":0.16129,"streak":1,"rank_m":41671,"pct_m":0.044304,"gas_method":"estimated"},"2025-06":{"txs":7,"uniq":5,"trade":0,"nft":0,"gas":0.000049,"bal":0.006929,"days":3,"spread":0.1,"streak":2,"rank_m":257612,"pct_m":0.273897,"gas_method":"estimated"},"2025-07":{"txs":3,"uniq":3,"trade":3,"nft":0,"gas":0.000021,"bal":0.00642,"days":2,"spread":0.064516,"streak":1,"rank_m":280707,"pct_m":0.298452,"gas_method":"estimated"},"2025-08":{"txs":0,"uniq":0,"trade":0,"nft":0,"gas":0,"bal":0.00642,"days":0,"spread":0,"streak":0,"rank_m":512790,"pct_m":0.545206},"2025-09":{"txs":0,"uniq":0,"trade":0,"nft":0,"gas":0,"bal":0.00642,"days":0,"spread":0,"streak":0,"rank_m":505104,"pct_m":0.537035},"2025-10":{"txs":0,"uniq":0,"trade":0,"nft":0,"gas":0,"bal":0.00642,"days":0,"spread":0,"streak":0,"rank_m":400942,"pct_m":0.426288}}}