{"wallet":"0xcbf9dfeac305b3ef91fcc4477ceec394d6f3e223","rank":400648,"lifetime":{"months_active":18,"first":"2023-07","last":"2025-10","tx_sum":183,"uniq_sum":103,"trade_sum":3,"nft_sum":50,"gas_sum":0.001965,"avg_balance_eth_mean":0.001794,"streak_best_days":3,"gas_sum_filled":0.001965},"months":{"2023-07":{"txs":0,"uniq":0,"trade":0,"nft":0,"gas":0,"bal":0,"days":0,"spread":0,"streak":0,"rank_m":232179,"pct_m":0.246856},"2023-08":{"txs":0,"uniq":0,"trade":0,"nft":0,"gas":0,"bal":0,"days":0,"spread":0,"streak":0,"rank_m":323370,"pct_m":0.343812},"2023-09":{"txs":0,"uniq":0,"trade":0,"nft":0,"gas":0,"bal":0,"days":0,"spread":0,"streak":0,"rank_m":341657,"pct_m":0.363255},"2023-10":{"txs":0,"uniq":0,"trade":0,"nft":0,"gas":0,"bal":0,"days":0,"spread":0,"streak":0,"rank_m":359958,"pct_m":0.382713},"2023-11":{"txs":8,"uniq":5,"trade":0,"nft":2,"gas":0.000092,"bal":0.001206,"days":2,"spread":0.066667,"streak":1,"rank_m":84753,"pct_m":0.09011,"gas_method":"estimated"},"2023-12":{"txs":1,"uniq":1,"trade":0,"nft":0,"gas":0.000021,"bal":0.002975,"days":1,"spread":0.032258,"streak":1,"rank_m":150192,"pct_m":0.159686,"gas_method":"estimated"},"2024-01":{"txs":53,"uniq":19,"trade":1,"nft":6,"gas":0.001307,"bal":0.002529,"days":5,"spread":0.16129,"streak":2,"rank_m":17569,"pct_m":0.018679,"gas_method":"exact"},"2024-02":{"txs":12,"uniq":7,"trade":0,"nft":6,"gas":0.000136,"bal":0.001579,"days":7,"spread":0.241379,"streak":1,"rank_m":108055,"pct_m":0.114885,"gas_method":"estimated"},"2024-03":{"txs":3,"uniq":3,"trade":0,"nft":1,"gas":0.000051,"bal":0.000231,"days":2,"spread":0.064516,"streak":1,"rank_m":324543,"pct_m":0.345059,"gas_method":"estimated"},"2024-04":{"txs":23,"uniq":15,"trade":0,"nft":6,"gas":0.000048,"bal":0.003739,"days":3,"spread":0.1,"streak":1,"rank_m":248105,"pct_m":0.263789,"gas_method":"estimated"},"2024-05":{"txs":17,"uniq":8,"trade":0,"nft":4,"gas":0.000012,"bal":0.005535,"days":7,"spread":0.225806,"streak":3,"rank_m":180138,"pct_m":0.191525,"gas_method":"estimated"},"2024-06":{"txs":6,"uniq":5,"trade":0,"nft":2,"gas":0,"bal":0.004017,"days":2,"spread":0.066667,"streak":1,"rank_m":311584,"pct_m":0.331281,"gas_method":"estimated"},"2024-07":{"txs":6,"uniq":4,"trade":0,"nft":3,"gas":0.000001,"bal":0.003484,"days":2,"spread":0.064516,"streak":1,"rank_m":301802,"pct_m":0.32088,"gas_method":"estimated"},"2024-08":{"txs":12,"uniq":12,"trade":1,"nft":12,"gas":0.000001,"bal":0.00304,"days":4,"spread":0.129032,"streak":1,"rank_m":211489,"pct_m":0.224858,"gas_method":"estimated"},"2024-09":{"txs":1,"uniq":1,"trade":0,"nft":1,"gas":0,"bal":0.001979,"days":1,"spread":0.033333,"streak":1,"rank_m":372058,"pct_m":0.395578,"gas_method":"estimated"},"2024-10":{"txs":5,"uniq":5,"trade":0,"nft":5,"gas":0,"bal":0.00186,"days":5,"spread":0.16129,"streak":1,"rank_m":235354,"pct_m":0.250232,"gas_method":"exact"},"2024-11":{"txs":2,"uniq":2,"trade":1,"nft":1,"gas":0.000005,"bal":0.001372,"days":2,"spread":0.066667,"streak":1,"rank_m":375991,"pct_m":0.399759,"gas_method":"exact"},"2024-12":{"txs":4,"uniq":3,"trade":0,"nft":0,"gas":0.000088,"bal":0.001111,"days":3,"spread":0.096774,"streak":1,"rank_m":453608,"pct_m":0.482283,"gas_method":"exact"},"2025-01":{"txs":0,"uniq":0,"trade":0,"nft":0,"gas":0,"bal":0.001111,"days":0,"spread":0,"streak":0,"rank_m":628925,"pct_m":0.668683},"2025-02":{"txs":1,"uniq":1,"trade":0,"nft":0,"gas":0.000007,"bal":0.000969,"days":1,"spread":0.035714,"streak":1,"rank_m":492781,"pct_m":0.523933,"gas_method":"exact"},"2025-03":{"txs":0,"uniq":0,"trade":0,"nft":0,"gas":0,"bal":0.000969,"days":0,"spread":0,"streak":0,"rank_m":643671,"pct_m":0.684361},"2025-04":{"txs":8,"uniq":7,"trade":0,"nft":1,"gas":0.000048,"bal":0.002285,"days":4,"spread":0.133333,"streak":3,"rank_m":186171,"pct_m":0.197939,"gas_method":"exact"},"2025-05":{"txs":0,"uniq":0,"trade":0,"nft":0,"gas":0,"bal":0.002285,"days":0,"spread":0,"streak":0,"rank_m":597059,"pct_m":0.634803},"2025-06":{"txs":0,"uniq":0,"trade":0,"nft":0,"gas":0,"bal":0.002285,"days":0,"spread":0,"streak":0,"rank_m":603286,"pct_m":0.641423},"2025-07":{"txs":0,"uniq":0,"trade":0,"nft":0,"gas":0,"bal":0.002285,"days":0,"spread":0,"streak":0,"rank_m":621303,"pct_m":0.660579},"2025-08":{"txs":17,"uniq":4,"trade":0,"nft":0,"gas":0.00012,"bal":0.003391,"days":1,"spread":0.032258,"streak":1,"rank_m":345887,"pct_m":0.367752,"gas_method":"estimated"},"2025-09":{"txs":4,"uniq":1,"trade":0,"nft":0,"gas":0.000028,"bal":0.000001,"days":1,"spread":0.033333,"streak":1,"rank_m":664149,"pct_m":0.706134,"gas_method":"estimated"},"2025-10":{"txs":0,"uniq":0,"trade":0,"nft":0,"gas":0,"bal":0.000001,"days":0,"spread":0,"streak":0,"rank_m":846210,"pct_m":0.899705}}}