{"wallet":"0xcb5fa33fa0acdacf108ddbc680a1cb29d5e6658b","rank":42976,"lifetime":{"months_active":27,"first":"2023-07","last":"2025-10","tx_sum":723,"uniq_sum":376,"trade_sum":8,"nft_sum":203,"gas_sum":0.025053,"avg_balance_eth_mean":0.002365,"streak_best_days":21,"gas_sum_filled":0.025053},"months":{"2023-07":{"txs":3,"uniq":2,"trade":0,"nft":1,"gas":0.000306,"bal":0.000339,"days":1,"spread":0.032258,"streak":1,"rank_m":29691,"pct_m":0.031567,"gas_method":"estimated"},"2023-08":{"txs":136,"uniq":88,"trade":0,"nft":85,"gas":0.016503,"bal":0.026106,"days":24,"spread":0.774194,"streak":16,"rank_m":2051,"pct_m":0.00218,"gas_method":"exact"},"2023-09":{"txs":52,"uniq":26,"trade":1,"nft":8,"gas":0.002566,"bal":0.012722,"days":11,"spread":0.366667,"streak":5,"rank_m":4891,"pct_m":0.005199,"gas_method":"exact"},"2023-10":{"txs":52,"uniq":20,"trade":2,"nft":5,"gas":0.000416,"bal":0.000345,"days":1,"spread":0.032258,"streak":1,"rank_m":77065,"pct_m":0.081936,"gas_method":"estimated"},"2023-11":{"txs":4,"uniq":3,"trade":0,"nft":1,"gas":0.000055,"bal":0.000027,"days":2,"spread":0.066667,"streak":1,"rank_m":132072,"pct_m":0.14042,"gas_method":"estimated"},"2023-12":{"txs":33,"uniq":13,"trade":0,"nft":17,"gas":0.000856,"bal":0.000382,"days":8,"spread":0.258065,"streak":3,"rank_m":57639,"pct_m":0.061282,"gas_method":"estimated"},"2024-01":{"txs":32,"uniq":14,"trade":0,"nft":3,"gas":0.000617,"bal":0.000081,"days":7,"spread":0.225806,"streak":2,"rank_m":51771,"pct_m":0.055043,"gas_method":"exact"},"2024-02":{"txs":27,"uniq":10,"trade":0,"nft":5,"gas":0.000379,"bal":0.001209,"days":10,"spread":0.344828,"streak":2,"rank_m":49167,"pct_m":0.052274,"gas_method":"exact"},"2024-03":{"txs":27,"uniq":11,"trade":0,"nft":3,"gas":0.000186,"bal":0.000086,"days":10,"spread":0.322581,"streak":2,"rank_m":140408,"pct_m":0.149283,"gas_method":"exact"},"2024-04":{"txs":19,"uniq":11,"trade":0,"nft":1,"gas":0.000048,"bal":0.000223,"days":5,"spread":0.166667,"streak":4,"rank_m":321442,"pct_m":0.341762,"gas_method":"estimated"},"2024-05":{"txs":14,"uniq":11,"trade":0,"nft":6,"gas":0.000007,"bal":0.006303,"days":9,"spread":0.290323,"streak":4,"rank_m":111523,"pct_m":0.118572,"gas_method":"exact"},"2024-06":{"txs":26,"uniq":10,"trade":0,"nft":5,"gas":0.000001,"bal":0.001165,"days":9,"spread":0.3,"streak":3,"rank_m":185272,"pct_m":0.196983,"gas_method":"estimated"},"2024-07":{"txs":47,"uniq":31,"trade":0,"nft":31,"gas":0.000006,"bal":0.000325,"days":7,"spread":0.225806,"streak":4,"rank_m":165007,"pct_m":0.175437,"gas_method":"estimated"},"2024-08":{"txs":36,"uniq":24,"trade":1,"nft":17,"gas":0,"bal":0.000159,"days":8,"spread":0.258065,"streak":2,"rank_m":128945,"pct_m":0.137096,"gas_method":"exact"},"2024-09":{"txs":11,"uniq":8,"trade":0,"nft":8,"gas":0,"bal":0.001304,"days":5,"spread":0.166667,"streak":2,"rank_m":197228,"pct_m":0.209695,"gas_method":"estimated"},"2024-10":{"txs":19,"uniq":10,"trade":2,"nft":4,"gas":0.000001,"bal":0.003776,"days":9,"spread":0.290323,"streak":1,"rank_m":147076,"pct_m":0.156373,"gas_method":"estimated"},"2024-11":{"txs":8,"uniq":3,"trade":0,"nft":1,"gas":0.000016,"bal":0.001965,"days":3,"spread":0.1,"streak":1,"rank_m":321711,"pct_m":0.342048,"gas_method":"exact"},"2024-12":{"txs":128,"uniq":50,"trade":1,"nft":1,"gas":0.002624,"bal":0.000331,"days":13,"spread":0.419355,"streak":5,"rank_m":95740,"pct_m":0.101791,"gas_method":"exact"},"2025-01":{"txs":11,"uniq":4,"trade":0,"nft":0,"gas":0.000208,"bal":0.000099,"days":8,"spread":0.258065,"streak":2,"rank_m":362225,"pct_m":0.385123,"gas_method":"exact"},"2025-02":{"txs":9,"uniq":7,"trade":0,"nft":0,"gas":0.000056,"bal":0.000536,"days":5,"spread":0.178571,"streak":1,"rank_m":289837,"pct_m":0.308159,"gas_method":"exact"},"2025-03":{"txs":1,"uniq":1,"trade":0,"nft":0,"gas":0.000008,"bal":0.001187,"days":1,"spread":0.032258,"streak":1,"rank_m":455834,"pct_m":0.48465,"gas_method":"exact"},"2025-04":{"txs":2,"uniq":2,"trade":0,"nft":0,"gas":0.000012,"bal":0.001184,"days":2,"spread":0.066667,"streak":1,"rank_m":446566,"pct_m":0.474796,"gas_method":"exact"},"2025-05":{"txs":7,"uniq":5,"trade":0,"nft":0,"gas":0.000049,"bal":0.000666,"days":2,"spread":0.064516,"streak":1,"rank_m":418001,"pct_m":0.444425,"gas_method":"estimated"},"2025-06":{"txs":0,"uniq":0,"trade":0,"nft":0,"gas":0,"bal":0.000666,"days":0,"spread":0,"streak":0,"rank_m":689323,"pct_m":0.732899},"2025-07":{"txs":2,"uniq":2,"trade":0,"nft":0,"gas":0.000014,"bal":0.000592,"days":2,"spread":0.064516,"streak":1,"rank_m":536737,"pct_m":0.570667,"gas_method":"estimated"},"2025-08":{"txs":3,"uniq":1,"trade":0,"nft":1,"gas":0.000021,"bal":0.003427,"days":2,"spread":0.064516,"streak":1,"rank_m":342178,"pct_m":0.363809,"gas_method":"estimated"},"2025-09":{"txs":9,"uniq":6,"trade":0,"nft":0,"gas":0.000063,"bal":0.000483,"days":2,"spread":0.066667,"streak":1,"rank_m":443178,"pct_m":0.471194,"gas_method":"estimated"},"2025-10":{"txs":5,"uniq":3,"trade":1,"nft":0,"gas":0.000035,"bal":0.000539,"days":2,"spread":0.064516,"streak":1,"rank_m":262179,"pct_m":0.278752,"gas_method":"estimated"}}}