{"wallet":"0xcb3bfbb38f364e8bf8769a719840e8b97f172acc","rank":69055,"lifetime":{"months_active":25,"first":"2023-07","last":"2025-10","tx_sum":412,"uniq_sum":177,"trade_sum":12,"nft_sum":43,"gas_sum":0.006385,"avg_balance_eth_mean":0.008958,"streak_best_days":8,"gas_sum_filled":0.006385},"months":{"2023-07":{"txs":0,"uniq":0,"trade":0,"nft":0,"gas":0,"bal":0,"days":0,"spread":0,"streak":0,"rank_m":234756,"pct_m":0.249596},"2023-08":{"txs":14,"uniq":9,"trade":1,"nft":6,"gas":0.002446,"bal":0.006899,"days":5,"spread":0.16129,"streak":2,"rank_m":47509,"pct_m":0.050511,"gas_method":"exact"},"2023-09":{"txs":2,"uniq":1,"trade":0,"nft":1,"gas":0.000043,"bal":0.000786,"days":2,"spread":0.066667,"streak":1,"rank_m":111415,"pct_m":0.118457,"gas_method":"exact"},"2023-10":{"txs":0,"uniq":0,"trade":0,"nft":0,"gas":0,"bal":0.000786,"days":0,"spread":0,"streak":0,"rank_m":182034,"pct_m":0.193541},"2023-11":{"txs":2,"uniq":1,"trade":0,"nft":0,"gas":0.000052,"bal":0.001552,"days":1,"spread":0.033333,"streak":1,"rank_m":134821,"pct_m":0.143343,"gas_method":"estimated"},"2023-12":{"txs":3,"uniq":2,"trade":0,"nft":0,"gas":0.000145,"bal":0.001933,"days":3,"spread":0.096774,"streak":1,"rank_m":126632,"pct_m":0.134636,"gas_method":"estimated"},"2024-01":{"txs":5,"uniq":3,"trade":0,"nft":0,"gas":0.000226,"bal":0.00117,"days":4,"spread":0.129032,"streak":2,"rank_m":128143,"pct_m":0.136243,"gas_method":"estimated"},"2024-02":{"txs":1,"uniq":1,"trade":0,"nft":1,"gas":0.000025,"bal":0.000149,"days":1,"spread":0.034483,"streak":1,"rank_m":263105,"pct_m":0.279737,"gas_method":"estimated"},"2024-03":{"txs":16,"uniq":6,"trade":0,"nft":2,"gas":0.000611,"bal":0.001133,"days":6,"spread":0.193548,"streak":2,"rank_m":200951,"pct_m":0.213654,"gas_method":"estimated"},"2024-04":{"txs":92,"uniq":28,"trade":1,"nft":16,"gas":0.000434,"bal":0.002151,"days":15,"spread":0.5,"streak":8,"rank_m":90305,"pct_m":0.096013,"gas_method":"estimated"},"2024-05":{"txs":3,"uniq":3,"trade":0,"nft":2,"gas":0.000005,"bal":0.000544,"days":2,"spread":0.064516,"streak":1,"rank_m":412924,"pct_m":0.439027,"gas_method":"estimated"},"2024-06":{"txs":6,"uniq":5,"trade":0,"nft":3,"gas":0,"bal":0.001119,"days":4,"spread":0.133333,"streak":3,"rank_m":299144,"pct_m":0.318054,"gas_method":"estimated"},"2024-07":{"txs":7,"uniq":5,"trade":2,"nft":3,"gas":0.000002,"bal":0.009011,"days":5,"spread":0.16129,"streak":1,"rank_m":174762,"pct_m":0.185809,"gas_method":"estimated"},"2024-08":{"txs":4,"uniq":4,"trade":0,"nft":1,"gas":0.000001,"bal":0.015432,"days":2,"spread":0.064516,"streak":1,"rank_m":273105,"pct_m":0.290369,"gas_method":"estimated"},"2024-09":{"txs":4,"uniq":3,"trade":1,"nft":1,"gas":0,"bal":0.002139,"days":4,"spread":0.133333,"streak":2,"rank_m":230337,"pct_m":0.244897,"gas_method":"estimated"},"2024-10":{"txs":5,"uniq":4,"trade":0,"nft":3,"gas":0.000001,"bal":0.000199,"days":4,"spread":0.129032,"streak":2,"rank_m":384281,"pct_m":0.408573,"gas_method":"estimated"},"2024-11":{"txs":2,"uniq":2,"trade":0,"nft":1,"gas":0.000005,"bal":0.000162,"days":2,"spread":0.066667,"streak":1,"rank_m":435755,"pct_m":0.463301,"gas_method":"exact"},"2024-12":{"txs":23,"uniq":16,"trade":0,"nft":1,"gas":0.000507,"bal":0.006264,"days":10,"spread":0.322581,"streak":3,"rank_m":124591,"pct_m":0.132466,"gas_method":"exact"},"2025-01":{"txs":17,"uniq":13,"trade":1,"nft":2,"gas":0.000442,"bal":0.027904,"days":12,"spread":0.387097,"streak":3,"rank_m":68235,"pct_m":0.072548,"gas_method":"exact"},"2025-02":{"txs":3,"uniq":3,"trade":0,"nft":0,"gas":0.000021,"bal":0.033522,"days":3,"spread":0.107143,"streak":1,"rank_m":299971,"pct_m":0.318933,"gas_method":"exact"},"2025-03":{"txs":1,"uniq":1,"trade":1,"nft":0,"gas":0.000008,"bal":0.028942,"days":1,"spread":0.032258,"streak":1,"rank_m":309699,"pct_m":0.329276,"gas_method":"exact"},"2025-04":{"txs":5,"uniq":4,"trade":0,"nft":0,"gas":0.000024,"bal":0.02848,"days":2,"spread":0.066667,"streak":1,"rank_m":274380,"pct_m":0.291725,"gas_method":"exact"},"2025-05":{"txs":0,"uniq":0,"trade":0,"nft":0,"gas":0,"bal":0.02848,"days":0,"spread":0,"streak":0,"rank_m":387256,"pct_m":0.411736},"2025-06":{"txs":36,"uniq":17,"trade":3,"nft":0,"gas":0.000253,"bal":0.016478,"days":7,"spread":0.233333,"streak":2,"rank_m":52825,"pct_m":0.056163,"gas_method":"estimated"},"2025-07":{"txs":44,"uniq":15,"trade":0,"nft":0,"gas":0.00031,"bal":0.010882,"days":8,"spread":0.258065,"streak":1,"rank_m":122859,"pct_m":0.130625,"gas_method":"estimated"},"2025-08":{"txs":42,"uniq":11,"trade":1,"nft":0,"gas":0.000296,"bal":0.011447,"days":11,"spread":0.354839,"streak":2,"rank_m":49336,"pct_m":0.052454,"gas_method":"estimated"},"2025-09":{"txs":40,"uniq":11,"trade":1,"nft":0,"gas":0.000282,"bal":0.005001,"days":12,"spread":0.4,"streak":2,"rank_m":81224,"pct_m":0.086358,"gas_method":"estimated"},"2025-10":{"txs":35,"uniq":9,"trade":0,"nft":0,"gas":0.000246,"bal":0.008251,"days":6,"spread":0.193548,"streak":2,"rank_m":76915,"pct_m":0.081776,"gas_method":"estimated"}}}