{"wallet":"0xcb7321a19bc79a5fd5f20284046c1efe19492547","rank":65132,"lifetime":{"months_active":19,"first":"2023-07","last":"2025-10","tx_sum":437,"uniq_sum":240,"trade_sum":3,"nft_sum":198,"gas_sum":0.004547,"avg_balance_eth_mean":0.009073,"streak_best_days":42,"gas_sum_filled":0.004547},"months":{"2023-07":{"txs":0,"uniq":0,"trade":0,"nft":0,"gas":0,"bal":0,"days":0,"spread":0,"streak":0,"rank_m":234030,"pct_m":0.248824},"2023-08":{"txs":16,"uniq":10,"trade":0,"nft":6,"gas":0.001267,"bal":0.000322,"days":9,"spread":0.290323,"streak":3,"rank_m":67337,"pct_m":0.071593,"gas_method":"exact"},"2023-09":{"txs":67,"uniq":43,"trade":0,"nft":38,"gas":0.001292,"bal":0.00095,"days":26,"spread":0.866667,"streak":9,"rank_m":16151,"pct_m":0.017171,"gas_method":"exact"},"2023-10":{"txs":51,"uniq":31,"trade":0,"nft":30,"gas":0.000046,"bal":0.003464,"days":30,"spread":0.967742,"streak":23,"rank_m":9833,"pct_m":0.010454,"gas_method":"exact"},"2023-11":{"txs":57,"uniq":16,"trade":0,"nft":26,"gas":0.000242,"bal":0.002015,"days":30,"spread":1,"streak":30,"rank_m":10662,"pct_m":0.011335,"gas_method":"exact"},"2023-12":{"txs":43,"uniq":31,"trade":0,"nft":30,"gas":0.000955,"bal":0.001435,"days":16,"spread":0.516129,"streak":5,"rank_m":12994,"pct_m":0.013814,"gas_method":"exact"},"2024-01":{"txs":1,"uniq":1,"trade":0,"nft":0,"gas":0.000078,"bal":0.00135,"days":1,"spread":0.032258,"streak":1,"rank_m":146872,"pct_m":0.156156,"gas_method":"exact"},"2024-02":{"txs":9,"uniq":6,"trade":0,"nft":1,"gas":0.000094,"bal":0.001584,"days":4,"spread":0.137931,"streak":1,"rank_m":150496,"pct_m":0.160009,"gas_method":"estimated"},"2024-03":{"txs":6,"uniq":5,"trade":0,"nft":5,"gas":0.000191,"bal":0.001017,"days":5,"spread":0.16129,"streak":2,"rank_m":179451,"pct_m":0.190794,"gas_method":"exact"},"2024-04":{"txs":0,"uniq":0,"trade":0,"nft":0,"gas":0,"bal":0.001017,"days":0,"spread":0,"streak":0,"rank_m":474945,"pct_m":0.504969},"2024-05":{"txs":70,"uniq":13,"trade":0,"nft":4,"gas":0.000014,"bal":0.00156,"days":24,"spread":0.774194,"streak":22,"rank_m":69876,"pct_m":0.074292,"gas_method":"exact"},"2024-06":{"txs":4,"uniq":4,"trade":0,"nft":2,"gas":0,"bal":0.001784,"days":2,"spread":0.066667,"streak":1,"rank_m":362718,"pct_m":0.385647,"gas_method":"estimated"},"2024-07":{"txs":21,"uniq":14,"trade":0,"nft":15,"gas":0.000002,"bal":0.00047,"days":7,"spread":0.225806,"streak":2,"rank_m":205221,"pct_m":0.218194,"gas_method":"estimated"},"2024-08":{"txs":22,"uniq":18,"trade":0,"nft":17,"gas":0.000001,"bal":0.000345,"days":13,"spread":0.419355,"streak":5,"rank_m":119888,"pct_m":0.127466,"gas_method":"exact"},"2024-09":{"txs":14,"uniq":6,"trade":0,"nft":7,"gas":0,"bal":0.001486,"days":5,"spread":0.166667,"streak":1,"rank_m":213362,"pct_m":0.226849,"gas_method":"estimated"},"2024-10":{"txs":30,"uniq":21,"trade":3,"nft":16,"gas":0,"bal":0.013784,"days":14,"spread":0.451613,"streak":4,"rank_m":27971,"pct_m":0.029738,"gas_method":"exact"},"2024-11":{"txs":2,"uniq":1,"trade":0,"nft":1,"gas":0.000005,"bal":0.062717,"days":2,"spread":0.066667,"streak":1,"rank_m":323478,"pct_m":0.343927,"gas_method":"exact"},"2024-12":{"txs":8,"uniq":8,"trade":0,"nft":0,"gas":0.000176,"bal":0.061464,"days":6,"spread":0.193548,"streak":2,"rank_m":235780,"pct_m":0.250684,"gas_method":"exact"},"2025-01":{"txs":6,"uniq":4,"trade":0,"nft":0,"gas":0.00013,"bal":0.047291,"days":3,"spread":0.096774,"streak":1,"rank_m":305881,"pct_m":0.325217,"gas_method":"exact"},"2025-02":{"txs":8,"uniq":6,"trade":0,"nft":0,"gas":0.000042,"bal":0.001783,"days":3,"spread":0.107143,"streak":1,"rank_m":297748,"pct_m":0.31657,"gas_method":"exact"},"2025-03":{"txs":0,"uniq":0,"trade":0,"nft":0,"gas":0,"bal":0.001783,"days":0,"spread":0,"streak":0,"rank_m":613640,"pct_m":0.652432},"2025-04":{"txs":2,"uniq":2,"trade":0,"nft":0,"gas":0.000012,"bal":0.006633,"days":2,"spread":0.066667,"streak":1,"rank_m":391523,"pct_m":0.416273,"gas_method":"exact"},"2025-05":{"txs":0,"uniq":0,"trade":0,"nft":0,"gas":0,"bal":0.006633,"days":0,"spread":0,"streak":0,"rank_m":509935,"pct_m":0.542171},"2025-06":{"txs":0,"uniq":0,"trade":0,"nft":0,"gas":0,"bal":0.006633,"days":0,"spread":0,"streak":0,"rank_m":513757,"pct_m":0.546235},"2025-07":{"txs":0,"uniq":0,"trade":0,"nft":0,"gas":0,"bal":0.006633,"days":0,"spread":0,"streak":0,"rank_m":538247,"pct_m":0.572273},"2025-08":{"txs":0,"uniq":0,"trade":0,"nft":0,"gas":0,"bal":0.006633,"days":0,"spread":0,"streak":0,"rank_m":509567,"pct_m":0.54178},"2025-09":{"txs":0,"uniq":0,"trade":0,"nft":0,"gas":0,"bal":0.006633,"days":0,"spread":0,"streak":0,"rank_m":501974,"pct_m":0.533707},"2025-10":{"txs":0,"uniq":0,"trade":0,"nft":0,"gas":0,"bal":0.006633,"days":0,"spread":0,"streak":0,"rank_m":397619,"pct_m":0.422755}}}