{"wallet":"0xcb38cea25d2346935230dbd3ce2ce4024a4db9ca","rank":27365,"lifetime":{"months_active":20,"first":"2023-07","last":"2025-10","tx_sum":1067,"uniq_sum":299,"trade_sum":30,"nft_sum":157,"gas_sum":0.003432,"avg_balance_eth_mean":0.013189,"streak_best_days":88,"gas_sum_filled":0.003432},"months":{"2023-07":{"txs":0,"uniq":0,"trade":0,"nft":0,"gas":0,"bal":0,"days":0,"spread":0,"streak":0,"rank_m":234807,"pct_m":0.24965},"2023-08":{"txs":0,"uniq":0,"trade":0,"nft":0,"gas":0,"bal":0,"days":0,"spread":0,"streak":0,"rank_m":325676,"pct_m":0.346263},"2023-09":{"txs":0,"uniq":0,"trade":0,"nft":0,"gas":0,"bal":0,"days":0,"spread":0,"streak":0,"rank_m":344269,"pct_m":0.366032},"2023-10":{"txs":0,"uniq":0,"trade":0,"nft":0,"gas":0,"bal":0,"days":0,"spread":0,"streak":0,"rank_m":362583,"pct_m":0.385504},"2023-11":{"txs":0,"uniq":0,"trade":0,"nft":0,"gas":0,"bal":0,"days":0,"spread":0,"streak":0,"rank_m":379206,"pct_m":0.403178},"2023-12":{"txs":0,"uniq":0,"trade":0,"nft":0,"gas":0,"bal":0,"days":0,"spread":0,"streak":0,"rank_m":400557,"pct_m":0.425878},"2024-01":{"txs":0,"uniq":0,"trade":0,"nft":0,"gas":0,"bal":0,"days":0,"spread":0,"streak":0,"rank_m":417820,"pct_m":0.444233},"2024-02":{"txs":71,"uniq":21,"trade":13,"nft":12,"gas":0.000467,"bal":0.00466,"days":11,"spread":0.37931,"streak":6,"rank_m":18956,"pct_m":0.020153,"gas_method":"estimated"},"2024-03":{"txs":65,"uniq":21,"trade":0,"nft":14,"gas":0.000641,"bal":0.011172,"days":7,"spread":0.225806,"streak":4,"rank_m":45193,"pct_m":0.048049,"gas_method":"estimated"},"2024-04":{"txs":140,"uniq":40,"trade":8,"nft":26,"gas":0.00017,"bal":0.01091,"days":22,"spread":0.733333,"streak":15,"rank_m":23312,"pct_m":0.024785,"gas_method":"estimated"},"2024-05":{"txs":247,"uniq":59,"trade":3,"nft":48,"gas":0.000388,"bal":0.016655,"days":31,"spread":1,"streak":31,"rank_m":1731,"pct_m":0.001839,"gas_method":"exact"},"2024-06":{"txs":180,"uniq":46,"trade":5,"nft":37,"gas":0.000003,"bal":0.017363,"days":30,"spread":1,"streak":30,"rank_m":2215,"pct_m":0.002354,"gas_method":"exact"},"2024-07":{"txs":117,"uniq":24,"trade":0,"nft":10,"gas":0.000015,"bal":0.004275,"days":28,"spread":0.903226,"streak":12,"rank_m":17153,"pct_m":0.018236,"gas_method":"exact"},"2024-08":{"txs":69,"uniq":12,"trade":0,"nft":9,"gas":0,"bal":0.002322,"days":23,"spread":0.741935,"streak":8,"rank_m":60793,"pct_m":0.064635,"gas_method":"exact"},"2024-09":{"txs":7,"uniq":5,"trade":0,"nft":0,"gas":0.000001,"bal":0.000493,"days":3,"spread":0.1,"streak":1,"rank_m":266552,"pct_m":0.283402,"gas_method":"exact"},"2024-10":{"txs":7,"uniq":4,"trade":0,"nft":1,"gas":0,"bal":0.000001,"days":2,"spread":0.064516,"streak":1,"rank_m":477771,"pct_m":0.507974,"gas_method":"estimated"},"2024-11":{"txs":0,"uniq":0,"trade":0,"nft":0,"gas":0,"bal":0.000001,"days":0,"spread":0,"streak":0,"rank_m":694215,"pct_m":0.738101},"2024-12":{"txs":33,"uniq":9,"trade":0,"nft":0,"gas":0.000706,"bal":0.001286,"days":9,"spread":0.290323,"streak":3,"rank_m":197743,"pct_m":0.210243,"gas_method":"exact"},"2025-01":{"txs":7,"uniq":5,"trade":0,"nft":0,"gas":0.000182,"bal":0.020191,"days":3,"spread":0.096774,"streak":1,"rank_m":292311,"pct_m":0.310789,"gas_method":"exact"},"2025-02":{"txs":1,"uniq":1,"trade":0,"nft":0,"gas":0.000007,"bal":0.057814,"days":1,"spread":0.035714,"streak":1,"rank_m":391501,"pct_m":0.41625,"gas_method":"exact"},"2025-03":{"txs":5,"uniq":5,"trade":1,"nft":0,"gas":0.00004,"bal":0.069011,"days":2,"spread":0.064516,"streak":2,"rank_m":166665,"pct_m":0.1772,"gas_method":"exact"},"2025-04":{"txs":18,"uniq":8,"trade":0,"nft":0,"gas":0.000109,"bal":0.086508,"days":6,"spread":0.2,"streak":1,"rank_m":81655,"pct_m":0.086816,"gas_method":"exact"},"2025-05":{"txs":31,"uniq":9,"trade":0,"nft":0,"gas":0.000218,"bal":0.052124,"days":4,"spread":0.129032,"streak":1,"rank_m":57231,"pct_m":0.060848,"gas_method":"estimated"},"2025-06":{"txs":25,"uniq":9,"trade":0,"nft":0,"gas":0.000176,"bal":0.002626,"days":4,"spread":0.133333,"streak":1,"rank_m":307185,"pct_m":0.326604,"gas_method":"estimated"},"2025-07":{"txs":9,"uniq":5,"trade":0,"nft":0,"gas":0.000063,"bal":0.005536,"days":2,"spread":0.064516,"streak":1,"rank_m":324398,"pct_m":0.344905,"gas_method":"estimated"},"2025-08":{"txs":11,"uniq":5,"trade":0,"nft":0,"gas":0.000077,"bal":0.003518,"days":3,"spread":0.096774,"streak":1,"rank_m":321737,"pct_m":0.342075,"gas_method":"estimated"},"2025-09":{"txs":20,"uniq":7,"trade":0,"nft":0,"gas":0.000141,"bal":0.001945,"days":4,"spread":0.133333,"streak":1,"rank_m":315675,"pct_m":0.33563,"gas_method":"estimated"},"2025-10":{"txs":4,"uniq":4,"trade":0,"nft":0,"gas":0.000028,"bal":0.000892,"days":1,"spread":0.032258,"streak":1,"rank_m":331345,"pct_m":0.352291,"gas_method":"estimated"}}}