{"wallet":"0xcb6653eec440bd2a1cfb989a65881378589d09ca","rank":375847,"lifetime":{"months_active":18,"first":"2023-07","last":"2025-10","tx_sum":211,"uniq_sum":128,"trade_sum":17,"nft_sum":70,"gas_sum":0.00082,"avg_balance_eth_mean":0.000843,"streak_best_days":4,"gas_sum_filled":0.00082},"months":{"2023-07":{"txs":0,"uniq":0,"trade":0,"nft":0,"gas":0,"bal":0,"days":0,"spread":0,"streak":0,"rank_m":234192,"pct_m":0.248996},"2023-08":{"txs":0,"uniq":0,"trade":0,"nft":0,"gas":0,"bal":0,"days":0,"spread":0,"streak":0,"rank_m":325150,"pct_m":0.345704},"2023-09":{"txs":0,"uniq":0,"trade":0,"nft":0,"gas":0,"bal":0,"days":0,"spread":0,"streak":0,"rank_m":343680,"pct_m":0.365406},"2023-10":{"txs":3,"uniq":2,"trade":0,"nft":0,"gas":0.000021,"bal":0.000462,"days":1,"spread":0.032258,"streak":1,"rank_m":138214,"pct_m":0.146951,"gas_method":"estimated"},"2023-11":{"txs":2,"uniq":2,"trade":0,"nft":0,"gas":0.000024,"bal":0.002222,"days":1,"spread":0.033333,"streak":1,"rank_m":121371,"pct_m":0.129043,"gas_method":"estimated"},"2023-12":{"txs":0,"uniq":0,"trade":0,"nft":0,"gas":0,"bal":0.002222,"days":0,"spread":0,"streak":0,"rank_m":203487,"pct_m":0.21635},"2024-01":{"txs":1,"uniq":1,"trade":0,"nft":0,"gas":0.000021,"bal":0.001814,"days":1,"spread":0.032258,"streak":1,"rank_m":172836,"pct_m":0.183761,"gas_method":"estimated"},"2024-02":{"txs":3,"uniq":2,"trade":0,"nft":0,"gas":0.000035,"bal":0.0013,"days":1,"spread":0.034483,"streak":1,"rank_m":229847,"pct_m":0.244376,"gas_method":"estimated"},"2024-03":{"txs":4,"uniq":1,"trade":0,"nft":0,"gas":0.00007,"bal":0.000038,"days":3,"spread":0.096774,"streak":2,"rank_m":344777,"pct_m":0.366572,"gas_method":"estimated"},"2024-04":{"txs":7,"uniq":2,"trade":0,"nft":2,"gas":0.000015,"bal":0.000045,"days":2,"spread":0.066667,"streak":2,"rank_m":408380,"pct_m":0.434196,"gas_method":"estimated"},"2024-05":{"txs":0,"uniq":0,"trade":0,"nft":0,"gas":0,"bal":0.000045,"days":0,"spread":0,"streak":0,"rank_m":537141,"pct_m":0.571097},"2024-06":{"txs":0,"uniq":0,"trade":0,"nft":0,"gas":0,"bal":0.000045,"days":0,"spread":0,"streak":0,"rank_m":562912,"pct_m":0.598497},"2024-07":{"txs":13,"uniq":6,"trade":0,"nft":1,"gas":0.000001,"bal":0.000942,"days":3,"spread":0.096774,"streak":1,"rank_m":327616,"pct_m":0.348326,"gas_method":"estimated"},"2024-08":{"txs":78,"uniq":67,"trade":0,"nft":67,"gas":0.000006,"bal":0.001371,"days":13,"spread":0.419355,"streak":4,"rank_m":91893,"pct_m":0.097701,"gas_method":"estimated"},"2024-09":{"txs":16,"uniq":9,"trade":0,"nft":0,"gas":0.000001,"bal":0.000478,"days":4,"spread":0.133333,"streak":1,"rank_m":334474,"pct_m":0.355618,"gas_method":"estimated"},"2024-10":{"txs":7,"uniq":5,"trade":0,"nft":0,"gas":0,"bal":0.000579,"days":4,"spread":0.129032,"streak":1,"rank_m":421628,"pct_m":0.448281,"gas_method":"estimated"},"2024-11":{"txs":3,"uniq":1,"trade":0,"nft":0,"gas":0.000005,"bal":0.000294,"days":2,"spread":0.066667,"streak":1,"rank_m":466064,"pct_m":0.495527,"gas_method":"exact"},"2024-12":{"txs":0,"uniq":0,"trade":0,"nft":0,"gas":0,"bal":0.000294,"days":0,"spread":0,"streak":0,"rank_m":675244,"pct_m":0.71793},"2025-01":{"txs":5,"uniq":4,"trade":0,"nft":0,"gas":0.00013,"bal":0.000207,"days":1,"spread":0.032258,"streak":1,"rank_m":471195,"pct_m":0.500982,"gas_method":"exact"},"2025-02":{"txs":0,"uniq":0,"trade":0,"nft":0,"gas":0,"bal":0.000207,"days":0,"spread":0,"streak":0,"rank_m":703424,"pct_m":0.747892},"2025-03":{"txs":22,"uniq":9,"trade":16,"nft":0,"gas":0.000166,"bal":0.001274,"days":2,"spread":0.064516,"streak":1,"rank_m":188012,"pct_m":0.199897,"gas_method":"exact"},"2025-04":{"txs":5,"uniq":4,"trade":0,"nft":0,"gas":0.00003,"bal":0.001525,"days":4,"spread":0.133333,"streak":2,"rank_m":306136,"pct_m":0.325488,"gas_method":"exact"},"2025-05":{"txs":6,"uniq":4,"trade":0,"nft":0,"gas":0.000042,"bal":0.001687,"days":4,"spread":0.129032,"streak":2,"rank_m":301982,"pct_m":0.321072,"gas_method":"estimated"},"2025-06":{"txs":32,"uniq":7,"trade":1,"nft":0,"gas":0.000225,"bal":0.001682,"days":5,"spread":0.166667,"streak":2,"rank_m":239453,"pct_m":0.25459,"gas_method":"estimated"},"2025-07":{"txs":3,"uniq":1,"trade":0,"nft":0,"gas":0.000021,"bal":0.001448,"days":2,"spread":0.064516,"streak":1,"rank_m":486186,"pct_m":0.516921,"gas_method":"estimated"},"2025-08":{"txs":0,"uniq":0,"trade":0,"nft":0,"gas":0,"bal":0.001448,"days":0,"spread":0,"streak":0,"rank_m":630681,"pct_m":0.67055},"2025-09":{"txs":1,"uniq":1,"trade":0,"nft":0,"gas":0.000007,"bal":0.000986,"days":1,"spread":0.033333,"streak":1,"rank_m":501039,"pct_m":0.532713,"gas_method":"estimated"},"2025-10":{"txs":0,"uniq":0,"trade":0,"nft":0,"gas":0,"bal":0.000986,"days":0,"spread":0,"streak":0,"rank_m":560341,"pct_m":0.595764}}}