{"wallet":"0xcbd43d194c6cb9f8e45bde5c1ab46e3e5c1ad50a","rank":416083,"lifetime":{"months_active":18,"first":"2023-07","last":"2025-10","tx_sum":186,"uniq_sum":116,"trade_sum":2,"nft_sum":62,"gas_sum":0.002163,"avg_balance_eth_mean":0.000946,"streak_best_days":3,"gas_sum_filled":0.002163},"months":{"2023-07":{"txs":0,"uniq":0,"trade":0,"nft":0,"gas":0,"bal":0,"days":0,"spread":0,"streak":0,"rank_m":232667,"pct_m":0.247375},"2023-08":{"txs":0,"uniq":0,"trade":0,"nft":0,"gas":0,"bal":0,"days":0,"spread":0,"streak":0,"rank_m":323798,"pct_m":0.344267},"2023-09":{"txs":0,"uniq":0,"trade":0,"nft":0,"gas":0,"bal":0,"days":0,"spread":0,"streak":0,"rank_m":342140,"pct_m":0.363768},"2023-10":{"txs":0,"uniq":0,"trade":0,"nft":0,"gas":0,"bal":0,"days":0,"spread":0,"streak":0,"rank_m":360457,"pct_m":0.383243},"2023-11":{"txs":7,"uniq":5,"trade":0,"nft":2,"gas":0.00008,"bal":0.001511,"days":2,"spread":0.066667,"streak":1,"rank_m":82195,"pct_m":0.08739,"gas_method":"estimated"},"2023-12":{"txs":1,"uniq":1,"trade":0,"nft":2,"gas":0.000021,"bal":0.001448,"days":1,"spread":0.032258,"streak":1,"rank_m":139414,"pct_m":0.148226,"gas_method":"estimated"},"2024-01":{"txs":66,"uniq":28,"trade":1,"nft":16,"gas":0.001664,"bal":0.001304,"days":7,"spread":0.225806,"streak":3,"rank_m":17934,"pct_m":0.019067,"gas_method":"exact"},"2024-02":{"txs":12,"uniq":8,"trade":0,"nft":6,"gas":0.000136,"bal":0.00067,"days":6,"spread":0.206897,"streak":1,"rank_m":129729,"pct_m":0.137929,"gas_method":"estimated"},"2024-03":{"txs":2,"uniq":2,"trade":0,"nft":2,"gas":0.000034,"bal":0.001957,"days":2,"spread":0.064516,"streak":1,"rank_m":281604,"pct_m":0.299405,"gas_method":"estimated"},"2024-04":{"txs":21,"uniq":14,"trade":0,"nft":4,"gas":0.000044,"bal":0.002796,"days":4,"spread":0.133333,"streak":1,"rank_m":259822,"pct_m":0.276246,"gas_method":"estimated"},"2024-05":{"txs":20,"uniq":9,"trade":0,"nft":5,"gas":0.000014,"bal":0.002848,"days":7,"spread":0.225806,"streak":3,"rank_m":193772,"pct_m":0.206021,"gas_method":"estimated"},"2024-06":{"txs":6,"uniq":3,"trade":0,"nft":2,"gas":0,"bal":0.000183,"days":3,"spread":0.1,"streak":1,"rank_m":406841,"pct_m":0.43256,"gas_method":"estimated"},"2024-07":{"txs":2,"uniq":2,"trade":0,"nft":3,"gas":0,"bal":0.001885,"days":2,"spread":0.064516,"streak":1,"rank_m":363623,"pct_m":0.386609,"gas_method":"estimated"},"2024-08":{"txs":11,"uniq":11,"trade":0,"nft":12,"gas":0.000001,"bal":0.001937,"days":4,"spread":0.129032,"streak":1,"rank_m":258529,"pct_m":0.274872,"gas_method":"estimated"},"2024-09":{"txs":11,"uniq":8,"trade":0,"nft":1,"gas":0,"bal":0.000885,"days":2,"spread":0.066667,"streak":1,"rank_m":300422,"pct_m":0.319413,"gas_method":"estimated"},"2024-10":{"txs":6,"uniq":6,"trade":0,"nft":5,"gas":0,"bal":0.000758,"days":5,"spread":0.16129,"streak":2,"rank_m":229391,"pct_m":0.243892,"gas_method":"exact"},"2024-11":{"txs":2,"uniq":2,"trade":1,"nft":0,"gas":0.000005,"bal":0.000274,"days":2,"spread":0.066667,"streak":1,"rank_m":414302,"pct_m":0.440492,"gas_method":"exact"},"2024-12":{"txs":4,"uniq":3,"trade":0,"nft":2,"gas":0.000066,"bal":0.000268,"days":2,"spread":0.064516,"streak":1,"rank_m":453494,"pct_m":0.482162,"gas_method":"exact"},"2025-01":{"txs":0,"uniq":0,"trade":0,"nft":0,"gas":0,"bal":0.000268,"days":0,"spread":0,"streak":0,"rank_m":676469,"pct_m":0.719233},"2025-02":{"txs":4,"uniq":4,"trade":0,"nft":0,"gas":0.000028,"bal":0.000993,"days":4,"spread":0.142857,"streak":1,"rank_m":358166,"pct_m":0.380807,"gas_method":"exact"},"2025-03":{"txs":0,"uniq":0,"trade":0,"nft":0,"gas":0,"bal":0.000993,"days":0,"spread":0,"streak":0,"rank_m":642045,"pct_m":0.682633},"2025-04":{"txs":7,"uniq":6,"trade":0,"nft":0,"gas":0.000042,"bal":0.00098,"days":3,"spread":0.1,"streak":3,"rank_m":274775,"pct_m":0.292145,"gas_method":"exact"},"2025-05":{"txs":0,"uniq":0,"trade":0,"nft":0,"gas":0,"bal":0.00098,"days":0,"spread":0,"streak":0,"rank_m":661128,"pct_m":0.702922},"2025-06":{"txs":0,"uniq":0,"trade":0,"nft":0,"gas":0,"bal":0.00098,"days":0,"spread":0,"streak":0,"rank_m":662861,"pct_m":0.704765},"2025-07":{"txs":0,"uniq":0,"trade":0,"nft":0,"gas":0,"bal":0.00098,"days":0,"spread":0,"streak":0,"rank_m":680129,"pct_m":0.723124},"2025-08":{"txs":1,"uniq":1,"trade":0,"nft":0,"gas":0.000007,"bal":0.00087,"days":1,"spread":0.032258,"streak":1,"rank_m":521880,"pct_m":0.554871,"gas_method":"estimated"},"2025-09":{"txs":3,"uniq":3,"trade":0,"nft":0,"gas":0.000021,"bal":0.000367,"days":3,"spread":0.1,"streak":2,"rank_m":476331,"pct_m":0.506443,"gas_method":"estimated"},"2025-10":{"txs":0,"uniq":0,"trade":0,"nft":0,"gas":0,"bal":0.000367,"days":0,"spread":0,"streak":0,"rank_m":633453,"pct_m":0.673497}}}