{"wallet":"0xcb254c4f9224d4c906a47453e76f801de8709e96","rank":50137,"lifetime":{"months_active":27,"first":"2023-07","last":"2025-10","tx_sum":659,"uniq_sum":362,"trade_sum":29,"nft_sum":162,"gas_sum":0.007288,"avg_balance_eth_mean":0.024987,"streak_best_days":0,"gas_sum_filled":0.007288},"months":{"2023-07":{"txs":3,"uniq":2,"trade":0,"nft":1,"gas":0.000273,"bal":0.000338,"days":1,"spread":0.032258,"streak":0,"rank_m":53651,"pct_m":0.057042,"gas_method":"estimated"},"2023-08":{"txs":33,"uniq":26,"trade":0,"nft":20,"gas":0.002786,"bal":0.006204,"days":17,"spread":0.548387,"streak":0,"rank_m":52278,"pct_m":0.055582,"gas_method":"exact"},"2023-09":{"txs":3,"uniq":3,"trade":0,"nft":4,"gas":0.000048,"bal":0.004577,"days":3,"spread":0.1,"streak":0,"rank_m":102598,"pct_m":0.109083,"gas_method":"exact"},"2023-10":{"txs":0,"uniq":0,"trade":0,"nft":0,"gas":0,"bal":0.004577,"days":0,"spread":0,"streak":0,"rank_m":160968,"pct_m":0.171143},"2023-11":{"txs":4,"uniq":3,"trade":0,"nft":2,"gas":0.000049,"bal":0.002769,"days":4,"spread":0.133333,"streak":0,"rank_m":106045,"pct_m":0.112748,"gas_method":"estimated"},"2023-12":{"txs":16,"uniq":11,"trade":0,"nft":6,"gas":0.000105,"bal":0.000814,"days":3,"spread":0.096774,"streak":0,"rank_m":86764,"pct_m":0.092248,"gas_method":"exact"},"2024-01":{"txs":23,"uniq":13,"trade":0,"nft":4,"gas":0.000495,"bal":0.002371,"days":3,"spread":0.096774,"streak":0,"rank_m":100447,"pct_m":0.106796,"gas_method":"estimated"},"2024-02":{"txs":37,"uniq":17,"trade":1,"nft":8,"gas":0.00045,"bal":0.003333,"days":10,"spread":0.344828,"streak":0,"rank_m":79398,"pct_m":0.084416,"gas_method":"estimated"},"2024-03":{"txs":29,"uniq":18,"trade":0,"nft":11,"gas":0.001005,"bal":0.001818,"days":9,"spread":0.290323,"streak":0,"rank_m":123067,"pct_m":0.130846,"gas_method":"exact"},"2024-04":{"txs":92,"uniq":36,"trade":3,"nft":23,"gas":0.000207,"bal":0.003289,"days":15,"spread":0.5,"streak":0,"rank_m":134724,"pct_m":0.14324,"gas_method":"estimated"},"2024-05":{"txs":33,"uniq":15,"trade":0,"nft":10,"gas":0.000025,"bal":0.004548,"days":9,"spread":0.290323,"streak":0,"rank_m":190367,"pct_m":0.202401,"gas_method":"estimated"},"2024-06":{"txs":40,"uniq":24,"trade":1,"nft":14,"gas":0.000001,"bal":0.002525,"days":15,"spread":0.5,"streak":0,"rank_m":110851,"pct_m":0.117858,"gas_method":"exact"},"2024-07":{"txs":92,"uniq":40,"trade":1,"nft":18,"gas":0.00001,"bal":0.005279,"days":18,"spread":0.580645,"streak":0,"rank_m":95071,"pct_m":0.10108,"gas_method":"estimated"},"2024-08":{"txs":14,"uniq":11,"trade":0,"nft":7,"gas":0.000002,"bal":0.005825,"days":8,"spread":0.258065,"streak":0,"rank_m":175335,"pct_m":0.186418,"gas_method":"exact"},"2024-09":{"txs":8,"uniq":6,"trade":0,"nft":4,"gas":0.000001,"bal":0.002288,"days":4,"spread":0.133333,"streak":0,"rank_m":214137,"pct_m":0.227673,"gas_method":"exact"},"2024-10":{"txs":48,"uniq":23,"trade":2,"nft":21,"gas":0.000003,"bal":0.010957,"days":6,"spread":0.193548,"streak":0,"rank_m":109498,"pct_m":0.116419,"gas_method":"estimated"},"2024-11":{"txs":14,"uniq":12,"trade":0,"nft":2,"gas":0.00003,"bal":0.019797,"days":7,"spread":0.233333,"streak":0,"rank_m":181113,"pct_m":0.192562,"gas_method":"exact"},"2024-12":{"txs":13,"uniq":12,"trade":0,"nft":0,"gas":0.000287,"bal":0.031075,"days":8,"spread":0.258065,"streak":0,"rank_m":239791,"pct_m":0.254949,"gas_method":"exact"},"2025-01":{"txs":22,"uniq":11,"trade":0,"nft":0,"gas":0.000572,"bal":0.029655,"days":8,"spread":0.258065,"streak":0,"rank_m":170559,"pct_m":0.18134,"gas_method":"exact"},"2025-02":{"txs":12,"uniq":12,"trade":0,"nft":0,"gas":0.000084,"bal":0.041444,"days":6,"spread":0.214286,"streak":0,"rank_m":160378,"pct_m":0.170516,"gas_method":"exact"},"2025-03":{"txs":30,"uniq":9,"trade":0,"nft":0,"gas":0.000237,"bal":0.034097,"days":7,"spread":0.225806,"streak":0,"rank_m":122920,"pct_m":0.13069,"gas_method":"exact"},"2025-04":{"txs":35,"uniq":18,"trade":13,"nft":1,"gas":0.000211,"bal":0.02687,"days":8,"spread":0.266667,"streak":0,"rank_m":48534,"pct_m":0.051601,"gas_method":"exact"},"2025-05":{"txs":26,"uniq":14,"trade":2,"nft":0,"gas":0.000183,"bal":0.275186,"days":7,"spread":0.225806,"streak":0,"rank_m":42102,"pct_m":0.044763,"gas_method":"estimated"},"2025-06":{"txs":5,"uniq":3,"trade":0,"nft":0,"gas":0.000035,"bal":0.163652,"days":2,"spread":0.066667,"streak":0,"rank_m":209961,"pct_m":0.223233,"gas_method":"estimated"},"2025-07":{"txs":8,"uniq":7,"trade":0,"nft":2,"gas":0.000056,"bal":0.006046,"days":5,"spread":0.16129,"streak":0,"rank_m":266836,"pct_m":0.283704,"gas_method":"estimated"},"2025-08":{"txs":2,"uniq":1,"trade":0,"nft":2,"gas":0.000014,"bal":0.003674,"days":1,"spread":0.032258,"streak":0,"rank_m":407081,"pct_m":0.432815,"gas_method":"estimated"},"2025-09":{"txs":4,"uniq":4,"trade":0,"nft":1,"gas":0.000028,"bal":0.003583,"days":2,"spread":0.066667,"streak":0,"rank_m":345118,"pct_m":0.366935,"gas_method":"estimated"},"2025-10":{"txs":13,"uniq":11,"trade":6,"nft":1,"gas":0.000091,"bal":0.003043,"days":4,"spread":0.129032,"streak":0,"rank_m":157303,"pct_m":0.167246,"gas_method":"estimated"}}}