{"wallet":"0xcb0c703960a7e8234c44c10b82e05f868995e1fb","rank":111620,"lifetime":{"months_active":23,"first":"2023-07","last":"2025-10","tx_sum":296,"uniq_sum":162,"trade_sum":21,"nft_sum":60,"gas_sum":0.002641,"avg_balance_eth_mean":0.015206,"streak_best_days":6,"gas_sum_filled":0.002641},"months":{"2023-07":{"txs":0,"uniq":0,"trade":0,"nft":0,"gas":0,"bal":0,"days":0,"spread":0,"streak":0,"rank_m":235395,"pct_m":0.250275},"2023-08":{"txs":1,"uniq":1,"trade":0,"nft":1,"gas":0.000241,"bal":0.000124,"days":1,"spread":0.032258,"streak":1,"rank_m":145429,"pct_m":0.154622,"gas_method":"exact"},"2023-09":{"txs":1,"uniq":1,"trade":0,"nft":0,"gas":0.000083,"bal":0.000833,"days":1,"spread":0.033333,"streak":1,"rank_m":122834,"pct_m":0.130598,"gas_method":"exact"},"2023-10":{"txs":0,"uniq":0,"trade":0,"nft":0,"gas":0,"bal":0.000833,"days":0,"spread":0,"streak":0,"rank_m":180747,"pct_m":0.192172},"2023-11":{"txs":0,"uniq":0,"trade":0,"nft":0,"gas":0,"bal":0.000833,"days":0,"spread":0,"streak":0,"rank_m":187042,"pct_m":0.198865},"2023-12":{"txs":0,"uniq":0,"trade":0,"nft":0,"gas":0,"bal":0.000833,"days":0,"spread":0,"streak":0,"rank_m":211115,"pct_m":0.22446},"2024-01":{"txs":0,"uniq":0,"trade":0,"nft":0,"gas":0,"bal":0.000833,"days":0,"spread":0,"streak":0,"rank_m":221837,"pct_m":0.23586},"2024-02":{"txs":3,"uniq":2,"trade":0,"nft":1,"gas":0.000039,"bal":0.004658,"days":2,"spread":0.068966,"streak":2,"rank_m":158952,"pct_m":0.169,"gas_method":"estimated"},"2024-03":{"txs":57,"uniq":32,"trade":2,"nft":19,"gas":0.001103,"bal":0.016947,"days":9,"spread":0.290323,"streak":3,"rank_m":28766,"pct_m":0.030583,"gas_method":"estimated"},"2024-04":{"txs":5,"uniq":4,"trade":0,"nft":1,"gas":0.000012,"bal":0.009342,"days":3,"spread":0.1,"streak":3,"rank_m":288834,"pct_m":0.307092,"gas_method":"estimated"},"2024-05":{"txs":11,"uniq":7,"trade":0,"nft":2,"gas":0.000009,"bal":0.0065,"days":4,"spread":0.129032,"streak":1,"rank_m":260336,"pct_m":0.276793,"gas_method":"estimated"},"2024-06":{"txs":19,"uniq":13,"trade":0,"nft":8,"gas":0.000001,"bal":0.010187,"days":6,"spread":0.2,"streak":1,"rank_m":126932,"pct_m":0.134955,"gas_method":"estimated"},"2024-07":{"txs":38,"uniq":21,"trade":0,"nft":8,"gas":0.000011,"bal":0.022254,"days":8,"spread":0.258065,"streak":3,"rank_m":21869,"pct_m":0.02325,"gas_method":"exact"},"2024-08":{"txs":13,"uniq":12,"trade":0,"nft":12,"gas":0.000002,"bal":0.029178,"days":7,"spread":0.225806,"streak":2,"rank_m":76973,"pct_m":0.081838,"gas_method":"exact"},"2024-09":{"txs":24,"uniq":8,"trade":1,"nft":1,"gas":0.000001,"bal":0.031161,"days":5,"spread":0.166667,"streak":1,"rank_m":58757,"pct_m":0.06247,"gas_method":"estimated"},"2024-10":{"txs":9,"uniq":5,"trade":0,"nft":5,"gas":0.000001,"bal":0.040542,"days":9,"spread":0.290323,"streak":6,"rank_m":92989,"pct_m":0.098867,"gas_method":"estimated"},"2024-11":{"txs":3,"uniq":3,"trade":0,"nft":1,"gas":0.000007,"bal":0.045155,"days":3,"spread":0.1,"streak":1,"rank_m":283452,"pct_m":0.30137,"gas_method":"exact"},"2024-12":{"txs":14,"uniq":9,"trade":4,"nft":0,"gas":0.000309,"bal":0.035022,"days":8,"spread":0.258065,"streak":4,"rank_m":113912,"pct_m":0.121112,"gas_method":"exact"},"2025-01":{"txs":7,"uniq":5,"trade":2,"nft":1,"gas":0.000182,"bal":0.020129,"days":5,"spread":0.16129,"streak":3,"rank_m":179127,"pct_m":0.19045,"gas_method":"exact"},"2025-02":{"txs":4,"uniq":4,"trade":1,"nft":0,"gas":0.000028,"bal":0.014189,"days":2,"spread":0.071429,"streak":1,"rank_m":252872,"pct_m":0.268857,"gas_method":"exact"},"2025-03":{"txs":7,"uniq":7,"trade":6,"nft":0,"gas":0.000055,"bal":0.01277,"days":3,"spread":0.096774,"streak":1,"rank_m":162965,"pct_m":0.173266,"gas_method":"exact"},"2025-04":{"txs":6,"uniq":6,"trade":5,"nft":0,"gas":0.000036,"bal":0.012305,"days":3,"spread":0.1,"streak":1,"rank_m":176651,"pct_m":0.187817,"gas_method":"exact"},"2025-05":{"txs":3,"uniq":3,"trade":0,"nft":0,"gas":0.000021,"bal":0.012232,"days":2,"spread":0.064516,"streak":1,"rank_m":220014,"pct_m":0.233922,"gas_method":"estimated"},"2025-06":{"txs":2,"uniq":2,"trade":0,"nft":0,"gas":0.000014,"bal":0.014551,"days":1,"spread":0.033333,"streak":1,"rank_m":288745,"pct_m":0.306998,"gas_method":"estimated"},"2025-07":{"txs":1,"uniq":0,"trade":0,"nft":0,"gas":0.000007,"bal":0.023213,"days":1,"spread":0.032258,"streak":1,"rank_m":335008,"pct_m":0.356185,"gas_method":"estimated"},"2025-08":{"txs":14,"uniq":5,"trade":0,"nft":0,"gas":0.000099,"bal":0.023477,"days":4,"spread":0.129032,"streak":1,"rank_m":160617,"pct_m":0.17077,"gas_method":"estimated"},"2025-09":{"txs":34,"uniq":9,"trade":0,"nft":0,"gas":0.000239,"bal":0.021615,"days":7,"spread":0.233333,"streak":3,"rank_m":64869,"pct_m":0.068969,"gas_method":"estimated"},"2025-10":{"txs":20,"uniq":3,"trade":0,"nft":0,"gas":0.000141,"bal":0.016065,"days":3,"spread":0.096774,"streak":1,"rank_m":95518,"pct_m":0.101555,"gas_method":"estimated"}}}