{"wallet":"0xcb39188a40e0b923ac16c14c4105670c594bbc4e","rank":42756,"lifetime":{"months_active":20,"first":"2023-07","last":"2025-10","tx_sum":2115,"uniq_sum":706,"trade_sum":19,"nft_sum":334,"gas_sum":0.00876,"avg_balance_eth_mean":0.001617,"streak_best_days":27,"gas_sum_filled":0.00876},"months":{"2023-07":{"txs":0,"uniq":0,"trade":0,"nft":0,"gas":0,"bal":0,"days":0,"spread":0,"streak":0,"rank_m":234804,"pct_m":0.249647},"2023-08":{"txs":0,"uniq":0,"trade":0,"nft":0,"gas":0,"bal":0,"days":0,"spread":0,"streak":0,"rank_m":325674,"pct_m":0.346261},"2023-09":{"txs":0,"uniq":0,"trade":0,"nft":0,"gas":0,"bal":0,"days":0,"spread":0,"streak":0,"rank_m":344265,"pct_m":0.366028},"2023-10":{"txs":0,"uniq":0,"trade":0,"nft":0,"gas":0,"bal":0,"days":0,"spread":0,"streak":0,"rank_m":362580,"pct_m":0.3855},"2023-11":{"txs":0,"uniq":0,"trade":0,"nft":0,"gas":0,"bal":0,"days":0,"spread":0,"streak":0,"rank_m":379203,"pct_m":0.403174},"2023-12":{"txs":0,"uniq":0,"trade":0,"nft":0,"gas":0,"bal":0,"days":0,"spread":0,"streak":0,"rank_m":400554,"pct_m":0.425875},"2024-01":{"txs":0,"uniq":0,"trade":0,"nft":0,"gas":0,"bal":0,"days":0,"spread":0,"streak":0,"rank_m":417817,"pct_m":0.444229},"2024-02":{"txs":0,"uniq":0,"trade":0,"nft":0,"gas":0,"bal":0,"days":0,"spread":0,"streak":0,"rank_m":461390,"pct_m":0.490557},"2024-03":{"txs":2,"uniq":1,"trade":0,"nft":0,"gas":0.000001,"bal":0.000726,"days":1,"spread":0.032258,"streak":1,"rank_m":345784,"pct_m":0.367643,"gas_method":"estimated"},"2024-04":{"txs":244,"uniq":88,"trade":1,"nft":58,"gas":0.001661,"bal":0.00269,"days":28,"spread":0.933333,"streak":26,"rank_m":22417,"pct_m":0.023833,"gas_method":"exact"},"2024-05":{"txs":126,"uniq":50,"trade":1,"nft":36,"gas":0.000002,"bal":0.002222,"days":22,"spread":0.709677,"streak":6,"rank_m":66886,"pct_m":0.071113,"gas_method":"estimated"},"2024-06":{"txs":141,"uniq":44,"trade":2,"nft":47,"gas":0.000009,"bal":0.003617,"days":25,"spread":0.833333,"streak":11,"rank_m":16671,"pct_m":0.017724,"gas_method":"exact"},"2024-07":{"txs":43,"uniq":18,"trade":0,"nft":24,"gas":0.000006,"bal":0.002785,"days":16,"spread":0.516129,"streak":4,"rank_m":38182,"pct_m":0.040595,"gas_method":"exact"},"2024-08":{"txs":83,"uniq":36,"trade":3,"nft":37,"gas":0.000005,"bal":0.008105,"days":21,"spread":0.677419,"streak":7,"rank_m":8537,"pct_m":0.009076,"gas_method":"exact"},"2024-09":{"txs":68,"uniq":29,"trade":0,"nft":32,"gas":0,"bal":0.006926,"days":19,"spread":0.633333,"streak":8,"rank_m":28943,"pct_m":0.030772,"gas_method":"estimated"},"2024-10":{"txs":370,"uniq":95,"trade":4,"nft":52,"gas":0.000009,"bal":0.009205,"days":24,"spread":0.774194,"streak":12,"rank_m":5798,"pct_m":0.006163,"gas_method":"exact"},"2024-11":{"txs":92,"uniq":34,"trade":0,"nft":8,"gas":0.000207,"bal":0.001061,"days":26,"spread":0.866667,"streak":11,"rank_m":53640,"pct_m":0.05703,"gas_method":"exact"},"2024-12":{"txs":163,"uniq":49,"trade":5,"nft":8,"gas":0.00355,"bal":0.000854,"days":29,"spread":0.935484,"streak":18,"rank_m":40190,"pct_m":0.04273,"gas_method":"exact"},"2025-01":{"txs":119,"uniq":40,"trade":0,"nft":12,"gas":0.000003,"bal":0.00143,"days":17,"spread":0.548387,"streak":3,"rank_m":133522,"pct_m":0.141962,"gas_method":"exact"},"2025-02":{"txs":66,"uniq":27,"trade":0,"nft":2,"gas":0.000415,"bal":0.000805,"days":13,"spread":0.464286,"streak":4,"rank_m":71297,"pct_m":0.075803,"gas_method":"exact"},"2025-03":{"txs":160,"uniq":55,"trade":0,"nft":4,"gas":0.000001,"bal":0.00106,"days":15,"spread":0.483871,"streak":3,"rank_m":126698,"pct_m":0.134707,"gas_method":"exact"},"2025-04":{"txs":144,"uniq":45,"trade":2,"nft":4,"gas":0.000821,"bal":0.002331,"days":18,"spread":0.6,"streak":14,"rank_m":16007,"pct_m":0.017018,"gas_method":"exact"},"2025-05":{"txs":70,"uniq":21,"trade":1,"nft":2,"gas":0.000493,"bal":0.000563,"days":12,"spread":0.387097,"streak":4,"rank_m":132216,"pct_m":0.140573,"gas_method":"estimated"},"2025-06":{"txs":1,"uniq":1,"trade":0,"nft":0,"gas":0.000007,"bal":0.0003,"days":1,"spread":0.033333,"streak":1,"rank_m":593800,"pct_m":0.631338,"gas_method":"estimated"},"2025-07":{"txs":25,"uniq":15,"trade":0,"nft":2,"gas":0.000176,"bal":0.000236,"days":7,"spread":0.225806,"streak":1,"rank_m":321354,"pct_m":0.341668,"gas_method":"estimated"},"2025-08":{"txs":106,"uniq":22,"trade":0,"nft":2,"gas":0.000746,"bal":0.000072,"days":9,"spread":0.290323,"streak":3,"rank_m":274169,"pct_m":0.2915,"gas_method":"estimated"},"2025-09":{"txs":75,"uniq":28,"trade":0,"nft":1,"gas":0.000528,"bal":0.000183,"days":16,"spread":0.533333,"streak":6,"rank_m":213772,"pct_m":0.227285,"gas_method":"estimated"},"2025-10":{"txs":17,"uniq":8,"trade":0,"nft":3,"gas":0.00012,"bal":0.000093,"days":6,"spread":0.193548,"streak":4,"rank_m":242583,"pct_m":0.257918,"gas_method":"estimated"}}}