{"wallet":"0xcb4d9629d3f6cc5c26dd1b6e56320602177a7a70","rank":263177,"lifetime":{"months_active":23,"first":"2023-07","last":"2025-10","tx_sum":221,"uniq_sum":120,"trade_sum":8,"nft_sum":43,"gas_sum":0.003252,"avg_balance_eth_mean":0.00076,"streak_best_days":5,"gas_sum_filled":0.003252},"months":{"2023-07":{"txs":0,"uniq":0,"trade":0,"nft":0,"gas":0,"bal":0,"days":0,"spread":0,"streak":0,"rank_m":234532,"pct_m":0.249358},"2023-08":{"txs":24,"uniq":12,"trade":0,"nft":5,"gas":0.001491,"bal":0.000026,"days":5,"spread":0.16129,"streak":2,"rank_m":75876,"pct_m":0.080672,"gas_method":"exact"},"2023-09":{"txs":1,"uniq":1,"trade":0,"nft":1,"gas":0.000023,"bal":0.000033,"days":1,"spread":0.033333,"streak":1,"rank_m":140984,"pct_m":0.149896,"gas_method":"estimated"},"2023-10":{"txs":0,"uniq":0,"trade":0,"nft":0,"gas":0,"bal":0.000033,"days":0,"spread":0,"streak":0,"rank_m":216278,"pct_m":0.22995},"2023-11":{"txs":0,"uniq":0,"trade":0,"nft":0,"gas":0,"bal":0.000033,"days":0,"spread":0,"streak":0,"rank_m":230066,"pct_m":0.244609},"2023-12":{"txs":5,"uniq":2,"trade":0,"nft":2,"gas":0.000098,"bal":0.001794,"days":2,"spread":0.064516,"streak":1,"rank_m":105294,"pct_m":0.111949,"gas_method":"estimated"},"2024-01":{"txs":0,"uniq":0,"trade":0,"nft":0,"gas":0,"bal":0.001794,"days":0,"spread":0,"streak":0,"rank_m":214815,"pct_m":0.228394},"2024-02":{"txs":2,"uniq":1,"trade":0,"nft":1,"gas":0.000021,"bal":0.000034,"days":1,"spread":0.034483,"streak":1,"rank_m":266666,"pct_m":0.283523,"gas_method":"estimated"},"2024-03":{"txs":13,"uniq":9,"trade":0,"nft":3,"gas":0.000201,"bal":0.00167,"days":1,"spread":0.032258,"streak":1,"rank_m":234503,"pct_m":0.249327,"gas_method":"estimated"},"2024-04":{"txs":5,"uniq":4,"trade":1,"nft":2,"gas":0.00001,"bal":0.005726,"days":4,"spread":0.133333,"streak":2,"rank_m":268215,"pct_m":0.28517,"gas_method":"estimated"},"2024-05":{"txs":1,"uniq":1,"trade":0,"nft":2,"gas":0.000001,"bal":0.000698,"days":1,"spread":0.032258,"streak":1,"rank_m":436844,"pct_m":0.464459,"gas_method":"estimated"},"2024-06":{"txs":20,"uniq":11,"trade":2,"nft":5,"gas":0,"bal":0.000651,"days":4,"spread":0.133333,"streak":3,"rank_m":215794,"pct_m":0.229435,"gas_method":"estimated"},"2024-07":{"txs":0,"uniq":0,"trade":0,"nft":0,"gas":0,"bal":0.000651,"days":0,"spread":0,"streak":0,"rank_m":550744,"pct_m":0.58556},"2024-08":{"txs":4,"uniq":4,"trade":0,"nft":4,"gas":0,"bal":0.000488,"days":1,"spread":0.032258,"streak":1,"rank_m":414789,"pct_m":0.44101,"gas_method":"estimated"},"2024-09":{"txs":5,"uniq":5,"trade":0,"nft":2,"gas":0,"bal":0.000574,"days":2,"spread":0.066667,"streak":1,"rank_m":341000,"pct_m":0.362556,"gas_method":"estimated"},"2024-10":{"txs":1,"uniq":1,"trade":0,"nft":1,"gas":0,"bal":0.000653,"days":1,"spread":0.032258,"streak":1,"rank_m":471896,"pct_m":0.501727,"gas_method":"estimated"},"2024-11":{"txs":1,"uniq":1,"trade":0,"nft":0,"gas":0.000002,"bal":0.00002,"days":1,"spread":0.033333,"streak":1,"rank_m":521270,"pct_m":0.554223,"gas_method":"exact"},"2024-12":{"txs":11,"uniq":7,"trade":1,"nft":0,"gas":0.00022,"bal":0.000169,"days":3,"spread":0.096774,"streak":1,"rank_m":363656,"pct_m":0.386644,"gas_method":"exact"},"2025-01":{"txs":19,"uniq":7,"trade":1,"nft":1,"gas":0.000494,"bal":0.000832,"days":7,"spread":0.225806,"streak":2,"rank_m":208443,"pct_m":0.221619,"gas_method":"exact"},"2025-02":{"txs":13,"uniq":8,"trade":1,"nft":0,"gas":0.000077,"bal":0.000448,"days":6,"spread":0.214286,"streak":2,"rank_m":203629,"pct_m":0.216501,"gas_method":"exact"},"2025-03":{"txs":3,"uniq":1,"trade":0,"nft":0,"gas":0.000016,"bal":0.00023,"days":2,"spread":0.064516,"streak":1,"rank_m":451239,"pct_m":0.479764,"gas_method":"exact"},"2025-04":{"txs":8,"uniq":7,"trade":0,"nft":1,"gas":0,"bal":0.001631,"days":7,"spread":0.233333,"streak":2,"rank_m":251383,"pct_m":0.267274,"gas_method":"exact"},"2025-05":{"txs":20,"uniq":9,"trade":1,"nft":0,"gas":0.000141,"bal":0.000091,"days":5,"spread":0.16129,"streak":3,"rank_m":297827,"pct_m":0.316654,"gas_method":"estimated"},"2025-06":{"txs":9,"uniq":7,"trade":0,"nft":0,"gas":0.000063,"bal":0.000795,"days":3,"spread":0.1,"streak":1,"rank_m":442391,"pct_m":0.470357,"gas_method":"estimated"},"2025-07":{"txs":1,"uniq":0,"trade":0,"nft":0,"gas":0.000007,"bal":0,"days":1,"spread":0.032258,"streak":1,"rank_m":786149,"pct_m":0.835847,"gas_method":"estimated"},"2025-08":{"txs":3,"uniq":2,"trade":0,"nft":0,"gas":0.000021,"bal":0.001316,"days":3,"spread":0.096774,"streak":2,"rank_m":418434,"pct_m":0.444885,"gas_method":"estimated"},"2025-09":{"txs":38,"uniq":17,"trade":0,"nft":2,"gas":0.000267,"bal":0.00075,"days":12,"spread":0.4,"streak":5,"rank_m":163067,"pct_m":0.173375,"gas_method":"estimated"},"2025-10":{"txs":14,"uniq":3,"trade":1,"nft":11,"gas":0.000099,"bal":0.000146,"days":2,"spread":0.064516,"streak":1,"rank_m":298996,"pct_m":0.317897,"gas_method":"estimated"}}}