{"wallet":"0xcbec41c5d563b291e5b71d247138090f75d252af","rank":147913,"lifetime":{"months_active":18,"first":"2023-07","last":"2025-10","tx_sum":245,"uniq_sum":125,"trade_sum":42,"nft_sum":29,"gas_sum":0.003048,"avg_balance_eth_mean":0.131657,"streak_best_days":1,"gas_sum_filled":0.003048},"months":{"2023-07":{"txs":0,"uniq":0,"trade":0,"nft":0,"gas":0,"bal":0,"days":0,"spread":0,"streak":0,"rank_m":232373,"pct_m":0.247062},"2023-08":{"txs":0,"uniq":0,"trade":0,"nft":0,"gas":0,"bal":0,"days":0,"spread":0,"streak":0,"rank_m":323540,"pct_m":0.343992},"2023-09":{"txs":0,"uniq":0,"trade":0,"nft":0,"gas":0,"bal":0,"days":0,"spread":0,"streak":0,"rank_m":341843,"pct_m":0.363453},"2023-10":{"txs":0,"uniq":0,"trade":0,"nft":0,"gas":0,"bal":0,"days":0,"spread":0,"streak":0,"rank_m":360146,"pct_m":0.382913},"2023-11":{"txs":0,"uniq":0,"trade":0,"nft":0,"gas":0,"bal":0,"days":0,"spread":0,"streak":0,"rank_m":376815,"pct_m":0.400635},"2023-12":{"txs":0,"uniq":0,"trade":0,"nft":0,"gas":0,"bal":0,"days":0,"spread":0,"streak":0,"rank_m":398290,"pct_m":0.423468},"2024-01":{"txs":0,"uniq":0,"trade":0,"nft":0,"gas":0,"bal":0,"days":0,"spread":0,"streak":0,"rank_m":415548,"pct_m":0.441817},"2024-02":{"txs":15,"uniq":8,"trade":2,"nft":2,"gas":0.000194,"bal":0.085767,"days":6,"spread":0.206897,"streak":1,"rank_m":37476,"pct_m":0.039844,"gas_method":"estimated"},"2024-03":{"txs":25,"uniq":15,"trade":12,"nft":5,"gas":0.001566,"bal":0.192978,"days":8,"spread":0.258065,"streak":1,"rank_m":34095,"pct_m":0.036249,"gas_method":"exact"},"2024-04":{"txs":16,"uniq":12,"trade":4,"nft":2,"gas":0.000038,"bal":0.193077,"days":7,"spread":0.233333,"streak":1,"rank_m":112671,"pct_m":0.119793,"gas_method":"estimated"},"2024-05":{"txs":27,"uniq":13,"trade":3,"nft":2,"gas":0.000021,"bal":0.126855,"days":6,"spread":0.193548,"streak":1,"rank_m":74862,"pct_m":0.079594,"gas_method":"estimated"},"2024-06":{"txs":25,"uniq":14,"trade":7,"nft":2,"gas":0.000003,"bal":0.165203,"days":7,"spread":0.233333,"streak":1,"rank_m":36927,"pct_m":0.03926,"gas_method":"exact"},"2024-07":{"txs":12,"uniq":7,"trade":0,"nft":2,"gas":0.000003,"bal":0.18921,"days":3,"spread":0.096774,"streak":1,"rank_m":122728,"pct_m":0.130486,"gas_method":"exact"},"2024-08":{"txs":11,"uniq":11,"trade":0,"nft":12,"gas":0.000001,"bal":0.187854,"days":3,"spread":0.096774,"streak":1,"rank_m":130389,"pct_m":0.138631,"gas_method":"estimated"},"2024-09":{"txs":0,"uniq":0,"trade":0,"nft":0,"gas":0,"bal":0.187854,"days":0,"spread":0,"streak":0,"rank_m":359408,"pct_m":0.382128},"2024-10":{"txs":0,"uniq":0,"trade":0,"nft":0,"gas":0,"bal":0.187854,"days":0,"spread":0,"streak":0,"rank_m":410638,"pct_m":0.436597},"2024-11":{"txs":0,"uniq":0,"trade":0,"nft":0,"gas":0,"bal":0.187854,"days":0,"spread":0,"streak":0,"rank_m":472996,"pct_m":0.502897},"2024-12":{"txs":13,"uniq":8,"trade":4,"nft":0,"gas":0.000287,"bal":0.187133,"days":4,"spread":0.129032,"streak":1,"rank_m":170316,"pct_m":0.181082,"gas_method":"exact"},"2025-01":{"txs":12,"uniq":6,"trade":4,"nft":0,"gas":0.000312,"bal":0.187115,"days":3,"spread":0.096774,"streak":1,"rank_m":165202,"pct_m":0.175645,"gas_method":"exact"},"2025-02":{"txs":8,"uniq":3,"trade":0,"nft":0,"gas":0.000056,"bal":0.152088,"days":3,"spread":0.107143,"streak":1,"rank_m":213943,"pct_m":0.227467,"gas_method":"exact"},"2025-03":{"txs":4,"uniq":2,"trade":0,"nft":1,"gas":0.000032,"bal":0.186699,"days":3,"spread":0.096774,"streak":1,"rank_m":217404,"pct_m":0.231147,"gas_method":"exact"},"2025-04":{"txs":6,"uniq":4,"trade":0,"nft":0,"gas":0.000036,"bal":0.186684,"days":2,"spread":0.066667,"streak":1,"rank_m":224525,"pct_m":0.238718,"gas_method":"exact"},"2025-05":{"txs":21,"uniq":5,"trade":2,"nft":0,"gas":0.000148,"bal":0.186478,"days":1,"spread":0.032258,"streak":1,"rank_m":71490,"pct_m":0.076008,"gas_method":"estimated"},"2025-06":{"txs":18,"uniq":3,"trade":0,"nft":0,"gas":0.000127,"bal":0.186324,"days":1,"spread":0.033333,"streak":1,"rank_m":148036,"pct_m":0.157393,"gas_method":"estimated"},"2025-07":{"txs":3,"uniq":2,"trade":0,"nft":1,"gas":0.000021,"bal":0.186233,"days":1,"spread":0.032258,"streak":1,"rank_m":208827,"pct_m":0.222028,"gas_method":"estimated"},"2025-08":{"txs":8,"uniq":3,"trade":0,"nft":0,"gas":0.000056,"bal":0.185859,"days":3,"spread":0.096774,"streak":1,"rank_m":147320,"pct_m":0.156632,"gas_method":"estimated"},"2025-09":{"txs":11,"uniq":6,"trade":0,"nft":0,"gas":0.000077,"bal":0.152689,"days":4,"spread":0.133333,"streak":1,"rank_m":102553,"pct_m":0.109035,"gas_method":"estimated"},"2025-10":{"txs":10,"uniq":3,"trade":4,"nft":0,"gas":0.00007,"bal":0.184589,"days":3,"spread":0.096774,"streak":1,"rank_m":41962,"pct_m":0.044614,"gas_method":"estimated"}}}