{"wallet":"0xcf05b5a52f6e7e8d404905e067c38c29a62b5053","rank":405171,"lifetime":{"months_active":19,"first":"2023-07","last":"2025-10","tx_sum":144,"uniq_sum":90,"trade_sum":5,"nft_sum":30,"gas_sum":0.001956,"avg_balance_eth_mean":0.004576,"streak_best_days":3,"gas_sum_filled":0.001956},"months":{"2023-07":{"txs":0,"uniq":0,"trade":0,"nft":0,"gas":0,"bal":0,"days":0,"spread":0,"streak":0,"rank_m":221572,"pct_m":0.235578},"2023-08":{"txs":8,"uniq":7,"trade":0,"nft":8,"gas":0.000233,"bal":0.003768,"days":2,"spread":0.064516,"streak":1,"rank_m":91876,"pct_m":0.097683,"gas_method":"exact"},"2023-09":{"txs":18,"uniq":14,"trade":0,"nft":9,"gas":0.000722,"bal":0.00701,"days":4,"spread":0.133333,"streak":1,"rank_m":29342,"pct_m":0.031196,"gas_method":"exact"},"2023-10":{"txs":7,"uniq":7,"trade":0,"nft":4,"gas":0.000108,"bal":0.006138,"days":2,"spread":0.064516,"streak":1,"rank_m":57021,"pct_m":0.060625,"gas_method":"estimated"},"2023-11":{"txs":11,"uniq":9,"trade":0,"nft":3,"gas":0.000294,"bal":0.003293,"days":2,"spread":0.066667,"streak":1,"rank_m":56719,"pct_m":0.060304,"gas_method":"estimated"},"2023-12":{"txs":2,"uniq":2,"trade":0,"nft":1,"gas":0.0001,"bal":0.004854,"days":1,"spread":0.032258,"streak":1,"rank_m":110587,"pct_m":0.117577,"gas_method":"estimated"},"2024-01":{"txs":0,"uniq":0,"trade":0,"nft":0,"gas":0,"bal":0.004854,"days":0,"spread":0,"streak":0,"rank_m":206499,"pct_m":0.219552},"2024-02":{"txs":3,"uniq":3,"trade":0,"nft":1,"gas":0.000079,"bal":0.003868,"days":1,"spread":0.034483,"streak":1,"rank_m":180612,"pct_m":0.192029,"gas_method":"estimated"},"2024-03":{"txs":3,"uniq":2,"trade":0,"nft":0,"gas":0.000119,"bal":0.002376,"days":1,"spread":0.032258,"streak":1,"rank_m":305790,"pct_m":0.32512,"gas_method":"estimated"},"2024-04":{"txs":13,"uniq":5,"trade":0,"nft":1,"gas":0.000063,"bal":0.002403,"days":4,"spread":0.133333,"streak":2,"rank_m":314347,"pct_m":0.334218,"gas_method":"estimated"},"2024-05":{"txs":13,"uniq":8,"trade":0,"nft":0,"gas":0.000021,"bal":0.004821,"days":4,"spread":0.129032,"streak":1,"rank_m":295277,"pct_m":0.313943,"gas_method":"estimated"},"2024-06":{"txs":3,"uniq":3,"trade":0,"nft":2,"gas":0,"bal":0.004296,"days":2,"spread":0.066667,"streak":1,"rank_m":341171,"pct_m":0.362738,"gas_method":"estimated"},"2024-07":{"txs":0,"uniq":0,"trade":0,"nft":0,"gas":0,"bal":0.004296,"days":0,"spread":0,"streak":0,"rank_m":496199,"pct_m":0.527567},"2024-08":{"txs":1,"uniq":1,"trade":0,"nft":0,"gas":0,"bal":0.004215,"days":1,"spread":0.032258,"streak":1,"rank_m":421797,"pct_m":0.448461,"gas_method":"estimated"},"2024-09":{"txs":1,"uniq":1,"trade":1,"nft":0,"gas":0,"bal":0.004167,"days":1,"spread":0.033333,"streak":1,"rank_m":302345,"pct_m":0.321458,"gas_method":"estimated"},"2024-10":{"txs":28,"uniq":7,"trade":4,"nft":1,"gas":0.000004,"bal":0.014371,"days":8,"spread":0.258065,"streak":3,"rank_m":68253,"pct_m":0.072567,"gas_method":"estimated"},"2024-11":{"txs":15,"uniq":12,"trade":0,"nft":0,"gas":0.000034,"bal":0.008141,"days":5,"spread":0.166667,"streak":1,"rank_m":204995,"pct_m":0.217953,"gas_method":"exact"},"2024-12":{"txs":5,"uniq":2,"trade":0,"nft":0,"gas":0.000066,"bal":0.00967,"days":2,"spread":0.064516,"streak":1,"rank_m":421868,"pct_m":0.448537,"gas_method":"exact"},"2025-01":{"txs":3,"uniq":2,"trade":0,"nft":0,"gas":0.000052,"bal":0.010073,"days":2,"spread":0.064516,"streak":1,"rank_m":414618,"pct_m":0.440828,"gas_method":"exact"},"2025-02":{"txs":0,"uniq":0,"trade":0,"nft":0,"gas":0,"bal":0.010073,"days":0,"spread":0,"streak":0,"rank_m":551427,"pct_m":0.586286},"2025-03":{"txs":0,"uniq":0,"trade":0,"nft":0,"gas":0,"bal":0.010073,"days":0,"spread":0,"streak":0,"rank_m":530253,"pct_m":0.563773},"2025-04":{"txs":3,"uniq":2,"trade":0,"nft":0,"gas":0.000012,"bal":0.0011,"days":1,"spread":0.033333,"streak":1,"rank_m":458854,"pct_m":0.487861,"gas_method":"exact"},"2025-05":{"txs":0,"uniq":0,"trade":0,"nft":0,"gas":0,"bal":0.0011,"days":0,"spread":0,"streak":0,"rank_m":649559,"pct_m":0.690622},"2025-06":{"txs":0,"uniq":0,"trade":0,"nft":0,"gas":0,"bal":0.0011,"days":0,"spread":0,"streak":0,"rank_m":652293,"pct_m":0.693529},"2025-07":{"txs":0,"uniq":0,"trade":0,"nft":0,"gas":0,"bal":0.0011,"days":0,"spread":0,"streak":0,"rank_m":669794,"pct_m":0.712136},"2025-08":{"txs":3,"uniq":1,"trade":0,"nft":0,"gas":0.000021,"bal":0.000563,"days":1,"spread":0.032258,"streak":1,"rank_m":533133,"pct_m":0.566835,"gas_method":"estimated"},"2025-09":{"txs":4,"uniq":2,"trade":0,"nft":0,"gas":0.000028,"bal":0.0002,"days":2,"spread":0.066667,"streak":1,"rank_m":548415,"pct_m":0.583084,"gas_method":"estimated"},"2025-10":{"txs":0,"uniq":0,"trade":0,"nft":0,"gas":0,"bal":0.0002,"days":0,"spread":0,"streak":0,"rank_m":682416,"pct_m":0.725556}}}