{"wallet":"0xcf90810d374af60cb22e51e46dd510fb8f42b042","rank":494892,"lifetime":{"months_active":18,"first":"2023-07","last":"2025-10","tx_sum":173,"uniq_sum":84,"trade_sum":0,"nft_sum":20,"gas_sum":0.001185,"avg_balance_eth_mean":0.003104,"streak_best_days":8,"gas_sum_filled":0.001185},"months":{"2023-07":{"txs":0,"uniq":0,"trade":0,"nft":0,"gas":0,"bal":0,"days":0,"spread":0,"streak":0,"rank_m":219731,"pct_m":0.233621},"2023-08":{"txs":0,"uniq":0,"trade":0,"nft":0,"gas":0,"bal":0,"days":0,"spread":0,"streak":0,"rank_m":312393,"pct_m":0.332141},"2023-09":{"txs":0,"uniq":0,"trade":0,"nft":0,"gas":0,"bal":0,"days":0,"spread":0,"streak":0,"rank_m":329120,"pct_m":0.349925},"2023-10":{"txs":0,"uniq":0,"trade":0,"nft":0,"gas":0,"bal":0,"days":0,"spread":0,"streak":0,"rank_m":347470,"pct_m":0.369435},"2023-11":{"txs":2,"uniq":1,"trade":0,"nft":0,"gas":0.000018,"bal":0.001987,"days":2,"spread":0.066667,"streak":1,"rank_m":124175,"pct_m":0.132024,"gas_method":"estimated"},"2023-12":{"txs":0,"uniq":0,"trade":0,"nft":0,"gas":0,"bal":0.001987,"days":0,"spread":0,"streak":0,"rank_m":203237,"pct_m":0.216084},"2024-01":{"txs":0,"uniq":0,"trade":0,"nft":0,"gas":0,"bal":0.001987,"days":0,"spread":0,"streak":0,"rank_m":212785,"pct_m":0.226236},"2024-02":{"txs":0,"uniq":0,"trade":0,"nft":0,"gas":0,"bal":0.001987,"days":0,"spread":0,"streak":0,"rank_m":285339,"pct_m":0.303376},"2024-03":{"txs":3,"uniq":2,"trade":0,"nft":0,"gas":0.00004,"bal":0.003031,"days":1,"spread":0.032258,"streak":1,"rank_m":298957,"pct_m":0.317855,"gas_method":"estimated"},"2024-04":{"txs":0,"uniq":0,"trade":0,"nft":0,"gas":0,"bal":0.003031,"days":0,"spread":0,"streak":0,"rank_m":457057,"pct_m":0.48595},"2024-05":{"txs":2,"uniq":2,"trade":0,"nft":1,"gas":0.000001,"bal":0.003274,"days":2,"spread":0.064516,"streak":1,"rank_m":386357,"pct_m":0.410781,"gas_method":"estimated"},"2024-06":{"txs":1,"uniq":1,"trade":0,"nft":1,"gas":0,"bal":0.003329,"days":1,"spread":0.033333,"streak":1,"rank_m":407111,"pct_m":0.432847,"gas_method":"estimated"},"2024-07":{"txs":0,"uniq":0,"trade":0,"nft":0,"gas":0,"bal":0.003329,"days":0,"spread":0,"streak":0,"rank_m":504989,"pct_m":0.536912},"2024-08":{"txs":13,"uniq":13,"trade":0,"nft":14,"gas":0.000001,"bal":0.003051,"days":3,"spread":0.096774,"streak":3,"rank_m":203016,"pct_m":0.215849,"gas_method":"estimated"},"2024-09":{"txs":3,"uniq":3,"trade":0,"nft":3,"gas":0.000001,"bal":0.003756,"days":2,"spread":0.066667,"streak":1,"rank_m":221204,"pct_m":0.235187,"gas_method":"exact"},"2024-10":{"txs":1,"uniq":1,"trade":0,"nft":1,"gas":0,"bal":0.007081,"days":1,"spread":0.032258,"streak":1,"rank_m":376868,"pct_m":0.400692,"gas_method":"estimated"},"2024-11":{"txs":1,"uniq":1,"trade":0,"nft":0,"gas":0.000002,"bal":0.008789,"days":1,"spread":0.033333,"streak":1,"rank_m":428643,"pct_m":0.45574,"gas_method":"exact"},"2024-12":{"txs":3,"uniq":2,"trade":0,"nft":0,"gas":0.000066,"bal":0.009419,"days":3,"spread":0.096774,"streak":1,"rank_m":420627,"pct_m":0.447217,"gas_method":"exact"},"2025-01":{"txs":3,"uniq":3,"trade":0,"nft":0,"gas":0.000078,"bal":0.007451,"days":3,"spread":0.096774,"streak":2,"rank_m":368327,"pct_m":0.391611,"gas_method":"exact"},"2025-02":{"txs":0,"uniq":0,"trade":0,"nft":0,"gas":0,"bal":0.007451,"days":0,"spread":0,"streak":0,"rank_m":565172,"pct_m":0.6009},"2025-03":{"txs":2,"uniq":2,"trade":0,"nft":0,"gas":0.000016,"bal":0.002408,"days":2,"spread":0.064516,"streak":1,"rank_m":390951,"pct_m":0.415665,"gas_method":"exact"},"2025-04":{"txs":3,"uniq":3,"trade":0,"nft":0,"gas":0.000006,"bal":0.00098,"days":3,"spread":0.1,"streak":1,"rank_m":428528,"pct_m":0.455618,"gas_method":"exact"},"2025-05":{"txs":5,"uniq":2,"trade":0,"nft":0,"gas":0.000035,"bal":0.000653,"days":4,"spread":0.129032,"streak":1,"rank_m":440849,"pct_m":0.468717,"gas_method":"estimated"},"2025-06":{"txs":3,"uniq":1,"trade":0,"nft":0,"gas":0.000021,"bal":0.000134,"days":2,"spread":0.066667,"streak":1,"rank_m":610243,"pct_m":0.64882,"gas_method":"estimated"},"2025-07":{"txs":31,"uniq":15,"trade":0,"nft":0,"gas":0.000218,"bal":0.001315,"days":13,"spread":0.419355,"streak":3,"rank_m":250397,"pct_m":0.266226,"gas_method":"estimated"},"2025-08":{"txs":34,"uniq":16,"trade":0,"nft":0,"gas":0.000239,"bal":0.00176,"days":16,"spread":0.516129,"streak":4,"rank_m":196948,"pct_m":0.209398,"gas_method":"estimated"},"2025-09":{"txs":25,"uniq":10,"trade":0,"nft":0,"gas":0.000176,"bal":0.002874,"days":12,"spread":0.4,"streak":4,"rank_m":192265,"pct_m":0.204419,"gas_method":"estimated"},"2025-10":{"txs":38,"uniq":6,"trade":0,"nft":0,"gas":0.000267,"bal":0.005856,"days":11,"spread":0.354839,"streak":8,"rank_m":79669,"pct_m":0.084704,"gas_method":"estimated"}}}