{"wallet":"0xcfa3a0f4e0499188b1ea6e60a84a0017f14a7274","rank":70805,"lifetime":{"months_active":17,"first":"2023-07","last":"2025-10","tx_sum":517,"uniq_sum":228,"trade_sum":3,"nft_sum":154,"gas_sum":0.004839,"avg_balance_eth_mean":0.021297,"streak_best_days":16,"gas_sum_filled":0.004839},"months":{"2023-07":{"txs":0,"uniq":0,"trade":0,"nft":0,"gas":0,"bal":0,"days":0,"spread":0,"streak":0,"rank_m":219478,"pct_m":0.233352},"2023-08":{"txs":58,"uniq":53,"trade":0,"nft":52,"gas":0.00225,"bal":0.001373,"days":12,"spread":0.387097,"streak":8,"rank_m":25394,"pct_m":0.026998,"gas_method":"exact"},"2023-09":{"txs":60,"uniq":54,"trade":1,"nft":54,"gas":0.00101,"bal":0.003772,"days":28,"spread":0.933333,"streak":16,"rank_m":7188,"pct_m":0.007641,"gas_method":"exact"},"2023-10":{"txs":14,"uniq":13,"trade":0,"nft":13,"gas":0.000028,"bal":0.010781,"days":12,"spread":0.387097,"streak":3,"rank_m":15499,"pct_m":0.016478,"gas_method":"exact"},"2023-11":{"txs":5,"uniq":4,"trade":0,"nft":2,"gas":0.0001,"bal":0.009653,"days":2,"spread":0.066667,"streak":1,"rank_m":56091,"pct_m":0.059636,"gas_method":"estimated"},"2023-12":{"txs":1,"uniq":1,"trade":0,"nft":1,"gas":0.000038,"bal":0.007124,"days":1,"spread":0.032258,"streak":1,"rank_m":114942,"pct_m":0.122207,"gas_method":"estimated"},"2024-01":{"txs":1,"uniq":1,"trade":0,"nft":2,"gas":0.000033,"bal":0.007758,"days":1,"spread":0.032258,"streak":1,"rank_m":110355,"pct_m":0.11733,"gas_method":"exact"},"2024-02":{"txs":8,"uniq":5,"trade":0,"nft":5,"gas":0.000158,"bal":0.02068,"days":2,"spread":0.068966,"streak":1,"rank_m":94733,"pct_m":0.100721,"gas_method":"estimated"},"2024-03":{"txs":0,"uniq":0,"trade":0,"nft":0,"gas":0,"bal":0.02068,"days":0,"spread":0,"streak":0,"rank_m":334540,"pct_m":0.355688},"2024-04":{"txs":0,"uniq":0,"trade":0,"nft":0,"gas":0,"bal":0.02068,"days":0,"spread":0,"streak":0,"rank_m":412908,"pct_m":0.43901},"2024-05":{"txs":97,"uniq":27,"trade":0,"nft":19,"gas":0.000118,"bal":0.026861,"days":8,"spread":0.258065,"streak":3,"rank_m":37909,"pct_m":0.040304,"gas_method":"estimated"},"2024-06":{"txs":5,"uniq":4,"trade":0,"nft":4,"gas":0,"bal":0.01693,"days":2,"spread":0.066667,"streak":1,"rank_m":234884,"pct_m":0.249732,"gas_method":"estimated"},"2024-07":{"txs":1,"uniq":0,"trade":0,"nft":0,"gas":0,"bal":0.016515,"days":1,"spread":0.032258,"streak":1,"rank_m":365629,"pct_m":0.388742,"gas_method":"estimated"},"2024-08":{"txs":0,"uniq":0,"trade":0,"nft":0,"gas":0,"bal":0.016515,"days":0,"spread":0,"streak":0,"rank_m":443473,"pct_m":0.471507},"2024-09":{"txs":105,"uniq":2,"trade":0,"nft":0,"gas":0.000007,"bal":0.299388,"days":4,"spread":0.133333,"streak":2,"rank_m":89232,"pct_m":0.094872,"gas_method":"estimated"},"2024-10":{"txs":6,"uniq":5,"trade":0,"nft":2,"gas":0,"bal":0.008338,"days":2,"spread":0.064516,"streak":1,"rank_m":231995,"pct_m":0.24666,"gas_method":"exact"},"2024-11":{"txs":57,"uniq":3,"trade":0,"nft":0,"gas":0.000007,"bal":0.097986,"days":6,"spread":0.2,"streak":2,"rank_m":195388,"pct_m":0.207739,"gas_method":"exact"},"2024-12":{"txs":17,"uniq":12,"trade":1,"nft":0,"gas":0.000375,"bal":0.010702,"days":1,"spread":0.032258,"streak":1,"rank_m":240936,"pct_m":0.256166,"gas_method":"exact"},"2025-01":{"txs":4,"uniq":0,"trade":0,"nft":0,"gas":0.000169,"bal":0.000044,"days":2,"spread":0.064516,"streak":1,"rank_m":608955,"pct_m":0.647451,"gas_method":"estimated"},"2025-02":{"txs":0,"uniq":0,"trade":0,"nft":0,"gas":0,"bal":0.000044,"days":0,"spread":0,"streak":0,"rank_m":733542,"pct_m":0.779914},"2025-03":{"txs":0,"uniq":0,"trade":0,"nft":0,"gas":0,"bal":0.000044,"days":0,"spread":0,"streak":0,"rank_m":748923,"pct_m":0.796267},"2025-04":{"txs":3,"uniq":3,"trade":1,"nft":0,"gas":0.000018,"bal":0.000071,"days":1,"spread":0.033333,"streak":1,"rank_m":446356,"pct_m":0.474573,"gas_method":"exact"},"2025-05":{"txs":0,"uniq":0,"trade":0,"nft":0,"gas":0,"bal":0.000071,"days":0,"spread":0,"streak":0,"rank_m":795120,"pct_m":0.845385},"2025-06":{"txs":0,"uniq":0,"trade":0,"nft":0,"gas":0,"bal":0.000071,"days":0,"spread":0,"streak":0,"rank_m":804789,"pct_m":0.855665},"2025-07":{"txs":75,"uniq":41,"trade":0,"nft":0,"gas":0.000528,"bal":0.00006,"days":4,"spread":0.129032,"streak":2,"rank_m":432967,"pct_m":0.460337,"gas_method":"estimated"},"2025-08":{"txs":0,"uniq":0,"trade":0,"nft":0,"gas":0,"bal":0.00006,"days":0,"spread":0,"streak":0,"rank_m":822080,"pct_m":0.874049},"2025-09":{"txs":0,"uniq":0,"trade":0,"nft":0,"gas":0,"bal":0.00006,"days":0,"spread":0,"streak":0,"rank_m":819368,"pct_m":0.871166},"2025-10":{"txs":0,"uniq":0,"trade":0,"nft":0,"gas":0,"bal":0.00006,"days":0,"spread":0,"streak":0,"rank_m":770304,"pct_m":0.819}}}