{"wallet":"0xcf0214540cee0bb4b10e7df66ce94074032a2ac4","rank":139694,"lifetime":{"months_active":21,"first":"2023-07","last":"2025-10","tx_sum":187,"uniq_sum":108,"trade_sum":19,"nft_sum":24,"gas_sum":0.003487,"avg_balance_eth_mean":0.011676,"streak_best_days":11,"gas_sum_filled":0.003487},"months":{"2023-07":{"txs":0,"uniq":0,"trade":0,"nft":0,"gas":0,"bal":0,"days":0,"spread":0,"streak":0,"rank_m":221623,"pct_m":0.235632},"2023-08":{"txs":0,"uniq":0,"trade":0,"nft":0,"gas":0,"bal":0,"days":0,"spread":0,"streak":0,"rank_m":314062,"pct_m":0.333915},"2023-09":{"txs":0,"uniq":0,"trade":0,"nft":0,"gas":0,"bal":0,"days":0,"spread":0,"streak":0,"rank_m":331026,"pct_m":0.351952},"2023-10":{"txs":20,"uniq":17,"trade":4,"nft":6,"gas":0.00076,"bal":0.005862,"days":3,"spread":0.096774,"streak":1,"rank_m":21175,"pct_m":0.022513,"gas_method":"exact"},"2023-11":{"txs":5,"uniq":3,"trade":0,"nft":1,"gas":0.000092,"bal":0.005441,"days":2,"spread":0.066667,"streak":1,"rank_m":72175,"pct_m":0.076737,"gas_method":"estimated"},"2023-12":{"txs":14,"uniq":8,"trade":0,"nft":1,"gas":0.000484,"bal":0.003445,"days":5,"spread":0.16129,"streak":2,"rank_m":49666,"pct_m":0.052805,"gas_method":"estimated"},"2024-01":{"txs":14,"uniq":1,"trade":0,"nft":0,"gas":0.000309,"bal":0.001604,"days":14,"spread":0.451613,"streak":7,"rank_m":66821,"pct_m":0.071044,"gas_method":"exact"},"2024-02":{"txs":30,"uniq":18,"trade":4,"nft":5,"gas":0.000315,"bal":0.004398,"days":12,"spread":0.413793,"streak":4,"rank_m":14495,"pct_m":0.01541,"gas_method":"exact"},"2024-03":{"txs":6,"uniq":5,"trade":0,"nft":3,"gas":0.000163,"bal":0.007884,"days":4,"spread":0.129032,"streak":1,"rank_m":188503,"pct_m":0.200419,"gas_method":"estimated"},"2024-04":{"txs":1,"uniq":1,"trade":0,"nft":1,"gas":0.000003,"bal":0.005695,"days":1,"spread":0.033333,"streak":1,"rank_m":380946,"pct_m":0.405028,"gas_method":"estimated"},"2024-05":{"txs":8,"uniq":5,"trade":0,"nft":3,"gas":0.000009,"bal":0.006685,"days":3,"spread":0.096774,"streak":1,"rank_m":281118,"pct_m":0.298889,"gas_method":"estimated"},"2024-06":{"txs":7,"uniq":5,"trade":0,"nft":3,"gas":0,"bal":0.011713,"days":2,"spread":0.066667,"streak":1,"rank_m":238470,"pct_m":0.253545,"gas_method":"estimated"},"2024-07":{"txs":5,"uniq":2,"trade":0,"nft":1,"gas":0.000001,"bal":0.009706,"days":2,"spread":0.064516,"streak":1,"rank_m":294824,"pct_m":0.313461,"gas_method":"estimated"},"2024-08":{"txs":0,"uniq":0,"trade":0,"nft":0,"gas":0,"bal":0.009706,"days":0,"spread":0,"streak":0,"rank_m":467781,"pct_m":0.497352},"2024-09":{"txs":0,"uniq":0,"trade":0,"nft":0,"gas":0,"bal":0.009706,"days":0,"spread":0,"streak":0,"rank_m":432337,"pct_m":0.459667},"2024-10":{"txs":5,"uniq":4,"trade":1,"nft":0,"gas":0,"bal":0.00665,"days":3,"spread":0.096774,"streak":1,"rank_m":246709,"pct_m":0.262304,"gas_method":"estimated"},"2024-11":{"txs":1,"uniq":1,"trade":1,"nft":0,"gas":0.000002,"bal":0.006365,"days":1,"spread":0.033333,"streak":1,"rank_m":376771,"pct_m":0.400589,"gas_method":"exact"},"2024-12":{"txs":5,"uniq":5,"trade":0,"nft":0,"gas":0.00011,"bal":0.005848,"days":3,"spread":0.096774,"streak":2,"rank_m":361789,"pct_m":0.384659,"gas_method":"exact"},"2025-01":{"txs":41,"uniq":13,"trade":0,"nft":0,"gas":0.001065,"bal":0.007373,"days":12,"spread":0.387097,"streak":5,"rank_m":75097,"pct_m":0.079843,"gas_method":"exact"},"2025-02":{"txs":12,"uniq":7,"trade":9,"nft":0,"gas":0.000084,"bal":0.020558,"days":5,"spread":0.178571,"streak":2,"rank_m":90202,"pct_m":0.095903,"gas_method":"exact"},"2025-03":{"txs":1,"uniq":1,"trade":0,"nft":0,"gas":0.000008,"bal":0.023835,"days":1,"spread":0.032258,"streak":1,"rank_m":371311,"pct_m":0.394783,"gas_method":"exact"},"2025-04":{"txs":2,"uniq":2,"trade":0,"nft":0,"gas":0.000012,"bal":0.024955,"days":2,"spread":0.066667,"streak":2,"rank_m":324002,"pct_m":0.344484,"gas_method":"exact"},"2025-05":{"txs":3,"uniq":3,"trade":0,"nft":0,"gas":0.000021,"bal":0.025269,"days":1,"spread":0.032258,"streak":1,"rank_m":194445,"pct_m":0.206736,"gas_method":"estimated"},"2025-06":{"txs":0,"uniq":0,"trade":0,"nft":0,"gas":0,"bal":0.025269,"days":0,"spread":0,"streak":0,"rank_m":394138,"pct_m":0.419054},"2025-07":{"txs":3,"uniq":3,"trade":0,"nft":0,"gas":0.000021,"bal":0.025239,"days":2,"spread":0.064516,"streak":1,"rank_m":248452,"pct_m":0.264158,"gas_method":"estimated"},"2025-08":{"txs":2,"uniq":2,"trade":0,"nft":0,"gas":0.000014,"bal":0.024564,"days":2,"spread":0.064516,"streak":1,"rank_m":245387,"pct_m":0.260899,"gas_method":"estimated"},"2025-09":{"txs":0,"uniq":0,"trade":0,"nft":0,"gas":0,"bal":0.024564,"days":0,"spread":0,"streak":0,"rank_m":391985,"pct_m":0.416764},"2025-10":{"txs":2,"uniq":2,"trade":0,"nft":0,"gas":0.000014,"bal":0.0246,"days":1,"spread":0.032258,"streak":1,"rank_m":144882,"pct_m":0.15404,"gas_method":"estimated"}}}