{"wallet":"0xcf75d9a681fe6219f04db5ca568a37f977ee63c3","rank":109056,"lifetime":{"months_active":11,"first":"2023-07","last":"2025-10","tx_sum":476,"uniq_sum":93,"trade_sum":29,"nft_sum":5,"gas_sum":0.004751,"avg_balance_eth_mean":0.08304,"streak_best_days":10,"gas_sum_filled":0.004751},"months":{"2023-07":{"txs":0,"uniq":0,"trade":0,"nft":0,"gas":0,"bal":0,"days":0,"spread":0,"streak":0,"rank_m":220111,"pct_m":0.234025},"2023-08":{"txs":0,"uniq":0,"trade":0,"nft":0,"gas":0,"bal":0,"days":0,"spread":0,"streak":0,"rank_m":312727,"pct_m":0.332496},"2023-09":{"txs":8,"uniq":2,"trade":0,"nft":0,"gas":0.000216,"bal":0.000705,"days":1,"spread":0.033333,"streak":1,"rank_m":122993,"pct_m":0.130767,"gas_method":"estimated"},"2023-10":{"txs":3,"uniq":2,"trade":0,"nft":0,"gas":0.000013,"bal":0.003365,"days":2,"spread":0.064516,"streak":1,"rank_m":88113,"pct_m":0.093682,"gas_method":"exact"},"2023-11":{"txs":0,"uniq":0,"trade":0,"nft":0,"gas":0,"bal":0.003365,"days":0,"spread":0,"streak":0,"rank_m":173191,"pct_m":0.184139},"2023-12":{"txs":4,"uniq":2,"trade":0,"nft":0,"gas":0.000092,"bal":0.00021,"days":1,"spread":0.032258,"streak":1,"rank_m":173540,"pct_m":0.18451,"gas_method":"estimated"},"2024-01":{"txs":0,"uniq":0,"trade":0,"nft":0,"gas":0,"bal":0.00021,"days":0,"spread":0,"streak":0,"rank_m":243917,"pct_m":0.259336},"2024-02":{"txs":12,"uniq":5,"trade":0,"nft":1,"gas":0.000146,"bal":0.001227,"days":3,"spread":0.103448,"streak":2,"rank_m":148692,"pct_m":0.158091,"gas_method":"estimated"},"2024-03":{"txs":208,"uniq":28,"trade":27,"nft":3,"gas":0.00138,"bal":0.399133,"days":15,"spread":0.483871,"streak":7,"rank_m":1235,"pct_m":0.001312,"gas_method":"exact"},"2024-04":{"txs":98,"uniq":13,"trade":0,"nft":1,"gas":0.00022,"bal":0.022021,"days":12,"spread":0.4,"streak":10,"rank_m":75812,"pct_m":0.080604,"gas_method":"estimated"},"2024-05":{"txs":20,"uniq":4,"trade":0,"nft":0,"gas":0.000015,"bal":0.005082,"days":6,"spread":0.193548,"streak":3,"rank_m":259887,"pct_m":0.276315,"gas_method":"estimated"},"2024-06":{"txs":3,"uniq":1,"trade":0,"nft":0,"gas":0,"bal":0.002278,"days":2,"spread":0.066667,"streak":1,"rank_m":422685,"pct_m":0.449405,"gas_method":"estimated"},"2024-07":{"txs":0,"uniq":0,"trade":0,"nft":0,"gas":0,"bal":0.002278,"days":0,"spread":0,"streak":0,"rank_m":516678,"pct_m":0.54934},"2024-08":{"txs":0,"uniq":0,"trade":0,"nft":0,"gas":0,"bal":0.002278,"days":0,"spread":0,"streak":0,"rank_m":528451,"pct_m":0.561857},"2024-09":{"txs":0,"uniq":0,"trade":0,"nft":0,"gas":0,"bal":0.002278,"days":0,"spread":0,"streak":0,"rank_m":502786,"pct_m":0.53457},"2024-10":{"txs":0,"uniq":0,"trade":0,"nft":0,"gas":0,"bal":0.002278,"days":0,"spread":0,"streak":0,"rank_m":551829,"pct_m":0.586713},"2024-11":{"txs":0,"uniq":0,"trade":0,"nft":0,"gas":0,"bal":0.002278,"days":0,"spread":0,"streak":0,"rank_m":561722,"pct_m":0.597232},"2024-12":{"txs":94,"uniq":24,"trade":0,"nft":0,"gas":0.002051,"bal":0.732891,"days":10,"spread":0.322581,"streak":9,"rank_m":26412,"pct_m":0.028081,"gas_method":"exact"},"2025-01":{"txs":23,"uniq":10,"trade":0,"nft":0,"gas":0.000597,"bal":0.132895,"days":7,"spread":0.225806,"streak":4,"rank_m":84209,"pct_m":0.089531,"gas_method":"exact"},"2025-02":{"txs":3,"uniq":2,"trade":2,"nft":0,"gas":0.000021,"bal":0.112262,"days":2,"spread":0.071429,"streak":1,"rank_m":254552,"pct_m":0.270643,"gas_method":"exact"},"2025-03":{"txs":0,"uniq":0,"trade":0,"nft":0,"gas":0,"bal":0.112262,"days":0,"spread":0,"streak":0,"rank_m":468993,"pct_m":0.498641},"2025-04":{"txs":0,"uniq":0,"trade":0,"nft":0,"gas":0,"bal":0.112262,"days":0,"spread":0,"streak":0,"rank_m":509644,"pct_m":0.541862},"2025-05":{"txs":0,"uniq":0,"trade":0,"nft":0,"gas":0,"bal":0.112262,"days":0,"spread":0,"streak":0,"rank_m":329938,"pct_m":0.350795},"2025-06":{"txs":0,"uniq":0,"trade":0,"nft":0,"gas":0,"bal":0.112262,"days":0,"spread":0,"streak":0,"rank_m":335343,"pct_m":0.356542},"2025-07":{"txs":0,"uniq":0,"trade":0,"nft":0,"gas":0,"bal":0.112262,"days":0,"spread":0,"streak":0,"rank_m":365829,"pct_m":0.388955},"2025-08":{"txs":0,"uniq":0,"trade":0,"nft":0,"gas":0,"bal":0.112262,"days":0,"spread":0,"streak":0,"rank_m":340966,"pct_m":0.36252},"2025-09":{"txs":0,"uniq":0,"trade":0,"nft":0,"gas":0,"bal":0.112262,"days":0,"spread":0,"streak":0,"rank_m":343935,"pct_m":0.365677},"2025-10":{"txs":0,"uniq":0,"trade":0,"nft":0,"gas":0,"bal":0.112262,"days":0,"spread":0,"streak":0,"rank_m":232903,"pct_m":0.247626}}}