{"wallet":"0xcfe41a2fb519cf76978367a8d93c504b5f1d1fde","rank":470814,"lifetime":{"months_active":7,"first":"2023-07","last":"2025-10","tx_sum":182,"uniq_sum":68,"trade_sum":4,"nft_sum":30,"gas_sum":0.00168,"avg_balance_eth_mean":0.013313,"streak_best_days":13,"gas_sum_filled":0.00168},"months":{"2023-07":{"txs":0,"uniq":0,"trade":0,"nft":0,"gas":0,"bal":0,"days":0,"spread":0,"streak":0,"rank_m":218561,"pct_m":0.232377},"2023-08":{"txs":1,"uniq":1,"trade":0,"nft":0,"gas":0.000091,"bal":0.001982,"days":1,"spread":0.032258,"streak":1,"rank_m":141108,"pct_m":0.150027,"gas_method":"exact"},"2023-09":{"txs":9,"uniq":5,"trade":4,"nft":1,"gas":0.000402,"bal":0.009644,"days":2,"spread":0.066667,"streak":1,"rank_m":41999,"pct_m":0.044653,"gas_method":"exact"},"2023-10":{"txs":0,"uniq":0,"trade":0,"nft":0,"gas":0,"bal":0.009644,"days":0,"spread":0,"streak":0,"rank_m":156303,"pct_m":0.166183},"2023-11":{"txs":0,"uniq":0,"trade":0,"nft":0,"gas":0,"bal":0.009644,"days":0,"spread":0,"streak":0,"rank_m":165806,"pct_m":0.176287},"2023-12":{"txs":0,"uniq":0,"trade":0,"nft":0,"gas":0,"bal":0.009644,"days":0,"spread":0,"streak":0,"rank_m":191380,"pct_m":0.203478},"2024-01":{"txs":0,"uniq":0,"trade":0,"nft":0,"gas":0,"bal":0.009644,"days":0,"spread":0,"streak":0,"rank_m":201040,"pct_m":0.213748},"2024-02":{"txs":3,"uniq":2,"trade":0,"nft":0,"gas":0.000352,"bal":0.009444,"days":1,"spread":0.034483,"streak":1,"rank_m":179532,"pct_m":0.190881,"gas_method":"estimated"},"2024-03":{"txs":0,"uniq":0,"trade":0,"nft":0,"gas":0,"bal":0.009444,"days":0,"spread":0,"streak":0,"rank_m":347471,"pct_m":0.369436},"2024-04":{"txs":0,"uniq":0,"trade":0,"nft":0,"gas":0,"bal":0.009444,"days":0,"spread":0,"streak":0,"rank_m":430183,"pct_m":0.457377},"2024-05":{"txs":0,"uniq":0,"trade":0,"nft":0,"gas":0,"bal":0.009444,"days":0,"spread":0,"streak":0,"rank_m":452973,"pct_m":0.481608},"2024-06":{"txs":0,"uniq":0,"trade":0,"nft":0,"gas":0,"bal":0.009444,"days":0,"spread":0,"streak":0,"rank_m":462776,"pct_m":0.492031},"2024-07":{"txs":26,"uniq":9,"trade":0,"nft":1,"gas":0.000028,"bal":0.011009,"days":5,"spread":0.16129,"streak":1,"rank_m":148614,"pct_m":0.158008,"gas_method":"estimated"},"2024-08":{"txs":32,"uniq":29,"trade":0,"nft":27,"gas":0.000026,"bal":0.017868,"days":2,"spread":0.064516,"streak":1,"rank_m":109115,"pct_m":0.116012,"gas_method":"estimated"},"2024-09":{"txs":0,"uniq":0,"trade":0,"nft":0,"gas":0,"bal":0.017868,"days":0,"spread":0,"streak":0,"rank_m":401775,"pct_m":0.427173},"2024-10":{"txs":0,"uniq":0,"trade":0,"nft":0,"gas":0,"bal":0.017868,"days":0,"spread":0,"streak":0,"rank_m":451994,"pct_m":0.480567},"2024-11":{"txs":0,"uniq":0,"trade":0,"nft":0,"gas":0,"bal":0.017868,"days":0,"spread":0,"streak":0,"rank_m":498712,"pct_m":0.530238},"2024-12":{"txs":0,"uniq":0,"trade":0,"nft":0,"gas":0,"bal":0.017868,"days":0,"spread":0,"streak":0,"rank_m":562169,"pct_m":0.597707},"2025-01":{"txs":0,"uniq":0,"trade":0,"nft":0,"gas":0,"bal":0.017868,"days":0,"spread":0,"streak":0,"rank_m":545309,"pct_m":0.579781},"2025-02":{"txs":0,"uniq":0,"trade":0,"nft":0,"gas":0,"bal":0.017868,"days":0,"spread":0,"streak":0,"rank_m":529167,"pct_m":0.562619},"2025-03":{"txs":0,"uniq":0,"trade":0,"nft":1,"gas":0,"bal":0.017868,"days":0,"spread":0,"streak":0,"rank_m":442999,"pct_m":0.471003},"2025-04":{"txs":0,"uniq":0,"trade":0,"nft":0,"gas":0,"bal":0.017868,"days":0,"spread":0,"streak":0,"rank_m":545900,"pct_m":0.58041},"2025-05":{"txs":0,"uniq":0,"trade":0,"nft":0,"gas":0,"bal":0.017868,"days":0,"spread":0,"streak":0,"rank_m":415419,"pct_m":0.44168},"2025-06":{"txs":0,"uniq":0,"trade":0,"nft":0,"gas":0,"bal":0.017868,"days":0,"spread":0,"streak":0,"rank_m":417044,"pct_m":0.443408},"2025-07":{"txs":0,"uniq":0,"trade":0,"nft":0,"gas":0,"bal":0.017868,"days":0,"spread":0,"streak":0,"rank_m":441280,"pct_m":0.469176},"2025-08":{"txs":0,"uniq":0,"trade":0,"nft":0,"gas":0,"bal":0.017868,"days":0,"spread":0,"streak":0,"rank_m":414049,"pct_m":0.440223},"2025-09":{"txs":77,"uniq":10,"trade":0,"nft":0,"gas":0.000542,"bal":0.016066,"days":15,"spread":0.5,"streak":13,"rank_m":33990,"pct_m":0.036138,"gas_method":"estimated"},"2025-10":{"txs":34,"uniq":12,"trade":0,"nft":0,"gas":0.000239,"bal":0.015977,"days":11,"spread":0.354839,"streak":5,"rank_m":28792,"pct_m":0.030611,"gas_method":"estimated"}}}