{"wallet":"0xcf3d9fd1633b81e4a550df0e027e8c45aad36a4d","rank":3625,"lifetime":{"months_active":23,"first":"2023-07","last":"2025-10","tx_sum":1613,"uniq_sum":725,"trade_sum":45,"nft_sum":519,"gas_sum":0.026739,"avg_balance_eth_mean":0.035203,"streak_best_days":68,"gas_sum_filled":0.026739},"months":{"2023-07":{"txs":0,"uniq":0,"trade":0,"nft":0,"gas":0,"bal":0,"days":0,"spread":0,"streak":0,"rank_m":220851,"pct_m":0.234812},"2023-08":{"txs":201,"uniq":89,"trade":0,"nft":77,"gas":0.020349,"bal":0.006176,"days":25,"spread":0.806452,"streak":16,"rank_m":4455,"pct_m":0.004736,"gas_method":"exact"},"2023-09":{"txs":56,"uniq":28,"trade":2,"nft":10,"gas":0.001776,"bal":0.16714,"days":14,"spread":0.466667,"streak":3,"rank_m":1944,"pct_m":0.002066,"gas_method":"exact"},"2023-10":{"txs":79,"uniq":33,"trade":0,"nft":10,"gas":0.000664,"bal":0.060733,"days":26,"spread":0.83871,"streak":9,"rank_m":827,"pct_m":0.000878,"gas_method":"exact"},"2023-11":{"txs":48,"uniq":22,"trade":0,"nft":4,"gas":0.000125,"bal":0.03974,"days":21,"spread":0.7,"streak":8,"rank_m":2214,"pct_m":0.002353,"gas_method":"exact"},"2023-12":{"txs":59,"uniq":33,"trade":0,"nft":37,"gas":0.000133,"bal":0.112324,"days":26,"spread":0.83871,"streak":14,"rank_m":776,"pct_m":0.000824,"gas_method":"exact"},"2024-01":{"txs":20,"uniq":14,"trade":0,"nft":12,"gas":0.000486,"bal":0.157562,"days":16,"spread":0.516129,"streak":8,"rank_m":3849,"pct_m":0.004091,"gas_method":"exact"},"2024-02":{"txs":65,"uniq":32,"trade":2,"nft":24,"gas":0.000089,"bal":0.134785,"days":17,"spread":0.586207,"streak":6,"rank_m":2369,"pct_m":0.002518,"gas_method":"exact"},"2024-03":{"txs":74,"uniq":29,"trade":0,"nft":22,"gas":0.001028,"bal":0.106195,"days":24,"spread":0.774194,"streak":19,"rank_m":4619,"pct_m":0.00491,"gas_method":"exact"},"2024-04":{"txs":139,"uniq":45,"trade":0,"nft":29,"gas":0.000147,"bal":0.046267,"days":30,"spread":1,"streak":30,"rank_m":5937,"pct_m":0.006311,"gas_method":"exact"},"2024-05":{"txs":104,"uniq":42,"trade":0,"nft":30,"gas":0.000066,"bal":0.005882,"days":25,"spread":0.806452,"streak":19,"rank_m":18459,"pct_m":0.019625,"gas_method":"exact"},"2024-06":{"txs":143,"uniq":68,"trade":0,"nft":46,"gas":0.000001,"bal":0.005551,"days":26,"spread":0.866667,"streak":12,"rank_m":17655,"pct_m":0.01877,"gas_method":"exact"},"2024-07":{"txs":107,"uniq":48,"trade":6,"nft":45,"gas":0.000017,"bal":0.006844,"days":19,"spread":0.612903,"streak":6,"rank_m":7848,"pct_m":0.008343,"gas_method":"exact"},"2024-08":{"txs":102,"uniq":60,"trade":3,"nft":63,"gas":0.000006,"bal":0.00965,"days":23,"spread":0.741935,"streak":5,"rank_m":5883,"pct_m":0.006254,"gas_method":"exact"},"2024-09":{"txs":64,"uniq":30,"trade":0,"nft":27,"gas":0.000001,"bal":0.026905,"days":14,"spread":0.466667,"streak":4,"rank_m":12921,"pct_m":0.013737,"gas_method":"estimated"},"2024-10":{"txs":166,"uniq":70,"trade":14,"nft":55,"gas":0.000003,"bal":0.032018,"days":28,"spread":0.903226,"streak":12,"rank_m":1933,"pct_m":0.002054,"gas_method":"exact"},"2024-11":{"txs":52,"uniq":24,"trade":10,"nft":7,"gas":0.000115,"bal":0.012079,"days":15,"spread":0.5,"streak":4,"rank_m":28451,"pct_m":0.030249,"gas_method":"exact"},"2024-12":{"txs":22,"uniq":12,"trade":0,"nft":0,"gas":0.000463,"bal":0.002689,"days":8,"spread":0.258065,"streak":3,"rank_m":196347,"pct_m":0.208759,"gas_method":"exact"},"2025-01":{"txs":28,"uniq":17,"trade":7,"nft":0,"gas":0.000727,"bal":0.004366,"days":3,"spread":0.096774,"streak":1,"rank_m":154008,"pct_m":0.163743,"gas_method":"exact"},"2025-02":{"txs":16,"uniq":10,"trade":1,"nft":0,"gas":0.000084,"bal":0.000415,"days":4,"spread":0.142857,"streak":3,"rank_m":195032,"pct_m":0.20736,"gas_method":"exact"},"2025-03":{"txs":5,"uniq":2,"trade":0,"nft":0,"gas":0.000024,"bal":0.001466,"days":2,"spread":0.064516,"streak":1,"rank_m":376115,"pct_m":0.399891,"gas_method":"exact"},"2025-04":{"txs":8,"uniq":6,"trade":0,"nft":1,"gas":0.000048,"bal":0.002065,"days":3,"spread":0.1,"streak":2,"rank_m":217897,"pct_m":0.231671,"gas_method":"exact"},"2025-05":{"txs":0,"uniq":0,"trade":0,"nft":0,"gas":0,"bal":0.002065,"days":0,"spread":0,"streak":0,"rank_m":602279,"pct_m":0.640353},"2025-06":{"txs":0,"uniq":0,"trade":0,"nft":0,"gas":0,"bal":0.002065,"days":0,"spread":0,"streak":0,"rank_m":608258,"pct_m":0.64671},"2025-07":{"txs":0,"uniq":0,"trade":0,"nft":0,"gas":0,"bal":0.002065,"days":0,"spread":0,"streak":0,"rank_m":625854,"pct_m":0.665418},"2025-08":{"txs":0,"uniq":0,"trade":0,"nft":0,"gas":0,"bal":0.002065,"days":0,"spread":0,"streak":0,"rank_m":604990,"pct_m":0.643235},"2025-09":{"txs":52,"uniq":9,"trade":0,"nft":20,"gas":0.000366,"bal":0.013619,"days":5,"spread":0.166667,"streak":2,"rank_m":60710,"pct_m":0.064547,"gas_method":"estimated"},"2025-10":{"txs":3,"uniq":2,"trade":0,"nft":0,"gas":0.000021,"bal":0.022951,"days":1,"spread":0.032258,"streak":1,"rank_m":143716,"pct_m":0.1528,"gas_method":"estimated"}}}