{"wallet":"0xcf1ad033f8faa273c28ed5d4caf2f4530a5c2e53","rank":204599,"lifetime":{"months_active":23,"first":"2023-07","last":"2025-10","tx_sum":248,"uniq_sum":112,"trade_sum":8,"nft_sum":33,"gas_sum":0.001669,"avg_balance_eth_mean":0.008274,"streak_best_days":5,"gas_sum_filled":0.001669},"months":{"2023-07":{"txs":0,"uniq":0,"trade":0,"nft":0,"gas":0,"bal":0,"days":0,"spread":0,"streak":0,"rank_m":221315,"pct_m":0.235305},"2023-08":{"txs":3,"uniq":2,"trade":0,"nft":0,"gas":0.000029,"bal":0.000074,"days":1,"spread":0.032258,"streak":1,"rank_m":150504,"pct_m":0.160017,"gas_method":"exact"},"2023-09":{"txs":1,"uniq":1,"trade":0,"nft":0,"gas":0.00003,"bal":0.010472,"days":1,"spread":0.033333,"streak":1,"rank_m":112020,"pct_m":0.119101,"gas_method":"estimated"},"2023-10":{"txs":1,"uniq":1,"trade":0,"nft":1,"gas":0.000008,"bal":0.007991,"days":1,"spread":0.032258,"streak":1,"rank_m":97094,"pct_m":0.103231,"gas_method":"estimated"},"2023-11":{"txs":0,"uniq":0,"trade":0,"nft":0,"gas":0,"bal":0.007991,"days":0,"spread":0,"streak":0,"rank_m":167541,"pct_m":0.178132},"2023-12":{"txs":2,"uniq":2,"trade":0,"nft":2,"gas":0.000052,"bal":0.007848,"days":2,"spread":0.064516,"streak":1,"rank_m":84229,"pct_m":0.089553,"gas_method":"estimated"},"2024-01":{"txs":1,"uniq":1,"trade":1,"nft":0,"gas":0.000024,"bal":0.006853,"days":1,"spread":0.032258,"streak":1,"rank_m":111958,"pct_m":0.119035,"gas_method":"estimated"},"2024-02":{"txs":2,"uniq":2,"trade":0,"nft":2,"gas":0.000027,"bal":0.002987,"days":2,"spread":0.068966,"streak":1,"rank_m":177173,"pct_m":0.188372,"gas_method":"estimated"},"2024-03":{"txs":2,"uniq":2,"trade":0,"nft":0,"gas":0.000041,"bal":0.001287,"days":1,"spread":0.032258,"streak":1,"rank_m":326312,"pct_m":0.34694,"gas_method":"estimated"},"2024-04":{"txs":71,"uniq":24,"trade":0,"nft":17,"gas":0.000179,"bal":0.003654,"days":7,"spread":0.233333,"streak":5,"rank_m":118503,"pct_m":0.125993,"gas_method":"estimated"},"2024-05":{"txs":1,"uniq":1,"trade":0,"nft":1,"gas":0.000001,"bal":0.004278,"days":1,"spread":0.032258,"streak":1,"rank_m":401901,"pct_m":0.427307,"gas_method":"estimated"},"2024-06":{"txs":3,"uniq":3,"trade":0,"nft":2,"gas":0,"bal":0.003856,"days":2,"spread":0.066667,"streak":1,"rank_m":345968,"pct_m":0.367838,"gas_method":"estimated"},"2024-07":{"txs":2,"uniq":2,"trade":0,"nft":2,"gas":0,"bal":0.005967,"days":2,"spread":0.064516,"streak":1,"rank_m":323944,"pct_m":0.344422,"gas_method":"estimated"},"2024-08":{"txs":0,"uniq":0,"trade":0,"nft":0,"gas":0,"bal":0.005967,"days":0,"spread":0,"streak":0,"rank_m":489799,"pct_m":0.520762},"2024-09":{"txs":3,"uniq":2,"trade":0,"nft":1,"gas":0,"bal":0.015528,"days":3,"spread":0.1,"streak":1,"rank_m":224931,"pct_m":0.23915,"gas_method":"estimated"},"2024-10":{"txs":2,"uniq":2,"trade":0,"nft":3,"gas":0,"bal":0.010726,"days":2,"spread":0.064516,"streak":1,"rank_m":295471,"pct_m":0.314149,"gas_method":"estimated"},"2024-11":{"txs":9,"uniq":6,"trade":0,"nft":1,"gas":0.000018,"bal":0.010466,"days":4,"spread":0.133333,"streak":2,"rank_m":216837,"pct_m":0.230544,"gas_method":"exact"},"2024-12":{"txs":17,"uniq":14,"trade":0,"nft":0,"gas":0.000375,"bal":0.009646,"days":6,"spread":0.193548,"streak":2,"rank_m":189183,"pct_m":0.201142,"gas_method":"exact"},"2025-01":{"txs":0,"uniq":0,"trade":0,"nft":0,"gas":0,"bal":0.009646,"days":0,"spread":0,"streak":0,"rank_m":563310,"pct_m":0.59892},"2025-02":{"txs":0,"uniq":0,"trade":0,"nft":0,"gas":0,"bal":0.009646,"days":0,"spread":0,"streak":0,"rank_m":553574,"pct_m":0.588569},"2025-03":{"txs":9,"uniq":4,"trade":4,"nft":0,"gas":0.000071,"bal":0.008975,"days":4,"spread":0.129032,"streak":1,"rank_m":173806,"pct_m":0.184793,"gas_method":"exact"},"2025-04":{"txs":23,"uniq":12,"trade":2,"nft":0,"gas":0.000139,"bal":0.004891,"days":7,"spread":0.233333,"streak":3,"rank_m":59634,"pct_m":0.063403,"gas_method":"exact"},"2025-05":{"txs":25,"uniq":10,"trade":0,"nft":0,"gas":0.000176,"bal":0.006371,"days":7,"spread":0.225806,"streak":2,"rank_m":110104,"pct_m":0.117063,"gas_method":"estimated"},"2025-06":{"txs":28,"uniq":6,"trade":1,"nft":0,"gas":0.000197,"bal":0.00404,"days":6,"spread":0.2,"streak":2,"rank_m":186166,"pct_m":0.197934,"gas_method":"estimated"},"2025-07":{"txs":7,"uniq":3,"trade":0,"nft":1,"gas":0.000049,"bal":0.005228,"days":5,"spread":0.16129,"streak":2,"rank_m":256098,"pct_m":0.272287,"gas_method":"estimated"},"2025-08":{"txs":23,"uniq":7,"trade":0,"nft":0,"gas":0.000162,"bal":0.016999,"days":4,"spread":0.129032,"streak":2,"rank_m":129522,"pct_m":0.137709,"gas_method":"estimated"},"2025-09":{"txs":6,"uniq":3,"trade":0,"nft":0,"gas":0.000042,"bal":0.024746,"days":3,"spread":0.1,"streak":2,"rank_m":185563,"pct_m":0.197293,"gas_method":"estimated"},"2025-10":{"txs":7,"uniq":2,"trade":0,"nft":0,"gas":0.000049,"bal":0.025532,"days":6,"spread":0.193548,"streak":4,"rank_m":67860,"pct_m":0.072149,"gas_method":"estimated"}}}