{"wallet":"0xcf0a76f6209b8d81f63d093b79566f8b04688e7c","rank":12958,"lifetime":{"months_active":25,"first":"2023-07","last":"2025-10","tx_sum":932,"uniq_sum":416,"trade_sum":43,"nft_sum":172,"gas_sum":0.008198,"avg_balance_eth_mean":0.016582,"streak_best_days":19,"gas_sum_filled":0.008198},"months":{"2023-07":{"txs":0,"uniq":0,"trade":0,"nft":0,"gas":0,"bal":0,"days":0,"spread":0,"streak":0,"rank_m":221515,"pct_m":0.235518},"2023-08":{"txs":24,"uniq":19,"trade":0,"nft":18,"gas":0.002832,"bal":0.003689,"days":9,"spread":0.290323,"streak":3,"rank_m":35131,"pct_m":0.037351,"gas_method":"exact"},"2023-09":{"txs":2,"uniq":2,"trade":0,"nft":4,"gas":0.000034,"bal":0.004519,"days":2,"spread":0.066667,"streak":2,"rank_m":78955,"pct_m":0.083945,"gas_method":"estimated"},"2023-10":{"txs":1,"uniq":1,"trade":0,"nft":0,"gas":0.000004,"bal":0.003321,"days":1,"spread":0.032258,"streak":1,"rank_m":122682,"pct_m":0.130437,"gas_method":"estimated"},"2023-11":{"txs":2,"uniq":2,"trade":0,"nft":1,"gas":0.000171,"bal":0.002363,"days":1,"spread":0.033333,"streak":1,"rank_m":83785,"pct_m":0.089081,"gas_method":"exact"},"2023-12":{"txs":0,"uniq":0,"trade":0,"nft":0,"gas":0,"bal":0.002363,"days":0,"spread":0,"streak":0,"rank_m":202167,"pct_m":0.214947},"2024-01":{"txs":0,"uniq":0,"trade":0,"nft":0,"gas":0,"bal":0.002363,"days":0,"spread":0,"streak":0,"rank_m":211667,"pct_m":0.225047},"2024-02":{"txs":32,"uniq":14,"trade":0,"nft":8,"gas":0.000244,"bal":0.00841,"days":10,"spread":0.344828,"streak":6,"rank_m":25329,"pct_m":0.026929,"gas_method":"estimated"},"2024-03":{"txs":70,"uniq":27,"trade":8,"nft":14,"gas":0.000461,"bal":0.043677,"days":18,"spread":0.580645,"streak":4,"rank_m":6212,"pct_m":0.006604,"gas_method":"exact"},"2024-04":{"txs":45,"uniq":24,"trade":4,"nft":16,"gas":0.000072,"bal":0.088192,"days":16,"spread":0.533333,"streak":4,"rank_m":27078,"pct_m":0.028789,"gas_method":"exact"},"2024-05":{"txs":28,"uniq":17,"trade":0,"nft":10,"gas":0.000013,"bal":0.044957,"days":13,"spread":0.419355,"streak":3,"rank_m":49049,"pct_m":0.052149,"gas_method":"estimated"},"2024-06":{"txs":27,"uniq":17,"trade":0,"nft":12,"gas":0.000001,"bal":0.015463,"days":14,"spread":0.466667,"streak":4,"rank_m":33918,"pct_m":0.036061,"gas_method":"exact"},"2024-07":{"txs":25,"uniq":10,"trade":0,"nft":11,"gas":0.000008,"bal":0.034178,"days":12,"spread":0.387097,"streak":4,"rank_m":25157,"pct_m":0.026746,"gas_method":"exact"},"2024-08":{"txs":24,"uniq":14,"trade":0,"nft":12,"gas":0.000001,"bal":0.006597,"days":15,"spread":0.483871,"streak":2,"rank_m":71298,"pct_m":0.075804,"gas_method":"exact"},"2024-09":{"txs":25,"uniq":14,"trade":2,"nft":15,"gas":0.000001,"bal":0.005971,"days":12,"spread":0.4,"streak":7,"rank_m":48601,"pct_m":0.051672,"gas_method":"estimated"},"2024-10":{"txs":68,"uniq":39,"trade":10,"nft":32,"gas":0.000011,"bal":0.013686,"days":21,"spread":0.677419,"streak":7,"rank_m":7384,"pct_m":0.00785,"gas_method":"exact"},"2024-11":{"txs":53,"uniq":30,"trade":2,"nft":4,"gas":0.00012,"bal":0.015574,"days":19,"spread":0.633333,"streak":4,"rank_m":23982,"pct_m":0.025497,"gas_method":"exact"},"2024-12":{"txs":39,"uniq":26,"trade":1,"nft":1,"gas":0.000816,"bal":0.019411,"days":17,"spread":0.548387,"streak":8,"rank_m":36027,"pct_m":0.038303,"gas_method":"exact"},"2025-01":{"txs":28,"uniq":11,"trade":0,"nft":1,"gas":0.000675,"bal":0.01305,"days":13,"spread":0.419355,"streak":4,"rank_m":68911,"pct_m":0.073266,"gas_method":"exact"},"2025-02":{"txs":58,"uniq":22,"trade":4,"nft":0,"gas":0.00038,"bal":0.006683,"days":14,"spread":0.5,"streak":3,"rank_m":26277,"pct_m":0.027937,"gas_method":"exact"},"2025-03":{"txs":80,"uniq":19,"trade":3,"nft":2,"gas":0.000632,"bal":0.011565,"days":26,"spread":0.83871,"streak":19,"rank_m":10736,"pct_m":0.011414,"gas_method":"exact"},"2025-04":{"txs":57,"uniq":24,"trade":1,"nft":0,"gas":0.000005,"bal":0.024358,"days":19,"spread":0.633333,"streak":7,"rank_m":34602,"pct_m":0.036788,"gas_method":"exact"},"2025-05":{"txs":51,"uniq":16,"trade":0,"nft":2,"gas":0.000359,"bal":0.018658,"days":17,"spread":0.548387,"streak":3,"rank_m":24356,"pct_m":0.025895,"gas_method":"estimated"},"2025-06":{"txs":44,"uniq":11,"trade":3,"nft":1,"gas":0.00031,"bal":0.015282,"days":17,"spread":0.566667,"streak":4,"rank_m":30680,"pct_m":0.032618,"gas_method":"estimated"},"2025-07":{"txs":51,"uniq":14,"trade":3,"nft":4,"gas":0.000359,"bal":0.013116,"days":19,"spread":0.612903,"streak":11,"rank_m":19838,"pct_m":0.021091,"gas_method":"estimated"},"2025-08":{"txs":13,"uniq":7,"trade":2,"nft":0,"gas":0.000091,"bal":0.016418,"days":5,"spread":0.16129,"streak":3,"rank_m":84538,"pct_m":0.089881,"gas_method":"estimated"},"2025-09":{"txs":58,"uniq":26,"trade":0,"nft":2,"gas":0.000408,"bal":0.008639,"days":14,"spread":0.466667,"streak":5,"rank_m":33570,"pct_m":0.035691,"gas_method":"estimated"},"2025-10":{"txs":27,"uniq":10,"trade":0,"nft":2,"gas":0.00019,"bal":0.021788,"days":10,"spread":0.322581,"streak":7,"rank_m":15582,"pct_m":0.016566,"gas_method":"estimated"}}}