{"wallet":"0xcf62090aa5dc0cb09d8920da5bae62b60bb21bc8","rank":252857,"lifetime":{"months_active":22,"first":"2023-07","last":"2025-10","tx_sum":429,"uniq_sum":181,"trade_sum":2,"nft_sum":111,"gas_sum":0.002822,"avg_balance_eth_mean":0.001277,"streak_best_days":0,"gas_sum_filled":0.002822},"months":{"2023-07":{"txs":0,"uniq":0,"trade":0,"nft":0,"gas":0,"bal":0,"days":0,"spread":0,"streak":0,"rank_m":220370,"pct_m":0.2343},"2023-08":{"txs":5,"uniq":5,"trade":0,"nft":2,"gas":0.000719,"bal":0.000586,"days":3,"spread":0.096774,"streak":0,"rank_m":134735,"pct_m":0.143252,"gas_method":"exact"},"2023-09":{"txs":10,"uniq":6,"trade":0,"nft":0,"gas":0.000046,"bal":0.000875,"days":3,"spread":0.1,"streak":0,"rank_m":113799,"pct_m":0.120992,"gas_method":"exact"},"2023-10":{"txs":0,"uniq":0,"trade":0,"nft":0,"gas":0,"bal":0.000875,"days":0,"spread":0,"streak":0,"rank_m":174852,"pct_m":0.185905},"2023-11":{"txs":0,"uniq":0,"trade":0,"nft":0,"gas":0,"bal":0.000875,"days":0,"spread":0,"streak":0,"rank_m":182334,"pct_m":0.19386},"2023-12":{"txs":3,"uniq":2,"trade":0,"nft":1,"gas":0.000073,"bal":0.000673,"days":2,"spread":0.064516,"streak":0,"rank_m":172645,"pct_m":0.183558,"gas_method":"estimated"},"2024-01":{"txs":0,"uniq":0,"trade":0,"nft":0,"gas":0,"bal":0.000673,"days":0,"spread":0,"streak":0,"rank_m":222471,"pct_m":0.236534},"2024-02":{"txs":1,"uniq":1,"trade":0,"nft":1,"gas":0.000013,"bal":0.000103,"days":1,"spread":0.034483,"streak":0,"rank_m":284808,"pct_m":0.302812,"gas_method":"estimated"},"2024-03":{"txs":1,"uniq":1,"trade":0,"nft":1,"gas":0.000019,"bal":0.000042,"days":1,"spread":0.032258,"streak":0,"rank_m":381025,"pct_m":0.405112,"gas_method":"estimated"},"2024-04":{"txs":90,"uniq":37,"trade":1,"nft":20,"gas":0.000214,"bal":0.004115,"days":18,"spread":0.6,"streak":0,"rank_m":126805,"pct_m":0.13482,"gas_method":"estimated"},"2024-05":{"txs":9,"uniq":5,"trade":0,"nft":3,"gas":0.00007,"bal":0.003459,"days":4,"spread":0.129032,"streak":0,"rank_m":279874,"pct_m":0.297566,"gas_method":"exact"},"2024-06":{"txs":2,"uniq":2,"trade":0,"nft":1,"gas":0,"bal":0.002768,"days":2,"spread":0.066667,"streak":0,"rank_m":427271,"pct_m":0.454281,"gas_method":"estimated"},"2024-07":{"txs":28,"uniq":21,"trade":0,"nft":23,"gas":0.000003,"bal":0.001615,"days":7,"spread":0.225806,"streak":0,"rank_m":200809,"pct_m":0.213503,"gas_method":"estimated"},"2024-08":{"txs":51,"uniq":49,"trade":0,"nft":47,"gas":0.000004,"bal":0.001855,"days":14,"spread":0.451613,"streak":0,"rank_m":156370,"pct_m":0.166254,"gas_method":"estimated"},"2024-09":{"txs":8,"uniq":7,"trade":0,"nft":6,"gas":0.000001,"bal":0.001301,"days":6,"spread":0.2,"streak":0,"rank_m":197509,"pct_m":0.209994,"gas_method":"exact"},"2024-10":{"txs":27,"uniq":10,"trade":0,"nft":5,"gas":0.000002,"bal":0.002532,"days":6,"spread":0.193548,"streak":0,"rank_m":236575,"pct_m":0.25153,"gas_method":"estimated"},"2024-11":{"txs":14,"uniq":6,"trade":1,"nft":0,"gas":0.000016,"bal":0.007505,"days":4,"spread":0.133333,"streak":0,"rank_m":263331,"pct_m":0.279977,"gas_method":"exact"},"2024-12":{"txs":13,"uniq":8,"trade":0,"nft":0,"gas":0.00022,"bal":0.005856,"days":4,"spread":0.129032,"streak":0,"rank_m":340157,"pct_m":0.36166,"gas_method":"exact"},"2025-01":{"txs":13,"uniq":10,"trade":0,"nft":0,"gas":0.000338,"bal":0.000048,"days":4,"spread":0.129032,"streak":0,"rank_m":394241,"pct_m":0.419163,"gas_method":"exact"},"2025-02":{"txs":14,"uniq":8,"trade":0,"nft":0,"gas":0.000099,"bal":0,"days":6,"spread":0.214286,"streak":0,"rank_m":343263,"pct_m":0.364962,"gas_method":"exact"},"2025-03":{"txs":0,"uniq":0,"trade":0,"nft":0,"gas":0,"bal":0,"days":0,"spread":0,"streak":0,"rank_m":802854,"pct_m":0.853608},"2025-04":{"txs":0,"uniq":0,"trade":0,"nft":0,"gas":0,"bal":0,"days":0,"spread":0,"streak":0,"rank_m":836064,"pct_m":0.888917},"2025-05":{"txs":1,"uniq":1,"trade":0,"nft":0,"gas":0.000007,"bal":0,"days":1,"spread":0.032258,"streak":0,"rank_m":743704,"pct_m":0.790718,"gas_method":"estimated"},"2025-06":{"txs":1,"uniq":0,"trade":0,"nft":0,"gas":0.000007,"bal":0,"days":1,"spread":0.033333,"streak":0,"rank_m":790088,"pct_m":0.840035,"gas_method":"estimated"},"2025-07":{"txs":2,"uniq":0,"trade":0,"nft":0,"gas":0.000014,"bal":0,"days":2,"spread":0.064516,"streak":0,"rank_m":797770,"pct_m":0.848202,"gas_method":"estimated"},"2025-08":{"txs":20,"uniq":0,"trade":0,"nft":1,"gas":0.000141,"bal":0,"days":6,"spread":0.193548,"streak":0,"rank_m":559405,"pct_m":0.594768,"gas_method":"estimated"},"2025-09":{"txs":104,"uniq":2,"trade":0,"nft":0,"gas":0.000732,"bal":0,"days":5,"spread":0.166667,"streak":0,"rank_m":608562,"pct_m":0.647033,"gas_method":"estimated"},"2025-10":{"txs":12,"uniq":0,"trade":0,"nft":0,"gas":0.000084,"bal":0,"days":5,"spread":0.16129,"streak":0,"rank_m":658073,"pct_m":0.699674,"gas_method":"estimated"}}}