{"wallet":"0xcf32c63297fcd955f4b623867f41b6df8145e595","rank":204354,"lifetime":{"months_active":19,"first":"2023-07","last":"2025-10","tx_sum":382,"uniq_sum":142,"trade_sum":9,"nft_sum":58,"gas_sum":0.001541,"avg_balance_eth_mean":0.000959,"streak_best_days":15,"gas_sum_filled":0.001541},"months":{"2023-07":{"txs":3,"uniq":2,"trade":0,"nft":1,"gas":0.000048,"bal":0.000005,"days":1,"spread":0.032258,"streak":1,"rank_m":42510,"pct_m":0.045196,"gas_method":"estimated"},"2023-08":{"txs":0,"uniq":2,"trade":0,"nft":0,"gas":0.000316,"bal":0.000012,"days":0,"spread":0,"streak":0,"rank_m":192975,"pct_m":0.205173},"2023-09":{"txs":0,"uniq":0,"trade":0,"nft":0,"gas":0,"bal":0.000012,"days":0,"spread":0,"streak":0,"rank_m":203509,"pct_m":0.216373},"2023-10":{"txs":0,"uniq":0,"trade":0,"nft":0,"gas":0,"bal":0.000012,"days":0,"spread":0,"streak":0,"rank_m":216246,"pct_m":0.229916},"2023-11":{"txs":0,"uniq":0,"trade":0,"nft":0,"gas":0,"bal":0.000012,"days":0,"spread":0,"streak":0,"rank_m":231126,"pct_m":0.245736},"2023-12":{"txs":0,"uniq":0,"trade":0,"nft":0,"gas":0,"bal":0.000012,"days":0,"spread":0,"streak":0,"rank_m":258866,"pct_m":0.27523},"2024-01":{"txs":0,"uniq":0,"trade":0,"nft":0,"gas":0,"bal":0.000012,"days":0,"spread":0,"streak":0,"rank_m":273366,"pct_m":0.290647},"2024-02":{"txs":0,"uniq":0,"trade":0,"nft":0,"gas":0,"bal":0.000012,"days":0,"spread":0,"streak":0,"rank_m":337861,"pct_m":0.359219},"2024-03":{"txs":2,"uniq":1,"trade":0,"nft":1,"gas":0.000006,"bal":0.000012,"days":1,"spread":0.032258,"streak":1,"rank_m":360597,"pct_m":0.383392,"gas_method":"estimated"},"2024-04":{"txs":11,"uniq":9,"trade":0,"nft":3,"gas":0.000004,"bal":0.000214,"days":7,"spread":0.233333,"streak":3,"rank_m":318716,"pct_m":0.338863,"gas_method":"estimated"},"2024-05":{"txs":54,"uniq":15,"trade":2,"nft":14,"gas":0.000007,"bal":0.00151,"days":15,"spread":0.483871,"streak":6,"rank_m":111508,"pct_m":0.118556,"gas_method":"estimated"},"2024-06":{"txs":35,"uniq":18,"trade":2,"nft":7,"gas":0,"bal":0.001924,"days":12,"spread":0.4,"streak":5,"rank_m":70348,"pct_m":0.074794,"gas_method":"exact"},"2024-07":{"txs":30,"uniq":8,"trade":2,"nft":5,"gas":0.000005,"bal":0.001399,"days":11,"spread":0.354839,"streak":4,"rank_m":75014,"pct_m":0.079755,"gas_method":"exact"},"2024-08":{"txs":37,"uniq":10,"trade":0,"nft":9,"gas":0.000007,"bal":0.001787,"days":11,"spread":0.354839,"streak":3,"rank_m":93195,"pct_m":0.099086,"gas_method":"exact"},"2024-09":{"txs":19,"uniq":10,"trade":0,"nft":5,"gas":0,"bal":0.001893,"days":7,"spread":0.233333,"streak":2,"rank_m":95271,"pct_m":0.101293,"gas_method":"exact"},"2024-10":{"txs":28,"uniq":10,"trade":0,"nft":9,"gas":0,"bal":0.00191,"days":14,"spread":0.451613,"streak":3,"rank_m":140750,"pct_m":0.149647,"gas_method":"estimated"},"2024-11":{"txs":14,"uniq":6,"trade":0,"nft":2,"gas":0.000032,"bal":0.001622,"days":6,"spread":0.2,"streak":4,"rank_m":209869,"pct_m":0.223135,"gas_method":"exact"},"2024-12":{"txs":5,"uniq":4,"trade":0,"nft":0,"gas":0.00011,"bal":0.001478,"days":3,"spread":0.096774,"streak":1,"rank_m":424550,"pct_m":0.451388,"gas_method":"exact"},"2025-01":{"txs":0,"uniq":0,"trade":0,"nft":0,"gas":0,"bal":0.001478,"days":0,"spread":0,"streak":0,"rank_m":618242,"pct_m":0.657325},"2025-02":{"txs":4,"uniq":4,"trade":0,"nft":0,"gas":0.000028,"bal":0.001664,"days":3,"spread":0.107143,"streak":1,"rank_m":353135,"pct_m":0.375458,"gas_method":"exact"},"2025-03":{"txs":0,"uniq":0,"trade":0,"nft":0,"gas":0,"bal":0.001664,"days":0,"spread":0,"streak":0,"rank_m":615025,"pct_m":0.653905},"2025-04":{"txs":6,"uniq":6,"trade":2,"nft":0,"gas":0.000036,"bal":0.001558,"days":5,"spread":0.166667,"streak":3,"rank_m":197877,"pct_m":0.210385,"gas_method":"exact"},"2025-05":{"txs":1,"uniq":1,"trade":1,"nft":0,"gas":0.000007,"bal":0.001262,"days":1,"spread":0.032258,"streak":1,"rank_m":383371,"pct_m":0.407606,"gas_method":"estimated"},"2025-06":{"txs":9,"uniq":9,"trade":0,"nft":0,"gas":0.000063,"bal":0.001262,"days":5,"spread":0.166667,"streak":3,"rank_m":349024,"pct_m":0.371087,"gas_method":"estimated"},"2025-07":{"txs":70,"uniq":12,"trade":0,"nft":1,"gas":0.000493,"bal":0.001648,"days":22,"spread":0.709677,"streak":15,"rank_m":109564,"pct_m":0.116489,"gas_method":"estimated"},"2025-08":{"txs":31,"uniq":5,"trade":0,"nft":0,"gas":0.000218,"bal":0.002105,"days":15,"spread":0.483871,"streak":9,"rank_m":226899,"pct_m":0.241242,"gas_method":"estimated"},"2025-09":{"txs":13,"uniq":6,"trade":0,"nft":1,"gas":0.000091,"bal":0.000194,"days":6,"spread":0.2,"streak":2,"rank_m":352459,"pct_m":0.37474,"gas_method":"estimated"},"2025-10":{"txs":10,"uniq":4,"trade":0,"nft":0,"gas":0.00007,"bal":0.000187,"days":3,"spread":0.096774,"streak":2,"rank_m":376170,"pct_m":0.39995,"gas_method":"estimated"}}}