{"wallet":"0xcf18618b63fc26282f7ba4bb5241e6c294fbfa47","rank":674568,"lifetime":{"months_active":12,"first":"2023-07","last":"2025-10","tx_sum":108,"uniq_sum":64,"trade_sum":0,"nft_sum":34,"gas_sum":0.001378,"avg_balance_eth_mean":0.008546,"streak_best_days":4,"gas_sum_filled":0.001378},"months":{"2023-07":{"txs":0,"uniq":0,"trade":0,"nft":0,"gas":0,"bal":0,"days":0,"spread":0,"streak":0,"rank_m":221335,"pct_m":0.235326},"2023-08":{"txs":1,"uniq":1,"trade":0,"nft":0,"gas":0.000102,"bal":0.000119,"days":1,"spread":0.032258,"streak":1,"rank_m":152658,"pct_m":0.162308,"gas_method":"exact"},"2023-09":{"txs":10,"uniq":10,"trade":0,"nft":8,"gas":0.000133,"bal":0.000294,"days":4,"spread":0.133333,"streak":2,"rank_m":57813,"pct_m":0.061467,"gas_method":"exact"},"2023-10":{"txs":5,"uniq":4,"trade":0,"nft":3,"gas":0.00005,"bal":0.000068,"days":2,"spread":0.064516,"streak":1,"rank_m":87537,"pct_m":0.09307,"gas_method":"exact"},"2023-11":{"txs":0,"uniq":0,"trade":0,"nft":0,"gas":0,"bal":0.000068,"days":0,"spread":0,"streak":0,"rank_m":220834,"pct_m":0.234794},"2023-12":{"txs":12,"uniq":12,"trade":0,"nft":11,"gas":0.000697,"bal":0.000612,"days":2,"spread":0.064516,"streak":1,"rank_m":86845,"pct_m":0.092334,"gas_method":"estimated"},"2024-01":{"txs":5,"uniq":5,"trade":0,"nft":5,"gas":0.000172,"bal":0.000634,"days":1,"spread":0.032258,"streak":1,"rank_m":100094,"pct_m":0.106421,"gas_method":"exact"},"2024-02":{"txs":0,"uniq":0,"trade":0,"nft":0,"gas":0,"bal":0.000634,"days":0,"spread":0,"streak":0,"rank_m":294411,"pct_m":0.313022},"2024-03":{"txs":1,"uniq":1,"trade":0,"nft":1,"gas":0.000046,"bal":0.000591,"days":1,"spread":0.032258,"streak":1,"rank_m":337675,"pct_m":0.359021,"gas_method":"estimated"},"2024-04":{"txs":9,"uniq":4,"trade":0,"nft":0,"gas":0.000051,"bal":0.003674,"days":4,"spread":0.133333,"streak":1,"rank_m":347676,"pct_m":0.369654,"gas_method":"estimated"},"2024-05":{"txs":0,"uniq":0,"trade":0,"nft":0,"gas":0,"bal":0.003674,"days":0,"spread":0,"streak":0,"rank_m":479359,"pct_m":0.509662},"2024-06":{"txs":57,"uniq":21,"trade":0,"nft":6,"gas":0.000004,"bal":0.010527,"days":4,"spread":0.133333,"streak":4,"rank_m":81966,"pct_m":0.087147,"gas_method":"estimated"},"2024-07":{"txs":1,"uniq":1,"trade":0,"nft":0,"gas":0,"bal":0.010761,"days":1,"spread":0.032258,"streak":1,"rank_m":371805,"pct_m":0.395309,"gas_method":"estimated"},"2024-08":{"txs":0,"uniq":0,"trade":0,"nft":0,"gas":0,"bal":0.010761,"days":0,"spread":0,"streak":0,"rank_m":461596,"pct_m":0.490776},"2024-09":{"txs":0,"uniq":0,"trade":0,"nft":0,"gas":0,"bal":0.010761,"days":0,"spread":0,"streak":0,"rank_m":425640,"pct_m":0.452547},"2024-10":{"txs":0,"uniq":0,"trade":0,"nft":0,"gas":0,"bal":0.010761,"days":0,"spread":0,"streak":0,"rank_m":474743,"pct_m":0.504754},"2024-11":{"txs":1,"uniq":0,"trade":0,"nft":0,"gas":0.000006,"bal":0.006,"days":1,"spread":0.033333,"streak":1,"rank_m":474742,"pct_m":0.504753,"gas_method":"estimated"},"2024-12":{"txs":5,"uniq":4,"trade":0,"nft":0,"gas":0.00011,"bal":0.009091,"days":2,"spread":0.064516,"streak":1,"rank_m":390722,"pct_m":0.415422,"gas_method":"exact"},"2025-01":{"txs":0,"uniq":0,"trade":0,"nft":0,"gas":0,"bal":0.009091,"days":0,"spread":0,"streak":0,"rank_m":565167,"pct_m":0.600895},"2025-02":{"txs":1,"uniq":1,"trade":0,"nft":0,"gas":0.000007,"bal":0.016795,"days":1,"spread":0.035714,"streak":1,"rank_m":411356,"pct_m":0.43736,"gas_method":"exact"},"2025-03":{"txs":0,"uniq":0,"trade":0,"nft":0,"gas":0,"bal":0.016795,"days":0,"spread":0,"streak":0,"rank_m":505461,"pct_m":0.537414},"2025-04":{"txs":0,"uniq":0,"trade":0,"nft":0,"gas":0,"bal":0.016795,"days":0,"spread":0,"streak":0,"rank_m":548213,"pct_m":0.582869},"2025-05":{"txs":0,"uniq":0,"trade":0,"nft":0,"gas":0,"bal":0.016795,"days":0,"spread":0,"streak":0,"rank_m":420720,"pct_m":0.447316},"2025-06":{"txs":0,"uniq":0,"trade":0,"nft":0,"gas":0,"bal":0.016795,"days":0,"spread":0,"streak":0,"rank_m":422227,"pct_m":0.448918},"2025-07":{"txs":0,"uniq":0,"trade":0,"nft":0,"gas":0,"bal":0.016795,"days":0,"spread":0,"streak":0,"rank_m":446600,"pct_m":0.474832},"2025-08":{"txs":0,"uniq":0,"trade":0,"nft":0,"gas":0,"bal":0.016795,"days":0,"spread":0,"streak":0,"rank_m":419013,"pct_m":0.445501},"2025-09":{"txs":0,"uniq":0,"trade":0,"nft":0,"gas":0,"bal":0.016795,"days":0,"spread":0,"streak":0,"rank_m":414163,"pct_m":0.440344},"2025-10":{"txs":0,"uniq":0,"trade":0,"nft":0,"gas":0,"bal":0.016795,"days":0,"spread":0,"streak":0,"rank_m":306064,"pct_m":0.325412}}}