{"wallet":"0xcfcc34f02a347b5937b578d37a09c00868e44376","rank":106005,"lifetime":{"months_active":10,"first":"2023-07","last":"2025-10","tx_sum":1186,"uniq_sum":184,"trade_sum":4,"nft_sum":2,"gas_sum":0.003006,"avg_balance_eth_mean":0.011111,"streak_best_days":27,"gas_sum_filled":0.003006},"months":{"2023-07":{"txs":0,"uniq":0,"trade":0,"nft":0,"gas":0,"bal":0,"days":0,"spread":0,"streak":0,"rank_m":218879,"pct_m":0.232715},"2023-08":{"txs":0,"uniq":0,"trade":0,"nft":0,"gas":0,"bal":0,"days":0,"spread":0,"streak":0,"rank_m":311636,"pct_m":0.331336},"2023-09":{"txs":0,"uniq":0,"trade":0,"nft":0,"gas":0,"bal":0,"days":0,"spread":0,"streak":0,"rank_m":328270,"pct_m":0.349021},"2023-10":{"txs":0,"uniq":0,"trade":0,"nft":0,"gas":0,"bal":0,"days":0,"spread":0,"streak":0,"rank_m":346614,"pct_m":0.368525},"2023-11":{"txs":0,"uniq":0,"trade":0,"nft":0,"gas":0,"bal":0,"days":0,"spread":0,"streak":0,"rank_m":363342,"pct_m":0.386311},"2023-12":{"txs":0,"uniq":0,"trade":0,"nft":0,"gas":0,"bal":0,"days":0,"spread":0,"streak":0,"rank_m":385482,"pct_m":0.40985},"2024-01":{"txs":0,"uniq":0,"trade":0,"nft":0,"gas":0,"bal":0,"days":0,"spread":0,"streak":0,"rank_m":402694,"pct_m":0.42815},"2024-02":{"txs":0,"uniq":0,"trade":0,"nft":0,"gas":0,"bal":0,"days":0,"spread":0,"streak":0,"rank_m":448378,"pct_m":0.476722},"2024-03":{"txs":128,"uniq":27,"trade":0,"nft":1,"gas":0.000754,"bal":0.039067,"days":13,"spread":0.419355,"streak":6,"rank_m":28243,"pct_m":0.030027,"gas_method":"estimated"},"2024-04":{"txs":416,"uniq":61,"trade":4,"nft":0,"gas":0.00064,"bal":0.019203,"days":22,"spread":0.733333,"streak":10,"rank_m":4406,"pct_m":0.004683,"gas_method":"exact"},"2024-05":{"txs":321,"uniq":46,"trade":0,"nft":0,"gas":0.000093,"bal":0.047796,"days":27,"spread":0.870968,"streak":17,"rank_m":15008,"pct_m":0.015956,"gas_method":"exact"},"2024-06":{"txs":151,"uniq":15,"trade":0,"nft":0,"gas":0.001332,"bal":0.102861,"days":23,"spread":0.766667,"streak":7,"rank_m":17710,"pct_m":0.018829,"gas_method":"exact"},"2024-07":{"txs":72,"uniq":12,"trade":0,"nft":1,"gas":0.000164,"bal":0.06934,"days":17,"spread":0.548387,"streak":13,"rank_m":14926,"pct_m":0.015869,"gas_method":"exact"},"2024-08":{"txs":75,"uniq":12,"trade":0,"nft":0,"gas":0.000002,"bal":0.023235,"days":20,"spread":0.645161,"streak":13,"rank_m":54063,"pct_m":0.05748,"gas_method":"estimated"},"2024-09":{"txs":15,"uniq":6,"trade":0,"nft":0,"gas":0,"bal":0.004347,"days":4,"spread":0.133333,"streak":3,"rank_m":208506,"pct_m":0.221686,"gas_method":"estimated"},"2024-10":{"txs":1,"uniq":0,"trade":0,"nft":0,"gas":0,"bal":0.000316,"days":1,"spread":0.032258,"streak":1,"rank_m":559144,"pct_m":0.594491,"gas_method":"estimated"},"2024-11":{"txs":6,"uniq":5,"trade":0,"nft":0,"gas":0.000014,"bal":0.000371,"days":2,"spread":0.066667,"streak":2,"rank_m":381269,"pct_m":0.405371,"gas_method":"exact"},"2024-12":{"txs":0,"uniq":0,"trade":0,"nft":0,"gas":0,"bal":0.000371,"days":0,"spread":0,"streak":0,"rank_m":668427,"pct_m":0.710682},"2025-01":{"txs":0,"uniq":0,"trade":0,"nft":0,"gas":0,"bal":0.000371,"days":0,"spread":0,"streak":0,"rank_m":665376,"pct_m":0.707439},"2025-02":{"txs":0,"uniq":0,"trade":0,"nft":0,"gas":0,"bal":0.000371,"days":0,"spread":0,"streak":0,"rank_m":685909,"pct_m":0.72927},"2025-03":{"txs":0,"uniq":0,"trade":0,"nft":0,"gas":0,"bal":0.000371,"days":0,"spread":0,"streak":0,"rank_m":689717,"pct_m":0.733318},"2025-04":{"txs":0,"uniq":0,"trade":0,"nft":0,"gas":0,"bal":0.000371,"days":0,"spread":0,"streak":0,"rank_m":716734,"pct_m":0.762043},"2025-05":{"txs":1,"uniq":0,"trade":0,"nft":0,"gas":0.000007,"bal":0.000454,"days":1,"spread":0.032258,"streak":1,"rank_m":610809,"pct_m":0.649422,"gas_method":"estimated"},"2025-06":{"txs":0,"uniq":0,"trade":0,"nft":0,"gas":0,"bal":0.000454,"days":0,"spread":0,"streak":0,"rank_m":714033,"pct_m":0.759172},"2025-07":{"txs":0,"uniq":0,"trade":0,"nft":0,"gas":0,"bal":0.000454,"days":0,"spread":0,"streak":0,"rank_m":734705,"pct_m":0.78115},"2025-08":{"txs":0,"uniq":0,"trade":0,"nft":0,"gas":0,"bal":0.000454,"days":0,"spread":0,"streak":0,"rank_m":712324,"pct_m":0.757355},"2025-09":{"txs":0,"uniq":0,"trade":0,"nft":0,"gas":0,"bal":0.000454,"days":0,"spread":0,"streak":0,"rank_m":693276,"pct_m":0.737102},"2025-10":{"txs":0,"uniq":0,"trade":0,"nft":0,"gas":0,"bal":0.000454,"days":0,"spread":0,"streak":0,"rank_m":618339,"pct_m":0.657428}}}