{"wallet":"0xcf551f4ea93c926295fa782b30f07e114ccf0378","rank":415803,"lifetime":{"months_active":19,"first":"2023-07","last":"2025-10","tx_sum":267,"uniq_sum":105,"trade_sum":4,"nft_sum":35,"gas_sum":0.001489,"avg_balance_eth_mean":0.001373,"streak_best_days":2,"gas_sum_filled":0.001489},"months":{"2023-07":{"txs":0,"uniq":0,"trade":0,"nft":0,"gas":0,"bal":0,"days":0,"spread":0,"streak":0,"rank_m":220524,"pct_m":0.234464},"2023-08":{"txs":2,"uniq":2,"trade":0,"nft":0,"gas":0.00008,"bal":0.000011,"days":1,"spread":0.032258,"streak":1,"rank_m":151606,"pct_m":0.161189,"gas_method":"exact"},"2023-09":{"txs":0,"uniq":0,"trade":0,"nft":0,"gas":0,"bal":0.000011,"days":0,"spread":0,"streak":0,"rank_m":203721,"pct_m":0.216599},"2023-10":{"txs":0,"uniq":0,"trade":0,"nft":0,"gas":0,"bal":0.000011,"days":0,"spread":0,"streak":0,"rank_m":216555,"pct_m":0.230244},"2023-11":{"txs":0,"uniq":0,"trade":0,"nft":0,"gas":0,"bal":0.000011,"days":0,"spread":0,"streak":0,"rank_m":231476,"pct_m":0.246108},"2023-12":{"txs":0,"uniq":0,"trade":0,"nft":0,"gas":0,"bal":0.000011,"days":0,"spread":0,"streak":0,"rank_m":259234,"pct_m":0.275621},"2024-01":{"txs":0,"uniq":0,"trade":0,"nft":0,"gas":0,"bal":0.000011,"days":0,"spread":0,"streak":0,"rank_m":273798,"pct_m":0.291106},"2024-02":{"txs":0,"uniq":0,"trade":0,"nft":0,"gas":0,"bal":0.000011,"days":0,"spread":0,"streak":0,"rank_m":338297,"pct_m":0.359682},"2024-03":{"txs":1,"uniq":1,"trade":0,"nft":0,"gas":0.000011,"bal":0.000079,"days":1,"spread":0.032258,"streak":1,"rank_m":372000,"pct_m":0.395516,"gas_method":"estimated"},"2024-04":{"txs":2,"uniq":1,"trade":0,"nft":0,"gas":0.000003,"bal":0.000673,"days":1,"spread":0.033333,"streak":1,"rank_m":440303,"pct_m":0.468137,"gas_method":"estimated"},"2024-05":{"txs":3,"uniq":2,"trade":0,"nft":0,"gas":0.000001,"bal":0.0004,"days":2,"spread":0.064516,"streak":1,"rank_m":451508,"pct_m":0.48005,"gas_method":"estimated"},"2024-06":{"txs":3,"uniq":2,"trade":0,"nft":0,"gas":0,"bal":0.000025,"days":1,"spread":0.033333,"streak":1,"rank_m":418758,"pct_m":0.44523,"gas_method":"exact"},"2024-07":{"txs":0,"uniq":0,"trade":0,"nft":0,"gas":0,"bal":0.000025,"days":0,"spread":0,"streak":0,"rank_m":589561,"pct_m":0.626831},"2024-08":{"txs":35,"uniq":30,"trade":1,"nft":31,"gas":0.000002,"bal":0.000416,"days":4,"spread":0.129032,"streak":1,"rank_m":234079,"pct_m":0.248876,"gas_method":"estimated"},"2024-09":{"txs":4,"uniq":2,"trade":1,"nft":1,"gas":0,"bal":0.000089,"days":2,"spread":0.066667,"streak":1,"rank_m":377838,"pct_m":0.401723,"gas_method":"estimated"},"2024-10":{"txs":7,"uniq":5,"trade":0,"nft":3,"gas":0.000001,"bal":0.000943,"days":5,"spread":0.16129,"streak":2,"rank_m":231637,"pct_m":0.24628,"gas_method":"exact"},"2024-11":{"txs":1,"uniq":1,"trade":0,"nft":0,"gas":0.000002,"bal":0.000309,"days":1,"spread":0.033333,"streak":1,"rank_m":498468,"pct_m":0.529979,"gas_method":"exact"},"2024-12":{"txs":7,"uniq":1,"trade":0,"nft":0,"gas":0.000044,"bal":0.000253,"days":1,"spread":0.032258,"streak":1,"rank_m":528634,"pct_m":0.562052,"gas_method":"exact"},"2025-01":{"txs":0,"uniq":0,"trade":0,"nft":0,"gas":0,"bal":0.000253,"days":0,"spread":0,"streak":0,"rank_m":676376,"pct_m":0.719134},"2025-02":{"txs":2,"uniq":1,"trade":0,"nft":0,"gas":0.000007,"bal":0.000021,"days":1,"spread":0.035714,"streak":1,"rank_m":546059,"pct_m":0.580579,"gas_method":"exact"},"2025-03":{"txs":24,"uniq":7,"trade":0,"nft":0,"gas":0.000126,"bal":0.000234,"days":5,"spread":0.16129,"streak":2,"rank_m":244316,"pct_m":0.25976,"gas_method":"exact"},"2025-04":{"txs":14,"uniq":8,"trade":0,"nft":0,"gas":0.000072,"bal":0.001861,"days":6,"spread":0.2,"streak":1,"rank_m":195590,"pct_m":0.207954,"gas_method":"exact"},"2025-05":{"txs":4,"uniq":3,"trade":0,"nft":0,"gas":0.000028,"bal":0.001021,"days":3,"spread":0.096774,"streak":1,"rank_m":404021,"pct_m":0.429561,"gas_method":"estimated"},"2025-06":{"txs":62,"uniq":13,"trade":2,"nft":0,"gas":0.000436,"bal":0.001597,"days":13,"spread":0.433333,"streak":2,"rank_m":150180,"pct_m":0.159673,"gas_method":"estimated"},"2025-07":{"txs":28,"uniq":8,"trade":0,"nft":0,"gas":0.000197,"bal":0.003472,"days":5,"spread":0.16129,"streak":1,"rank_m":288311,"pct_m":0.306536,"gas_method":"estimated"},"2025-08":{"txs":21,"uniq":10,"trade":0,"nft":0,"gas":0.000148,"bal":0.003673,"days":6,"spread":0.193548,"streak":1,"rank_m":250733,"pct_m":0.266583,"gas_method":"estimated"},"2025-09":{"txs":29,"uniq":3,"trade":0,"nft":0,"gas":0.000204,"bal":0.007823,"days":8,"spread":0.266667,"streak":2,"rank_m":187126,"pct_m":0.198955,"gas_method":"estimated"},"2025-10":{"txs":18,"uniq":5,"trade":0,"nft":0,"gas":0.000127,"bal":0.015205,"days":7,"spread":0.225806,"streak":2,"rank_m":60894,"pct_m":0.064743,"gas_method":"estimated"}}}