{"wallet":"0xcfca555abc0c118e5e462b7606ef338ccb7664cd","rank":396187,"lifetime":{"months_active":22,"first":"2023-07","last":"2025-10","tx_sum":112,"uniq_sum":85,"trade_sum":6,"nft_sum":21,"gas_sum":0.001942,"avg_balance_eth_mean":0.007071,"streak_best_days":2,"gas_sum_filled":0.001942},"months":{"2023-07":{"txs":0,"uniq":0,"trade":0,"nft":0,"gas":0,"bal":0,"days":0,"spread":0,"streak":0,"rank_m":218902,"pct_m":0.232739},"2023-08":{"txs":6,"uniq":6,"trade":0,"nft":3,"gas":0.000651,"bal":0.000312,"days":1,"spread":0.032258,"streak":1,"rank_m":115144,"pct_m":0.122422,"gas_method":"exact"},"2023-09":{"txs":0,"uniq":0,"trade":0,"nft":0,"gas":0,"bal":0.000312,"days":0,"spread":0,"streak":0,"rank_m":186445,"pct_m":0.198231},"2023-10":{"txs":0,"uniq":0,"trade":0,"nft":0,"gas":0,"bal":0.000312,"days":0,"spread":0,"streak":0,"rank_m":193639,"pct_m":0.205879},"2023-11":{"txs":0,"uniq":0,"trade":0,"nft":0,"gas":0,"bal":0.000312,"days":0,"spread":0,"streak":0,"rank_m":202864,"pct_m":0.215688},"2023-12":{"txs":1,"uniq":1,"trade":0,"nft":0,"gas":0.000049,"bal":0.001281,"days":1,"spread":0.032258,"streak":1,"rank_m":166892,"pct_m":0.177441,"gas_method":"estimated"},"2024-01":{"txs":0,"uniq":0,"trade":0,"nft":0,"gas":0,"bal":0.001281,"days":0,"spread":0,"streak":0,"rank_m":216221,"pct_m":0.229889},"2024-02":{"txs":1,"uniq":1,"trade":0,"nft":1,"gas":0.000026,"bal":0.00084,"days":1,"spread":0.034483,"streak":1,"rank_m":240046,"pct_m":0.25522,"gas_method":"estimated"},"2024-03":{"txs":6,"uniq":4,"trade":0,"nft":0,"gas":0.000483,"bal":0.014588,"days":1,"spread":0.032258,"streak":1,"rank_m":209312,"pct_m":0.222543,"gas_method":"exact"},"2024-04":{"txs":10,"uniq":7,"trade":0,"nft":1,"gas":0.000048,"bal":0.018106,"days":4,"spread":0.133333,"streak":1,"rank_m":249258,"pct_m":0.265014,"gas_method":"estimated"},"2024-05":{"txs":8,"uniq":8,"trade":0,"nft":3,"gas":0.000013,"bal":0.01777,"days":2,"spread":0.064516,"streak":1,"rank_m":231553,"pct_m":0.24619,"gas_method":"estimated"},"2024-06":{"txs":3,"uniq":3,"trade":0,"nft":0,"gas":0,"bal":0.017582,"days":1,"spread":0.033333,"streak":1,"rank_m":325000,"pct_m":0.345545,"gas_method":"estimated"},"2024-07":{"txs":5,"uniq":4,"trade":0,"nft":2,"gas":0.000001,"bal":0.017403,"days":3,"spread":0.096774,"streak":2,"rank_m":195832,"pct_m":0.208211,"gas_method":"estimated"},"2024-08":{"txs":10,"uniq":9,"trade":4,"nft":4,"gas":0.000002,"bal":0.017048,"days":4,"spread":0.129032,"streak":1,"rank_m":138142,"pct_m":0.146874,"gas_method":"estimated"},"2024-09":{"txs":10,"uniq":6,"trade":1,"nft":0,"gas":0.000001,"bal":0.016222,"days":3,"spread":0.1,"streak":1,"rank_m":123085,"pct_m":0.130865,"gas_method":"estimated"},"2024-10":{"txs":5,"uniq":4,"trade":0,"nft":5,"gas":0.000001,"bal":0.012759,"days":4,"spread":0.129032,"streak":1,"rank_m":213616,"pct_m":0.227119,"gas_method":"estimated"},"2024-11":{"txs":3,"uniq":3,"trade":0,"nft":2,"gas":0.000007,"bal":0.007437,"days":3,"spread":0.1,"streak":1,"rank_m":313134,"pct_m":0.332929,"gas_method":"exact"},"2024-12":{"txs":18,"uniq":9,"trade":0,"nft":0,"gas":0.000397,"bal":0.003548,"days":4,"spread":0.129032,"streak":1,"rank_m":277155,"pct_m":0.294675,"gas_method":"exact"},"2025-01":{"txs":5,"uniq":3,"trade":0,"nft":0,"gas":0.00013,"bal":0.000659,"days":2,"spread":0.064516,"streak":1,"rank_m":437320,"pct_m":0.464965,"gas_method":"exact"},"2025-02":{"txs":4,"uniq":3,"trade":0,"nft":0,"gas":0.000021,"bal":0.00128,"days":3,"spread":0.107143,"streak":2,"rank_m":362302,"pct_m":0.385205,"gas_method":"exact"},"2025-03":{"txs":2,"uniq":2,"trade":0,"nft":0,"gas":0.000016,"bal":0.003802,"days":1,"spread":0.032258,"streak":1,"rank_m":393851,"pct_m":0.418748,"gas_method":"exact"},"2025-04":{"txs":3,"uniq":2,"trade":1,"nft":0,"gas":0.000012,"bal":0.004597,"days":3,"spread":0.1,"streak":1,"rank_m":324181,"pct_m":0.344674,"gas_method":"exact"},"2025-05":{"txs":2,"uniq":2,"trade":0,"nft":0,"gas":0.000014,"bal":0.006819,"days":2,"spread":0.064516,"streak":1,"rank_m":291937,"pct_m":0.310392,"gas_method":"estimated"},"2025-06":{"txs":1,"uniq":1,"trade":0,"nft":0,"gas":0.000007,"bal":0.00658,"days":1,"spread":0.033333,"streak":1,"rank_m":374802,"pct_m":0.398495,"gas_method":"estimated"},"2025-07":{"txs":3,"uniq":1,"trade":0,"nft":0,"gas":0.000021,"bal":0.006937,"days":1,"spread":0.032258,"streak":1,"rank_m":381909,"pct_m":0.406051,"gas_method":"estimated"},"2025-08":{"txs":3,"uniq":3,"trade":0,"nft":0,"gas":0.000021,"bal":0.00664,"days":2,"spread":0.064516,"streak":2,"rank_m":299593,"pct_m":0.318532,"gas_method":"estimated"},"2025-09":{"txs":3,"uniq":3,"trade":0,"nft":0,"gas":0.000021,"bal":0.006786,"days":1,"spread":0.033333,"streak":1,"rank_m":330612,"pct_m":0.351512,"gas_method":"estimated"},"2025-10":{"txs":0,"uniq":0,"trade":0,"nft":0,"gas":0,"bal":0.006786,"days":0,"spread":0,"streak":0,"rank_m":391841,"pct_m":0.416611}}}