{"wallet":"0xcf6cf13d07a98699dee122819e6c0e417b85f63c","rank":599188,"lifetime":{"months_active":14,"first":"2023-07","last":"2025-10","tx_sum":127,"uniq_sum":86,"trade_sum":1,"nft_sum":52,"gas_sum":0.00532,"avg_balance_eth_mean":0.000776,"streak_best_days":3,"gas_sum_filled":0.00532},"months":{"2023-07":{"txs":3,"uniq":2,"trade":0,"nft":1,"gas":0.000428,"bal":0.000063,"days":1,"spread":0.032258,"streak":1,"rank_m":39925,"pct_m":0.042448,"gas_method":"estimated"},"2023-08":{"txs":42,"uniq":29,"trade":0,"nft":26,"gas":0.00404,"bal":0.008679,"days":11,"spread":0.354839,"streak":2,"rank_m":21881,"pct_m":0.023263,"gas_method":"exact"},"2023-09":{"txs":5,"uniq":4,"trade":0,"nft":5,"gas":0.000229,"bal":0.00086,"days":4,"spread":0.133333,"streak":2,"rank_m":63133,"pct_m":0.067123,"gas_method":"exact"},"2023-10":{"txs":1,"uniq":1,"trade":0,"nft":1,"gas":0.000011,"bal":0.000417,"days":1,"spread":0.032258,"streak":1,"rank_m":137103,"pct_m":0.145769,"gas_method":"estimated"},"2023-11":{"txs":1,"uniq":1,"trade":0,"nft":0,"gas":0.000019,"bal":0.000378,"days":1,"spread":0.033333,"streak":1,"rank_m":158090,"pct_m":0.168083,"gas_method":"estimated"},"2023-12":{"txs":2,"uniq":2,"trade":0,"nft":3,"gas":0.000072,"bal":0.000078,"days":1,"spread":0.032258,"streak":1,"rank_m":158153,"pct_m":0.16815,"gas_method":"estimated"},"2024-01":{"txs":0,"uniq":0,"trade":0,"nft":0,"gas":0,"bal":0.000078,"days":0,"spread":0,"streak":0,"rank_m":258631,"pct_m":0.27498},"2024-02":{"txs":0,"uniq":0,"trade":0,"nft":0,"gas":0,"bal":0.000078,"days":0,"spread":0,"streak":0,"rank_m":323906,"pct_m":0.344382},"2024-03":{"txs":3,"uniq":2,"trade":1,"nft":1,"gas":0.000086,"bal":0.000219,"days":2,"spread":0.064516,"streak":2,"rank_m":287621,"pct_m":0.305803,"gas_method":"estimated"},"2024-04":{"txs":20,"uniq":13,"trade":0,"nft":8,"gas":0.00007,"bal":0.001529,"days":8,"spread":0.266667,"streak":3,"rank_m":222206,"pct_m":0.236252,"gas_method":"estimated"},"2024-05":{"txs":21,"uniq":14,"trade":0,"nft":3,"gas":0.000022,"bal":0.00169,"days":6,"spread":0.193548,"streak":2,"rank_m":157583,"pct_m":0.167544,"gas_method":"exact"},"2024-06":{"txs":8,"uniq":3,"trade":0,"nft":3,"gas":0,"bal":0.000449,"days":3,"spread":0.1,"streak":1,"rank_m":299149,"pct_m":0.318059,"gas_method":"exact"},"2024-07":{"txs":1,"uniq":1,"trade":0,"nft":0,"gas":0,"bal":0.000713,"days":1,"spread":0.032258,"streak":1,"rank_m":475704,"pct_m":0.505776,"gas_method":"estimated"},"2024-08":{"txs":0,"uniq":0,"trade":0,"nft":0,"gas":0,"bal":0.000713,"days":0,"spread":0,"streak":0,"rank_m":565102,"pct_m":0.600825},"2024-09":{"txs":0,"uniq":0,"trade":0,"nft":0,"gas":0,"bal":0.000713,"days":0,"spread":0,"streak":0,"rank_m":553940,"pct_m":0.588958},"2024-10":{"txs":0,"uniq":0,"trade":0,"nft":0,"gas":0,"bal":0.000713,"days":0,"spread":0,"streak":0,"rank_m":600470,"pct_m":0.638429},"2024-11":{"txs":4,"uniq":4,"trade":0,"nft":0,"gas":0.000009,"bal":0.000571,"days":1,"spread":0.033333,"streak":1,"rank_m":429473,"pct_m":0.456622,"gas_method":"exact"},"2024-12":{"txs":2,"uniq":1,"trade":0,"nft":1,"gas":0.000022,"bal":0.00002,"days":1,"spread":0.032258,"streak":1,"rank_m":537038,"pct_m":0.570987,"gas_method":"exact"},"2025-01":{"txs":14,"uniq":9,"trade":0,"nft":0,"gas":0.000312,"bal":0.000376,"days":5,"spread":0.16129,"streak":2,"rank_m":298906,"pct_m":0.317801,"gas_method":"exact"},"2025-02":{"txs":0,"uniq":0,"trade":0,"nft":0,"gas":0,"bal":0.000376,"days":0,"spread":0,"streak":0,"rank_m":685494,"pct_m":0.728828},"2025-03":{"txs":0,"uniq":0,"trade":0,"nft":0,"gas":0,"bal":0.000376,"days":0,"spread":0,"streak":0,"rank_m":689205,"pct_m":0.732774},"2025-04":{"txs":0,"uniq":0,"trade":0,"nft":0,"gas":0,"bal":0.000376,"days":0,"spread":0,"streak":0,"rank_m":716265,"pct_m":0.761545},"2025-05":{"txs":0,"uniq":0,"trade":0,"nft":0,"gas":0,"bal":0.000376,"days":0,"spread":0,"streak":0,"rank_m":726110,"pct_m":0.772012},"2025-06":{"txs":0,"uniq":0,"trade":0,"nft":0,"gas":0,"bal":0.000376,"days":0,"spread":0,"streak":0,"rank_m":723012,"pct_m":0.768718},"2025-07":{"txs":0,"uniq":0,"trade":0,"nft":0,"gas":0,"bal":0.000376,"days":0,"spread":0,"streak":0,"rank_m":744489,"pct_m":0.791553},"2025-08":{"txs":0,"uniq":0,"trade":0,"nft":0,"gas":0,"bal":0.000376,"days":0,"spread":0,"streak":0,"rank_m":721958,"pct_m":0.767598},"2025-09":{"txs":0,"uniq":0,"trade":0,"nft":0,"gas":0,"bal":0.000376,"days":0,"spread":0,"streak":0,"rank_m":704874,"pct_m":0.749434},"2025-10":{"txs":0,"uniq":0,"trade":0,"nft":0,"gas":0,"bal":0.000376,"days":0,"spread":0,"streak":0,"rank_m":629389,"pct_m":0.669177}}}