{"wallet":"0xcf8d1b535c3208630dca304ef3f6f8e849477da7","rank":174651,"lifetime":{"months_active":21,"first":"2023-07","last":"2025-10","tx_sum":614,"uniq_sum":177,"trade_sum":5,"nft_sum":67,"gas_sum":0.004091,"avg_balance_eth_mean":0.000506,"streak_best_days":9,"gas_sum_filled":0.004091},"months":{"2023-07":{"txs":0,"uniq":0,"trade":0,"nft":0,"gas":0,"bal":0,"days":0,"spread":0,"streak":0,"rank_m":219774,"pct_m":0.233667},"2023-08":{"txs":0,"uniq":0,"trade":0,"nft":0,"gas":0,"bal":0,"days":0,"spread":0,"streak":0,"rank_m":312430,"pct_m":0.33218},"2023-09":{"txs":0,"uniq":0,"trade":0,"nft":0,"gas":0,"bal":0,"days":0,"spread":0,"streak":0,"rank_m":329164,"pct_m":0.349972},"2023-10":{"txs":2,"uniq":2,"trade":0,"nft":1,"gas":0.000012,"bal":0.000079,"days":1,"spread":0.032258,"streak":1,"rank_m":137974,"pct_m":0.146695,"gas_method":"estimated"},"2023-11":{"txs":2,"uniq":2,"trade":0,"nft":0,"gas":0.000022,"bal":0.00051,"days":2,"spread":0.066667,"streak":1,"rank_m":139504,"pct_m":0.148322,"gas_method":"estimated"},"2023-12":{"txs":0,"uniq":0,"trade":0,"nft":0,"gas":0,"bal":0.00051,"days":0,"spread":0,"streak":0,"rank_m":217267,"pct_m":0.231001},"2024-01":{"txs":1,"uniq":1,"trade":0,"nft":1,"gas":0.000019,"bal":0.000124,"days":1,"spread":0.032258,"streak":1,"rank_m":183583,"pct_m":0.195188,"gas_method":"estimated"},"2024-02":{"txs":0,"uniq":0,"trade":0,"nft":0,"gas":0,"bal":0.000124,"days":0,"spread":0,"streak":0,"rank_m":317902,"pct_m":0.337998},"2024-03":{"txs":0,"uniq":0,"trade":0,"nft":0,"gas":0,"bal":0.000124,"days":0,"spread":0,"streak":0,"rank_m":406987,"pct_m":0.432715},"2024-04":{"txs":0,"uniq":0,"trade":0,"nft":0,"gas":0,"bal":0.000124,"days":0,"spread":0,"streak":0,"rank_m":490892,"pct_m":0.521924},"2024-05":{"txs":5,"uniq":4,"trade":0,"nft":2,"gas":0,"bal":0.000066,"days":3,"spread":0.096774,"streak":1,"rank_m":354114,"pct_m":0.376499,"gas_method":"exact"},"2024-06":{"txs":11,"uniq":4,"trade":0,"nft":3,"gas":0,"bal":0.000752,"days":5,"spread":0.166667,"streak":1,"rank_m":323771,"pct_m":0.344238,"gas_method":"estimated"},"2024-07":{"txs":42,"uniq":3,"trade":0,"nft":19,"gas":0.000004,"bal":0.000334,"days":5,"spread":0.16129,"streak":3,"rank_m":247149,"pct_m":0.262772,"gas_method":"estimated"},"2024-08":{"txs":27,"uniq":22,"trade":0,"nft":25,"gas":0.000002,"bal":0.000204,"days":3,"spread":0.096774,"streak":2,"rank_m":267200,"pct_m":0.284091,"gas_method":"estimated"},"2024-09":{"txs":19,"uniq":11,"trade":0,"nft":4,"gas":0.000001,"bal":0.000523,"days":7,"spread":0.233333,"streak":1,"rank_m":229413,"pct_m":0.243915,"gas_method":"estimated"},"2024-10":{"txs":8,"uniq":6,"trade":2,"nft":6,"gas":0,"bal":0.000494,"days":4,"spread":0.129032,"streak":1,"rank_m":319981,"pct_m":0.340208,"gas_method":"estimated"},"2024-11":{"txs":30,"uniq":6,"trade":0,"nft":0,"gas":0.000064,"bal":0.000696,"days":3,"spread":0.1,"streak":2,"rank_m":257846,"pct_m":0.274145,"gas_method":"exact"},"2024-12":{"txs":44,"uniq":8,"trade":0,"nft":0,"gas":0.00097,"bal":0.000681,"days":5,"spread":0.16129,"streak":1,"rank_m":261263,"pct_m":0.277778,"gas_method":"exact"},"2025-01":{"txs":6,"uniq":4,"trade":0,"nft":0,"gas":0.000104,"bal":0.000062,"days":3,"spread":0.096774,"streak":1,"rank_m":465682,"pct_m":0.49512,"gas_method":"exact"},"2025-02":{"txs":8,"uniq":4,"trade":0,"nft":0,"gas":0.000049,"bal":0.001545,"days":3,"spread":0.107143,"streak":1,"rank_m":308614,"pct_m":0.328123,"gas_method":"exact"},"2025-03":{"txs":18,"uniq":10,"trade":0,"nft":0,"gas":0.000126,"bal":0.000252,"days":4,"spread":0.129032,"streak":2,"rank_m":245301,"pct_m":0.260807,"gas_method":"exact"},"2025-04":{"txs":15,"uniq":10,"trade":0,"nft":1,"gas":0.000072,"bal":0.001168,"days":9,"spread":0.3,"streak":5,"rank_m":129989,"pct_m":0.138206,"gas_method":"exact"},"2025-05":{"txs":30,"uniq":11,"trade":0,"nft":0,"gas":0.000211,"bal":0.001589,"days":8,"spread":0.258065,"streak":2,"rank_m":198323,"pct_m":0.210859,"gas_method":"estimated"},"2025-06":{"txs":68,"uniq":9,"trade":0,"nft":0,"gas":0.000479,"bal":0.001289,"days":13,"spread":0.433333,"streak":2,"rank_m":260740,"pct_m":0.277222,"gas_method":"estimated"},"2025-07":{"txs":90,"uniq":23,"trade":0,"nft":2,"gas":0.000633,"bal":0.000246,"days":15,"spread":0.483871,"streak":7,"rank_m":190742,"pct_m":0.202799,"gas_method":"estimated"},"2025-08":{"txs":80,"uniq":15,"trade":3,"nft":1,"gas":0.000563,"bal":0.000869,"days":17,"spread":0.548387,"streak":4,"rank_m":117519,"pct_m":0.124947,"gas_method":"estimated"},"2025-09":{"txs":71,"uniq":12,"trade":0,"nft":2,"gas":0.0005,"bal":0.001232,"days":14,"spread":0.466667,"streak":3,"rank_m":125623,"pct_m":0.133564,"gas_method":"estimated"},"2025-10":{"txs":37,"uniq":10,"trade":0,"nft":0,"gas":0.00026,"bal":0.000576,"days":10,"spread":0.322581,"streak":3,"rank_m":222607,"pct_m":0.236679,"gas_method":"estimated"}}}