{"wallet":"0xcfd90b3949958faa9408550601a47e16910dea01","rank":337872,"lifetime":{"months_active":15,"first":"2023-07","last":"2025-10","tx_sum":138,"uniq_sum":60,"trade_sum":8,"nft_sum":4,"gas_sum":0.007704,"avg_balance_eth_mean":0.265626,"streak_best_days":3,"gas_sum_filled":0.007704},"months":{"2023-07":{"txs":43,"uniq":9,"trade":0,"nft":1,"gas":0.005374,"bal":1.859074,"days":2,"spread":0.064516,"streak":2,"rank_m":624,"pct_m":0.000662,"gas_method":"exact"},"2023-08":{"txs":3,"uniq":11,"trade":1,"nft":0,"gas":0.000522,"bal":1.859662,"days":1,"spread":0.032258,"streak":1,"rank_m":74179,"pct_m":0.078867,"gas_method":"exact"},"2023-09":{"txs":0,"uniq":0,"trade":0,"nft":0,"gas":0,"bal":1.859662,"days":0,"spread":0,"streak":0,"rank_m":148191,"pct_m":0.157558},"2023-10":{"txs":2,"uniq":2,"trade":0,"nft":1,"gas":0.000045,"bal":0.004227,"days":1,"spread":0.032258,"streak":1,"rank_m":98723,"pct_m":0.104963,"gas_method":"estimated"},"2023-11":{"txs":17,"uniq":3,"trade":0,"nft":0,"gas":0.000657,"bal":0.024732,"days":4,"spread":0.133333,"streak":3,"rank_m":36607,"pct_m":0.03892,"gas_method":"estimated"},"2023-12":{"txs":4,"uniq":1,"trade":0,"nft":1,"gas":0.00029,"bal":0.050461,"days":1,"spread":0.032258,"streak":1,"rank_m":80930,"pct_m":0.086045,"gas_method":"estimated"},"2024-01":{"txs":0,"uniq":0,"trade":0,"nft":0,"gas":0,"bal":0.050461,"days":0,"spread":0,"streak":0,"rank_m":193655,"pct_m":0.205896},"2024-02":{"txs":0,"uniq":0,"trade":0,"nft":0,"gas":0,"bal":0.050461,"days":0,"spread":0,"streak":0,"rank_m":251949,"pct_m":0.267876},"2024-03":{"txs":0,"uniq":0,"trade":0,"nft":0,"gas":0,"bal":0.050461,"days":0,"spread":0,"streak":0,"rank_m":326459,"pct_m":0.347096},"2024-04":{"txs":0,"uniq":0,"trade":0,"nft":0,"gas":0,"bal":0.050461,"days":0,"spread":0,"streak":0,"rank_m":403258,"pct_m":0.42875},"2024-05":{"txs":0,"uniq":0,"trade":0,"nft":0,"gas":0,"bal":0.050461,"days":0,"spread":0,"streak":0,"rank_m":417404,"pct_m":0.44379},"2024-06":{"txs":2,"uniq":2,"trade":0,"nft":1,"gas":0,"bal":0.04665,"days":2,"spread":0.066667,"streak":2,"rank_m":252918,"pct_m":0.268906,"gas_method":"estimated"},"2024-07":{"txs":0,"uniq":0,"trade":0,"nft":0,"gas":0,"bal":0.04665,"days":0,"spread":0,"streak":0,"rank_m":416331,"pct_m":0.442649},"2024-08":{"txs":0,"uniq":0,"trade":0,"nft":0,"gas":0,"bal":0.04665,"days":0,"spread":0,"streak":0,"rank_m":418794,"pct_m":0.445268},"2024-09":{"txs":0,"uniq":0,"trade":0,"nft":0,"gas":0,"bal":0.04665,"days":0,"spread":0,"streak":0,"rank_m":376711,"pct_m":0.400525},"2024-10":{"txs":6,"uniq":3,"trade":0,"nft":0,"gas":0.000001,"bal":0.036777,"days":2,"spread":0.064516,"streak":2,"rank_m":245777,"pct_m":0.261313,"gas_method":"estimated"},"2024-11":{"txs":1,"uniq":0,"trade":0,"nft":0,"gas":0.000007,"bal":0.043152,"days":1,"spread":0.033333,"streak":1,"rank_m":428004,"pct_m":0.45506,"gas_method":"estimated"},"2024-12":{"txs":5,"uniq":4,"trade":0,"nft":0,"gas":0.00011,"bal":1.228641,"days":2,"spread":0.064516,"streak":1,"rank_m":340048,"pct_m":0.361544,"gas_method":"exact"},"2025-01":{"txs":17,"uniq":9,"trade":3,"nft":0,"gas":0.000442,"bal":0.028715,"days":6,"spread":0.193548,"streak":2,"rank_m":102442,"pct_m":0.108917,"gas_method":"exact"},"2025-02":{"txs":7,"uniq":5,"trade":2,"nft":0,"gas":0.000049,"bal":0.000642,"days":2,"spread":0.071429,"streak":1,"rank_m":300839,"pct_m":0.319856,"gas_method":"exact"},"2025-03":{"txs":1,"uniq":1,"trade":1,"nft":0,"gas":0.000008,"bal":0.000616,"days":1,"spread":0.032258,"streak":1,"rank_m":415957,"pct_m":0.442252,"gas_method":"exact"},"2025-04":{"txs":12,"uniq":6,"trade":0,"nft":0,"gas":0.000072,"bal":0.000607,"days":2,"spread":0.066667,"streak":1,"rank_m":302821,"pct_m":0.321964,"gas_method":"exact"},"2025-05":{"txs":0,"uniq":0,"trade":0,"nft":0,"gas":0,"bal":0.000607,"days":0,"spread":0,"streak":0,"rank_m":694230,"pct_m":0.738117},"2025-06":{"txs":16,"uniq":2,"trade":0,"nft":0,"gas":0.000113,"bal":0.000368,"days":6,"spread":0.2,"streak":2,"rank_m":476277,"pct_m":0.506385,"gas_method":"estimated"},"2025-07":{"txs":2,"uniq":2,"trade":1,"nft":0,"gas":0.000014,"bal":0.000171,"days":2,"spread":0.064516,"streak":1,"rank_m":491516,"pct_m":0.522588,"gas_method":"estimated"},"2025-08":{"txs":0,"uniq":0,"trade":0,"nft":0,"gas":0,"bal":0.000171,"days":0,"spread":0,"streak":0,"rank_m":769957,"pct_m":0.818631},"2025-09":{"txs":0,"uniq":0,"trade":0,"nft":0,"gas":0,"bal":0.000171,"days":0,"spread":0,"streak":0,"rank_m":761383,"pct_m":0.809515},"2025-10":{"txs":0,"uniq":0,"trade":0,"nft":0,"gas":0,"bal":0.000171,"days":0,"spread":0,"streak":0,"rank_m":698290,"pct_m":0.742433}}}