{"wallet":"0xcf7836c1c4e559c482e9a343a96931bb954c860a","rank":409641,"lifetime":{"months_active":14,"first":"2023-07","last":"2025-10","tx_sum":127,"uniq_sum":64,"trade_sum":5,"nft_sum":9,"gas_sum":0.00525,"avg_balance_eth_mean":0.03691,"streak_best_days":3,"gas_sum_filled":0.00525},"months":{"2023-07":{"txs":6,"uniq":2,"trade":0,"nft":0,"gas":0.001256,"bal":0.002617,"days":2,"spread":0.064516,"streak":2,"rank_m":14322,"pct_m":0.015226,"gas_method":"exact"},"2023-08":{"txs":31,"uniq":10,"trade":5,"nft":3,"gas":0.002695,"bal":0.008881,"days":11,"spread":0.354839,"streak":3,"rank_m":26647,"pct_m":0.028331,"gas_method":"exact"},"2023-09":{"txs":0,"uniq":0,"trade":0,"nft":0,"gas":0,"bal":0.008881,"days":0,"spread":0,"streak":0,"rank_m":152616,"pct_m":0.162263},"2023-10":{"txs":0,"uniq":0,"trade":0,"nft":0,"gas":0,"bal":0.008881,"days":0,"spread":0,"streak":0,"rank_m":156827,"pct_m":0.16674},"2023-11":{"txs":0,"uniq":0,"trade":0,"nft":0,"gas":0,"bal":0.008881,"days":0,"spread":0,"streak":0,"rank_m":166630,"pct_m":0.177163},"2023-12":{"txs":7,"uniq":4,"trade":0,"nft":2,"gas":0.000344,"bal":0.00346,"days":3,"spread":0.096774,"streak":2,"rank_m":64782,"pct_m":0.068876,"gas_method":"estimated"},"2024-01":{"txs":0,"uniq":0,"trade":0,"nft":0,"gas":0,"bal":0.00346,"days":0,"spread":0,"streak":0,"rank_m":208902,"pct_m":0.222107},"2024-02":{"txs":15,"uniq":6,"trade":0,"nft":1,"gas":0.000388,"bal":0.006275,"days":2,"spread":0.068966,"streak":1,"rank_m":118190,"pct_m":0.125661,"gas_method":"estimated"},"2024-03":{"txs":0,"uniq":0,"trade":0,"nft":0,"gas":0,"bal":0.006275,"days":0,"spread":0,"streak":0,"rank_m":355729,"pct_m":0.378216},"2024-04":{"txs":0,"uniq":0,"trade":0,"nft":0,"gas":0,"bal":0.006275,"days":0,"spread":0,"streak":0,"rank_m":440547,"pct_m":0.468396},"2024-05":{"txs":0,"uniq":0,"trade":0,"nft":0,"gas":0,"bal":0.006275,"days":0,"spread":0,"streak":0,"rank_m":465662,"pct_m":0.495099},"2024-06":{"txs":0,"uniq":0,"trade":0,"nft":0,"gas":0,"bal":0.006275,"days":0,"spread":0,"streak":0,"rank_m":478171,"pct_m":0.508399},"2024-07":{"txs":16,"uniq":8,"trade":0,"nft":1,"gas":0.000004,"bal":0.383187,"days":5,"spread":0.16129,"streak":3,"rank_m":85514,"pct_m":0.090919,"gas_method":"estimated"},"2024-08":{"txs":5,"uniq":2,"trade":0,"nft":0,"gas":0.000002,"bal":0.514079,"days":4,"spread":0.129032,"streak":1,"rank_m":216534,"pct_m":0.230222,"gas_method":"exact"},"2024-09":{"txs":4,"uniq":2,"trade":0,"nft":0,"gas":0,"bal":0.037107,"days":3,"spread":0.1,"streak":1,"rank_m":221590,"pct_m":0.235597,"gas_method":"estimated"},"2024-10":{"txs":2,"uniq":1,"trade":0,"nft":2,"gas":0.000001,"bal":0.005903,"days":2,"spread":0.064516,"streak":1,"rank_m":305351,"pct_m":0.324654,"gas_method":"exact"},"2024-11":{"txs":13,"uniq":10,"trade":0,"nft":0,"gas":0.00003,"bal":0.003221,"days":5,"spread":0.166667,"streak":2,"rank_m":228757,"pct_m":0.243217,"gas_method":"exact"},"2024-12":{"txs":3,"uniq":3,"trade":0,"nft":0,"gas":0.000066,"bal":0.002423,"days":1,"spread":0.032258,"streak":1,"rank_m":477377,"pct_m":0.507555,"gas_method":"exact"},"2025-01":{"txs":15,"uniq":7,"trade":0,"nft":0,"gas":0.00039,"bal":0.001939,"days":3,"spread":0.096774,"streak":1,"rank_m":291356,"pct_m":0.309774,"gas_method":"exact"},"2025-02":{"txs":0,"uniq":0,"trade":0,"nft":0,"gas":0,"bal":0.001939,"days":0,"spread":0,"streak":0,"rank_m":619817,"pct_m":0.658999},"2025-03":{"txs":4,"uniq":3,"trade":0,"nft":0,"gas":0.000032,"bal":0.001127,"days":1,"spread":0.032258,"streak":1,"rank_m":385661,"pct_m":0.410041,"gas_method":"exact"},"2025-04":{"txs":0,"uniq":0,"trade":0,"nft":0,"gas":0,"bal":0.001127,"days":0,"spread":0,"streak":0,"rank_m":662904,"pct_m":0.70481},"2025-05":{"txs":3,"uniq":3,"trade":0,"nft":0,"gas":0.000021,"bal":0.001099,"days":1,"spread":0.032258,"streak":1,"rank_m":438752,"pct_m":0.466488,"gas_method":"estimated"},"2025-06":{"txs":0,"uniq":0,"trade":0,"nft":0,"gas":0,"bal":0.001099,"days":0,"spread":0,"streak":0,"rank_m":652142,"pct_m":0.693368},"2025-07":{"txs":3,"uniq":3,"trade":0,"nft":0,"gas":0.000021,"bal":0.000701,"days":1,"spread":0.032258,"streak":1,"rank_m":525870,"pct_m":0.559113,"gas_method":"estimated"},"2025-08":{"txs":0,"uniq":0,"trade":0,"nft":0,"gas":0,"bal":0.000701,"days":0,"spread":0,"streak":0,"rank_m":682565,"pct_m":0.725714},"2025-09":{"txs":0,"uniq":0,"trade":0,"nft":0,"gas":0,"bal":0.000701,"days":0,"spread":0,"streak":0,"rank_m":663455,"pct_m":0.705396},"2025-10":{"txs":0,"uniq":0,"trade":0,"nft":0,"gas":0,"bal":0.000701,"days":0,"spread":0,"streak":0,"rank_m":585151,"pct_m":0.622142}}}