{"wallet":"0xcf1282b5678cbf35e4c2e31bf6b6ae05aabdf6ff","rank":371347,"lifetime":{"months_active":15,"first":"2023-07","last":"2025-10","tx_sum":224,"uniq_sum":81,"trade_sum":1,"nft_sum":46,"gas_sum":0.004613,"avg_balance_eth_mean":0.005425,"streak_best_days":16,"gas_sum_filled":0.004613},"months":{"2023-07":{"txs":2,"uniq":1,"trade":0,"nft":0,"gas":0.000315,"bal":0.00004,"days":1,"spread":0.032258,"streak":1,"rank_m":44989,"pct_m":0.047832,"gas_method":"estimated"},"2023-08":{"txs":0,"uniq":1,"trade":0,"nft":0,"gas":0.000158,"bal":0.0001,"days":0,"spread":0,"streak":0,"rank_m":195590,"pct_m":0.207954},"2023-09":{"txs":0,"uniq":0,"trade":0,"nft":0,"gas":0,"bal":0.0001,"days":0,"spread":0,"streak":0,"rank_m":195755,"pct_m":0.208129},"2023-10":{"txs":3,"uniq":2,"trade":0,"nft":2,"gas":0.000037,"bal":0.000155,"days":3,"spread":0.096774,"streak":1,"rank_m":121071,"pct_m":0.128724,"gas_method":"estimated"},"2023-11":{"txs":0,"uniq":0,"trade":0,"nft":0,"gas":0,"bal":0.000155,"days":0,"spread":0,"streak":0,"rank_m":213288,"pct_m":0.226771},"2023-12":{"txs":0,"uniq":0,"trade":0,"nft":0,"gas":0,"bal":0.000155,"days":0,"spread":0,"streak":0,"rank_m":238627,"pct_m":0.253711},"2024-01":{"txs":0,"uniq":0,"trade":0,"nft":0,"gas":0,"bal":0.000155,"days":0,"spread":0,"streak":0,"rank_m":249690,"pct_m":0.265474},"2024-02":{"txs":0,"uniq":0,"trade":0,"nft":0,"gas":0,"bal":0.000155,"days":0,"spread":0,"streak":0,"rank_m":315155,"pct_m":0.335077},"2024-03":{"txs":117,"uniq":2,"trade":0,"nft":2,"gas":0.00369,"bal":0.004659,"days":16,"spread":0.516129,"streak":16,"rank_m":97622,"pct_m":0.103792,"gas_method":"estimated"},"2024-04":{"txs":57,"uniq":40,"trade":0,"nft":27,"gas":0.000222,"bal":0.007305,"days":15,"spread":0.5,"streak":7,"rank_m":65460,"pct_m":0.069597,"gas_method":"estimated"},"2024-05":{"txs":12,"uniq":10,"trade":0,"nft":9,"gas":0.000013,"bal":0.009518,"days":9,"spread":0.290323,"streak":3,"rank_m":104112,"pct_m":0.110693,"gas_method":"exact"},"2024-06":{"txs":4,"uniq":2,"trade":0,"nft":1,"gas":0,"bal":0.009504,"days":4,"spread":0.133333,"streak":1,"rank_m":291399,"pct_m":0.30982,"gas_method":"estimated"},"2024-07":{"txs":5,"uniq":3,"trade":0,"nft":1,"gas":0.000001,"bal":0.009503,"days":4,"spread":0.129032,"streak":1,"rank_m":260465,"pct_m":0.27693,"gas_method":"estimated"},"2024-08":{"txs":2,"uniq":2,"trade":0,"nft":1,"gas":0,"bal":0.009502,"days":2,"spread":0.064516,"streak":1,"rank_m":326260,"pct_m":0.346884,"gas_method":"estimated"},"2024-09":{"txs":2,"uniq":2,"trade":0,"nft":1,"gas":0,"bal":0.009501,"days":2,"spread":0.066667,"streak":2,"rank_m":247179,"pct_m":0.262804,"gas_method":"estimated"},"2024-10":{"txs":1,"uniq":1,"trade":0,"nft":1,"gas":0,"bal":0.0095,"days":1,"spread":0.032258,"streak":1,"rank_m":362761,"pct_m":0.385693,"gas_method":"estimated"},"2024-11":{"txs":2,"uniq":2,"trade":0,"nft":0,"gas":0.000005,"bal":0.009497,"days":2,"spread":0.066667,"streak":1,"rank_m":387147,"pct_m":0.411621,"gas_method":"exact"},"2024-12":{"txs":1,"uniq":1,"trade":1,"nft":0,"gas":0.000022,"bal":0.009092,"days":1,"spread":0.032258,"streak":1,"rank_m":424371,"pct_m":0.451198,"gas_method":"exact"},"2025-01":{"txs":2,"uniq":2,"trade":0,"nft":0,"gas":0.000052,"bal":0.008466,"days":1,"spread":0.032258,"streak":1,"rank_m":438922,"pct_m":0.466669,"gas_method":"exact"},"2025-02":{"txs":0,"uniq":0,"trade":0,"nft":0,"gas":0,"bal":0.008466,"days":0,"spread":0,"streak":0,"rank_m":559753,"pct_m":0.595138},"2025-03":{"txs":0,"uniq":0,"trade":0,"nft":0,"gas":0,"bal":0.008466,"days":0,"spread":0,"streak":0,"rank_m":540153,"pct_m":0.574299},"2025-04":{"txs":0,"uniq":0,"trade":0,"nft":0,"gas":0,"bal":0.008466,"days":0,"spread":0,"streak":0,"rank_m":578800,"pct_m":0.615389},"2025-05":{"txs":0,"uniq":0,"trade":0,"nft":0,"gas":0,"bal":0.008466,"days":0,"spread":0,"streak":0,"rank_m":486183,"pct_m":0.516917},"2025-06":{"txs":0,"uniq":0,"trade":0,"nft":0,"gas":0,"bal":0.008466,"days":0,"spread":0,"streak":0,"rank_m":488006,"pct_m":0.518856},"2025-07":{"txs":0,"uniq":0,"trade":0,"nft":0,"gas":0,"bal":0.008466,"days":0,"spread":0,"streak":0,"rank_m":513046,"pct_m":0.545479},"2025-08":{"txs":6,"uniq":5,"trade":0,"nft":1,"gas":0.000042,"bal":0.003762,"days":1,"spread":0.032258,"streak":1,"rank_m":299025,"pct_m":0.317928,"gas_method":"estimated"},"2025-09":{"txs":8,"uniq":5,"trade":0,"nft":0,"gas":0.000056,"bal":0.000137,"days":2,"spread":0.066667,"streak":2,"rank_m":518214,"pct_m":0.550973,"gas_method":"estimated"},"2025-10":{"txs":0,"uniq":0,"trade":0,"nft":0,"gas":0,"bal":0.000137,"days":0,"spread":0,"streak":0,"rank_m":726853,"pct_m":0.772802}}}