{"wallet":"0xcf9a0c1d61ad469b5e09906e08c29ab0a336ef91","rank":152406,"lifetime":{"months_active":17,"first":"2023-07","last":"2025-10","tx_sum":142,"uniq_sum":131,"trade_sum":4,"nft_sum":109,"gas_sum":0.004146,"avg_balance_eth_mean":0.109655,"streak_best_days":32,"gas_sum_filled":0.004146},"months":{"2023-07":{"txs":2,"uniq":1,"trade":0,"nft":0,"gas":0.000204,"bal":0.00146,"days":1,"spread":0.032258,"streak":1,"rank_m":35302,"pct_m":0.037533,"gas_method":"estimated"},"2023-08":{"txs":33,"uniq":32,"trade":0,"nft":29,"gas":0.003354,"bal":0.019912,"days":27,"spread":0.870968,"streak":25,"rank_m":9299,"pct_m":0.009886,"gas_method":"exact"},"2023-09":{"txs":36,"uniq":35,"trade":0,"nft":31,"gas":0.000285,"bal":0.023242,"days":28,"spread":0.933333,"streak":17,"rank_m":5091,"pct_m":0.005412,"gas_method":"exact"},"2023-10":{"txs":32,"uniq":30,"trade":0,"nft":31,"gas":0.000021,"bal":0.021321,"days":25,"spread":0.806452,"streak":12,"rank_m":4743,"pct_m":0.005042,"gas_method":"exact"},"2023-11":{"txs":0,"uniq":0,"trade":0,"nft":0,"gas":0,"bal":0.021321,"days":0,"spread":0,"streak":0,"rank_m":160983,"pct_m":0.171159},"2023-12":{"txs":1,"uniq":1,"trade":0,"nft":1,"gas":0.000104,"bal":0.019737,"days":1,"spread":0.032258,"streak":1,"rank_m":91412,"pct_m":0.09719,"gas_method":"exact"},"2024-01":{"txs":0,"uniq":0,"trade":0,"nft":0,"gas":0,"bal":0.019737,"days":0,"spread":0,"streak":0,"rank_m":197235,"pct_m":0.209703},"2024-02":{"txs":2,"uniq":2,"trade":0,"nft":2,"gas":0.000027,"bal":0.019514,"days":2,"spread":0.068966,"streak":1,"rank_m":138561,"pct_m":0.147319,"gas_method":"estimated"},"2024-03":{"txs":2,"uniq":2,"trade":0,"nft":1,"gas":0.000041,"bal":0.01819,"days":1,"spread":0.032258,"streak":1,"rank_m":240644,"pct_m":0.255856,"gas_method":"estimated"},"2024-04":{"txs":0,"uniq":0,"trade":0,"nft":0,"gas":0,"bal":0.01819,"days":0,"spread":0,"streak":0,"rank_m":414890,"pct_m":0.441117},"2024-05":{"txs":4,"uniq":3,"trade":0,"nft":3,"gas":0.000003,"bal":0.017183,"days":2,"spread":0.064516,"streak":1,"rank_m":278635,"pct_m":0.296249,"gas_method":"estimated"},"2024-06":{"txs":0,"uniq":0,"trade":0,"nft":0,"gas":0,"bal":0.017183,"days":0,"spread":0,"streak":0,"rank_m":440292,"pct_m":0.468125},"2024-07":{"txs":2,"uniq":1,"trade":0,"nft":0,"gas":0,"bal":0.058166,"days":1,"spread":0.032258,"streak":1,"rank_m":315122,"pct_m":0.335042,"gas_method":"estimated"},"2024-08":{"txs":0,"uniq":0,"trade":0,"nft":0,"gas":0,"bal":0.058166,"days":0,"spread":0,"streak":0,"rank_m":415598,"pct_m":0.44187},"2024-09":{"txs":9,"uniq":9,"trade":0,"nft":8,"gas":0,"bal":0.22575,"days":1,"spread":0.033333,"streak":1,"rank_m":109664,"pct_m":0.116596,"gas_method":"estimated"},"2024-10":{"txs":7,"uniq":4,"trade":0,"nft":2,"gas":0,"bal":0.227721,"days":3,"spread":0.096774,"streak":2,"rank_m":155210,"pct_m":0.165021,"gas_method":"estimated"},"2024-11":{"txs":2,"uniq":2,"trade":0,"nft":0,"gas":0.000005,"bal":0.229334,"days":2,"spread":0.066667,"streak":1,"rank_m":342062,"pct_m":0.363685,"gas_method":"exact"},"2024-12":{"txs":2,"uniq":2,"trade":0,"nft":0,"gas":0.000044,"bal":0.229229,"days":2,"spread":0.064516,"streak":1,"rank_m":404160,"pct_m":0.429709,"gas_method":"exact"},"2025-01":{"txs":0,"uniq":0,"trade":0,"nft":0,"gas":0,"bal":0.229229,"days":0,"spread":0,"streak":0,"rank_m":515014,"pct_m":0.547571},"2025-02":{"txs":0,"uniq":0,"trade":0,"nft":0,"gas":0,"bal":0.229229,"days":0,"spread":0,"streak":0,"rank_m":490058,"pct_m":0.521037},"2025-03":{"txs":3,"uniq":3,"trade":1,"nft":1,"gas":0.000024,"bal":0.210267,"days":2,"spread":0.064516,"streak":1,"rank_m":213960,"pct_m":0.227485,"gas_method":"exact"},"2025-04":{"txs":1,"uniq":1,"trade":1,"nft":0,"gas":0.000006,"bal":0.204647,"days":1,"spread":0.033333,"streak":1,"rank_m":323145,"pct_m":0.343572,"gas_method":"exact"},"2025-05":{"txs":0,"uniq":0,"trade":0,"nft":0,"gas":0,"bal":0.204647,"days":0,"spread":0,"streak":0,"rank_m":317268,"pct_m":0.337324},"2025-06":{"txs":1,"uniq":1,"trade":0,"nft":0,"gas":0.000007,"bal":0.164043,"days":1,"spread":0.033333,"streak":1,"rank_m":221050,"pct_m":0.235023,"gas_method":"estimated"},"2025-07":{"txs":0,"uniq":0,"trade":0,"nft":0,"gas":0,"bal":0.164043,"days":0,"spread":0,"streak":0,"rank_m":358596,"pct_m":0.381265},"2025-08":{"txs":0,"uniq":0,"trade":0,"nft":0,"gas":0,"bal":0.164043,"days":0,"spread":0,"streak":0,"rank_m":333955,"pct_m":0.355066},"2025-09":{"txs":0,"uniq":0,"trade":0,"nft":0,"gas":0,"bal":0.164043,"days":0,"spread":0,"streak":0,"rank_m":337511,"pct_m":0.358847},"2025-10":{"txs":3,"uniq":2,"trade":2,"nft":0,"gas":0.000021,"bal":0.090785,"days":1,"spread":0.032258,"streak":1,"rank_m":85562,"pct_m":0.09097,"gas_method":"estimated"}}}