{"wallet":"0xcf11a33292485bdc7fa380746595f6b75d9baddb","rank":270307,"lifetime":{"months_active":16,"first":"2023-07","last":"2025-10","tx_sum":235,"uniq_sum":126,"trade_sum":9,"nft_sum":41,"gas_sum":0.001903,"avg_balance_eth_mean":0.005813,"streak_best_days":6,"gas_sum_filled":0.001903},"months":{"2023-07":{"txs":0,"uniq":0,"trade":0,"nft":0,"gas":0,"bal":0,"days":0,"spread":0,"streak":0,"rank_m":221420,"pct_m":0.235417},"2023-08":{"txs":0,"uniq":0,"trade":0,"nft":0,"gas":0,"bal":0,"days":0,"spread":0,"streak":0,"rank_m":313882,"pct_m":0.333724},"2023-09":{"txs":0,"uniq":0,"trade":0,"nft":0,"gas":0,"bal":0,"days":0,"spread":0,"streak":0,"rank_m":330817,"pct_m":0.351729},"2023-10":{"txs":0,"uniq":0,"trade":0,"nft":0,"gas":0,"bal":0,"days":0,"spread":0,"streak":0,"rank_m":349155,"pct_m":0.371227},"2023-11":{"txs":3,"uniq":2,"trade":0,"nft":0,"gas":0.000037,"bal":0.00014,"days":1,"spread":0.033333,"streak":1,"rank_m":153515,"pct_m":0.163219,"gas_method":"estimated"},"2023-12":{"txs":1,"uniq":1,"trade":0,"nft":0,"gas":0.000023,"bal":0.000589,"days":1,"spread":0.032258,"streak":1,"rank_m":180068,"pct_m":0.19145,"gas_method":"estimated"},"2024-01":{"txs":0,"uniq":0,"trade":0,"nft":0,"gas":0,"bal":0.000589,"days":0,"spread":0,"streak":0,"rank_m":223758,"pct_m":0.237902},"2024-02":{"txs":22,"uniq":9,"trade":3,"nft":1,"gas":0.000268,"bal":0.001011,"days":3,"spread":0.103448,"streak":1,"rank_m":112299,"pct_m":0.119397,"gas_method":"estimated"},"2024-03":{"txs":34,"uniq":17,"trade":1,"nft":2,"gas":0.00062,"bal":0.004182,"days":4,"spread":0.129032,"streak":2,"rank_m":106363,"pct_m":0.113086,"gas_method":"estimated"},"2024-04":{"txs":6,"uniq":5,"trade":0,"nft":0,"gas":0.000186,"bal":0.007598,"days":1,"spread":0.033333,"streak":1,"rank_m":311604,"pct_m":0.331302,"gas_method":"exact"},"2024-05":{"txs":6,"uniq":4,"trade":0,"nft":0,"gas":0.00004,"bal":0.007528,"days":1,"spread":0.032258,"streak":1,"rank_m":304283,"pct_m":0.323518,"gas_method":"exact"},"2024-06":{"txs":0,"uniq":0,"trade":0,"nft":0,"gas":0,"bal":0.007528,"days":0,"spread":0,"streak":0,"rank_m":471657,"pct_m":0.501473},"2024-07":{"txs":9,"uniq":8,"trade":0,"nft":5,"gas":0.000001,"bal":0.007333,"days":3,"spread":0.096774,"streak":2,"rank_m":180657,"pct_m":0.192077,"gas_method":"estimated"},"2024-08":{"txs":33,"uniq":32,"trade":0,"nft":33,"gas":0.000003,"bal":0.00643,"days":9,"spread":0.290323,"streak":3,"rank_m":73779,"pct_m":0.078442,"gas_method":"estimated"},"2024-09":{"txs":0,"uniq":0,"trade":0,"nft":0,"gas":0,"bal":0.00643,"days":0,"spread":0,"streak":0,"rank_m":453983,"pct_m":0.482682},"2024-10":{"txs":0,"uniq":0,"trade":0,"nft":0,"gas":0,"bal":0.00643,"days":0,"spread":0,"streak":0,"rank_m":502324,"pct_m":0.534079},"2024-11":{"txs":0,"uniq":0,"trade":0,"nft":0,"gas":0,"bal":0.00643,"days":0,"spread":0,"streak":0,"rank_m":529472,"pct_m":0.562943},"2024-12":{"txs":0,"uniq":0,"trade":0,"nft":0,"gas":0,"bal":0.00643,"days":0,"spread":0,"streak":0,"rank_m":590122,"pct_m":0.627427},"2025-01":{"txs":0,"uniq":0,"trade":0,"nft":0,"gas":0,"bal":0.00643,"days":0,"spread":0,"streak":0,"rank_m":575950,"pct_m":0.612359},"2025-02":{"txs":1,"uniq":1,"trade":0,"nft":0,"gas":0.000007,"bal":0.00715,"days":1,"spread":0.035714,"streak":1,"rank_m":438185,"pct_m":0.465885,"gas_method":"exact"},"2025-03":{"txs":3,"uniq":3,"trade":3,"nft":0,"gas":0.000024,"bal":0.005622,"days":1,"spread":0.032258,"streak":1,"rank_m":292226,"pct_m":0.310699,"gas_method":"exact"},"2025-04":{"txs":38,"uniq":9,"trade":0,"nft":0,"gas":0.000139,"bal":0.005014,"days":3,"spread":0.1,"streak":1,"rank_m":146623,"pct_m":0.155891,"gas_method":"exact"},"2025-05":{"txs":14,"uniq":6,"trade":0,"nft":0,"gas":0.000099,"bal":0.002781,"days":4,"spread":0.129032,"streak":1,"rank_m":245831,"pct_m":0.261371,"gas_method":"estimated"},"2025-06":{"txs":36,"uniq":13,"trade":2,"nft":0,"gas":0.000253,"bal":0.008829,"days":9,"spread":0.3,"streak":5,"rank_m":66711,"pct_m":0.070927,"gas_method":"estimated"},"2025-07":{"txs":13,"uniq":8,"trade":0,"nft":0,"gas":0.000091,"bal":0.019586,"days":4,"spread":0.129032,"streak":1,"rank_m":172578,"pct_m":0.183487,"gas_method":"estimated"},"2025-08":{"txs":12,"uniq":8,"trade":0,"nft":0,"gas":0.000084,"bal":0.019353,"days":3,"spread":0.096774,"streak":1,"rank_m":163494,"pct_m":0.173829,"gas_method":"estimated"},"2025-09":{"txs":4,"uniq":0,"trade":0,"nft":0,"gas":0.000028,"bal":0,"days":1,"spread":0.033333,"streak":1,"rank_m":756053,"pct_m":0.803848,"gas_method":"estimated"},"2025-10":{"txs":0,"uniq":0,"trade":0,"nft":0,"gas":0,"bal":0.019353,"days":0,"spread":0,"streak":0,"rank_m":296983,"pct_m":0.315757}}}