{"wallet":"0xcf6be44c5089f13e5d67d88d1fb484523e1f4839","rank":92263,"lifetime":{"months_active":26,"first":"2023-07","last":"2025-10","tx_sum":838,"uniq_sum":267,"trade_sum":17,"nft_sum":102,"gas_sum":0.00625,"avg_balance_eth_mean":0.000462,"streak_best_days":13,"gas_sum_filled":0.00625},"months":{"2023-07":{"txs":2,"uniq":1,"trade":0,"nft":1,"gas":0.000158,"bal":0.000074,"days":1,"spread":0.032258,"streak":1,"rank_m":33579,"pct_m":0.035701,"gas_method":"exact"},"2023-08":{"txs":17,"uniq":9,"trade":0,"nft":5,"gas":0.000706,"bal":0.000628,"days":5,"spread":0.16129,"streak":2,"rank_m":78669,"pct_m":0.083641,"gas_method":"exact"},"2023-09":{"txs":0,"uniq":0,"trade":0,"nft":0,"gas":0,"bal":0.000628,"days":0,"spread":0,"streak":0,"rank_m":178800,"pct_m":0.190102},"2023-10":{"txs":0,"uniq":0,"trade":0,"nft":0,"gas":0,"bal":0.000628,"days":0,"spread":0,"streak":0,"rank_m":182313,"pct_m":0.193837},"2023-11":{"txs":3,"uniq":2,"trade":0,"nft":2,"gas":0.000033,"bal":0.000117,"days":2,"spread":0.066667,"streak":2,"rank_m":120229,"pct_m":0.127829,"gas_method":"estimated"},"2023-12":{"txs":8,"uniq":5,"trade":0,"nft":0,"gas":0.000162,"bal":0.000056,"days":1,"spread":0.032258,"streak":1,"rank_m":165386,"pct_m":0.17584,"gas_method":"estimated"},"2024-01":{"txs":2,"uniq":1,"trade":0,"nft":4,"gas":0.000038,"bal":0.000068,"days":1,"spread":0.032258,"streak":1,"rank_m":172071,"pct_m":0.182948,"gas_method":"estimated"},"2024-02":{"txs":53,"uniq":22,"trade":0,"nft":22,"gas":0.000739,"bal":0.000513,"days":15,"spread":0.517241,"streak":5,"rank_m":31963,"pct_m":0.033983,"gas_method":"exact"},"2024-03":{"txs":17,"uniq":11,"trade":0,"nft":3,"gas":0.000059,"bal":0.000398,"days":10,"spread":0.322581,"streak":3,"rank_m":135996,"pct_m":0.144592,"gas_method":"exact"},"2024-04":{"txs":37,"uniq":21,"trade":0,"nft":14,"gas":0.000069,"bal":0.002077,"days":15,"spread":0.5,"streak":9,"rank_m":85145,"pct_m":0.090527,"gas_method":"exact"},"2024-05":{"txs":10,"uniq":6,"trade":0,"nft":4,"gas":0.000007,"bal":0.000352,"days":5,"spread":0.16129,"streak":1,"rank_m":343245,"pct_m":0.364943,"gas_method":"estimated"},"2024-06":{"txs":11,"uniq":5,"trade":0,"nft":2,"gas":0,"bal":0.000259,"days":3,"spread":0.1,"streak":1,"rank_m":372284,"pct_m":0.395818,"gas_method":"estimated"},"2024-07":{"txs":7,"uniq":5,"trade":0,"nft":4,"gas":0.000001,"bal":0.000266,"days":4,"spread":0.129032,"streak":2,"rank_m":331751,"pct_m":0.352723,"gas_method":"estimated"},"2024-08":{"txs":8,"uniq":4,"trade":0,"nft":6,"gas":0.000001,"bal":0.000319,"days":6,"spread":0.193548,"streak":2,"rank_m":340749,"pct_m":0.362289,"gas_method":"estimated"},"2024-09":{"txs":6,"uniq":5,"trade":1,"nft":7,"gas":0,"bal":0.00048,"days":6,"spread":0.2,"streak":2,"rank_m":176208,"pct_m":0.187346,"gas_method":"exact"},"2024-10":{"txs":41,"uniq":23,"trade":5,"nft":14,"gas":0.000002,"bal":0.000625,"days":11,"spread":0.354839,"streak":2,"rank_m":154253,"pct_m":0.164003,"gas_method":"estimated"},"2024-11":{"txs":30,"uniq":14,"trade":2,"nft":0,"gas":0.00006,"bal":0.000524,"days":11,"spread":0.366667,"streak":6,"rank_m":133257,"pct_m":0.14168,"gas_method":"exact"},"2024-12":{"txs":16,"uniq":11,"trade":0,"nft":2,"gas":0.000331,"bal":0.000263,"days":6,"spread":0.193548,"streak":2,"rank_m":274484,"pct_m":0.291835,"gas_method":"exact"},"2025-01":{"txs":14,"uniq":10,"trade":2,"nft":0,"gas":0.000016,"bal":0.000156,"days":4,"spread":0.129032,"streak":1,"rank_m":347276,"pct_m":0.369229,"gas_method":"exact"},"2025-02":{"txs":22,"uniq":17,"trade":1,"nft":1,"gas":0.000148,"bal":0.000487,"days":9,"spread":0.321429,"streak":4,"rank_m":124652,"pct_m":0.132531,"gas_method":"exact"},"2025-03":{"txs":14,"uniq":6,"trade":0,"nft":1,"gas":0.000103,"bal":0.000472,"days":6,"spread":0.193548,"streak":1,"rank_m":243403,"pct_m":0.258789,"gas_method":"exact"},"2025-04":{"txs":31,"uniq":11,"trade":1,"nft":2,"gas":0.000175,"bal":0.000645,"days":10,"spread":0.333333,"streak":2,"rank_m":117073,"pct_m":0.124473,"gas_method":"exact"},"2025-05":{"txs":9,"uniq":5,"trade":0,"nft":0,"gas":0.000063,"bal":0.000714,"days":3,"spread":0.096774,"streak":2,"rank_m":366212,"pct_m":0.389362,"gas_method":"estimated"},"2025-06":{"txs":159,"uniq":24,"trade":5,"nft":0,"gas":0.001119,"bal":0.000663,"days":13,"spread":0.433333,"streak":5,"rank_m":127316,"pct_m":0.135364,"gas_method":"estimated"},"2025-07":{"txs":111,"uniq":16,"trade":0,"nft":2,"gas":0.000781,"bal":0.000561,"days":21,"spread":0.677419,"streak":5,"rank_m":149363,"pct_m":0.158804,"gas_method":"estimated"},"2025-08":{"txs":68,"uniq":14,"trade":0,"nft":2,"gas":0.000479,"bal":0.000354,"days":14,"spread":0.451613,"streak":3,"rank_m":200751,"pct_m":0.213441,"gas_method":"estimated"},"2025-09":{"txs":48,"uniq":15,"trade":0,"nft":3,"gas":0.000338,"bal":0.000235,"days":12,"spread":0.4,"streak":2,"rank_m":230720,"pct_m":0.245305,"gas_method":"estimated"},"2025-10":{"txs":94,"uniq":4,"trade":0,"nft":1,"gas":0.000662,"bal":0.000363,"days":13,"spread":0.419355,"streak":13,"rank_m":155320,"pct_m":0.165138,"gas_method":"estimated"}}}