{"wallet":"0xcf44e18343ec5e378761b48c4fd5d885f73da05d","rank":559308,"lifetime":{"months_active":19,"first":"2023-07","last":"2025-10","tx_sum":129,"uniq_sum":83,"trade_sum":0,"nft_sum":10,"gas_sum":0.001139,"avg_balance_eth_mean":0.003228,"streak_best_days":3,"gas_sum_filled":0.001139},"months":{"2023-07":{"txs":0,"uniq":0,"trade":0,"nft":0,"gas":0,"bal":0,"days":0,"spread":0,"streak":0,"rank_m":220746,"pct_m":0.2347},"2023-08":{"txs":2,"uniq":1,"trade":0,"nft":0,"gas":0.000058,"bal":0.000788,"days":1,"spread":0.032258,"streak":1,"rank_m":146413,"pct_m":0.155668,"gas_method":"exact"},"2023-09":{"txs":0,"uniq":0,"trade":0,"nft":0,"gas":0,"bal":0.000788,"days":0,"spread":0,"streak":0,"rank_m":175415,"pct_m":0.186503},"2023-10":{"txs":0,"uniq":0,"trade":0,"nft":0,"gas":0,"bal":0.000788,"days":0,"spread":0,"streak":0,"rank_m":177610,"pct_m":0.188837},"2023-11":{"txs":0,"uniq":0,"trade":0,"nft":0,"gas":0,"bal":0.000788,"days":0,"spread":0,"streak":0,"rank_m":183985,"pct_m":0.195615},"2023-12":{"txs":0,"uniq":0,"trade":0,"nft":0,"gas":0,"bal":0.000788,"days":0,"spread":0,"streak":0,"rank_m":210287,"pct_m":0.22358},"2024-01":{"txs":0,"uniq":0,"trade":0,"nft":0,"gas":0,"bal":0.000788,"days":0,"spread":0,"streak":0,"rank_m":220945,"pct_m":0.234912},"2024-02":{"txs":0,"uniq":0,"trade":0,"nft":0,"gas":0,"bal":0.000788,"days":0,"spread":0,"streak":0,"rank_m":292816,"pct_m":0.311326},"2024-03":{"txs":1,"uniq":1,"trade":0,"nft":0,"gas":0.000069,"bal":0.000867,"days":1,"spread":0.032258,"streak":1,"rank_m":309092,"pct_m":0.328631,"gas_method":"exact"},"2024-04":{"txs":0,"uniq":0,"trade":0,"nft":0,"gas":0,"bal":0.000867,"days":0,"spread":0,"streak":0,"rank_m":475619,"pct_m":0.505686},"2024-05":{"txs":12,"uniq":8,"trade":0,"nft":1,"gas":0.000018,"bal":0.002701,"days":4,"spread":0.129032,"streak":1,"rank_m":299078,"pct_m":0.317984,"gas_method":"estimated"},"2024-06":{"txs":10,"uniq":7,"trade":0,"nft":2,"gas":0.000001,"bal":0.005096,"days":5,"spread":0.166667,"streak":2,"rank_m":213470,"pct_m":0.226964,"gas_method":"estimated"},"2024-07":{"txs":8,"uniq":5,"trade":0,"nft":0,"gas":0.000002,"bal":0.005462,"days":5,"spread":0.16129,"streak":1,"rank_m":281140,"pct_m":0.298912,"gas_method":"estimated"},"2024-08":{"txs":3,"uniq":3,"trade":0,"nft":0,"gas":0.000001,"bal":0.011874,"days":3,"spread":0.096774,"streak":1,"rank_m":308197,"pct_m":0.327679,"gas_method":"estimated"},"2024-09":{"txs":8,"uniq":6,"trade":0,"nft":2,"gas":0.000001,"bal":0.011304,"days":4,"spread":0.133333,"streak":2,"rank_m":141146,"pct_m":0.150068,"gas_method":"estimated"},"2024-10":{"txs":18,"uniq":11,"trade":0,"nft":4,"gas":0.000002,"bal":0.007452,"days":7,"spread":0.225806,"streak":2,"rank_m":129057,"pct_m":0.137215,"gas_method":"estimated"},"2024-11":{"txs":6,"uniq":5,"trade":0,"nft":1,"gas":0.000014,"bal":0.009704,"days":4,"spread":0.133333,"streak":1,"rank_m":262689,"pct_m":0.279295,"gas_method":"exact"},"2024-12":{"txs":13,"uniq":5,"trade":0,"nft":0,"gas":0.000287,"bal":0.00958,"days":5,"spread":0.16129,"streak":1,"rank_m":285114,"pct_m":0.303137,"gas_method":"exact"},"2025-01":{"txs":20,"uniq":11,"trade":0,"nft":0,"gas":0.000494,"bal":0.00506,"days":6,"spread":0.193548,"streak":3,"rank_m":167609,"pct_m":0.178204,"gas_method":"exact"},"2025-02":{"txs":4,"uniq":4,"trade":0,"nft":0,"gas":0.000028,"bal":0.002501,"days":3,"spread":0.107143,"streak":1,"rank_m":340949,"pct_m":0.362502,"gas_method":"exact"},"2025-03":{"txs":6,"uniq":4,"trade":0,"nft":0,"gas":0.00004,"bal":0.00024,"days":1,"spread":0.032258,"streak":1,"rank_m":400876,"pct_m":0.426217,"gas_method":"exact"},"2025-04":{"txs":2,"uniq":2,"trade":0,"nft":0,"gas":0.000012,"bal":0.000985,"days":1,"spread":0.033333,"streak":1,"rank_m":466950,"pct_m":0.496469,"gas_method":"exact"},"2025-05":{"txs":4,"uniq":2,"trade":0,"nft":0,"gas":0.000028,"bal":0.00104,"days":2,"spread":0.064516,"streak":1,"rank_m":432267,"pct_m":0.459593,"gas_method":"estimated"},"2025-06":{"txs":2,"uniq":2,"trade":0,"nft":0,"gas":0.000014,"bal":0.000876,"days":2,"spread":0.066667,"streak":1,"rank_m":508400,"pct_m":0.540539,"gas_method":"estimated"},"2025-07":{"txs":1,"uniq":0,"trade":0,"nft":0,"gas":0.000007,"bal":0.004713,"days":1,"spread":0.032258,"streak":1,"rank_m":469556,"pct_m":0.499239,"gas_method":"estimated"},"2025-08":{"txs":1,"uniq":1,"trade":0,"nft":0,"gas":0.000007,"bal":0.004539,"days":1,"spread":0.032258,"streak":1,"rank_m":403222,"pct_m":0.428712,"gas_method":"estimated"},"2025-09":{"txs":8,"uniq":5,"trade":0,"nft":0,"gas":0.000056,"bal":0.000006,"days":2,"spread":0.066667,"streak":1,"rank_m":595555,"pct_m":0.633204,"gas_method":"estimated"},"2025-10":{"txs":0,"uniq":0,"trade":0,"nft":0,"gas":0,"bal":0.000006,"days":0,"spread":0,"streak":0,"rank_m":824036,"pct_m":0.876129}}}