{"wallet":"0xcfe4d0fa0d08b9bb965dc209f134459dc1f1c785","rank":174905,"lifetime":{"months_active":21,"first":"2023-07","last":"2025-10","tx_sum":322,"uniq_sum":135,"trade_sum":1,"nft_sum":79,"gas_sum":0.006129,"avg_balance_eth_mean":0.01748,"streak_best_days":2,"gas_sum_filled":0.006129},"months":{"2023-07":{"txs":0,"uniq":0,"trade":0,"nft":0,"gas":0,"bal":0,"days":0,"spread":0,"streak":0,"rank_m":218552,"pct_m":0.232367},"2023-08":{"txs":0,"uniq":0,"trade":0,"nft":0,"gas":0,"bal":0,"days":0,"spread":0,"streak":0,"rank_m":311336,"pct_m":0.331017},"2023-09":{"txs":23,"uniq":13,"trade":0,"nft":11,"gas":0.000857,"bal":0.001887,"days":4,"spread":0.133333,"streak":1,"rank_m":54113,"pct_m":0.057533,"gas_method":"estimated"},"2023-10":{"txs":29,"uniq":13,"trade":0,"nft":5,"gas":0.000285,"bal":0.003467,"days":3,"spread":0.096774,"streak":1,"rank_m":46494,"pct_m":0.049432,"gas_method":"estimated"},"2023-11":{"txs":21,"uniq":4,"trade":0,"nft":1,"gas":0.000358,"bal":0.005497,"days":1,"spread":0.033333,"streak":1,"rank_m":63358,"pct_m":0.067362,"gas_method":"estimated"},"2023-12":{"txs":25,"uniq":24,"trade":0,"nft":19,"gas":0.000798,"bal":0.005256,"days":2,"spread":0.064516,"streak":1,"rank_m":38565,"pct_m":0.041002,"gas_method":"estimated"},"2024-01":{"txs":6,"uniq":4,"trade":0,"nft":0,"gas":0.000178,"bal":0.003417,"days":2,"spread":0.064516,"streak":1,"rank_m":117065,"pct_m":0.124465,"gas_method":"estimated"},"2024-02":{"txs":5,"uniq":4,"trade":0,"nft":1,"gas":0.000084,"bal":0.001888,"days":3,"spread":0.103448,"streak":2,"rank_m":156998,"pct_m":0.166922,"gas_method":"estimated"},"2024-03":{"txs":29,"uniq":7,"trade":0,"nft":1,"gas":0.002965,"bal":0.015321,"days":3,"spread":0.096774,"streak":1,"rank_m":121609,"pct_m":0.129296,"gas_method":"exact"},"2024-04":{"txs":47,"uniq":8,"trade":0,"nft":7,"gas":0.000146,"bal":0.017804,"days":3,"spread":0.1,"streak":1,"rank_m":183146,"pct_m":0.194723,"gas_method":"estimated"},"2024-05":{"txs":20,"uniq":8,"trade":0,"nft":3,"gas":0.000021,"bal":0.019492,"days":1,"spread":0.032258,"streak":1,"rank_m":216208,"pct_m":0.229875,"gas_method":"estimated"},"2024-06":{"txs":0,"uniq":0,"trade":0,"nft":0,"gas":0,"bal":0.019492,"days":0,"spread":0,"streak":0,"rank_m":436994,"pct_m":0.464619},"2024-07":{"txs":23,"uniq":6,"trade":0,"nft":3,"gas":0.000004,"bal":0.018075,"days":2,"spread":0.064516,"streak":1,"rank_m":161425,"pct_m":0.171629,"gas_method":"estimated"},"2024-08":{"txs":1,"uniq":1,"trade":1,"nft":0,"gas":0,"bal":0.017248,"days":1,"spread":0.032258,"streak":1,"rank_m":279140,"pct_m":0.296786,"gas_method":"estimated"},"2024-09":{"txs":28,"uniq":27,"trade":0,"nft":28,"gas":0.000001,"bal":0.015004,"days":1,"spread":0.033333,"streak":1,"rank_m":97331,"pct_m":0.103483,"gas_method":"estimated"},"2024-10":{"txs":1,"uniq":1,"trade":0,"nft":0,"gas":0,"bal":0.014455,"days":1,"spread":0.032258,"streak":1,"rank_m":371688,"pct_m":0.395184,"gas_method":"estimated"},"2024-11":{"txs":0,"uniq":0,"trade":0,"nft":0,"gas":0,"bal":0.014455,"days":0,"spread":0,"streak":0,"rank_m":503296,"pct_m":0.535112},"2024-12":{"txs":3,"uniq":3,"trade":0,"nft":0,"gas":0.000066,"bal":0.027551,"days":1,"spread":0.032258,"streak":1,"rank_m":413648,"pct_m":0.439797,"gas_method":"exact"},"2025-01":{"txs":2,"uniq":1,"trade":0,"nft":0,"gas":0.000026,"bal":0.079586,"days":1,"spread":0.032258,"streak":1,"rank_m":422259,"pct_m":0.448952,"gas_method":"exact"},"2025-02":{"txs":12,"uniq":4,"trade":0,"nft":0,"gas":0.000077,"bal":0.047535,"days":4,"spread":0.142857,"streak":2,"rank_m":152512,"pct_m":0.162152,"gas_method":"exact"},"2025-03":{"txs":15,"uniq":1,"trade":0,"nft":0,"gas":0.000055,"bal":0.00016,"days":4,"spread":0.129032,"streak":1,"rank_m":362588,"pct_m":0.385509,"gas_method":"exact"},"2025-04":{"txs":11,"uniq":1,"trade":0,"nft":0,"gas":0.00006,"bal":0.000041,"days":1,"spread":0.033333,"streak":1,"rank_m":437631,"pct_m":0.465296,"gas_method":"exact"},"2025-05":{"txs":18,"uniq":3,"trade":0,"nft":0,"gas":0.000127,"bal":0.010806,"days":3,"spread":0.096774,"streak":2,"rank_m":141836,"pct_m":0.150802,"gas_method":"estimated"},"2025-06":{"txs":2,"uniq":1,"trade":0,"nft":0,"gas":0.000014,"bal":0.032481,"days":1,"spread":0.033333,"streak":1,"rank_m":257419,"pct_m":0.273691,"gas_method":"estimated"},"2025-07":{"txs":0,"uniq":0,"trade":0,"nft":0,"gas":0,"bal":0.032481,"days":0,"spread":0,"streak":0,"rank_m":404086,"pct_m":0.42963},"2025-08":{"txs":0,"uniq":0,"trade":0,"nft":0,"gas":0,"bal":0.032481,"days":0,"spread":0,"streak":0,"rank_m":379366,"pct_m":0.403348},"2025-09":{"txs":1,"uniq":1,"trade":0,"nft":0,"gas":0.000007,"bal":0.026779,"days":1,"spread":0.033333,"streak":1,"rank_m":280042,"pct_m":0.297745,"gas_method":"estimated"},"2025-10":{"txs":0,"uniq":0,"trade":0,"nft":0,"gas":0,"bal":0.026779,"days":0,"spread":0,"streak":0,"rank_m":278285,"pct_m":0.295877}}}