{"wallet":"0xcf4f28b9ae34386e555bca54417bae8649486b20","rank":303193,"lifetime":{"months_active":18,"first":"2023-07","last":"2025-10","tx_sum":204,"uniq_sum":90,"trade_sum":46,"nft_sum":31,"gas_sum":0.001817,"avg_balance_eth_mean":0.000551,"streak_best_days":10,"gas_sum_filled":0.001817},"months":{"2023-07":{"txs":0,"uniq":0,"trade":0,"nft":0,"gas":0,"bal":0,"days":0,"spread":0,"streak":0,"rank_m":220599,"pct_m":0.234544},"2023-08":{"txs":0,"uniq":0,"trade":0,"nft":0,"gas":0,"bal":0,"days":0,"spread":0,"streak":0,"rank_m":313157,"pct_m":0.332953},"2023-09":{"txs":0,"uniq":0,"trade":0,"nft":0,"gas":0,"bal":0,"days":0,"spread":0,"streak":0,"rank_m":329988,"pct_m":0.350848},"2023-10":{"txs":0,"uniq":0,"trade":0,"nft":0,"gas":0,"bal":0,"days":0,"spread":0,"streak":0,"rank_m":348317,"pct_m":0.370336},"2023-11":{"txs":0,"uniq":0,"trade":0,"nft":0,"gas":0,"bal":0,"days":0,"spread":0,"streak":0,"rank_m":365054,"pct_m":0.388131},"2023-12":{"txs":4,"uniq":2,"trade":0,"nft":0,"gas":0.000212,"bal":0.000002,"days":1,"spread":0.032258,"streak":1,"rank_m":185819,"pct_m":0.197565,"gas_method":"estimated"},"2024-01":{"txs":2,"uniq":1,"trade":0,"nft":0,"gas":0.000032,"bal":0.000042,"days":1,"spread":0.032258,"streak":1,"rank_m":173064,"pct_m":0.184004,"gas_method":"exact"},"2024-02":{"txs":13,"uniq":7,"trade":0,"nft":5,"gas":0.000363,"bal":0.000491,"days":4,"spread":0.137931,"streak":3,"rank_m":130707,"pct_m":0.138969,"gas_method":"estimated"},"2024-03":{"txs":21,"uniq":6,"trade":3,"nft":2,"gas":0.000762,"bal":0.001431,"days":12,"spread":0.387097,"streak":2,"rank_m":93359,"pct_m":0.09926,"gas_method":"exact"},"2024-04":{"txs":53,"uniq":13,"trade":41,"nft":2,"gas":0.000017,"bal":0.000661,"days":19,"spread":0.633333,"streak":10,"rank_m":85986,"pct_m":0.091421,"gas_method":"exact"},"2024-05":{"txs":29,"uniq":16,"trade":0,"nft":8,"gas":0.00005,"bal":0.000534,"days":8,"spread":0.258065,"streak":5,"rank_m":198727,"pct_m":0.211289,"gas_method":"estimated"},"2024-06":{"txs":18,"uniq":9,"trade":2,"nft":4,"gas":0.000001,"bal":0.000105,"days":6,"spread":0.2,"streak":1,"rank_m":277483,"pct_m":0.295024,"gas_method":"estimated"},"2024-07":{"txs":3,"uniq":3,"trade":0,"nft":1,"gas":0.000001,"bal":0.000023,"days":1,"spread":0.032258,"streak":1,"rank_m":460452,"pct_m":0.48956,"gas_method":"estimated"},"2024-08":{"txs":2,"uniq":1,"trade":0,"nft":1,"gas":0,"bal":0.000401,"days":1,"spread":0.032258,"streak":1,"rank_m":466282,"pct_m":0.495758,"gas_method":"estimated"},"2024-09":{"txs":0,"uniq":0,"trade":0,"nft":0,"gas":0,"bal":0.000401,"days":0,"spread":0,"streak":0,"rank_m":571694,"pct_m":0.607834},"2024-10":{"txs":4,"uniq":2,"trade":0,"nft":3,"gas":0.000001,"bal":0.00209,"days":3,"spread":0.096774,"streak":1,"rank_m":352750,"pct_m":0.375049,"gas_method":"estimated"},"2024-11":{"txs":33,"uniq":10,"trade":0,"nft":4,"gas":0.000076,"bal":0.000684,"days":9,"spread":0.3,"streak":3,"rank_m":158568,"pct_m":0.168591,"gas_method":"exact"},"2024-12":{"txs":2,"uniq":2,"trade":0,"nft":0,"gas":0.000044,"bal":0.000465,"days":1,"spread":0.032258,"streak":1,"rank_m":536421,"pct_m":0.570331,"gas_method":"exact"},"2025-01":{"txs":6,"uniq":4,"trade":0,"nft":0,"gas":0.000156,"bal":0.000177,"days":5,"spread":0.16129,"streak":2,"rank_m":399857,"pct_m":0.425134,"gas_method":"exact"},"2025-02":{"txs":0,"uniq":0,"trade":0,"nft":0,"gas":0,"bal":0.000177,"days":0,"spread":0,"streak":0,"rank_m":709505,"pct_m":0.754357},"2025-03":{"txs":4,"uniq":4,"trade":0,"nft":0,"gas":0.000032,"bal":0.001007,"days":1,"spread":0.032258,"streak":1,"rank_m":380510,"pct_m":0.404564,"gas_method":"exact"},"2025-04":{"txs":0,"uniq":0,"trade":0,"nft":0,"gas":0,"bal":0.001007,"days":0,"spread":0,"streak":0,"rank_m":667314,"pct_m":0.709499},"2025-05":{"txs":0,"uniq":0,"trade":0,"nft":0,"gas":0,"bal":0.001007,"days":0,"spread":0,"streak":0,"rank_m":655530,"pct_m":0.69697},"2025-06":{"txs":0,"uniq":0,"trade":0,"nft":0,"gas":0,"bal":0.001007,"days":0,"spread":0,"streak":0,"rank_m":657941,"pct_m":0.699534},"2025-07":{"txs":2,"uniq":2,"trade":0,"nft":0,"gas":0.000014,"bal":0.001007,"days":1,"spread":0.032258,"streak":1,"rank_m":515543,"pct_m":0.548133,"gas_method":"estimated"},"2025-08":{"txs":2,"uniq":2,"trade":0,"nft":0,"gas":0.000014,"bal":0.001003,"days":1,"spread":0.032258,"streak":1,"rank_m":486396,"pct_m":0.517144,"gas_method":"estimated"},"2025-09":{"txs":5,"uniq":5,"trade":0,"nft":1,"gas":0.000035,"bal":0.000884,"days":2,"spread":0.066667,"streak":2,"rank_m":337195,"pct_m":0.358511,"gas_method":"estimated"},"2025-10":{"txs":1,"uniq":1,"trade":0,"nft":0,"gas":0.000007,"bal":0.000808,"days":1,"spread":0.032258,"streak":1,"rank_m":392383,"pct_m":0.417188,"gas_method":"estimated"}}}