{"wallet":"0xcf1dc31444a98e721abc388d71e70053b54554a7","rank":16902,"lifetime":{"months_active":23,"first":"2023-07","last":"2025-10","tx_sum":1044,"uniq_sum":703,"trade_sum":7,"nft_sum":544,"gas_sum":0.014988,"avg_balance_eth_mean":0.039343,"streak_best_days":16,"gas_sum_filled":0.014988},"months":{"2023-07":{"txs":0,"uniq":0,"trade":0,"nft":0,"gas":0,"bal":0,"days":0,"spread":0,"streak":0,"rank_m":221274,"pct_m":0.235261},"2023-08":{"txs":105,"uniq":96,"trade":0,"nft":98,"gas":0.006001,"bal":0.025898,"days":17,"spread":0.548387,"streak":11,"rank_m":4023,"pct_m":0.004276,"gas_method":"exact"},"2023-09":{"txs":87,"uniq":76,"trade":3,"nft":57,"gas":0.002573,"bal":0.004267,"days":19,"spread":0.633333,"streak":9,"rank_m":5681,"pct_m":0.006039,"gas_method":"exact"},"2023-10":{"txs":92,"uniq":73,"trade":2,"nft":58,"gas":0.000554,"bal":0.007208,"days":21,"spread":0.677419,"streak":6,"rank_m":2595,"pct_m":0.002758,"gas_method":"exact"},"2023-11":{"txs":22,"uniq":18,"trade":0,"nft":9,"gas":0.00008,"bal":0.003907,"days":14,"spread":0.466667,"streak":5,"rank_m":12831,"pct_m":0.013641,"gas_method":"exact"},"2023-12":{"txs":167,"uniq":129,"trade":2,"nft":47,"gas":0.001815,"bal":0.019178,"days":26,"spread":0.83871,"streak":11,"rank_m":556,"pct_m":0.00059,"gas_method":"exact"},"2024-01":{"txs":27,"uniq":17,"trade":0,"nft":14,"gas":0.000538,"bal":0.016592,"days":13,"spread":0.419355,"streak":5,"rank_m":5800,"pct_m":0.006166,"gas_method":"exact"},"2024-02":{"txs":35,"uniq":20,"trade":0,"nft":14,"gas":0.000478,"bal":0.022452,"days":17,"spread":0.586207,"streak":7,"rank_m":11723,"pct_m":0.012463,"gas_method":"estimated"},"2024-03":{"txs":99,"uniq":53,"trade":0,"nft":37,"gas":0.002329,"bal":0.016022,"days":22,"spread":0.709677,"streak":12,"rank_m":6396,"pct_m":0.006799,"gas_method":"exact"},"2024-04":{"txs":116,"uniq":49,"trade":0,"nft":55,"gas":0.000293,"bal":0.024902,"days":22,"spread":0.733333,"streak":10,"rank_m":21842,"pct_m":0.023222,"gas_method":"estimated"},"2024-05":{"txs":149,"uniq":70,"trade":0,"nft":91,"gas":0.000104,"bal":0.051583,"days":28,"spread":0.903226,"streak":16,"rank_m":2454,"pct_m":0.002608,"gas_method":"exact"},"2024-06":{"txs":76,"uniq":41,"trade":0,"nft":37,"gas":0.000004,"bal":0.054095,"days":20,"spread":0.666667,"streak":6,"rank_m":6122,"pct_m":0.006508,"gas_method":"exact"},"2024-07":{"txs":9,"uniq":8,"trade":0,"nft":7,"gas":0.000001,"bal":0.054019,"days":3,"spread":0.096774,"streak":1,"rank_m":135444,"pct_m":0.144005,"gas_method":"estimated"},"2024-08":{"txs":19,"uniq":17,"trade":0,"nft":12,"gas":0.000001,"bal":0.053686,"days":7,"spread":0.225806,"streak":2,"rank_m":55866,"pct_m":0.059397,"gas_method":"exact"},"2024-09":{"txs":2,"uniq":2,"trade":0,"nft":2,"gas":0,"bal":0.053724,"days":1,"spread":0.033333,"streak":1,"rank_m":219207,"pct_m":0.233064,"gas_method":"estimated"},"2024-10":{"txs":7,"uniq":6,"trade":0,"nft":5,"gas":0,"bal":0.053719,"days":3,"spread":0.096774,"streak":1,"rank_m":162244,"pct_m":0.1725,"gas_method":"estimated"},"2024-11":{"txs":13,"uniq":10,"trade":0,"nft":1,"gas":0.00003,"bal":0.053665,"days":3,"spread":0.1,"streak":1,"rank_m":171794,"pct_m":0.182653,"gas_method":"exact"},"2024-12":{"txs":1,"uniq":1,"trade":0,"nft":0,"gas":0.000022,"bal":0.053671,"days":1,"spread":0.032258,"streak":1,"rank_m":457160,"pct_m":0.48606,"gas_method":"exact"},"2025-01":{"txs":2,"uniq":2,"trade":0,"nft":0,"gas":0.000052,"bal":0.053739,"days":1,"spread":0.032258,"streak":1,"rank_m":398974,"pct_m":0.424195,"gas_method":"exact"},"2025-02":{"txs":0,"uniq":0,"trade":0,"nft":0,"gas":0,"bal":0.053739,"days":0,"spread":0,"streak":0,"rank_m":505715,"pct_m":0.537684},"2025-03":{"txs":2,"uniq":2,"trade":0,"nft":0,"gas":0.000016,"bal":0.054017,"days":1,"spread":0.032258,"streak":1,"rank_m":327846,"pct_m":0.348571,"gas_method":"exact"},"2025-04":{"txs":1,"uniq":1,"trade":0,"nft":0,"gas":0.000006,"bal":0.054017,"days":1,"spread":0.033333,"streak":1,"rank_m":395347,"pct_m":0.420339,"gas_method":"exact"},"2025-05":{"txs":0,"uniq":0,"trade":0,"nft":0,"gas":0,"bal":0.054017,"days":0,"spread":0,"streak":0,"rank_m":355116,"pct_m":0.377565},"2025-06":{"txs":0,"uniq":0,"trade":0,"nft":0,"gas":0,"bal":0.054017,"days":0,"spread":0,"streak":0,"rank_m":358349,"pct_m":0.381002},"2025-07":{"txs":3,"uniq":3,"trade":0,"nft":0,"gas":0.000021,"bal":0.054208,"days":2,"spread":0.064516,"streak":1,"rank_m":220187,"pct_m":0.234106,"gas_method":"estimated"},"2025-08":{"txs":5,"uniq":4,"trade":0,"nft":0,"gas":0.000035,"bal":0.055081,"days":3,"spread":0.096774,"streak":1,"rank_m":171355,"pct_m":0.182187,"gas_method":"estimated"},"2025-09":{"txs":5,"uniq":5,"trade":0,"nft":0,"gas":0.000035,"bal":0.050087,"days":4,"spread":0.133333,"streak":2,"rank_m":128628,"pct_m":0.136759,"gas_method":"estimated"},"2025-10":{"txs":0,"uniq":0,"trade":0,"nft":0,"gas":0,"bal":0.050087,"days":0,"spread":0,"streak":0,"rank_m":253561,"pct_m":0.26959}}}