{"wallet":"0xcf9d81f8b213522fbdd53a3ccead846cd7b763df","rank":508932,"lifetime":{"months_active":15,"first":"2023-07","last":"2025-10","tx_sum":154,"uniq_sum":98,"trade_sum":0,"nft_sum":73,"gas_sum":0.002323,"avg_balance_eth_mean":0.000673,"streak_best_days":7,"gas_sum_filled":0.002323},"months":{"2023-07":{"txs":0,"uniq":0,"trade":0,"nft":0,"gas":0,"bal":0,"days":0,"spread":0,"streak":0,"rank_m":219563,"pct_m":0.233442},"2023-08":{"txs":24,"uniq":15,"trade":0,"nft":15,"gas":0.001011,"bal":0.000466,"days":13,"spread":0.419355,"streak":6,"rank_m":49237,"pct_m":0.052349,"gas_method":"exact"},"2023-09":{"txs":22,"uniq":16,"trade":0,"nft":12,"gas":0.000351,"bal":0.000593,"days":12,"spread":0.4,"streak":6,"rank_m":33615,"pct_m":0.035739,"gas_method":"exact"},"2023-10":{"txs":31,"uniq":25,"trade":0,"nft":23,"gas":0.000074,"bal":0.000398,"days":25,"spread":0.806452,"streak":7,"rank_m":27076,"pct_m":0.028787,"gas_method":"exact"},"2023-11":{"txs":19,"uniq":6,"trade":0,"nft":8,"gas":0.000147,"bal":0.000961,"days":18,"spread":0.6,"streak":7,"rank_m":27983,"pct_m":0.029751,"gas_method":"exact"},"2023-12":{"txs":6,"uniq":4,"trade":0,"nft":2,"gas":0.000335,"bal":0.001918,"days":2,"spread":0.064516,"streak":1,"rank_m":66969,"pct_m":0.071202,"gas_method":"exact"},"2024-01":{"txs":10,"uniq":3,"trade":0,"nft":0,"gas":0.000027,"bal":0.001211,"days":10,"spread":0.322581,"streak":5,"rank_m":82333,"pct_m":0.087537,"gas_method":"exact"},"2024-02":{"txs":14,"uniq":5,"trade":0,"nft":1,"gas":0.000187,"bal":0.001296,"days":4,"spread":0.137931,"streak":1,"rank_m":150947,"pct_m":0.160488,"gas_method":"estimated"},"2024-03":{"txs":8,"uniq":5,"trade":0,"nft":4,"gas":0.00016,"bal":0.001911,"days":5,"spread":0.16129,"streak":2,"rank_m":199461,"pct_m":0.212069,"gas_method":"estimated"},"2024-04":{"txs":3,"uniq":3,"trade":0,"nft":2,"gas":0.000007,"bal":0.001637,"days":2,"spread":0.066667,"streak":1,"rank_m":382733,"pct_m":0.406928,"gas_method":"estimated"},"2024-05":{"txs":1,"uniq":1,"trade":0,"nft":2,"gas":0.000001,"bal":0.000978,"days":1,"spread":0.032258,"streak":1,"rank_m":429138,"pct_m":0.456266,"gas_method":"estimated"},"2024-06":{"txs":2,"uniq":2,"trade":0,"nft":0,"gas":0,"bal":0.000972,"days":1,"spread":0.033333,"streak":1,"rank_m":457508,"pct_m":0.48643,"gas_method":"estimated"},"2024-07":{"txs":1,"uniq":1,"trade":0,"nft":0,"gas":0,"bal":0.00073,"days":1,"spread":0.032258,"streak":1,"rank_m":475036,"pct_m":0.505066,"gas_method":"estimated"},"2024-08":{"txs":0,"uniq":0,"trade":0,"nft":0,"gas":0,"bal":0.00073,"days":0,"spread":0,"streak":0,"rank_m":564467,"pct_m":0.60015},"2024-09":{"txs":0,"uniq":0,"trade":0,"nft":0,"gas":0,"bal":0.00073,"days":0,"spread":0,"streak":0,"rank_m":552952,"pct_m":0.587907},"2024-10":{"txs":4,"uniq":4,"trade":0,"nft":4,"gas":0,"bal":0.000327,"days":3,"spread":0.096774,"streak":1,"rank_m":398108,"pct_m":0.423274,"gas_method":"estimated"},"2024-11":{"txs":8,"uniq":7,"trade":0,"nft":0,"gas":0.000016,"bal":0.000383,"days":1,"spread":0.033333,"streak":1,"rank_m":389230,"pct_m":0.413835,"gas_method":"exact"},"2024-12":{"txs":0,"uniq":0,"trade":0,"nft":0,"gas":0,"bal":0.000383,"days":0,"spread":0,"streak":0,"rank_m":667632,"pct_m":0.709837},"2025-01":{"txs":0,"uniq":0,"trade":0,"nft":0,"gas":0,"bal":0.000383,"days":0,"spread":0,"streak":0,"rank_m":664154,"pct_m":0.706139},"2025-02":{"txs":0,"uniq":0,"trade":0,"nft":0,"gas":0,"bal":0.000383,"days":0,"spread":0,"streak":0,"rank_m":684875,"pct_m":0.72817},"2025-03":{"txs":0,"uniq":0,"trade":0,"nft":0,"gas":0,"bal":0.000383,"days":0,"spread":0,"streak":0,"rank_m":688373,"pct_m":0.731889},"2025-04":{"txs":0,"uniq":0,"trade":0,"nft":0,"gas":0,"bal":0.000383,"days":0,"spread":0,"streak":0,"rank_m":715496,"pct_m":0.760727},"2025-05":{"txs":0,"uniq":0,"trade":0,"nft":0,"gas":0,"bal":0.000383,"days":0,"spread":0,"streak":0,"rank_m":724891,"pct_m":0.770716},"2025-06":{"txs":0,"uniq":0,"trade":0,"nft":0,"gas":0,"bal":0.000383,"days":0,"spread":0,"streak":0,"rank_m":722130,"pct_m":0.76778},"2025-07":{"txs":0,"uniq":0,"trade":0,"nft":0,"gas":0,"bal":0.000383,"days":0,"spread":0,"streak":0,"rank_m":743511,"pct_m":0.790513},"2025-08":{"txs":0,"uniq":0,"trade":0,"nft":0,"gas":0,"bal":0.000383,"days":0,"spread":0,"streak":0,"rank_m":721010,"pct_m":0.76659},"2025-09":{"txs":1,"uniq":1,"trade":0,"nft":0,"gas":0.000007,"bal":0.000086,"days":1,"spread":0.033333,"streak":1,"rank_m":625610,"pct_m":0.665159,"gas_method":"estimated"},"2025-10":{"txs":0,"uniq":0,"trade":0,"nft":0,"gas":0,"bal":0.000086,"days":0,"spread":0,"streak":0,"rank_m":752227,"pct_m":0.79978}}}