{"wallet":"0xcf018442fbe7ba64007d0f7655e5f37f1b23d498","rank":454642,"lifetime":{"months_active":16,"first":"2023-07","last":"2025-10","tx_sum":175,"uniq_sum":131,"trade_sum":1,"nft_sum":87,"gas_sum":0.000616,"avg_balance_eth_mean":0.001997,"streak_best_days":6,"gas_sum_filled":0.000616},"months":{"2023-07":{"txs":0,"uniq":0,"trade":0,"nft":0,"gas":0,"bal":0,"days":0,"spread":0,"streak":0,"rank_m":221629,"pct_m":0.235639},"2023-08":{"txs":0,"uniq":0,"trade":0,"nft":0,"gas":0,"bal":0,"days":0,"spread":0,"streak":0,"rank_m":314068,"pct_m":0.333922},"2023-09":{"txs":0,"uniq":0,"trade":0,"nft":0,"gas":0,"bal":0,"days":0,"spread":0,"streak":0,"rank_m":331032,"pct_m":0.351958},"2023-10":{"txs":33,"uniq":23,"trade":0,"nft":9,"gas":0.000229,"bal":0.003501,"days":7,"spread":0.225806,"streak":2,"rank_m":30438,"pct_m":0.032361,"gas_method":"estimated"},"2023-11":{"txs":29,"uniq":16,"trade":0,"nft":7,"gas":0.000157,"bal":0.002301,"days":7,"spread":0.233333,"streak":2,"rank_m":19555,"pct_m":0.02079,"gas_method":"exact"},"2023-12":{"txs":3,"uniq":2,"trade":0,"nft":2,"gas":0.000081,"bal":0.001094,"days":3,"spread":0.096774,"streak":1,"rank_m":89753,"pct_m":0.095426,"gas_method":"exact"},"2024-01":{"txs":3,"uniq":3,"trade":0,"nft":1,"gas":0.000021,"bal":0.000915,"days":3,"spread":0.096774,"streak":1,"rank_m":114357,"pct_m":0.121585,"gas_method":"exact"},"2024-02":{"txs":6,"uniq":5,"trade":0,"nft":3,"gas":0.000071,"bal":0.002977,"days":2,"spread":0.068966,"streak":1,"rank_m":143974,"pct_m":0.153075,"gas_method":"estimated"},"2024-03":{"txs":1,"uniq":1,"trade":0,"nft":2,"gas":0.000018,"bal":0.00925,"days":1,"spread":0.032258,"streak":1,"rank_m":260743,"pct_m":0.277226,"gas_method":"estimated"},"2024-04":{"txs":2,"uniq":2,"trade":0,"nft":2,"gas":0.000004,"bal":0.009203,"days":1,"spread":0.033333,"streak":1,"rank_m":348318,"pct_m":0.370337,"gas_method":"estimated"},"2024-05":{"txs":3,"uniq":3,"trade":0,"nft":3,"gas":0.000002,"bal":0.008359,"days":3,"spread":0.096774,"streak":1,"rank_m":303211,"pct_m":0.322378,"gas_method":"estimated"},"2024-06":{"txs":14,"uniq":12,"trade":0,"nft":3,"gas":0,"bal":0.004429,"days":4,"spread":0.133333,"streak":2,"rank_m":186198,"pct_m":0.197968,"gas_method":"estimated"},"2024-07":{"txs":0,"uniq":0,"trade":0,"nft":0,"gas":0,"bal":0.004429,"days":0,"spread":0,"streak":0,"rank_m":495169,"pct_m":0.526471},"2024-08":{"txs":54,"uniq":46,"trade":0,"nft":50,"gas":0.000004,"bal":0.004052,"days":13,"spread":0.419355,"streak":6,"rank_m":60033,"pct_m":0.063827,"gas_method":"estimated"},"2024-09":{"txs":6,"uniq":6,"trade":0,"nft":2,"gas":0,"bal":0.001334,"days":4,"spread":0.133333,"streak":2,"rank_m":251488,"pct_m":0.267385,"gas_method":"estimated"},"2024-10":{"txs":14,"uniq":6,"trade":0,"nft":3,"gas":0.000001,"bal":0.000528,"days":5,"spread":0.16129,"streak":2,"rank_m":303674,"pct_m":0.322871,"gas_method":"estimated"},"2024-11":{"txs":3,"uniq":3,"trade":1,"nft":0,"gas":0.000007,"bal":0.000848,"days":2,"spread":0.066667,"streak":1,"rank_m":372995,"pct_m":0.396574,"gas_method":"exact"},"2024-12":{"txs":0,"uniq":0,"trade":0,"nft":0,"gas":0,"bal":0.000848,"days":0,"spread":0,"streak":0,"rank_m":647223,"pct_m":0.688138},"2025-01":{"txs":0,"uniq":0,"trade":0,"nft":0,"gas":0,"bal":0.000848,"days":0,"spread":0,"streak":0,"rank_m":637010,"pct_m":0.677279},"2025-02":{"txs":1,"uniq":1,"trade":0,"nft":0,"gas":0.000007,"bal":0.000784,"days":1,"spread":0.035714,"streak":1,"rank_m":498455,"pct_m":0.529965,"gas_method":"exact"},"2025-03":{"txs":1,"uniq":1,"trade":0,"nft":0,"gas":0.000008,"bal":0.000163,"days":1,"spread":0.032258,"streak":1,"rank_m":497229,"pct_m":0.528662,"gas_method":"exact"},"2025-04":{"txs":2,"uniq":1,"trade":0,"nft":0,"gas":0.000006,"bal":0.000006,"days":1,"spread":0.033333,"streak":1,"rank_m":565036,"pct_m":0.600755,"gas_method":"exact"},"2025-05":{"txs":0,"uniq":0,"trade":0,"nft":0,"gas":0,"bal":0.000006,"days":0,"spread":0,"streak":0,"rank_m":829121,"pct_m":0.881535},"2025-06":{"txs":0,"uniq":0,"trade":0,"nft":0,"gas":0,"bal":0.000006,"days":0,"spread":0,"streak":0,"rank_m":843213,"pct_m":0.896518},"2025-07":{"txs":0,"uniq":0,"trade":0,"nft":0,"gas":0,"bal":0.000006,"days":0,"spread":0,"streak":0,"rank_m":867565,"pct_m":0.92241},"2025-08":{"txs":0,"uniq":0,"trade":0,"nft":0,"gas":0,"bal":0.000006,"days":0,"spread":0,"streak":0,"rank_m":864834,"pct_m":0.919506},"2025-09":{"txs":0,"uniq":0,"trade":0,"nft":0,"gas":0,"bal":0.000006,"days":0,"spread":0,"streak":0,"rank_m":861663,"pct_m":0.916134},"2025-10":{"txs":0,"uniq":0,"trade":0,"nft":0,"gas":0,"bal":0.000006,"days":0,"spread":0,"streak":0,"rank_m":824890,"pct_m":0.877037}}}