{"wallet":"0xcff4f31f3624a444ec890613faa4648f54f4238b","rank":627599,"lifetime":{"months_active":14,"first":"2023-07","last":"2025-10","tx_sum":137,"uniq_sum":65,"trade_sum":2,"nft_sum":29,"gas_sum":0.001449,"avg_balance_eth_mean":0.005642,"streak_best_days":2,"gas_sum_filled":0.001449},"months":{"2023-07":{"txs":0,"uniq":0,"trade":0,"nft":0,"gas":0,"bal":0,"days":0,"spread":0,"streak":0,"rank_m":218359,"pct_m":0.232162},"2023-08":{"txs":2,"uniq":1,"trade":0,"nft":1,"gas":0.000121,"bal":0.000013,"days":2,"spread":0.064516,"streak":2,"rank_m":139363,"pct_m":0.148172,"gas_method":"exact"},"2023-09":{"txs":2,"uniq":1,"trade":0,"nft":0,"gas":0.000184,"bal":0.000595,"days":1,"spread":0.033333,"streak":1,"rank_m":137565,"pct_m":0.146261,"gas_method":"estimated"},"2023-10":{"txs":0,"uniq":0,"trade":0,"nft":0,"gas":0,"bal":0.000595,"days":0,"spread":0,"streak":0,"rank_m":182856,"pct_m":0.194415},"2023-11":{"txs":12,"uniq":12,"trade":0,"nft":12,"gas":0.000505,"bal":0.000711,"days":3,"spread":0.1,"streak":1,"rank_m":71198,"pct_m":0.075698,"gas_method":"estimated"},"2023-12":{"txs":7,"uniq":5,"trade":0,"nft":4,"gas":0.000051,"bal":0.010082,"days":5,"spread":0.16129,"streak":1,"rank_m":35444,"pct_m":0.037684,"gas_method":"exact"},"2024-01":{"txs":86,"uniq":20,"trade":2,"nft":8,"gas":0.000027,"bal":0.015847,"days":4,"spread":0.129032,"streak":1,"rank_m":20601,"pct_m":0.021902,"gas_method":"exact"},"2024-02":{"txs":8,"uniq":8,"trade":0,"nft":3,"gas":0.000325,"bal":0.012345,"days":5,"spread":0.172414,"streak":1,"rank_m":63326,"pct_m":0.067328,"gas_method":"exact"},"2024-03":{"txs":2,"uniq":2,"trade":0,"nft":0,"gas":0.000124,"bal":0.00791,"days":1,"spread":0.032258,"streak":1,"rank_m":276187,"pct_m":0.293646,"gas_method":"estimated"},"2024-04":{"txs":5,"uniq":5,"trade":0,"nft":0,"gas":0.000038,"bal":0.00762,"days":2,"spread":0.066667,"streak":1,"rank_m":342381,"pct_m":0.364025,"gas_method":"estimated"},"2024-05":{"txs":1,"uniq":1,"trade":0,"nft":0,"gas":0.000003,"bal":0.007092,"days":1,"spread":0.032258,"streak":1,"rank_m":403027,"pct_m":0.428504,"gas_method":"estimated"},"2024-06":{"txs":5,"uniq":4,"trade":0,"nft":1,"gas":0,"bal":0.006913,"days":2,"spread":0.066667,"streak":1,"rank_m":309105,"pct_m":0.328645,"gas_method":"estimated"},"2024-07":{"txs":1,"uniq":1,"trade":0,"nft":0,"gas":0,"bal":0.006281,"days":1,"spread":0.032258,"streak":1,"rank_m":399436,"pct_m":0.424686,"gas_method":"estimated"},"2024-08":{"txs":0,"uniq":0,"trade":0,"nft":0,"gas":0,"bal":0.006281,"days":0,"spread":0,"streak":0,"rank_m":486950,"pct_m":0.517733},"2024-09":{"txs":0,"uniq":0,"trade":0,"nft":0,"gas":0,"bal":0.006281,"days":0,"spread":0,"streak":0,"rank_m":454780,"pct_m":0.483529},"2024-10":{"txs":3,"uniq":2,"trade":0,"nft":0,"gas":0.000001,"bal":0.006284,"days":1,"spread":0.032258,"streak":1,"rank_m":391291,"pct_m":0.416027,"gas_method":"estimated"},"2024-11":{"txs":0,"uniq":0,"trade":0,"nft":0,"gas":0,"bal":0.006284,"days":0,"spread":0,"streak":0,"rank_m":529890,"pct_m":0.563387},"2024-12":{"txs":2,"uniq":2,"trade":0,"nft":0,"gas":0.000044,"bal":0.006281,"days":2,"spread":0.064516,"streak":2,"rank_m":440817,"pct_m":0.468683,"gas_method":"exact"},"2025-01":{"txs":1,"uniq":1,"trade":0,"nft":0,"gas":0.000026,"bal":0.005057,"days":1,"spread":0.032258,"streak":1,"rank_m":485030,"pct_m":0.515692,"gas_method":"exact"},"2025-02":{"txs":0,"uniq":0,"trade":0,"nft":0,"gas":0,"bal":0.005057,"days":0,"spread":0,"streak":0,"rank_m":583594,"pct_m":0.620487},"2025-03":{"txs":0,"uniq":0,"trade":0,"nft":0,"gas":0,"bal":0.005057,"days":0,"spread":0,"streak":0,"rank_m":566797,"pct_m":0.602628},"2025-04":{"txs":0,"uniq":0,"trade":0,"nft":0,"gas":0,"bal":0.005057,"days":0,"spread":0,"streak":0,"rank_m":602449,"pct_m":0.640533},"2025-05":{"txs":0,"uniq":0,"trade":0,"nft":0,"gas":0,"bal":0.005057,"days":0,"spread":0,"streak":0,"rank_m":532810,"pct_m":0.566492},"2025-06":{"txs":0,"uniq":0,"trade":0,"nft":0,"gas":0,"bal":0.005057,"days":0,"spread":0,"streak":0,"rank_m":538362,"pct_m":0.572395},"2025-07":{"txs":0,"uniq":0,"trade":0,"nft":0,"gas":0,"bal":0.005057,"days":0,"spread":0,"streak":0,"rank_m":561187,"pct_m":0.596663},"2025-08":{"txs":0,"uniq":0,"trade":0,"nft":0,"gas":0,"bal":0.005057,"days":0,"spread":0,"streak":0,"rank_m":533948,"pct_m":0.567702},"2025-09":{"txs":0,"uniq":0,"trade":0,"nft":0,"gas":0,"bal":0.005057,"days":0,"spread":0,"streak":0,"rank_m":525277,"pct_m":0.558483},"2025-10":{"txs":0,"uniq":0,"trade":0,"nft":0,"gas":0,"bal":0.005057,"days":0,"spread":0,"streak":0,"rank_m":422385,"pct_m":0.449086}}}