{"wallet":"0xcfaf936dffe59d36e8dea2a4db26d2b77e664db1","rank":303223,"lifetime":{"months_active":21,"first":"2023-07","last":"2025-10","tx_sum":285,"uniq_sum":165,"trade_sum":2,"nft_sum":43,"gas_sum":0.002332,"avg_balance_eth_mean":0.000513,"streak_best_days":6,"gas_sum_filled":0.002332},"months":{"2023-07":{"txs":0,"uniq":0,"trade":0,"nft":0,"gas":0,"bal":0,"days":0,"spread":0,"streak":0,"rank_m":219307,"pct_m":0.23317},"2023-08":{"txs":0,"uniq":0,"trade":0,"nft":0,"gas":0,"bal":0,"days":0,"spread":0,"streak":0,"rank_m":312024,"pct_m":0.331748},"2023-09":{"txs":0,"uniq":0,"trade":0,"nft":0,"gas":0,"bal":0,"days":0,"spread":0,"streak":0,"rank_m":328698,"pct_m":0.349477},"2023-10":{"txs":0,"uniq":0,"trade":0,"nft":0,"gas":0,"bal":0,"days":0,"spread":0,"streak":0,"rank_m":347054,"pct_m":0.368993},"2023-11":{"txs":0,"uniq":0,"trade":0,"nft":0,"gas":0,"bal":0,"days":0,"spread":0,"streak":0,"rank_m":363783,"pct_m":0.38678},"2023-12":{"txs":34,"uniq":13,"trade":0,"nft":3,"gas":0.000735,"bal":0.000179,"days":5,"spread":0.16129,"streak":4,"rank_m":73685,"pct_m":0.078342,"gas_method":"estimated"},"2024-01":{"txs":15,"uniq":11,"trade":0,"nft":0,"gas":0.000377,"bal":0.000284,"days":3,"spread":0.096774,"streak":2,"rank_m":76837,"pct_m":0.081693,"gas_method":"exact"},"2024-02":{"txs":1,"uniq":1,"trade":0,"nft":0,"gas":0.000011,"bal":0.000023,"days":1,"spread":0.034483,"streak":1,"rank_m":280702,"pct_m":0.298446,"gas_method":"estimated"},"2024-03":{"txs":22,"uniq":12,"trade":0,"nft":2,"gas":0.000375,"bal":0.000429,"days":6,"spread":0.193548,"streak":6,"rank_m":185167,"pct_m":0.196872,"gas_method":"estimated"},"2024-04":{"txs":29,"uniq":17,"trade":0,"nft":1,"gas":0.000061,"bal":0.004483,"days":12,"spread":0.4,"streak":3,"rank_m":172164,"pct_m":0.183047,"gas_method":"estimated"},"2024-05":{"txs":11,"uniq":8,"trade":0,"nft":2,"gas":0.000008,"bal":0.002356,"days":5,"spread":0.16129,"streak":2,"rank_m":267266,"pct_m":0.284161,"gas_method":"estimated"},"2024-06":{"txs":5,"uniq":3,"trade":1,"nft":1,"gas":0.000002,"bal":0.000116,"days":3,"spread":0.1,"streak":1,"rank_m":298918,"pct_m":0.317814,"gas_method":"exact"},"2024-07":{"txs":57,"uniq":29,"trade":0,"nft":6,"gas":0.000006,"bal":0.000242,"days":5,"spread":0.16129,"streak":4,"rank_m":191908,"pct_m":0.204039,"gas_method":"estimated"},"2024-08":{"txs":32,"uniq":28,"trade":0,"nft":25,"gas":0.000002,"bal":0.000302,"days":4,"spread":0.129032,"streak":1,"rank_m":259667,"pct_m":0.276082,"gas_method":"estimated"},"2024-09":{"txs":5,"uniq":4,"trade":0,"nft":1,"gas":0,"bal":0.00029,"days":1,"spread":0.033333,"streak":1,"rank_m":390090,"pct_m":0.41475,"gas_method":"estimated"},"2024-10":{"txs":0,"uniq":0,"trade":0,"nft":0,"gas":0,"bal":0.00029,"days":0,"spread":0,"streak":0,"rank_m":623223,"pct_m":0.662621},"2024-11":{"txs":5,"uniq":4,"trade":0,"nft":0,"gas":0.000011,"bal":0,"days":1,"spread":0.033333,"streak":1,"rank_m":461104,"pct_m":0.490253,"gas_method":"exact"},"2024-12":{"txs":6,"uniq":5,"trade":0,"nft":0,"gas":0.000132,"bal":0,"days":1,"spread":0.032258,"streak":1,"rank_m":508419,"pct_m":0.540559,"gas_method":"exact"},"2025-01":{"txs":11,"uniq":4,"trade":0,"nft":0,"gas":0.00026,"bal":0.000002,"days":3,"spread":0.096774,"streak":2,"rank_m":404623,"pct_m":0.430201,"gas_method":"exact"},"2025-02":{"txs":3,"uniq":2,"trade":0,"nft":0,"gas":0.000014,"bal":0.000007,"days":1,"spread":0.035714,"streak":1,"rank_m":516408,"pct_m":0.549053,"gas_method":"exact"},"2025-03":{"txs":12,"uniq":3,"trade":0,"nft":0,"gas":0.000079,"bal":0.000141,"days":3,"spread":0.096774,"streak":1,"rank_m":348219,"pct_m":0.370232,"gas_method":"exact"},"2025-04":{"txs":0,"uniq":0,"trade":0,"nft":0,"gas":0,"bal":0.000141,"days":0,"spread":0,"streak":0,"rank_m":747882,"pct_m":0.79516},"2025-05":{"txs":12,"uniq":9,"trade":0,"nft":0,"gas":0.000084,"bal":0.0017,"days":7,"spread":0.225806,"streak":3,"rank_m":217740,"pct_m":0.231504,"gas_method":"estimated"},"2025-06":{"txs":7,"uniq":4,"trade":1,"nft":0,"gas":0.000049,"bal":0.001479,"days":4,"spread":0.133333,"streak":1,"rank_m":327895,"pct_m":0.348623,"gas_method":"estimated"},"2025-07":{"txs":7,"uniq":3,"trade":0,"nft":0,"gas":0.000049,"bal":0.000262,"days":3,"spread":0.096774,"streak":2,"rank_m":519542,"pct_m":0.552385,"gas_method":"estimated"},"2025-08":{"txs":7,"uniq":4,"trade":0,"nft":0,"gas":0.000049,"bal":0.001165,"days":4,"spread":0.129032,"streak":1,"rank_m":401643,"pct_m":0.427033,"gas_method":"estimated"},"2025-09":{"txs":3,"uniq":0,"trade":0,"nft":1,"gas":0.000021,"bal":0,"days":1,"spread":0.033333,"streak":1,"rank_m":597370,"pct_m":0.635133,"gas_method":"estimated"},"2025-10":{"txs":1,"uniq":1,"trade":0,"nft":1,"gas":0.000007,"bal":0.000471,"days":1,"spread":0.032258,"streak":1,"rank_m":327568,"pct_m":0.348275,"gas_method":"estimated"}}}