{"wallet":"0xcf46a6240c114638a781195e27103183fdfcb96e","rank":446682,"lifetime":{"months_active":14,"first":"2023-07","last":"2025-10","tx_sum":160,"uniq_sum":75,"trade_sum":0,"nft_sum":50,"gas_sum":0.001986,"avg_balance_eth_mean":0.008407,"streak_best_days":15,"gas_sum_filled":0.001986},"months":{"2023-07":{"txs":0,"uniq":0,"trade":0,"nft":0,"gas":0,"bal":0,"days":0,"spread":0,"streak":0,"rank_m":220710,"pct_m":0.234662},"2023-08":{"txs":0,"uniq":0,"trade":0,"nft":0,"gas":0,"bal":0,"days":0,"spread":0,"streak":0,"rank_m":313256,"pct_m":0.333058},"2023-09":{"txs":0,"uniq":0,"trade":0,"nft":0,"gas":0,"bal":0,"days":0,"spread":0,"streak":0,"rank_m":330109,"pct_m":0.350977},"2023-10":{"txs":57,"uniq":27,"trade":0,"nft":19,"gas":0.000839,"bal":0.006718,"days":13,"spread":0.419355,"streak":3,"rank_m":15910,"pct_m":0.016915,"gas_method":"estimated"},"2023-11":{"txs":1,"uniq":1,"trade":0,"nft":0,"gas":0.000025,"bal":0.002879,"days":1,"spread":0.033333,"streak":1,"rank_m":127353,"pct_m":0.135403,"gas_method":"estimated"},"2023-12":{"txs":0,"uniq":0,"trade":0,"nft":0,"gas":0,"bal":0.002879,"days":0,"spread":0,"streak":0,"rank_m":200885,"pct_m":0.213583},"2024-01":{"txs":0,"uniq":0,"trade":0,"nft":0,"gas":0,"bal":0.002879,"days":0,"spread":0,"streak":0,"rank_m":210248,"pct_m":0.223538},"2024-02":{"txs":0,"uniq":0,"trade":0,"nft":0,"gas":0,"bal":0.002879,"days":0,"spread":0,"streak":0,"rank_m":281723,"pct_m":0.299532},"2024-03":{"txs":16,"uniq":8,"trade":0,"nft":1,"gas":0.000603,"bal":0.002017,"days":1,"spread":0.032258,"streak":1,"rank_m":239360,"pct_m":0.254491,"gas_method":"estimated"},"2024-04":{"txs":2,"uniq":2,"trade":0,"nft":1,"gas":0.000009,"bal":0.003957,"days":2,"spread":0.066667,"streak":2,"rank_m":360628,"pct_m":0.383425,"gas_method":"estimated"},"2024-05":{"txs":1,"uniq":1,"trade":0,"nft":0,"gas":0.000002,"bal":0.000936,"days":1,"spread":0.032258,"streak":1,"rank_m":458654,"pct_m":0.487648,"gas_method":"estimated"},"2024-06":{"txs":3,"uniq":3,"trade":0,"nft":1,"gas":0,"bal":0.002557,"days":2,"spread":0.066667,"streak":2,"rank_m":355766,"pct_m":0.378256,"gas_method":"estimated"},"2024-07":{"txs":0,"uniq":0,"trade":0,"nft":0,"gas":0,"bal":0.002557,"days":0,"spread":0,"streak":0,"rank_m":513446,"pct_m":0.545904},"2024-08":{"txs":52,"uniq":26,"trade":0,"nft":27,"gas":0.000009,"bal":0.010316,"days":1,"spread":0.032258,"streak":1,"rank_m":136377,"pct_m":0.144997,"gas_method":"estimated"},"2024-09":{"txs":1,"uniq":1,"trade":0,"nft":1,"gas":0,"bal":0.005333,"days":1,"spread":0.033333,"streak":1,"rank_m":331167,"pct_m":0.352102,"gas_method":"estimated"},"2024-10":{"txs":0,"uniq":0,"trade":0,"nft":0,"gas":0,"bal":0.005333,"days":0,"spread":0,"streak":0,"rank_m":512061,"pct_m":0.544431},"2024-11":{"txs":0,"uniq":0,"trade":0,"nft":0,"gas":0,"bal":0.005333,"days":0,"spread":0,"streak":0,"rank_m":535760,"pct_m":0.569629},"2024-12":{"txs":2,"uniq":2,"trade":0,"nft":0,"gas":0.000044,"bal":0.00531,"days":1,"spread":0.032258,"streak":1,"rank_m":482117,"pct_m":0.512594,"gas_method":"exact"},"2025-01":{"txs":15,"uniq":1,"trade":0,"nft":0,"gas":0.00039,"bal":0.005277,"days":15,"spread":0.483871,"streak":15,"rank_m":203372,"pct_m":0.216228,"gas_method":"exact"},"2025-02":{"txs":2,"uniq":1,"trade":0,"nft":0,"gas":0.000014,"bal":0.005038,"days":2,"spread":0.071429,"streak":1,"rank_m":408350,"pct_m":0.434164,"gas_method":"exact"},"2025-03":{"txs":3,"uniq":2,"trade":0,"nft":0,"gas":0.000016,"bal":0.006195,"days":2,"spread":0.064516,"streak":1,"rank_m":357281,"pct_m":0.379866,"gas_method":"exact"},"2025-04":{"txs":0,"uniq":0,"trade":0,"nft":0,"gas":0,"bal":0.006195,"days":0,"spread":0,"streak":0,"rank_m":593057,"pct_m":0.630548},"2025-05":{"txs":0,"uniq":0,"trade":0,"nft":0,"gas":0,"bal":0.006195,"days":0,"spread":0,"streak":0,"rank_m":513432,"pct_m":0.545889},"2025-06":{"txs":0,"uniq":0,"trade":0,"nft":0,"gas":0,"bal":0.006195,"days":0,"spread":0,"streak":0,"rank_m":518006,"pct_m":0.550752},"2025-07":{"txs":2,"uniq":0,"trade":0,"nft":0,"gas":0.000014,"bal":0.024363,"days":1,"spread":0.032258,"streak":1,"rank_m":320256,"pct_m":0.340501,"gas_method":"estimated"},"2025-08":{"txs":0,"uniq":0,"trade":0,"nft":0,"gas":0,"bal":0.024363,"days":0,"spread":0,"streak":0,"rank_m":393874,"pct_m":0.418773},"2025-09":{"txs":0,"uniq":0,"trade":0,"nft":0,"gas":0,"bal":0.024363,"days":0,"spread":0,"streak":0,"rank_m":392209,"pct_m":0.417003},"2025-10":{"txs":3,"uniq":0,"trade":0,"nft":0,"gas":0.000021,"bal":0.065327,"days":1,"spread":0.032258,"streak":1,"rank_m":144093,"pct_m":0.153201,"gas_method":"estimated"}}}