{"wallet":"0xcd786c0bac1140d48de15c968a66c4ac30859d49","rank":170374,"lifetime":{"months_active":18,"first":"2023-07","last":"2025-10","tx_sum":285,"uniq_sum":136,"trade_sum":9,"nft_sum":72,"gas_sum":0.002838,"avg_balance_eth_mean":0.307226,"streak_best_days":0,"gas_sum_filled":0.002838},"months":{"2023-07":{"txs":0,"uniq":0,"trade":0,"nft":0,"gas":0,"bal":0,"days":0,"spread":0,"streak":0,"rank_m":227108,"pct_m":0.241464},"2023-08":{"txs":0,"uniq":0,"trade":0,"nft":0,"gas":0,"bal":0,"days":0,"spread":0,"streak":0,"rank_m":318917,"pct_m":0.339077},"2023-09":{"txs":1,"uniq":1,"trade":0,"nft":0,"gas":0.00005,"bal":0.00156,"days":1,"spread":0.033333,"streak":0,"rank_m":143696,"pct_m":0.152779,"gas_method":"exact"},"2023-10":{"txs":0,"uniq":0,"trade":0,"nft":0,"gas":0,"bal":0.00156,"days":0,"spread":0,"streak":0,"rank_m":166126,"pct_m":0.176627},"2023-11":{"txs":1,"uniq":1,"trade":0,"nft":0,"gas":0.000013,"bal":0.002298,"days":1,"spread":0.033333,"streak":0,"rank_m":160010,"pct_m":0.170124,"gas_method":"estimated"},"2023-12":{"txs":14,"uniq":8,"trade":0,"nft":2,"gas":0.000352,"bal":0.005705,"days":6,"spread":0.193548,"streak":0,"rank_m":71994,"pct_m":0.076544,"gas_method":"estimated"},"2024-01":{"txs":25,"uniq":13,"trade":2,"nft":4,"gas":0.000232,"bal":0.003963,"days":6,"spread":0.193548,"streak":0,"rank_m":55360,"pct_m":0.058859,"gas_method":"exact"},"2024-02":{"txs":62,"uniq":23,"trade":7,"nft":10,"gas":0.000749,"bal":0.061674,"days":13,"spread":0.448276,"streak":0,"rank_m":22049,"pct_m":0.023442,"gas_method":"exact"},"2024-03":{"txs":49,"uniq":28,"trade":0,"nft":25,"gas":0.000971,"bal":0.00123,"days":8,"spread":0.258065,"streak":0,"rank_m":159505,"pct_m":0.169588,"gas_method":"estimated"},"2024-04":{"txs":33,"uniq":19,"trade":0,"nft":10,"gas":0.000081,"bal":0.003649,"days":9,"spread":0.3,"streak":0,"rank_m":217999,"pct_m":0.231779,"gas_method":"estimated"},"2024-05":{"txs":33,"uniq":13,"trade":0,"nft":8,"gas":0.000026,"bal":0.379022,"days":15,"spread":0.483871,"streak":0,"rank_m":71935,"pct_m":0.076482,"gas_method":"exact"},"2024-06":{"txs":17,"uniq":7,"trade":0,"nft":5,"gas":0.000001,"bal":0.008358,"days":7,"spread":0.233333,"streak":0,"rank_m":164535,"pct_m":0.174935,"gas_method":"exact"},"2024-07":{"txs":5,"uniq":3,"trade":0,"nft":3,"gas":0.000004,"bal":0.00263,"days":4,"spread":0.129032,"streak":0,"rank_m":286507,"pct_m":0.304618,"gas_method":"exact"},"2024-08":{"txs":0,"uniq":0,"trade":0,"nft":0,"gas":0,"bal":0.00263,"days":0,"spread":0,"streak":0,"rank_m":524954,"pct_m":0.558139},"2024-09":{"txs":7,"uniq":2,"trade":0,"nft":2,"gas":0,"bal":0.001058,"days":4,"spread":0.133333,"streak":0,"rank_m":350086,"pct_m":0.372217,"gas_method":"estimated"},"2024-10":{"txs":7,"uniq":2,"trade":0,"nft":2,"gas":0,"bal":0.001819,"days":6,"spread":0.193548,"streak":0,"rank_m":365900,"pct_m":0.38903,"gas_method":"estimated"},"2024-11":{"txs":6,"uniq":4,"trade":0,"nft":1,"gas":0.000014,"bal":0.437133,"days":4,"spread":0.133333,"streak":0,"rank_m":264897,"pct_m":0.281642,"gas_method":"exact"},"2024-12":{"txs":4,"uniq":3,"trade":0,"nft":0,"gas":0.000088,"bal":0.723166,"days":4,"spread":0.129032,"streak":0,"rank_m":376521,"pct_m":0.400323,"gas_method":"exact"},"2025-01":{"txs":6,"uniq":3,"trade":0,"nft":0,"gas":0.000156,"bal":0.717885,"days":2,"spread":0.064516,"streak":0,"rank_m":350609,"pct_m":0.372773,"gas_method":"exact"},"2025-02":{"txs":0,"uniq":0,"trade":0,"nft":0,"gas":0,"bal":0.717885,"days":0,"spread":0,"streak":0,"rank_m":485964,"pct_m":0.516685},"2025-03":{"txs":0,"uniq":0,"trade":0,"nft":0,"gas":0,"bal":0.717885,"days":0,"spread":0,"streak":0,"rank_m":458410,"pct_m":0.487389},"2025-04":{"txs":4,"uniq":4,"trade":0,"nft":0,"gas":0.000024,"bal":0.725578,"days":2,"spread":0.066667,"streak":0,"rank_m":310813,"pct_m":0.330461,"gas_method":"exact"},"2025-05":{"txs":0,"uniq":0,"trade":0,"nft":0,"gas":0,"bal":0.725578,"days":0,"spread":0,"streak":0,"rank_m":305619,"pct_m":0.324939},"2025-06":{"txs":0,"uniq":0,"trade":0,"nft":0,"gas":0,"bal":0.725578,"days":0,"spread":0,"streak":0,"rank_m":313011,"pct_m":0.332798},"2025-07":{"txs":0,"uniq":0,"trade":0,"nft":0,"gas":0,"bal":0.725578,"days":0,"spread":0,"streak":0,"rank_m":345596,"pct_m":0.367443},"2025-08":{"txs":0,"uniq":0,"trade":0,"nft":0,"gas":0,"bal":0.725578,"days":0,"spread":0,"streak":0,"rank_m":321775,"pct_m":0.342116},"2025-09":{"txs":9,"uniq":1,"trade":0,"nft":0,"gas":0.000063,"bal":0.825339,"days":1,"spread":0.033333,"streak":0,"rank_m":246070,"pct_m":0.261625,"gas_method":"estimated"},"2025-10":{"txs":2,"uniq":1,"trade":0,"nft":0,"gas":0.000014,"bal":0.357985,"days":1,"spread":0.032258,"streak":0,"rank_m":160064,"pct_m":0.170182,"gas_method":"estimated"}}}