{"wallet":"0xcdc751ca4ddc507bd8ec542629b8a73e9be1d439","rank":600841,"lifetime":{"months_active":14,"first":"2023-07","last":"2025-10","tx_sum":144,"uniq_sum":52,"trade_sum":4,"nft_sum":23,"gas_sum":0.001299,"avg_balance_eth_mean":0.010054,"streak_best_days":3,"gas_sum_filled":0.001299},"months":{"2023-07":{"txs":0,"uniq":0,"trade":0,"nft":0,"gas":0,"bal":0,"days":0,"spread":0,"streak":0,"rank_m":226049,"pct_m":0.240338},"2023-08":{"txs":7,"uniq":6,"trade":0,"nft":5,"gas":0.00017,"bal":0.001566,"days":6,"spread":0.193548,"streak":3,"rank_m":86531,"pct_m":0.092,"gas_method":"exact"},"2023-09":{"txs":8,"uniq":6,"trade":0,"nft":7,"gas":0.000122,"bal":0.003674,"days":8,"spread":0.266667,"streak":3,"rank_m":40517,"pct_m":0.043077,"gas_method":"exact"},"2023-10":{"txs":7,"uniq":7,"trade":0,"nft":7,"gas":0.000079,"bal":0.003344,"days":7,"spread":0.225806,"streak":3,"rank_m":45935,"pct_m":0.048838,"gas_method":"estimated"},"2023-11":{"txs":4,"uniq":3,"trade":0,"nft":0,"gas":0.000078,"bal":0.003199,"days":2,"spread":0.066667,"streak":2,"rank_m":89456,"pct_m":0.09511,"gas_method":"estimated"},"2023-12":{"txs":2,"uniq":2,"trade":0,"nft":1,"gas":0.000073,"bal":0.002687,"days":2,"spread":0.064516,"streak":1,"rank_m":113822,"pct_m":0.121017,"gas_method":"estimated"},"2024-01":{"txs":0,"uniq":0,"trade":0,"nft":0,"gas":0,"bal":0.002687,"days":0,"spread":0,"streak":0,"rank_m":211155,"pct_m":0.224503},"2024-02":{"txs":1,"uniq":1,"trade":0,"nft":1,"gas":0.000019,"bal":0.002543,"days":1,"spread":0.034483,"streak":1,"rank_m":212878,"pct_m":0.226335,"gas_method":"estimated"},"2024-03":{"txs":0,"uniq":0,"trade":0,"nft":0,"gas":0,"bal":0.002543,"days":0,"spread":0,"streak":0,"rank_m":372678,"pct_m":0.396237},"2024-04":{"txs":0,"uniq":0,"trade":0,"nft":0,"gas":0,"bal":0.002543,"days":0,"spread":0,"streak":0,"rank_m":461297,"pct_m":0.490458},"2024-05":{"txs":2,"uniq":1,"trade":0,"nft":1,"gas":0.000002,"bal":0.010701,"days":1,"spread":0.032258,"streak":1,"rank_m":360902,"pct_m":0.383716,"gas_method":"estimated"},"2024-06":{"txs":2,"uniq":1,"trade":0,"nft":0,"gas":0,"bal":0.019685,"days":2,"spread":0.066667,"streak":1,"rank_m":334064,"pct_m":0.355182,"gas_method":"estimated"},"2024-07":{"txs":4,"uniq":3,"trade":1,"nft":1,"gas":0.000003,"bal":0.028062,"days":3,"spread":0.096774,"streak":1,"rank_m":163687,"pct_m":0.174034,"gas_method":"exact"},"2024-08":{"txs":0,"uniq":0,"trade":0,"nft":0,"gas":0,"bal":0.028062,"days":0,"spread":0,"streak":0,"rank_m":429928,"pct_m":0.457106},"2024-09":{"txs":0,"uniq":0,"trade":0,"nft":0,"gas":0,"bal":0.028062,"days":0,"spread":0,"streak":0,"rank_m":389545,"pct_m":0.41417},"2024-10":{"txs":0,"uniq":0,"trade":0,"nft":0,"gas":0,"bal":0.028062,"days":0,"spread":0,"streak":0,"rank_m":439919,"pct_m":0.467729},"2024-11":{"txs":0,"uniq":0,"trade":0,"nft":0,"gas":0,"bal":0.028062,"days":0,"spread":0,"streak":0,"rank_m":491346,"pct_m":0.522407},"2024-12":{"txs":0,"uniq":0,"trade":0,"nft":0,"gas":0,"bal":0.028062,"days":0,"spread":0,"streak":0,"rank_m":555269,"pct_m":0.590371},"2025-01":{"txs":0,"uniq":0,"trade":0,"nft":0,"gas":0,"bal":0.028062,"days":0,"spread":0,"streak":0,"rank_m":537473,"pct_m":0.57145},"2025-02":{"txs":1,"uniq":1,"trade":0,"nft":0,"gas":0.000007,"bal":0.00002,"days":1,"spread":0.035714,"streak":1,"rank_m":555559,"pct_m":0.590679,"gas_method":"exact"},"2025-03":{"txs":0,"uniq":0,"trade":0,"nft":0,"gas":0,"bal":0.00002,"days":0,"spread":0,"streak":0,"rank_m":761320,"pct_m":0.809448},"2025-04":{"txs":0,"uniq":0,"trade":0,"nft":0,"gas":0,"bal":0.00002,"days":0,"spread":0,"streak":0,"rank_m":796161,"pct_m":0.846492},"2025-05":{"txs":0,"uniq":0,"trade":0,"nft":0,"gas":0,"bal":0.00002,"days":0,"spread":0,"streak":0,"rank_m":817342,"pct_m":0.869012},"2025-06":{"txs":0,"uniq":0,"trade":0,"nft":0,"gas":0,"bal":0.00002,"days":0,"spread":0,"streak":0,"rank_m":829790,"pct_m":0.882246},"2025-07":{"txs":23,"uniq":6,"trade":0,"nft":0,"gas":0.000162,"bal":0.000928,"days":4,"spread":0.129032,"streak":1,"rank_m":398359,"pct_m":0.423541,"gas_method":"estimated"},"2025-08":{"txs":53,"uniq":7,"trade":3,"nft":0,"gas":0.000373,"bal":0.005637,"days":12,"spread":0.387097,"streak":2,"rank_m":80908,"pct_m":0.086022,"gas_method":"estimated"},"2025-09":{"txs":8,"uniq":4,"trade":0,"nft":0,"gas":0.000056,"bal":0.011119,"days":4,"spread":0.133333,"streak":1,"rank_m":233134,"pct_m":0.247871,"gas_method":"estimated"},"2025-10":{"txs":22,"uniq":4,"trade":0,"nft":0,"gas":0.000155,"bal":0.01211,"days":4,"spread":0.129032,"streak":2,"rank_m":84279,"pct_m":0.089606,"gas_method":"estimated"}}}