{"wallet":"0xcdf1212101dd578a061bd678e70379e46184b895","rank":267459,"lifetime":{"months_active":17,"first":"2023-07","last":"2025-10","tx_sum":359,"uniq_sum":72,"trade_sum":7,"nft_sum":18,"gas_sum":0.001775,"avg_balance_eth_mean":0.07038,"streak_best_days":3,"gas_sum_filled":0.001775},"months":{"2023-07":{"txs":0,"uniq":0,"trade":0,"nft":0,"gas":0,"bal":0,"days":0,"spread":0,"streak":0,"rank_m":225421,"pct_m":0.239671},"2023-08":{"txs":0,"uniq":0,"trade":0,"nft":0,"gas":0,"bal":0,"days":0,"spread":0,"streak":0,"rank_m":317416,"pct_m":0.337481},"2023-09":{"txs":1,"uniq":1,"trade":0,"nft":0,"gas":0.000008,"bal":0.000011,"days":1,"spread":0.033333,"streak":1,"rank_m":147569,"pct_m":0.156897,"gas_method":"estimated"},"2023-10":{"txs":0,"uniq":0,"trade":0,"nft":0,"gas":0,"bal":0.000011,"days":0,"spread":0,"streak":0,"rank_m":218163,"pct_m":0.231954},"2023-11":{"txs":6,"uniq":4,"trade":0,"nft":1,"gas":0.000021,"bal":0.100195,"days":3,"spread":0.1,"streak":1,"rank_m":39864,"pct_m":0.042383,"gas_method":"estimated"},"2023-12":{"txs":12,"uniq":2,"trade":0,"nft":0,"gas":0.000081,"bal":0.067135,"days":1,"spread":0.032258,"streak":1,"rank_m":69928,"pct_m":0.074348,"gas_method":"estimated"},"2024-01":{"txs":200,"uniq":1,"trade":0,"nft":0,"gas":0.001251,"bal":0.101186,"days":1,"spread":0.032258,"streak":1,"rank_m":82955,"pct_m":0.088198,"gas_method":"estimated"},"2024-02":{"txs":2,"uniq":1,"trade":0,"nft":0,"gas":0.000007,"bal":0.013239,"days":2,"spread":0.068966,"streak":1,"rank_m":176314,"pct_m":0.187459,"gas_method":"estimated"},"2024-03":{"txs":28,"uniq":7,"trade":0,"nft":4,"gas":0.000055,"bal":0.010147,"days":7,"spread":0.225806,"streak":3,"rank_m":83786,"pct_m":0.089082,"gas_method":"exact"},"2024-04":{"txs":19,"uniq":7,"trade":0,"nft":2,"gas":0.000012,"bal":0.017487,"days":7,"spread":0.233333,"streak":2,"rank_m":182319,"pct_m":0.193844,"gas_method":"estimated"},"2024-05":{"txs":8,"uniq":5,"trade":0,"nft":3,"gas":0.000002,"bal":0.049006,"days":2,"spread":0.064516,"streak":1,"rank_m":230369,"pct_m":0.244931,"gas_method":"estimated"},"2024-06":{"txs":19,"uniq":4,"trade":0,"nft":0,"gas":0,"bal":0.042477,"days":2,"spread":0.066667,"streak":1,"rank_m":219737,"pct_m":0.233627,"gas_method":"estimated"},"2024-07":{"txs":8,"uniq":4,"trade":0,"nft":2,"gas":0.000004,"bal":0.026961,"days":3,"spread":0.096774,"streak":1,"rank_m":168534,"pct_m":0.179187,"gas_method":"exact"},"2024-08":{"txs":0,"uniq":0,"trade":0,"nft":0,"gas":0,"bal":0.026961,"days":0,"spread":0,"streak":0,"rank_m":430638,"pct_m":0.457861},"2024-09":{"txs":1,"uniq":1,"trade":0,"nft":0,"gas":0,"bal":0.025973,"days":1,"spread":0.033333,"streak":1,"rank_m":294098,"pct_m":0.312689,"gas_method":"estimated"},"2024-10":{"txs":17,"uniq":13,"trade":4,"nft":6,"gas":0,"bal":0.08127,"days":5,"spread":0.16129,"streak":3,"rank_m":51396,"pct_m":0.054644,"gas_method":"estimated"},"2024-11":{"txs":18,"uniq":9,"trade":3,"nft":0,"gas":0.000037,"bal":0.274421,"days":5,"spread":0.166667,"streak":1,"rank_m":104988,"pct_m":0.111624,"gas_method":"exact"},"2024-12":{"txs":0,"uniq":0,"trade":0,"nft":0,"gas":0,"bal":0.274421,"days":0,"spread":0,"streak":0,"rank_m":534254,"pct_m":0.568027},"2025-01":{"txs":10,"uniq":7,"trade":0,"nft":0,"gas":0.000234,"bal":0.171536,"days":2,"spread":0.064516,"streak":1,"rank_m":244569,"pct_m":0.260029,"gas_method":"exact"},"2025-02":{"txs":7,"uniq":4,"trade":0,"nft":0,"gas":0.000042,"bal":0.12608,"days":2,"spread":0.071429,"streak":2,"rank_m":213506,"pct_m":0.227002,"gas_method":"exact"},"2025-03":{"txs":0,"uniq":0,"trade":0,"nft":0,"gas":0,"bal":0.12608,"days":0,"spread":0,"streak":0,"rank_m":468361,"pct_m":0.497969},"2025-04":{"txs":0,"uniq":0,"trade":0,"nft":0,"gas":0,"bal":0.12608,"days":0,"spread":0,"streak":0,"rank_m":508945,"pct_m":0.541118},"2025-05":{"txs":0,"uniq":0,"trade":0,"nft":0,"gas":0,"bal":0.12608,"days":0,"spread":0,"streak":0,"rank_m":327992,"pct_m":0.348726},"2025-06":{"txs":0,"uniq":0,"trade":0,"nft":0,"gas":0,"bal":0.12608,"days":0,"spread":0,"streak":0,"rank_m":333448,"pct_m":0.354527},"2025-07":{"txs":1,"uniq":1,"trade":0,"nft":0,"gas":0.000007,"bal":0.017246,"days":1,"spread":0.032258,"streak":1,"rank_m":322278,"pct_m":0.342651,"gas_method":"estimated"},"2025-08":{"txs":0,"uniq":0,"trade":0,"nft":0,"gas":0,"bal":0.017246,"days":0,"spread":0,"streak":0,"rank_m":417945,"pct_m":0.444366},"2025-09":{"txs":0,"uniq":0,"trade":0,"nft":0,"gas":0,"bal":0.017246,"days":0,"spread":0,"streak":0,"rank_m":413182,"pct_m":0.439301},"2025-10":{"txs":2,"uniq":1,"trade":0,"nft":0,"gas":0.000014,"bal":0.006047,"days":1,"spread":0.032258,"streak":1,"rank_m":252865,"pct_m":0.26885,"gas_method":"estimated"}}}