{"wallet":"0xcd4c5c8a0a297d0a36e72206ec377e823efa06a0","rank":173900,"lifetime":{"months_active":16,"first":"2023-07","last":"2025-10","tx_sum":2620,"uniq_sum":47,"trade_sum":0,"nft_sum":10,"gas_sum":0.080209,"avg_balance_eth_mean":0.010785,"streak_best_days":12,"gas_sum_filled":0.080209},"months":{"2023-07":{"txs":0,"uniq":0,"trade":0,"nft":0,"gas":0,"bal":0,"days":0,"spread":0,"streak":0,"rank_m":227718,"pct_m":0.242113},"2023-08":{"txs":284,"uniq":1,"trade":0,"nft":0,"gas":0.043799,"bal":0.000288,"days":10,"spread":0.322581,"streak":10,"rank_m":63875,"pct_m":0.067912,"gas_method":"exact"},"2023-09":{"txs":703,"uniq":1,"trade":0,"nft":2,"gas":0.028347,"bal":0.027439,"days":22,"spread":0.733333,"streak":12,"rank_m":16190,"pct_m":0.017212,"gas_method":"exact"},"2023-10":{"txs":358,"uniq":3,"trade":0,"nft":0,"gas":0.004812,"bal":0.072074,"days":16,"spread":0.516129,"streak":5,"rank_m":14044,"pct_m":0.014931,"gas_method":"exact"},"2023-11":{"txs":287,"uniq":2,"trade":0,"nft":1,"gas":0.000031,"bal":0.067644,"days":19,"spread":0.633333,"streak":4,"rank_m":13392,"pct_m":0.014238,"gas_method":"exact"},"2023-12":{"txs":82,"uniq":4,"trade":0,"nft":0,"gas":0.000596,"bal":0.011548,"days":12,"spread":0.387097,"streak":3,"rank_m":19165,"pct_m":0.020376,"gas_method":"exact"},"2024-01":{"txs":146,"uniq":3,"trade":0,"nft":0,"gas":0.001638,"bal":0.028702,"days":26,"spread":0.83871,"streak":11,"rank_m":14172,"pct_m":0.015067,"gas_method":"exact"},"2024-02":{"txs":168,"uniq":6,"trade":0,"nft":1,"gas":0.000126,"bal":0.014227,"days":19,"spread":0.655172,"streak":7,"rank_m":24281,"pct_m":0.025815,"gas_method":"exact"},"2024-03":{"txs":18,"uniq":7,"trade":0,"nft":3,"gas":0.00056,"bal":0.002922,"days":8,"spread":0.258065,"streak":3,"rank_m":105508,"pct_m":0.112177,"gas_method":"exact"},"2024-04":{"txs":25,"uniq":1,"trade":0,"nft":0,"gas":0.000098,"bal":0.007877,"days":4,"spread":0.133333,"streak":1,"rank_m":308617,"pct_m":0.328126,"gas_method":"estimated"},"2024-05":{"txs":36,"uniq":3,"trade":0,"nft":0,"gas":0.000047,"bal":0.009856,"days":7,"spread":0.225806,"streak":5,"rank_m":198768,"pct_m":0.211333,"gas_method":"estimated"},"2024-06":{"txs":4,"uniq":2,"trade":0,"nft":0,"gas":0,"bal":0.009289,"days":3,"spread":0.1,"streak":1,"rank_m":333717,"pct_m":0.354813,"gas_method":"estimated"},"2024-07":{"txs":484,"uniq":6,"trade":0,"nft":3,"gas":0.000096,"bal":0.011168,"days":3,"spread":0.096774,"streak":2,"rank_m":113372,"pct_m":0.120538,"gas_method":"estimated"},"2024-08":{"txs":11,"uniq":2,"trade":0,"nft":0,"gas":0.000002,"bal":0.005479,"days":4,"spread":0.129032,"streak":1,"rank_m":322390,"pct_m":0.34277,"gas_method":"estimated"},"2024-09":{"txs":0,"uniq":0,"trade":0,"nft":0,"gas":0,"bal":0.005479,"days":0,"spread":0,"streak":0,"rank_m":463929,"pct_m":0.493257},"2024-10":{"txs":6,"uniq":1,"trade":0,"nft":0,"gas":0.000001,"bal":0.002425,"days":2,"spread":0.064516,"streak":1,"rank_m":415067,"pct_m":0.441306,"gas_method":"estimated"},"2024-11":{"txs":0,"uniq":0,"trade":0,"nft":0,"gas":0,"bal":0.002425,"days":0,"spread":0,"streak":0,"rank_m":560928,"pct_m":0.596388},"2024-12":{"txs":0,"uniq":0,"trade":0,"nft":0,"gas":0,"bal":0.002425,"days":0,"spread":0,"streak":0,"rank_m":619890,"pct_m":0.659077},"2025-01":{"txs":0,"uniq":0,"trade":0,"nft":0,"gas":0,"bal":0.002425,"days":0,"spread":0,"streak":0,"rank_m":605416,"pct_m":0.643688},"2025-02":{"txs":0,"uniq":0,"trade":0,"nft":0,"gas":0,"bal":0.002425,"days":0,"spread":0,"streak":0,"rank_m":613119,"pct_m":0.651878},"2025-03":{"txs":0,"uniq":0,"trade":0,"nft":0,"gas":0,"bal":0.002425,"days":0,"spread":0,"streak":0,"rank_m":599732,"pct_m":0.637645},"2025-04":{"txs":0,"uniq":0,"trade":0,"nft":0,"gas":0,"bal":0.002425,"days":0,"spread":0,"streak":0,"rank_m":632605,"pct_m":0.672596},"2025-05":{"txs":0,"uniq":0,"trade":0,"nft":0,"gas":0,"bal":0.002425,"days":0,"spread":0,"streak":0,"rank_m":592061,"pct_m":0.629489},"2025-06":{"txs":3,"uniq":2,"trade":0,"nft":0,"gas":0.000021,"bal":0.00253,"days":1,"spread":0.033333,"streak":1,"rank_m":437406,"pct_m":0.465057,"gas_method":"estimated"},"2025-07":{"txs":5,"uniq":3,"trade":0,"nft":0,"gas":0.000035,"bal":0.001518,"days":2,"spread":0.064516,"streak":2,"rank_m":423179,"pct_m":0.44993,"gas_method":"estimated"},"2025-08":{"txs":0,"uniq":0,"trade":0,"nft":0,"gas":0,"bal":0.001518,"days":0,"spread":0,"streak":0,"rank_m":626438,"pct_m":0.666039},"2025-09":{"txs":0,"uniq":0,"trade":0,"nft":0,"gas":0,"bal":0.001518,"days":0,"spread":0,"streak":0,"rank_m":612351,"pct_m":0.651061},"2025-10":{"txs":0,"uniq":0,"trade":0,"nft":0,"gas":0,"bal":0.001518,"days":0,"spread":0,"streak":0,"rank_m":521989,"pct_m":0.554987}}}