{"wallet":"0xcd79b07ccd723b69db2909b99d1adcbd43597397","rank":232664,"lifetime":{"months_active":22,"first":"2023-07","last":"2025-10","tx_sum":168,"uniq_sum":127,"trade_sum":2,"nft_sum":72,"gas_sum":0.001355,"avg_balance_eth_mean":0.009246,"streak_best_days":9,"gas_sum_filled":0.001355},"months":{"2023-07":{"txs":0,"uniq":0,"trade":0,"nft":0,"gas":0,"bal":0,"days":0,"spread":0,"streak":0,"rank_m":227088,"pct_m":0.241443},"2023-08":{"txs":12,"uniq":11,"trade":0,"nft":9,"gas":0.000699,"bal":0.001077,"days":7,"spread":0.225806,"streak":2,"rank_m":69039,"pct_m":0.073402,"gas_method":"exact"},"2023-09":{"txs":3,"uniq":3,"trade":0,"nft":1,"gas":0.000193,"bal":0.000898,"days":2,"spread":0.066667,"streak":2,"rank_m":85446,"pct_m":0.090847,"gas_method":"exact"},"2023-10":{"txs":1,"uniq":1,"trade":0,"nft":1,"gas":0.000008,"bal":0.000858,"days":1,"spread":0.032258,"streak":1,"rank_m":130008,"pct_m":0.138226,"gas_method":"estimated"},"2023-11":{"txs":1,"uniq":1,"trade":0,"nft":1,"gas":0.000013,"bal":0.000751,"days":1,"spread":0.033333,"streak":1,"rank_m":133861,"pct_m":0.142322,"gas_method":"estimated"},"2023-12":{"txs":2,"uniq":2,"trade":0,"nft":1,"gas":0.000049,"bal":0.000555,"days":2,"spread":0.064516,"streak":1,"rank_m":147195,"pct_m":0.156499,"gas_method":"estimated"},"2024-01":{"txs":0,"uniq":0,"trade":0,"nft":0,"gas":0,"bal":0.000555,"days":0,"spread":0,"streak":0,"rank_m":224907,"pct_m":0.239124},"2024-02":{"txs":0,"uniq":0,"trade":0,"nft":0,"gas":0,"bal":0.000555,"days":0,"spread":0,"streak":0,"rank_m":295819,"pct_m":0.314519},"2024-03":{"txs":4,"uniq":3,"trade":0,"nft":1,"gas":0.000077,"bal":0.000388,"days":3,"spread":0.096774,"streak":1,"rank_m":307781,"pct_m":0.327237,"gas_method":"estimated"},"2024-04":{"txs":5,"uniq":4,"trade":2,"nft":0,"gas":0.000012,"bal":0.002409,"days":3,"spread":0.1,"streak":2,"rank_m":306254,"pct_m":0.325614,"gas_method":"estimated"},"2024-05":{"txs":2,"uniq":2,"trade":0,"nft":2,"gas":0.000002,"bal":0.002206,"days":2,"spread":0.064516,"streak":2,"rank_m":369816,"pct_m":0.393194,"gas_method":"estimated"},"2024-06":{"txs":0,"uniq":0,"trade":0,"nft":0,"gas":0,"bal":0.002206,"days":0,"spread":0,"streak":0,"rank_m":509109,"pct_m":0.541293},"2024-07":{"txs":21,"uniq":15,"trade":0,"nft":18,"gas":0.000003,"bal":0.001531,"days":8,"spread":0.258065,"streak":7,"rank_m":136749,"pct_m":0.145393,"gas_method":"estimated"},"2024-08":{"txs":60,"uniq":39,"trade":0,"nft":36,"gas":0.000005,"bal":0.00371,"days":15,"spread":0.483871,"streak":9,"rank_m":58758,"pct_m":0.062471,"gas_method":"estimated"},"2024-09":{"txs":7,"uniq":4,"trade":0,"nft":1,"gas":0,"bal":0.006361,"days":4,"spread":0.133333,"streak":2,"rank_m":199735,"pct_m":0.212361,"gas_method":"estimated"},"2024-10":{"txs":1,"uniq":1,"trade":0,"nft":1,"gas":0,"bal":0.010639,"days":1,"spread":0.032258,"streak":1,"rank_m":325324,"pct_m":0.345889,"gas_method":"exact"},"2024-11":{"txs":14,"uniq":12,"trade":0,"nft":0,"gas":0.000032,"bal":0.011169,"days":13,"spread":0.433333,"streak":9,"rank_m":123338,"pct_m":0.131134,"gas_method":"exact"},"2024-12":{"txs":0,"uniq":0,"trade":0,"nft":0,"gas":0,"bal":0.011169,"days":0,"spread":0,"streak":0,"rank_m":574458,"pct_m":0.610773},"2025-01":{"txs":1,"uniq":1,"trade":0,"nft":0,"gas":0.000026,"bal":0.011519,"days":1,"spread":0.032258,"streak":1,"rank_m":458985,"pct_m":0.488,"gas_method":"exact"},"2025-02":{"txs":6,"uniq":5,"trade":0,"nft":0,"gas":0.000042,"bal":0.017867,"days":4,"spread":0.142857,"streak":2,"rank_m":208637,"pct_m":0.221826,"gas_method":"exact"},"2025-03":{"txs":1,"uniq":1,"trade":0,"nft":0,"gas":0.000008,"bal":0.027506,"days":1,"spread":0.032258,"streak":1,"rank_m":369016,"pct_m":0.392343,"gas_method":"exact"},"2025-04":{"txs":3,"uniq":3,"trade":0,"nft":0,"gas":0.000018,"bal":0.02716,"days":3,"spread":0.1,"streak":1,"rank_m":296918,"pct_m":0.315687,"gas_method":"exact"},"2025-05":{"txs":8,"uniq":6,"trade":0,"nft":0,"gas":0.000056,"bal":0.025977,"days":6,"spread":0.193548,"streak":2,"rank_m":78430,"pct_m":0.083387,"gas_method":"estimated"},"2025-06":{"txs":7,"uniq":6,"trade":0,"nft":0,"gas":0.000049,"bal":0.022397,"days":5,"spread":0.166667,"streak":2,"rank_m":151600,"pct_m":0.161183,"gas_method":"estimated"},"2025-07":{"txs":3,"uniq":3,"trade":0,"nft":0,"gas":0.000021,"bal":0.017832,"days":1,"spread":0.032258,"streak":1,"rank_m":285954,"pct_m":0.30403,"gas_method":"estimated"},"2025-08":{"txs":2,"uniq":1,"trade":0,"nft":0,"gas":0.000014,"bal":0.017823,"days":2,"spread":0.064516,"streak":1,"rank_m":276473,"pct_m":0.29395,"gas_method":"estimated"},"2025-09":{"txs":4,"uniq":3,"trade":0,"nft":0,"gas":0.000028,"bal":0.016892,"days":4,"spread":0.133333,"streak":1,"rank_m":227493,"pct_m":0.241874,"gas_method":"estimated"},"2025-10":{"txs":0,"uniq":0,"trade":0,"nft":0,"gas":0,"bal":0.016892,"days":0,"spread":0,"streak":0,"rank_m":306909,"pct_m":0.32631}}}