{"wallet":"0xcdd0c27b5f27e2f3651cb6436183914693ebda02","rank":113930,"lifetime":{"months_active":26,"first":"2023-07","last":"2025-10","tx_sum":389,"uniq_sum":176,"trade_sum":1,"nft_sum":83,"gas_sum":0.006007,"avg_balance_eth_mean":0.002663,"streak_best_days":15,"gas_sum_filled":0.006007},"months":{"2023-07":{"txs":0,"uniq":0,"trade":0,"nft":0,"gas":0,"bal":0,"days":0,"spread":0,"streak":0,"rank_m":225901,"pct_m":0.240181},"2023-08":{"txs":23,"uniq":13,"trade":0,"nft":9,"gas":0.002264,"bal":0.0028,"days":13,"spread":0.419355,"streak":2,"rank_m":42959,"pct_m":0.045674,"gas_method":"exact"},"2023-09":{"txs":53,"uniq":22,"trade":0,"nft":21,"gas":0.001748,"bal":0.003496,"days":26,"spread":0.866667,"streak":14,"rank_m":9402,"pct_m":0.009995,"gas_method":"exact"},"2023-10":{"txs":32,"uniq":16,"trade":1,"nft":11,"gas":0.00008,"bal":0.001631,"days":16,"spread":0.516129,"streak":5,"rank_m":18744,"pct_m":0.019928,"gas_method":"exact"},"2023-11":{"txs":10,"uniq":8,"trade":0,"nft":5,"gas":0.000054,"bal":0.001914,"days":7,"spread":0.233333,"streak":1,"rank_m":37834,"pct_m":0.040225,"gas_method":"exact"},"2023-12":{"txs":1,"uniq":1,"trade":0,"nft":1,"gas":0.000023,"bal":0.000053,"days":1,"spread":0.032258,"streak":1,"rank_m":181631,"pct_m":0.193112,"gas_method":"estimated"},"2024-01":{"txs":0,"uniq":0,"trade":0,"nft":0,"gas":0,"bal":0.000053,"days":0,"spread":0,"streak":0,"rank_m":264682,"pct_m":0.281414},"2024-02":{"txs":2,"uniq":2,"trade":0,"nft":2,"gas":0.000024,"bal":0.00031,"days":2,"spread":0.068966,"streak":2,"rank_m":216571,"pct_m":0.230261,"gas_method":"estimated"},"2024-03":{"txs":8,"uniq":5,"trade":0,"nft":3,"gas":0.000146,"bal":0.000597,"days":3,"spread":0.096774,"streak":1,"rank_m":264238,"pct_m":0.280942,"gas_method":"estimated"},"2024-04":{"txs":16,"uniq":7,"trade":0,"nft":5,"gas":0.000036,"bal":0.000379,"days":6,"spread":0.2,"streak":2,"rank_m":314662,"pct_m":0.334553,"gas_method":"estimated"},"2024-05":{"txs":9,"uniq":4,"trade":0,"nft":5,"gas":0.000007,"bal":0.000269,"days":6,"spread":0.193548,"streak":2,"rank_m":331939,"pct_m":0.352922,"gas_method":"estimated"},"2024-06":{"txs":2,"uniq":2,"trade":0,"nft":2,"gas":0,"bal":0.00033,"days":1,"spread":0.033333,"streak":1,"rank_m":442809,"pct_m":0.470801,"gas_method":"estimated"},"2024-07":{"txs":3,"uniq":2,"trade":0,"nft":2,"gas":0.000001,"bal":0.000298,"days":3,"spread":0.096774,"streak":1,"rank_m":338420,"pct_m":0.359813,"gas_method":"exact"},"2024-08":{"txs":8,"uniq":5,"trade":0,"nft":5,"gas":0.000001,"bal":0.000303,"days":5,"spread":0.16129,"streak":2,"rank_m":344568,"pct_m":0.36635,"gas_method":"estimated"},"2024-09":{"txs":3,"uniq":1,"trade":0,"nft":1,"gas":0,"bal":0.000292,"days":2,"spread":0.066667,"streak":2,"rank_m":395422,"pct_m":0.420419,"gas_method":"estimated"},"2024-10":{"txs":8,"uniq":5,"trade":0,"nft":4,"gas":0,"bal":0.000227,"days":6,"spread":0.193548,"streak":2,"rank_m":343296,"pct_m":0.364997,"gas_method":"estimated"},"2024-11":{"txs":6,"uniq":3,"trade":0,"nft":1,"gas":0.000014,"bal":0.000722,"days":4,"spread":0.133333,"streak":1,"rank_m":348567,"pct_m":0.370602,"gas_method":"exact"},"2024-12":{"txs":7,"uniq":5,"trade":0,"nft":1,"gas":0.000132,"bal":0.00059,"days":5,"spread":0.16129,"streak":1,"rank_m":365965,"pct_m":0.389099,"gas_method":"exact"},"2025-01":{"txs":6,"uniq":4,"trade":0,"nft":1,"gas":0.00013,"bal":0.000766,"days":5,"spread":0.16129,"streak":2,"rank_m":328113,"pct_m":0.348855,"gas_method":"exact"},"2025-02":{"txs":3,"uniq":3,"trade":0,"nft":0,"gas":0.000021,"bal":0.001105,"days":2,"spread":0.071429,"streak":1,"rank_m":410214,"pct_m":0.436146,"gas_method":"exact"},"2025-03":{"txs":21,"uniq":10,"trade":0,"nft":0,"gas":0.000158,"bal":0.001905,"days":3,"spread":0.096774,"streak":1,"rank_m":205235,"pct_m":0.218208,"gas_method":"exact"},"2025-04":{"txs":15,"uniq":7,"trade":0,"nft":1,"gas":0.000091,"bal":0.008435,"days":8,"spread":0.266667,"streak":2,"rank_m":96342,"pct_m":0.102431,"gas_method":"exact"},"2025-05":{"txs":7,"uniq":7,"trade":0,"nft":0,"gas":0.000049,"bal":0.008521,"days":4,"spread":0.129032,"streak":1,"rank_m":169680,"pct_m":0.180406,"gas_method":"estimated"},"2025-06":{"txs":47,"uniq":19,"trade":0,"nft":0,"gas":0.000331,"bal":0.008656,"days":18,"spread":0.6,"streak":5,"rank_m":63712,"pct_m":0.067739,"gas_method":"estimated"},"2025-07":{"txs":32,"uniq":10,"trade":0,"nft":2,"gas":0.000225,"bal":0.005666,"days":13,"spread":0.419355,"streak":3,"rank_m":102922,"pct_m":0.109427,"gas_method":"estimated"},"2025-08":{"txs":16,"uniq":8,"trade":0,"nft":0,"gas":0.000113,"bal":0.009143,"days":10,"spread":0.322581,"streak":3,"rank_m":139079,"pct_m":0.14787,"gas_method":"estimated"},"2025-09":{"txs":27,"uniq":4,"trade":0,"nft":1,"gas":0.00019,"bal":0.008466,"days":8,"spread":0.266667,"streak":2,"rank_m":123340,"pct_m":0.131136,"gas_method":"estimated"},"2025-10":{"txs":24,"uniq":3,"trade":0,"nft":0,"gas":0.000169,"bal":0.007643,"days":6,"spread":0.193548,"streak":2,"rank_m":110029,"pct_m":0.116984,"gas_method":"estimated"}}}