{"wallet":"0xcd1806fbb6d0ac34a765d429ab3da59c66760008","rank":481599,"lifetime":{"months_active":14,"first":"2023-07","last":"2025-10","tx_sum":230,"uniq_sum":82,"trade_sum":2,"nft_sum":5,"gas_sum":0.001813,"avg_balance_eth_mean":0.004212,"streak_best_days":3,"gas_sum_filled":0.001813},"months":{"2023-07":{"txs":0,"uniq":0,"trade":0,"nft":0,"gas":0,"bal":0,"days":0,"spread":0,"streak":0,"rank_m":228404,"pct_m":0.242842},"2023-08":{"txs":1,"uniq":1,"trade":0,"nft":1,"gas":0.000186,"bal":0.000237,"days":1,"spread":0.032258,"streak":1,"rank_m":144587,"pct_m":0.153726,"gas_method":"exact"},"2023-09":{"txs":12,"uniq":7,"trade":0,"nft":2,"gas":0.000068,"bal":0.004813,"days":2,"spread":0.066667,"streak":1,"rank_m":59797,"pct_m":0.063576,"gas_method":"exact"},"2023-10":{"txs":5,"uniq":3,"trade":0,"nft":1,"gas":0.000171,"bal":0.003628,"days":1,"spread":0.032258,"streak":1,"rank_m":72124,"pct_m":0.076682,"gas_method":"exact"},"2023-11":{"txs":0,"uniq":0,"trade":0,"nft":0,"gas":0,"bal":0.003628,"days":0,"spread":0,"streak":0,"rank_m":173357,"pct_m":0.184315},"2023-12":{"txs":0,"uniq":0,"trade":0,"nft":0,"gas":0,"bal":0.003628,"days":0,"spread":0,"streak":0,"rank_m":199968,"pct_m":0.212608},"2024-01":{"txs":0,"uniq":0,"trade":0,"nft":0,"gas":0,"bal":0.003628,"days":0,"spread":0,"streak":0,"rank_m":209305,"pct_m":0.222536},"2024-02":{"txs":0,"uniq":0,"trade":0,"nft":0,"gas":0,"bal":0.003628,"days":0,"spread":0,"streak":0,"rank_m":279920,"pct_m":0.297615},"2024-03":{"txs":0,"uniq":0,"trade":0,"nft":0,"gas":0,"bal":0.003628,"days":0,"spread":0,"streak":0,"rank_m":367076,"pct_m":0.390281},"2024-04":{"txs":4,"uniq":3,"trade":0,"nft":0,"gas":0.000026,"bal":0.004108,"days":1,"spread":0.033333,"streak":1,"rank_m":386205,"pct_m":0.410619,"gas_method":"estimated"},"2024-05":{"txs":9,"uniq":8,"trade":0,"nft":1,"gas":0.000019,"bal":0.00621,"days":1,"spread":0.032258,"streak":1,"rank_m":309530,"pct_m":0.329097,"gas_method":"estimated"},"2024-06":{"txs":6,"uniq":5,"trade":0,"nft":0,"gas":0,"bal":0.007182,"days":1,"spread":0.033333,"streak":1,"rank_m":338721,"pct_m":0.360133,"gas_method":"estimated"},"2024-07":{"txs":0,"uniq":0,"trade":0,"nft":0,"gas":0,"bal":0.007182,"days":0,"spread":0,"streak":0,"rank_m":475144,"pct_m":0.505181},"2024-08":{"txs":1,"uniq":1,"trade":0,"nft":0,"gas":0,"bal":0.001509,"days":1,"spread":0.032258,"streak":1,"rank_m":461060,"pct_m":0.490206,"gas_method":"estimated"},"2024-09":{"txs":0,"uniq":0,"trade":0,"nft":0,"gas":0,"bal":0.001509,"days":0,"spread":0,"streak":0,"rank_m":521696,"pct_m":0.554675},"2024-10":{"txs":0,"uniq":0,"trade":0,"nft":0,"gas":0,"bal":0.001509,"days":0,"spread":0,"streak":0,"rank_m":568933,"pct_m":0.604899},"2024-11":{"txs":0,"uniq":0,"trade":0,"nft":0,"gas":0,"bal":0.001509,"days":0,"spread":0,"streak":0,"rank_m":574759,"pct_m":0.611093},"2024-12":{"txs":0,"uniq":0,"trade":0,"nft":0,"gas":0,"bal":0.001509,"days":0,"spread":0,"streak":0,"rank_m":631352,"pct_m":0.671264},"2025-01":{"txs":0,"uniq":0,"trade":0,"nft":0,"gas":0,"bal":0.001509,"days":0,"spread":0,"streak":0,"rank_m":618280,"pct_m":0.657365},"2025-02":{"txs":6,"uniq":4,"trade":0,"nft":0,"gas":0.000035,"bal":0.003346,"days":5,"spread":0.178571,"streak":2,"rank_m":270090,"pct_m":0.287163,"gas_method":"exact"},"2025-03":{"txs":0,"uniq":0,"trade":0,"nft":0,"gas":0,"bal":0.003346,"days":0,"spread":0,"streak":0,"rank_m":587113,"pct_m":0.624228},"2025-04":{"txs":0,"uniq":0,"trade":0,"nft":0,"gas":0,"bal":0.003346,"days":0,"spread":0,"streak":0,"rank_m":621299,"pct_m":0.660575},"2025-05":{"txs":5,"uniq":2,"trade":0,"nft":0,"gas":0.000035,"bal":0.004246,"days":4,"spread":0.129032,"streak":1,"rank_m":286026,"pct_m":0.304107,"gas_method":"estimated"},"2025-06":{"txs":37,"uniq":14,"trade":0,"nft":0,"gas":0.00026,"bal":0.009657,"days":11,"spread":0.366667,"streak":2,"rank_m":107136,"pct_m":0.113908,"gas_method":"estimated"},"2025-07":{"txs":35,"uniq":14,"trade":0,"nft":0,"gas":0.000246,"bal":0.01146,"days":10,"spread":0.322581,"streak":2,"rank_m":101595,"pct_m":0.108017,"gas_method":"estimated"},"2025-08":{"txs":35,"uniq":11,"trade":2,"nft":0,"gas":0.000246,"bal":0.009755,"days":12,"spread":0.387097,"streak":3,"rank_m":48769,"pct_m":0.051851,"gas_method":"estimated"},"2025-09":{"txs":30,"uniq":7,"trade":0,"nft":0,"gas":0.000211,"bal":0.007167,"days":11,"spread":0.366667,"streak":2,"rank_m":141631,"pct_m":0.150584,"gas_method":"estimated"},"2025-10":{"txs":44,"uniq":2,"trade":0,"nft":0,"gas":0.00031,"bal":0.005051,"days":6,"spread":0.193548,"streak":2,"rank_m":140902,"pct_m":0.149808,"gas_method":"estimated"}}}