{"wallet":"0xcde797fd82c0208cb96a26018d616ff31a99b006","rank":360869,"lifetime":{"months_active":15,"first":"2023-07","last":"2025-10","tx_sum":164,"uniq_sum":94,"trade_sum":0,"nft_sum":40,"gas_sum":0.008659,"avg_balance_eth_mean":0.004381,"streak_best_days":6,"gas_sum_filled":0.008659},"months":{"2023-07":{"txs":0,"uniq":0,"trade":0,"nft":0,"gas":0,"bal":0,"days":0,"spread":0,"streak":0,"rank_m":225568,"pct_m":0.239827},"2023-08":{"txs":81,"uniq":54,"trade":0,"nft":26,"gas":0.007816,"bal":0.019336,"days":19,"spread":0.612903,"streak":5,"rank_m":6213,"pct_m":0.006605,"gas_method":"exact"},"2023-09":{"txs":20,"uniq":8,"trade":0,"nft":1,"gas":0.00062,"bal":0.008851,"days":13,"spread":0.433333,"streak":3,"rank_m":26591,"pct_m":0.028271,"gas_method":"exact"},"2023-10":{"txs":1,"uniq":1,"trade":0,"nft":2,"gas":0.000006,"bal":0.008041,"days":1,"spread":0.032258,"streak":1,"rank_m":90968,"pct_m":0.096718,"gas_method":"estimated"},"2023-11":{"txs":3,"uniq":2,"trade":0,"nft":0,"gas":0.000032,"bal":0.006142,"days":1,"spread":0.033333,"streak":1,"rank_m":97933,"pct_m":0.104123,"gas_method":"estimated"},"2023-12":{"txs":0,"uniq":0,"trade":0,"nft":0,"gas":0,"bal":0.006142,"days":0,"spread":0,"streak":0,"rank_m":195648,"pct_m":0.208015},"2024-01":{"txs":11,"uniq":3,"trade":0,"nft":1,"gas":0.000014,"bal":0.004863,"days":9,"spread":0.290323,"streak":4,"rank_m":57519,"pct_m":0.061154,"gas_method":"exact"},"2024-02":{"txs":6,"uniq":5,"trade":0,"nft":3,"gas":0.000063,"bal":0.011549,"days":5,"spread":0.172414,"streak":2,"rank_m":80587,"pct_m":0.08568,"gas_method":"estimated"},"2024-03":{"txs":3,"uniq":2,"trade":0,"nft":1,"gas":0.000047,"bal":0.010911,"days":3,"spread":0.096774,"streak":1,"rank_m":228259,"pct_m":0.242688,"gas_method":"estimated"},"2024-04":{"txs":8,"uniq":3,"trade":0,"nft":2,"gas":0.000015,"bal":0.009155,"days":7,"spread":0.233333,"streak":6,"rank_m":233574,"pct_m":0.248339,"gas_method":"estimated"},"2024-05":{"txs":21,"uniq":9,"trade":0,"nft":3,"gas":0.000005,"bal":0.006327,"days":7,"spread":0.225806,"streak":2,"rank_m":141733,"pct_m":0.150692,"gas_method":"exact"},"2024-06":{"txs":3,"uniq":2,"trade":0,"nft":1,"gas":0,"bal":0.001995,"days":2,"spread":0.066667,"streak":1,"rank_m":338580,"pct_m":0.359983,"gas_method":"exact"},"2024-07":{"txs":0,"uniq":0,"trade":0,"nft":0,"gas":0,"bal":0.001995,"days":0,"spread":0,"streak":0,"rank_m":520898,"pct_m":0.553827},"2024-08":{"txs":0,"uniq":0,"trade":0,"nft":0,"gas":0,"bal":0.001995,"days":0,"spread":0,"streak":0,"rank_m":533217,"pct_m":0.566925},"2024-09":{"txs":0,"uniq":0,"trade":0,"nft":0,"gas":0,"bal":0.001995,"days":0,"spread":0,"streak":0,"rank_m":509082,"pct_m":0.541264},"2024-10":{"txs":1,"uniq":1,"trade":0,"nft":0,"gas":0,"bal":0.001949,"days":1,"spread":0.032258,"streak":1,"rank_m":464926,"pct_m":0.494317,"gas_method":"estimated"},"2024-11":{"txs":0,"uniq":0,"trade":0,"nft":0,"gas":0,"bal":0.001949,"days":0,"spread":0,"streak":0,"rank_m":566607,"pct_m":0.602426},"2024-12":{"txs":0,"uniq":0,"trade":0,"nft":0,"gas":0,"bal":0.001949,"days":0,"spread":0,"streak":0,"rank_m":625021,"pct_m":0.664532},"2025-01":{"txs":0,"uniq":0,"trade":0,"nft":0,"gas":0,"bal":0.001949,"days":0,"spread":0,"streak":0,"rank_m":610754,"pct_m":0.649364},"2025-02":{"txs":1,"uniq":1,"trade":0,"nft":0,"gas":0.000007,"bal":0.001948,"days":1,"spread":0.035714,"streak":1,"rank_m":474209,"pct_m":0.504186,"gas_method":"exact"},"2025-03":{"txs":0,"uniq":0,"trade":0,"nft":0,"gas":0,"bal":0.001948,"days":0,"spread":0,"streak":0,"rank_m":608620,"pct_m":0.647095},"2025-04":{"txs":1,"uniq":1,"trade":0,"nft":0,"gas":0.000006,"bal":0.001947,"days":1,"spread":0.033333,"streak":1,"rank_m":481009,"pct_m":0.511416,"gas_method":"exact"},"2025-05":{"txs":0,"uniq":0,"trade":0,"nft":0,"gas":0,"bal":0.001947,"days":0,"spread":0,"streak":0,"rank_m":607509,"pct_m":0.645913},"2025-06":{"txs":0,"uniq":0,"trade":0,"nft":0,"gas":0,"bal":0.001947,"days":0,"spread":0,"streak":0,"rank_m":613046,"pct_m":0.6518},"2025-07":{"txs":0,"uniq":0,"trade":0,"nft":0,"gas":0,"bal":0.001947,"days":0,"spread":0,"streak":0,"rank_m":630586,"pct_m":0.670449},"2025-08":{"txs":0,"uniq":0,"trade":0,"nft":0,"gas":0,"bal":0.001947,"days":0,"spread":0,"streak":0,"rank_m":609973,"pct_m":0.648533},"2025-09":{"txs":2,"uniq":2,"trade":0,"nft":0,"gas":0.000014,"bal":0.001947,"days":2,"spread":0.066667,"streak":1,"rank_m":418717,"pct_m":0.445186,"gas_method":"estimated"},"2025-10":{"txs":2,"uniq":0,"trade":0,"nft":0,"gas":0.000014,"bal":0,"days":1,"spread":0.032258,"streak":1,"rank_m":693877,"pct_m":0.737741,"gas_method":"estimated"}}}