{"wallet":"0xcdb9357e6a2aeda314eeafed40e1cdfc5e94f1ac","rank":399854,"lifetime":{"months_active":20,"first":"2023-07","last":"2025-10","tx_sum":279,"uniq_sum":39,"trade_sum":4,"nft_sum":13,"gas_sum":0.002074,"avg_balance_eth_mean":0.001543,"streak_best_days":25,"gas_sum_filled":0.002074},"months":{"2023-07":{"txs":0,"uniq":0,"trade":0,"nft":0,"gas":0,"bal":0,"days":0,"spread":0,"streak":0,"rank_m":226252,"pct_m":0.240554},"2023-08":{"txs":3,"uniq":2,"trade":0,"nft":1,"gas":0.000152,"bal":0.000262,"days":2,"spread":0.064516,"streak":1,"rank_m":135773,"pct_m":0.144355,"gas_method":"exact"},"2023-09":{"txs":2,"uniq":2,"trade":0,"nft":3,"gas":0.000045,"bal":0.001207,"days":2,"spread":0.066667,"streak":2,"rank_m":97344,"pct_m":0.103497,"gas_method":"estimated"},"2023-10":{"txs":1,"uniq":1,"trade":0,"nft":1,"gas":0.000006,"bal":0.001181,"days":1,"spread":0.032258,"streak":1,"rank_m":125459,"pct_m":0.133389,"gas_method":"estimated"},"2023-11":{"txs":2,"uniq":1,"trade":0,"nft":0,"gas":0.000021,"bal":0.00104,"days":1,"spread":0.033333,"streak":1,"rank_m":141496,"pct_m":0.15044,"gas_method":"estimated"},"2023-12":{"txs":0,"uniq":0,"trade":0,"nft":0,"gas":0,"bal":0.00104,"days":0,"spread":0,"streak":0,"rank_m":208189,"pct_m":0.221349},"2024-01":{"txs":0,"uniq":0,"trade":0,"nft":0,"gas":0,"bal":0.00104,"days":0,"spread":0,"streak":0,"rank_m":218593,"pct_m":0.232411},"2024-02":{"txs":0,"uniq":0,"trade":0,"nft":0,"gas":0,"bal":0.00104,"days":0,"spread":0,"streak":0,"rank_m":290680,"pct_m":0.309055},"2024-03":{"txs":0,"uniq":0,"trade":0,"nft":0,"gas":0,"bal":0.00104,"days":0,"spread":0,"streak":0,"rank_m":384503,"pct_m":0.408809},"2024-04":{"txs":2,"uniq":1,"trade":0,"nft":0,"gas":0.000004,"bal":0.002536,"days":1,"spread":0.033333,"streak":1,"rank_m":413281,"pct_m":0.439407,"gas_method":"estimated"},"2024-05":{"txs":2,"uniq":2,"trade":0,"nft":2,"gas":0.000001,"bal":0.004486,"days":2,"spread":0.064516,"streak":1,"rank_m":364178,"pct_m":0.387199,"gas_method":"estimated"},"2024-06":{"txs":1,"uniq":1,"trade":0,"nft":1,"gas":0,"bal":0.00268,"days":1,"spread":0.033333,"streak":1,"rank_m":414441,"pct_m":0.44064,"gas_method":"estimated"},"2024-07":{"txs":1,"uniq":1,"trade":0,"nft":1,"gas":0,"bal":0.001945,"days":1,"spread":0.032258,"streak":1,"rank_m":413669,"pct_m":0.439819,"gas_method":"estimated"},"2024-08":{"txs":2,"uniq":2,"trade":0,"nft":2,"gas":0,"bal":0.001468,"days":2,"spread":0.064516,"streak":1,"rank_m":393784,"pct_m":0.418677,"gas_method":"estimated"},"2024-09":{"txs":2,"uniq":2,"trade":0,"nft":1,"gas":0,"bal":0.001752,"days":2,"spread":0.066667,"streak":1,"rank_m":345663,"pct_m":0.367514,"gas_method":"estimated"},"2024-10":{"txs":1,"uniq":1,"trade":0,"nft":1,"gas":0,"bal":0.001859,"days":1,"spread":0.032258,"streak":1,"rank_m":431751,"pct_m":0.459044,"gas_method":"estimated"},"2024-11":{"txs":1,"uniq":1,"trade":0,"nft":0,"gas":0.000002,"bal":0.001785,"days":1,"spread":0.033333,"streak":1,"rank_m":465574,"pct_m":0.495006,"gas_method":"exact"},"2024-12":{"txs":0,"uniq":0,"trade":0,"nft":0,"gas":0,"bal":0.001785,"days":0,"spread":0,"streak":0,"rank_m":627121,"pct_m":0.666765},"2025-01":{"txs":2,"uniq":2,"trade":0,"nft":0,"gas":0.000052,"bal":0.001049,"days":2,"spread":0.064516,"streak":1,"rank_m":480701,"pct_m":0.511089,"gas_method":"exact"},"2025-02":{"txs":1,"uniq":1,"trade":0,"nft":0,"gas":0.000007,"bal":0.000548,"days":1,"spread":0.035714,"streak":1,"rank_m":507964,"pct_m":0.540075,"gas_method":"exact"},"2025-03":{"txs":2,"uniq":1,"trade":0,"nft":0,"gas":0.000008,"bal":0.000538,"days":1,"spread":0.032258,"streak":1,"rank_m":470217,"pct_m":0.499942,"gas_method":"exact"},"2025-04":{"txs":5,"uniq":4,"trade":0,"nft":0,"gas":0.000024,"bal":0.000508,"days":2,"spread":0.066667,"streak":1,"rank_m":405399,"pct_m":0.431026,"gas_method":"exact"},"2025-05":{"txs":45,"uniq":7,"trade":0,"nft":0,"gas":0.000317,"bal":0.001267,"days":9,"spread":0.290323,"streak":8,"rank_m":199143,"pct_m":0.211731,"gas_method":"estimated"},"2025-06":{"txs":0,"uniq":0,"trade":0,"nft":0,"gas":0,"bal":0.001267,"days":0,"spread":0,"streak":0,"rank_m":642614,"pct_m":0.683238},"2025-07":{"txs":166,"uniq":3,"trade":2,"nft":0,"gas":0.001168,"bal":0.003419,"days":28,"spread":0.903226,"streak":19,"rank_m":86687,"pct_m":0.092166,"gas_method":"estimated"},"2025-08":{"txs":35,"uniq":2,"trade":2,"nft":0,"gas":0.000246,"bal":0.002732,"days":9,"spread":0.290323,"streak":6,"rank_m":175396,"pct_m":0.186483,"gas_method":"estimated"},"2025-09":{"txs":0,"uniq":0,"trade":0,"nft":0,"gas":0,"bal":0.002732,"days":0,"spread":0,"streak":0,"rank_m":574653,"pct_m":0.61098},"2025-10":{"txs":3,"uniq":2,"trade":0,"nft":0,"gas":0.000021,"bal":0.000997,"days":1,"spread":0.032258,"streak":1,"rank_m":346773,"pct_m":0.368694,"gas_method":"estimated"}}}