{"wallet":"0xcd44ba3033e5ebe5654662f62c4cbf19cd08fa75","rank":550582,"lifetime":{"months_active":17,"first":"2023-07","last":"2025-10","tx_sum":126,"uniq_sum":75,"trade_sum":0,"nft_sum":30,"gas_sum":0.001978,"avg_balance_eth_mean":0.005203,"streak_best_days":3,"gas_sum_filled":0.001978},"months":{"2023-07":{"txs":0,"uniq":0,"trade":0,"nft":0,"gas":0,"bal":0,"days":0,"spread":0,"streak":0,"rank_m":227829,"pct_m":0.242231},"2023-08":{"txs":8,"uniq":6,"trade":0,"nft":4,"gas":0.000854,"bal":0.00361,"days":3,"spread":0.096774,"streak":1,"rank_m":87941,"pct_m":0.093499,"gas_method":"exact"},"2023-09":{"txs":2,"uniq":2,"trade":0,"nft":0,"gas":0.000089,"bal":0.00406,"days":1,"spread":0.033333,"streak":1,"rank_m":100601,"pct_m":0.10696,"gas_method":"exact"},"2023-10":{"txs":34,"uniq":7,"trade":0,"nft":2,"gas":0.000059,"bal":0.006254,"days":2,"spread":0.064516,"streak":1,"rank_m":39243,"pct_m":0.041723,"gas_method":"exact"},"2023-11":{"txs":3,"uniq":3,"trade":0,"nft":1,"gas":0.000059,"bal":0.011161,"days":3,"spread":0.1,"streak":1,"rank_m":52776,"pct_m":0.056111,"gas_method":"exact"},"2023-12":{"txs":2,"uniq":2,"trade":0,"nft":1,"gas":0.000101,"bal":0.01111,"days":2,"spread":0.064516,"streak":1,"rank_m":86184,"pct_m":0.091631,"gas_method":"estimated"},"2024-01":{"txs":1,"uniq":1,"trade":0,"nft":1,"gas":0.000047,"bal":0.010769,"days":1,"spread":0.032258,"streak":1,"rank_m":121299,"pct_m":0.128966,"gas_method":"estimated"},"2024-02":{"txs":2,"uniq":2,"trade":0,"nft":1,"gas":0.000053,"bal":0.010654,"days":2,"spread":0.068966,"streak":1,"rank_m":157527,"pct_m":0.167484,"gas_method":"estimated"},"2024-03":{"txs":9,"uniq":7,"trade":0,"nft":1,"gas":0.000357,"bal":0.010611,"days":3,"spread":0.096774,"streak":1,"rank_m":184783,"pct_m":0.196464,"gas_method":"estimated"},"2024-04":{"txs":6,"uniq":2,"trade":0,"nft":0,"gas":0.000029,"bal":0.011354,"days":3,"spread":0.1,"streak":3,"rank_m":305622,"pct_m":0.324942,"gas_method":"estimated"},"2024-05":{"txs":7,"uniq":6,"trade":0,"nft":1,"gas":0.00003,"bal":0.009675,"days":2,"spread":0.064516,"streak":1,"rank_m":253426,"pct_m":0.269446,"gas_method":"exact"},"2024-06":{"txs":1,"uniq":1,"trade":0,"nft":0,"gas":0,"bal":0.010208,"days":1,"spread":0.033333,"streak":1,"rank_m":385542,"pct_m":0.409914,"gas_method":"estimated"},"2024-07":{"txs":0,"uniq":0,"trade":0,"nft":0,"gas":0,"bal":0.010208,"days":0,"spread":0,"streak":0,"rank_m":458745,"pct_m":0.487745},"2024-08":{"txs":20,"uniq":16,"trade":0,"nft":16,"gas":0.000004,"bal":0.011922,"days":5,"spread":0.16129,"streak":2,"rank_m":106328,"pct_m":0.113049,"gas_method":"estimated"},"2024-09":{"txs":7,"uniq":4,"trade":0,"nft":1,"gas":0.000001,"bal":0.006937,"days":2,"spread":0.066667,"streak":1,"rank_m":238677,"pct_m":0.253765,"gas_method":"estimated"},"2024-10":{"txs":1,"uniq":1,"trade":0,"nft":0,"gas":0,"bal":0.004974,"days":1,"spread":0.032258,"streak":1,"rank_m":427088,"pct_m":0.454087,"gas_method":"estimated"},"2024-11":{"txs":3,"uniq":3,"trade":0,"nft":0,"gas":0.000007,"bal":0.000801,"days":2,"spread":0.066667,"streak":1,"rank_m":428620,"pct_m":0.455715,"gas_method":"exact"},"2024-12":{"txs":6,"uniq":6,"trade":0,"nft":1,"gas":0.000132,"bal":0.000473,"days":3,"spread":0.096774,"streak":1,"rank_m":388313,"pct_m":0.41286,"gas_method":"exact"},"2025-01":{"txs":14,"uniq":6,"trade":0,"nft":0,"gas":0.000156,"bal":0.001089,"days":3,"spread":0.096774,"streak":1,"rank_m":354300,"pct_m":0.376697,"gas_method":"exact"},"2025-02":{"txs":0,"uniq":0,"trade":0,"nft":0,"gas":0,"bal":0.001089,"days":0,"spread":0,"streak":0,"rank_m":643039,"pct_m":0.683689},"2025-03":{"txs":0,"uniq":0,"trade":0,"nft":0,"gas":0,"bal":0.001089,"days":0,"spread":0,"streak":0,"rank_m":636575,"pct_m":0.676817},"2025-04":{"txs":0,"uniq":0,"trade":0,"nft":0,"gas":0,"bal":0.001089,"days":0,"spread":0,"streak":0,"rank_m":665125,"pct_m":0.707172},"2025-05":{"txs":0,"uniq":0,"trade":0,"nft":0,"gas":0,"bal":0.001089,"days":0,"spread":0,"streak":0,"rank_m":651145,"pct_m":0.692308},"2025-06":{"txs":0,"uniq":0,"trade":0,"nft":0,"gas":0,"bal":0.001089,"days":0,"spread":0,"streak":0,"rank_m":653805,"pct_m":0.695136},"2025-07":{"txs":0,"uniq":0,"trade":0,"nft":0,"gas":0,"bal":0.001089,"days":0,"spread":0,"streak":0,"rank_m":671191,"pct_m":0.713621},"2025-08":{"txs":0,"uniq":0,"trade":0,"nft":0,"gas":0,"bal":0.001089,"days":0,"spread":0,"streak":0,"rank_m":649894,"pct_m":0.690978},"2025-09":{"txs":0,"uniq":0,"trade":0,"nft":0,"gas":0,"bal":0.001089,"days":0,"spread":0,"streak":0,"rank_m":635048,"pct_m":0.675193},"2025-10":{"txs":0,"uniq":0,"trade":0,"nft":0,"gas":0,"bal":0.001089,"days":0,"spread":0,"streak":0,"rank_m":550218,"pct_m":0.585001}}}