{"wallet":"0xcd008d2f07978ff31d0369c23b1a1adcf4379a1f","rank":362597,"lifetime":{"months_active":11,"first":"2023-07","last":"2025-10","tx_sum":173,"uniq_sum":105,"trade_sum":59,"nft_sum":49,"gas_sum":0.001593,"avg_balance_eth_mean":0.006125,"streak_best_days":5,"gas_sum_filled":0.001593},"months":{"2023-07":{"txs":3,"uniq":2,"trade":0,"nft":1,"gas":0.000527,"bal":0.000194,"days":1,"spread":0.032258,"streak":1,"rank_m":34638,"pct_m":0.036827,"gas_method":"estimated"},"2023-08":{"txs":2,"uniq":4,"trade":0,"nft":2,"gas":0.000047,"bal":0.00155,"days":2,"spread":0.064516,"streak":1,"rank_m":123268,"pct_m":0.13106,"gas_method":"exact"},"2023-09":{"txs":0,"uniq":0,"trade":0,"nft":0,"gas":0,"bal":0.00155,"days":0,"spread":0,"streak":0,"rank_m":167662,"pct_m":0.17826},"2023-10":{"txs":0,"uniq":0,"trade":0,"nft":0,"gas":0,"bal":0.00155,"days":0,"spread":0,"streak":0,"rank_m":166310,"pct_m":0.176823},"2023-11":{"txs":0,"uniq":0,"trade":0,"nft":0,"gas":0,"bal":0.00155,"days":0,"spread":0,"streak":0,"rank_m":178920,"pct_m":0.19023},"2023-12":{"txs":0,"uniq":0,"trade":0,"nft":0,"gas":0,"bal":0.00155,"days":0,"spread":0,"streak":0,"rank_m":205522,"pct_m":0.218514},"2024-01":{"txs":0,"uniq":0,"trade":0,"nft":0,"gas":0,"bal":0.00155,"days":0,"spread":0,"streak":0,"rank_m":215470,"pct_m":0.22909},"2024-02":{"txs":0,"uniq":0,"trade":0,"nft":0,"gas":0,"bal":0.00155,"days":0,"spread":0,"streak":0,"rank_m":288070,"pct_m":0.30628},"2024-03":{"txs":17,"uniq":12,"trade":2,"nft":4,"gas":0.000599,"bal":0.00541,"days":4,"spread":0.129032,"streak":2,"rank_m":119286,"pct_m":0.126826,"gas_method":"estimated"},"2024-04":{"txs":2,"uniq":2,"trade":0,"nft":0,"gas":0.000009,"bal":0.020893,"days":1,"spread":0.033333,"streak":1,"rank_m":347250,"pct_m":0.369201,"gas_method":"estimated"},"2024-05":{"txs":6,"uniq":4,"trade":0,"nft":0,"gas":0.000009,"bal":0.020388,"days":2,"spread":0.064516,"streak":1,"rank_m":296822,"pct_m":0.315585,"gas_method":"estimated"},"2024-06":{"txs":0,"uniq":0,"trade":0,"nft":0,"gas":0,"bal":0.020388,"days":0,"spread":0,"streak":0,"rank_m":437439,"pct_m":0.465092},"2024-07":{"txs":2,"uniq":2,"trade":0,"nft":0,"gas":0,"bal":0.010704,"days":1,"spread":0.032258,"streak":1,"rank_m":352477,"pct_m":0.374759,"gas_method":"estimated"},"2024-08":{"txs":43,"uniq":40,"trade":0,"nft":42,"gas":0.000007,"bal":0.009594,"days":9,"spread":0.290323,"streak":5,"rank_m":45099,"pct_m":0.047949,"gas_method":"estimated"},"2024-09":{"txs":0,"uniq":0,"trade":0,"nft":0,"gas":0,"bal":0.009594,"days":0,"spread":0,"streak":0,"rank_m":434243,"pct_m":0.461694},"2024-10":{"txs":0,"uniq":0,"trade":0,"nft":0,"gas":0,"bal":0.009594,"days":0,"spread":0,"streak":0,"rank_m":482470,"pct_m":0.51297},"2024-11":{"txs":2,"uniq":0,"trade":0,"nft":0,"gas":0.000009,"bal":0.019745,"days":2,"spread":0.066667,"streak":1,"rank_m":421525,"pct_m":0.448172,"gas_method":"estimated"},"2024-12":{"txs":8,"uniq":7,"trade":0,"nft":0,"gas":0.000154,"bal":0.00582,"days":2,"spread":0.064516,"streak":1,"rank_m":359268,"pct_m":0.381979,"gas_method":"exact"},"2025-01":{"txs":0,"uniq":0,"trade":0,"nft":0,"gas":0,"bal":0.00582,"days":0,"spread":0,"streak":0,"rank_m":579923,"pct_m":0.616583},"2025-02":{"txs":0,"uniq":0,"trade":0,"nft":0,"gas":0,"bal":0.00582,"days":0,"spread":0,"streak":0,"rank_m":578084,"pct_m":0.614628},"2025-03":{"txs":29,"uniq":11,"trade":20,"nft":0,"gas":0.000229,"bal":0.002513,"days":8,"spread":0.258065,"streak":2,"rank_m":85448,"pct_m":0.090849,"gas_method":"exact"},"2025-04":{"txs":59,"uniq":21,"trade":37,"nft":0,"gas":0.000003,"bal":0.002026,"days":12,"spread":0.4,"streak":2,"rank_m":105311,"pct_m":0.111967,"gas_method":"exact"},"2025-05":{"txs":0,"uniq":0,"trade":0,"nft":0,"gas":0,"bal":0.002026,"days":0,"spread":0,"streak":0,"rank_m":604832,"pct_m":0.643067},"2025-06":{"txs":0,"uniq":0,"trade":0,"nft":0,"gas":0,"bal":0.002026,"days":0,"spread":0,"streak":0,"rank_m":610555,"pct_m":0.649152},"2025-07":{"txs":0,"uniq":0,"trade":0,"nft":0,"gas":0,"bal":0.002026,"days":0,"spread":0,"streak":0,"rank_m":628179,"pct_m":0.66789},"2025-08":{"txs":0,"uniq":0,"trade":0,"nft":0,"gas":0,"bal":0.002026,"days":0,"spread":0,"streak":0,"rank_m":607412,"pct_m":0.64581},"2025-09":{"txs":0,"uniq":0,"trade":0,"nft":0,"gas":0,"bal":0.002026,"days":0,"spread":0,"streak":0,"rank_m":594134,"pct_m":0.631693},"2025-10":{"txs":0,"uniq":0,"trade":0,"nft":0,"gas":0,"bal":0.002026,"days":0,"spread":0,"streak":0,"rank_m":499284,"pct_m":0.530847}}}