{"wallet":"0xcd811fa372efc3e765f3d4a62fe25f0d81b71ba5","rank":186072,"lifetime":{"months_active":19,"first":"2023-07","last":"2025-10","tx_sum":289,"uniq_sum":166,"trade_sum":3,"nft_sum":37,"gas_sum":0.007865,"avg_balance_eth_mean":0.004782,"streak_best_days":3,"gas_sum_filled":0.007865},"months":{"2023-07":{"txs":0,"uniq":0,"trade":0,"nft":0,"gas":0,"bal":0,"days":0,"spread":0,"streak":0,"rank_m":226992,"pct_m":0.241341},"2023-08":{"txs":39,"uniq":27,"trade":0,"nft":4,"gas":0.004375,"bal":0.001175,"days":4,"spread":0.129032,"streak":2,"rank_m":51294,"pct_m":0.054536,"gas_method":"exact"},"2023-09":{"txs":27,"uniq":17,"trade":0,"nft":4,"gas":0.000481,"bal":0.002148,"days":5,"spread":0.166667,"streak":1,"rank_m":37227,"pct_m":0.039579,"gas_method":"exact"},"2023-10":{"txs":12,"uniq":9,"trade":0,"nft":2,"gas":0.000219,"bal":0.001515,"days":3,"spread":0.096774,"streak":1,"rank_m":49886,"pct_m":0.053039,"gas_method":"exact"},"2023-11":{"txs":14,"uniq":11,"trade":0,"nft":3,"gas":0.000316,"bal":0.001299,"days":4,"spread":0.133333,"streak":1,"rank_m":39605,"pct_m":0.042108,"gas_method":"exact"},"2023-12":{"txs":11,"uniq":7,"trade":0,"nft":3,"gas":0.000651,"bal":0.000556,"days":3,"spread":0.096774,"streak":1,"rank_m":94387,"pct_m":0.100353,"gas_method":"estimated"},"2024-01":{"txs":12,"uniq":8,"trade":0,"nft":2,"gas":0.000119,"bal":0.00126,"days":4,"spread":0.129032,"streak":1,"rank_m":65821,"pct_m":0.069981,"gas_method":"exact"},"2024-02":{"txs":15,"uniq":9,"trade":0,"nft":2,"gas":0.000467,"bal":0.000752,"days":5,"spread":0.172414,"streak":2,"rank_m":126440,"pct_m":0.134432,"gas_method":"estimated"},"2024-03":{"txs":9,"uniq":5,"trade":0,"nft":0,"gas":0.00042,"bal":0.001923,"days":4,"spread":0.129032,"streak":3,"rank_m":230029,"pct_m":0.24457,"gas_method":"estimated"},"2024-04":{"txs":18,"uniq":8,"trade":0,"nft":2,"gas":0.000104,"bal":0.000768,"days":7,"spread":0.233333,"streak":2,"rank_m":300925,"pct_m":0.319948,"gas_method":"estimated"},"2024-05":{"txs":13,"uniq":7,"trade":0,"nft":1,"gas":0.000025,"bal":0.00035,"days":4,"spread":0.129032,"streak":2,"rank_m":346172,"pct_m":0.368055,"gas_method":"estimated"},"2024-06":{"txs":24,"uniq":13,"trade":1,"nft":4,"gas":0,"bal":0.002609,"days":8,"spread":0.266667,"streak":1,"rank_m":114624,"pct_m":0.121869,"gas_method":"exact"},"2024-07":{"txs":21,"uniq":9,"trade":0,"nft":3,"gas":0.000006,"bal":0.001685,"days":6,"spread":0.193548,"streak":2,"rank_m":197972,"pct_m":0.210486,"gas_method":"estimated"},"2024-08":{"txs":8,"uniq":6,"trade":0,"nft":1,"gas":0.000002,"bal":0.003388,"days":4,"spread":0.129032,"streak":1,"rank_m":297488,"pct_m":0.316293,"gas_method":"estimated"},"2024-09":{"txs":2,"uniq":2,"trade":0,"nft":2,"gas":0,"bal":0.000783,"days":2,"spread":0.066667,"streak":1,"rank_m":367255,"pct_m":0.390471,"gas_method":"estimated"},"2024-10":{"txs":14,"uniq":5,"trade":0,"nft":4,"gas":0,"bal":0.001255,"days":3,"spread":0.096774,"streak":1,"rank_m":239611,"pct_m":0.254758,"gas_method":"exact"},"2024-11":{"txs":18,"uniq":8,"trade":0,"nft":0,"gas":0.000041,"bal":0.006365,"days":3,"spread":0.1,"streak":1,"rank_m":235243,"pct_m":0.250113,"gas_method":"exact"},"2024-12":{"txs":20,"uniq":8,"trade":0,"nft":0,"gas":0.000441,"bal":0.010643,"days":4,"spread":0.129032,"streak":1,"rank_m":242448,"pct_m":0.257774,"gas_method":"exact"},"2025-01":{"txs":6,"uniq":3,"trade":0,"nft":0,"gas":0.000156,"bal":0.007219,"days":2,"spread":0.064516,"streak":1,"rank_m":362004,"pct_m":0.384888,"gas_method":"exact"},"2025-02":{"txs":0,"uniq":0,"trade":0,"nft":0,"gas":0,"bal":0.007219,"days":0,"spread":0,"streak":0,"rank_m":567641,"pct_m":0.603525},"2025-03":{"txs":0,"uniq":0,"trade":0,"nft":0,"gas":0,"bal":0.007219,"days":0,"spread":0,"streak":0,"rank_m":549513,"pct_m":0.584251},"2025-04":{"txs":0,"uniq":0,"trade":0,"nft":0,"gas":0,"bal":0.007219,"days":0,"spread":0,"streak":0,"rank_m":586861,"pct_m":0.62396},"2025-05":{"txs":6,"uniq":4,"trade":2,"nft":0,"gas":0.000042,"bal":0.011093,"days":1,"spread":0.032258,"streak":1,"rank_m":172936,"pct_m":0.183868,"gas_method":"estimated"},"2025-06":{"txs":0,"uniq":0,"trade":0,"nft":0,"gas":0,"bal":0.011093,"days":0,"spread":0,"streak":0,"rank_m":460704,"pct_m":0.489828},"2025-07":{"txs":0,"uniq":0,"trade":0,"nft":0,"gas":0,"bal":0.011093,"days":0,"spread":0,"streak":0,"rank_m":485557,"pct_m":0.516252},"2025-08":{"txs":0,"uniq":0,"trade":0,"nft":0,"gas":0,"bal":0.011093,"days":0,"spread":0,"streak":0,"rank_m":455256,"pct_m":0.484035},"2025-09":{"txs":0,"uniq":0,"trade":0,"nft":0,"gas":0,"bal":0.011093,"days":0,"spread":0,"streak":0,"rank_m":449449,"pct_m":0.477861},"2025-10":{"txs":0,"uniq":0,"trade":0,"nft":0,"gas":0,"bal":0.011093,"days":0,"spread":0,"streak":0,"rank_m":342254,"pct_m":0.36389}}}