{"wallet":"0xcddd314c90f3240d0d4d91398f8ea27a9b96b3f9","rank":197887,"lifetime":{"months_active":17,"first":"2023-07","last":"2025-10","tx_sum":218,"uniq_sum":108,"trade_sum":9,"nft_sum":21,"gas_sum":0.003202,"avg_balance_eth_mean":0.039179,"streak_best_days":3,"gas_sum_filled":0.003202},"months":{"2023-07":{"txs":0,"uniq":0,"trade":0,"nft":0,"gas":0,"bal":0,"days":0,"spread":0,"streak":0,"rank_m":225708,"pct_m":0.239976},"2023-08":{"txs":19,"uniq":5,"trade":0,"nft":1,"gas":0.001606,"bal":0.012746,"days":4,"spread":0.129032,"streak":1,"rank_m":71822,"pct_m":0.076361,"gas_method":"exact"},"2023-09":{"txs":0,"uniq":0,"trade":0,"nft":0,"gas":0,"bal":0.012746,"days":0,"spread":0,"streak":0,"rank_m":152200,"pct_m":0.161821},"2023-10":{"txs":0,"uniq":0,"trade":0,"nft":0,"gas":0,"bal":0.012746,"days":0,"spread":0,"streak":0,"rank_m":155784,"pct_m":0.165631},"2023-11":{"txs":0,"uniq":0,"trade":0,"nft":0,"gas":0,"bal":0.012746,"days":0,"spread":0,"streak":0,"rank_m":164769,"pct_m":0.175184},"2023-12":{"txs":3,"uniq":1,"trade":0,"nft":0,"gas":0.000069,"bal":0.025514,"days":2,"spread":0.064516,"streak":1,"rank_m":92379,"pct_m":0.098218,"gas_method":"estimated"},"2024-01":{"txs":2,"uniq":2,"trade":0,"nft":1,"gas":0.000043,"bal":0.017866,"days":2,"spread":0.064516,"streak":1,"rank_m":96885,"pct_m":0.103009,"gas_method":"estimated"},"2024-02":{"txs":0,"uniq":0,"trade":0,"nft":0,"gas":0,"bal":0.017866,"days":0,"spread":0,"streak":0,"rank_m":260144,"pct_m":0.276589},"2024-03":{"txs":9,"uniq":4,"trade":0,"nft":3,"gas":0.000164,"bal":0.008144,"days":2,"spread":0.064516,"streak":1,"rank_m":201944,"pct_m":0.214709,"gas_method":"estimated"},"2024-04":{"txs":2,"uniq":2,"trade":0,"nft":2,"gas":0.000004,"bal":0.009286,"days":2,"spread":0.066667,"streak":1,"rank_m":337716,"pct_m":0.359065,"gas_method":"estimated"},"2024-05":{"txs":0,"uniq":0,"trade":0,"nft":0,"gas":0,"bal":0.009286,"days":0,"spread":0,"streak":0,"rank_m":454421,"pct_m":0.483147},"2024-06":{"txs":0,"uniq":0,"trade":0,"nft":0,"gas":0,"bal":0.009286,"days":0,"spread":0,"streak":0,"rank_m":464441,"pct_m":0.493801},"2024-07":{"txs":0,"uniq":0,"trade":0,"nft":0,"gas":0,"bal":0.009286,"days":0,"spread":0,"streak":0,"rank_m":463816,"pct_m":0.493136},"2024-08":{"txs":6,"uniq":5,"trade":0,"nft":2,"gas":0.000003,"bal":0.006975,"days":2,"spread":0.064516,"streak":1,"rank_m":241178,"pct_m":0.256424,"gas_method":"exact"},"2024-09":{"txs":7,"uniq":5,"trade":0,"nft":3,"gas":0,"bal":0.065335,"days":4,"spread":0.133333,"streak":2,"rank_m":101358,"pct_m":0.107765,"gas_method":"estimated"},"2024-10":{"txs":32,"uniq":20,"trade":0,"nft":9,"gas":0.000017,"bal":0.133564,"days":9,"spread":0.290323,"streak":2,"rank_m":26344,"pct_m":0.028008,"gas_method":"exact"},"2024-11":{"txs":5,"uniq":5,"trade":0,"nft":0,"gas":0.000011,"bal":0.095485,"days":3,"spread":0.1,"streak":1,"rank_m":277286,"pct_m":0.294814,"gas_method":"exact"},"2024-12":{"txs":23,"uniq":11,"trade":0,"nft":0,"gas":0.000463,"bal":0.119672,"days":5,"spread":0.16129,"streak":2,"rank_m":143657,"pct_m":0.152738,"gas_method":"exact"},"2025-01":{"txs":4,"uniq":3,"trade":0,"nft":0,"gas":0.000078,"bal":0.114803,"days":2,"spread":0.064516,"streak":1,"rank_m":348016,"pct_m":0.370016,"gas_method":"exact"},"2025-02":{"txs":33,"uniq":15,"trade":4,"nft":0,"gas":0.000232,"bal":0.057829,"days":7,"spread":0.25,"streak":2,"rank_m":28361,"pct_m":0.030153,"gas_method":"exact"},"2025-03":{"txs":7,"uniq":6,"trade":2,"nft":0,"gas":0.000055,"bal":0.051679,"days":1,"spread":0.032258,"streak":1,"rank_m":181063,"pct_m":0.192508,"gas_method":"exact"},"2025-04":{"txs":7,"uniq":7,"trade":3,"nft":0,"gas":0.000042,"bal":0.055323,"days":4,"spread":0.133333,"streak":1,"rank_m":124799,"pct_m":0.132687,"gas_method":"exact"},"2025-05":{"txs":49,"uniq":11,"trade":0,"nft":0,"gas":0.000345,"bal":0.034942,"days":5,"spread":0.16129,"streak":2,"rank_m":42534,"pct_m":0.045222,"gas_method":"estimated"},"2025-06":{"txs":2,"uniq":2,"trade":0,"nft":0,"gas":0.000014,"bal":0.037171,"days":1,"spread":0.033333,"streak":1,"rank_m":239673,"pct_m":0.254824,"gas_method":"estimated"},"2025-07":{"txs":0,"uniq":0,"trade":0,"nft":0,"gas":0,"bal":0.037171,"days":0,"spread":0,"streak":0,"rank_m":399585,"pct_m":0.424845},"2025-08":{"txs":0,"uniq":0,"trade":0,"nft":0,"gas":0,"bal":0.037171,"days":0,"spread":0,"streak":0,"rank_m":375001,"pct_m":0.398707},"2025-09":{"txs":8,"uniq":4,"trade":0,"nft":0,"gas":0.000056,"bal":0.046181,"days":1,"spread":0.033333,"streak":1,"rank_m":195279,"pct_m":0.207623,"gas_method":"estimated"},"2025-10":{"txs":0,"uniq":0,"trade":0,"nft":0,"gas":0,"bal":0.046181,"days":0,"spread":0,"streak":0,"rank_m":256996,"pct_m":0.273242}}}