{"wallet":"0xcddfc56a6cb5be03af9b148d642ae095220e0cde","rank":485128,"lifetime":{"months_active":19,"first":"2023-07","last":"2025-10","tx_sum":119,"uniq_sum":67,"trade_sum":1,"nft_sum":33,"gas_sum":0.000809,"avg_balance_eth_mean":0.01298,"streak_best_days":5,"gas_sum_filled":0.000809},"months":{"2023-07":{"txs":0,"uniq":0,"trade":0,"nft":0,"gas":0,"bal":0,"days":0,"spread":0,"streak":0,"rank_m":225675,"pct_m":0.239941},"2023-08":{"txs":1,"uniq":1,"trade":0,"nft":1,"gas":0.000088,"bal":0.000948,"days":1,"spread":0.032258,"streak":1,"rank_m":140909,"pct_m":0.149816,"gas_method":"exact"},"2023-09":{"txs":7,"uniq":6,"trade":0,"nft":0,"gas":0.000221,"bal":0.000565,"days":4,"spread":0.133333,"streak":2,"rank_m":73534,"pct_m":0.078182,"gas_method":"exact"},"2023-10":{"txs":2,"uniq":2,"trade":0,"nft":1,"gas":0.000016,"bal":0.000097,"days":2,"spread":0.064516,"streak":2,"rank_m":128269,"pct_m":0.136377,"gas_method":"estimated"},"2023-11":{"txs":0,"uniq":0,"trade":0,"nft":0,"gas":0,"bal":0.000097,"days":0,"spread":0,"streak":0,"rank_m":219307,"pct_m":0.23317},"2023-12":{"txs":0,"uniq":0,"trade":0,"nft":0,"gas":0,"bal":0.000097,"days":0,"spread":0,"streak":0,"rank_m":245525,"pct_m":0.261046},"2024-01":{"txs":0,"uniq":0,"trade":0,"nft":0,"gas":0,"bal":0.000097,"days":0,"spread":0,"streak":0,"rank_m":257751,"pct_m":0.274044},"2024-02":{"txs":0,"uniq":0,"trade":0,"nft":0,"gas":0,"bal":0.000097,"days":0,"spread":0,"streak":0,"rank_m":322744,"pct_m":0.343146},"2024-03":{"txs":0,"uniq":0,"trade":0,"nft":0,"gas":0,"bal":0.000097,"days":0,"spread":0,"streak":0,"rank_m":411612,"pct_m":0.437632},"2024-04":{"txs":1,"uniq":1,"trade":0,"nft":0,"gas":0.000003,"bal":0.000013,"days":1,"spread":0.033333,"streak":1,"rank_m":468111,"pct_m":0.497703,"gas_method":"estimated"},"2024-05":{"txs":5,"uniq":4,"trade":0,"nft":4,"gas":0.000004,"bal":0.003345,"days":3,"spread":0.096774,"streak":3,"rank_m":292108,"pct_m":0.310573,"gas_method":"estimated"},"2024-06":{"txs":0,"uniq":0,"trade":0,"nft":0,"gas":0,"bal":0.003345,"days":0,"spread":0,"streak":0,"rank_m":498901,"pct_m":0.530439},"2024-07":{"txs":7,"uniq":7,"trade":0,"nft":8,"gas":0.000001,"bal":0.005456,"days":2,"spread":0.064516,"streak":2,"rank_m":214655,"pct_m":0.228224,"gas_method":"estimated"},"2024-08":{"txs":39,"uniq":23,"trade":0,"nft":18,"gas":0.000001,"bal":0.005065,"days":7,"spread":0.225806,"streak":3,"rank_m":62463,"pct_m":0.066411,"gas_method":"exact"},"2024-09":{"txs":4,"uniq":2,"trade":0,"nft":0,"gas":0,"bal":0.007886,"days":1,"spread":0.033333,"streak":1,"rank_m":314841,"pct_m":0.334744,"gas_method":"estimated"},"2024-10":{"txs":16,"uniq":0,"trade":0,"nft":1,"gas":0.000061,"bal":0.007857,"days":3,"spread":0.096774,"streak":2,"rank_m":204698,"pct_m":0.217638,"gas_method":"exact"},"2024-11":{"txs":0,"uniq":0,"trade":0,"nft":0,"gas":0,"bal":0.007857,"days":0,"spread":0,"streak":0,"rank_m":523506,"pct_m":0.5566},"2024-12":{"txs":4,"uniq":3,"trade":0,"nft":0,"gas":0.000088,"bal":0.009993,"days":1,"spread":0.032258,"streak":1,"rank_m":422966,"pct_m":0.449704,"gas_method":"exact"},"2025-01":{"txs":5,"uniq":1,"trade":0,"nft":0,"gas":0.00013,"bal":0.01817,"days":4,"spread":0.129032,"streak":4,"rank_m":308277,"pct_m":0.327765,"gas_method":"exact"},"2025-02":{"txs":6,"uniq":5,"trade":0,"nft":0,"gas":0.000042,"bal":0.027862,"days":4,"spread":0.142857,"streak":1,"rank_m":223460,"pct_m":0.237586,"gas_method":"exact"},"2025-03":{"txs":1,"uniq":1,"trade":0,"nft":0,"gas":0.000008,"bal":0.034459,"days":1,"spread":0.032258,"streak":1,"rank_m":365042,"pct_m":0.388118,"gas_method":"exact"},"2025-04":{"txs":1,"uniq":1,"trade":0,"nft":0,"gas":0.000006,"bal":0.034038,"days":1,"spread":0.033333,"streak":1,"rank_m":402202,"pct_m":0.427627,"gas_method":"exact"},"2025-05":{"txs":1,"uniq":1,"trade":0,"nft":0,"gas":0.000007,"bal":0.033566,"days":1,"spread":0.032258,"streak":1,"rank_m":232363,"pct_m":0.247051,"gas_method":"estimated"},"2025-06":{"txs":9,"uniq":3,"trade":0,"nft":0,"gas":0.000063,"bal":0.032034,"days":4,"spread":0.133333,"streak":2,"rank_m":156248,"pct_m":0.166125,"gas_method":"estimated"},"2025-07":{"txs":7,"uniq":4,"trade":1,"nft":0,"gas":0.000049,"bal":0.032927,"days":2,"spread":0.064516,"streak":1,"rank_m":175607,"pct_m":0.186707,"gas_method":"estimated"},"2025-08":{"txs":2,"uniq":1,"trade":0,"nft":0,"gas":0.000014,"bal":0.032686,"days":1,"spread":0.032258,"streak":1,"rank_m":261463,"pct_m":0.277991,"gas_method":"estimated"},"2025-09":{"txs":1,"uniq":1,"trade":0,"nft":0,"gas":0.000007,"bal":0.032394,"days":1,"spread":0.033333,"streak":1,"rank_m":273537,"pct_m":0.290828,"gas_method":"estimated"},"2025-10":{"txs":0,"uniq":0,"trade":0,"nft":0,"gas":0,"bal":0.032394,"days":0,"spread":0,"streak":0,"rank_m":270976,"pct_m":0.288105}}}