{"wallet":"0xcd5c35f7a857c7c23cc94dd8945083e7d2031cd8","rank":108986,"lifetime":{"months_active":25,"first":"2023-07","last":"2025-10","tx_sum":702,"uniq_sum":246,"trade_sum":98,"nft_sum":21,"gas_sum":0.006241,"avg_balance_eth_mean":0.000257,"streak_best_days":5,"gas_sum_filled":0.006241},"months":{"2023-07":{"txs":0,"uniq":0,"trade":0,"nft":0,"gas":0,"bal":0,"days":0,"spread":0,"streak":0,"rank_m":227483,"pct_m":0.241863},"2023-08":{"txs":0,"uniq":0,"trade":0,"nft":0,"gas":0,"bal":0,"days":0,"spread":0,"streak":0,"rank_m":319253,"pct_m":0.339434},"2023-09":{"txs":0,"uniq":0,"trade":0,"nft":0,"gas":0,"bal":0,"days":0,"spread":0,"streak":0,"rank_m":336960,"pct_m":0.358261},"2023-10":{"txs":2,"uniq":1,"trade":1,"nft":0,"gas":0.000013,"bal":0.000054,"days":1,"spread":0.032258,"streak":1,"rank_m":129951,"pct_m":0.138165,"gas_method":"estimated"},"2023-11":{"txs":2,"uniq":2,"trade":0,"nft":0,"gas":0.000023,"bal":0.000108,"days":1,"spread":0.033333,"streak":1,"rank_m":156356,"pct_m":0.166239,"gas_method":"estimated"},"2023-12":{"txs":2,"uniq":1,"trade":4,"nft":0,"gas":0.000044,"bal":0.000158,"days":1,"spread":0.032258,"streak":1,"rank_m":152701,"pct_m":0.162353,"gas_method":"estimated"},"2024-01":{"txs":1,"uniq":1,"trade":0,"nft":0,"gas":0.000027,"bal":0.000332,"days":1,"spread":0.032258,"streak":1,"rank_m":169678,"pct_m":0.180404,"gas_method":"exact"},"2024-02":{"txs":22,"uniq":12,"trade":2,"nft":2,"gas":0.00041,"bal":0.000066,"days":4,"spread":0.137931,"streak":3,"rank_m":75984,"pct_m":0.080786,"gas_method":"exact"},"2024-03":{"txs":17,"uniq":7,"trade":14,"nft":0,"gas":0.001396,"bal":0.000207,"days":6,"spread":0.193548,"streak":3,"rank_m":125631,"pct_m":0.133572,"gas_method":"exact"},"2024-04":{"txs":23,"uniq":11,"trade":16,"nft":0,"gas":0.000049,"bal":0.000592,"days":4,"spread":0.133333,"streak":1,"rank_m":276648,"pct_m":0.294136,"gas_method":"estimated"},"2024-05":{"txs":11,"uniq":6,"trade":1,"nft":2,"gas":0.000008,"bal":0.000289,"days":5,"spread":0.16129,"streak":1,"rank_m":322228,"pct_m":0.342598,"gas_method":"estimated"},"2024-06":{"txs":50,"uniq":13,"trade":6,"nft":1,"gas":0,"bal":0.000179,"days":15,"spread":0.5,"streak":3,"rank_m":100917,"pct_m":0.107296,"gas_method":"exact"},"2024-07":{"txs":29,"uniq":8,"trade":11,"nft":3,"gas":0.000003,"bal":0.000243,"days":9,"spread":0.290323,"streak":2,"rank_m":201772,"pct_m":0.214527,"gas_method":"estimated"},"2024-08":{"txs":30,"uniq":9,"trade":5,"nft":1,"gas":0.000001,"bal":0.000091,"days":8,"spread":0.258065,"streak":2,"rank_m":159140,"pct_m":0.169199,"gas_method":"exact"},"2024-09":{"txs":30,"uniq":9,"trade":6,"nft":1,"gas":0.000001,"bal":0.000169,"days":9,"spread":0.3,"streak":2,"rank_m":106870,"pct_m":0.113625,"gas_method":"exact"},"2024-10":{"txs":65,"uniq":21,"trade":6,"nft":5,"gas":0.000004,"bal":0.000194,"days":13,"spread":0.419355,"streak":3,"rank_m":80641,"pct_m":0.085738,"gas_method":"exact"},"2024-11":{"txs":64,"uniq":22,"trade":12,"nft":2,"gas":0.00014,"bal":0.000377,"days":15,"spread":0.5,"streak":4,"rank_m":88653,"pct_m":0.094256,"gas_method":"exact"},"2024-12":{"txs":51,"uniq":22,"trade":3,"nft":0,"gas":0.001102,"bal":0.000387,"days":11,"spread":0.354839,"streak":3,"rank_m":131022,"pct_m":0.139304,"gas_method":"exact"},"2025-01":{"txs":50,"uniq":18,"trade":4,"nft":0,"gas":0.001273,"bal":0.000683,"days":10,"spread":0.322581,"streak":3,"rank_m":106693,"pct_m":0.113437,"gas_method":"exact"},"2025-02":{"txs":34,"uniq":15,"trade":3,"nft":1,"gas":0.000225,"bal":0.000226,"days":7,"spread":0.25,"streak":2,"rank_m":140284,"pct_m":0.149151,"gas_method":"exact"},"2025-03":{"txs":13,"uniq":8,"trade":0,"nft":0,"gas":0.000087,"bal":0.000251,"days":5,"spread":0.16129,"streak":1,"rank_m":285406,"pct_m":0.303448,"gas_method":"exact"},"2025-04":{"txs":15,"uniq":8,"trade":0,"nft":0,"gas":0.000091,"bal":0.000268,"days":6,"spread":0.2,"streak":2,"rank_m":228252,"pct_m":0.242681,"gas_method":"exact"},"2025-05":{"txs":28,"uniq":12,"trade":1,"nft":0,"gas":0.000197,"bal":0.000346,"days":8,"spread":0.258065,"streak":2,"rank_m":214082,"pct_m":0.227615,"gas_method":"estimated"},"2025-06":{"txs":3,"uniq":2,"trade":1,"nft":0,"gas":0.000021,"bal":0.000067,"days":1,"spread":0.033333,"streak":1,"rank_m":536353,"pct_m":0.570259,"gas_method":"estimated"},"2025-07":{"txs":3,"uniq":2,"trade":0,"nft":0,"gas":0.000021,"bal":0.000063,"days":1,"spread":0.032258,"streak":1,"rank_m":641408,"pct_m":0.681955,"gas_method":"estimated"},"2025-08":{"txs":5,"uniq":4,"trade":0,"nft":0,"gas":0.000035,"bal":0.000059,"days":4,"spread":0.129032,"streak":2,"rank_m":561085,"pct_m":0.596555,"gas_method":"estimated"},"2025-09":{"txs":55,"uniq":15,"trade":1,"nft":1,"gas":0.000387,"bal":0.00083,"days":6,"spread":0.2,"streak":2,"rank_m":190491,"pct_m":0.202532,"gas_method":"estimated"},"2025-10":{"txs":97,"uniq":17,"trade":1,"nft":2,"gas":0.000683,"bal":0.000965,"days":10,"spread":0.322581,"streak":5,"rank_m":89618,"pct_m":0.095282,"gas_method":"estimated"}}}