{"wallet":"0xcd9f1e731c83a1ad7a875a48a8a4fe03fe623690","rank":71836,"lifetime":{"months_active":25,"first":"2023-07","last":"2025-10","tx_sum":429,"uniq_sum":167,"trade_sum":17,"nft_sum":1,"gas_sum":0.006891,"avg_balance_eth_mean":0.14394,"streak_best_days":0,"gas_sum_filled":0.006891},"months":{"2023-07":{"txs":0,"uniq":0,"trade":0,"nft":0,"gas":0,"bal":0,"days":0,"spread":0,"streak":0,"rank_m":226586,"pct_m":0.240909},"2023-08":{"txs":40,"uniq":21,"trade":0,"nft":0,"gas":0.00488,"bal":0.070769,"days":14,"spread":0.451613,"streak":0,"rank_m":57386,"pct_m":0.061013,"gas_method":"exact"},"2023-09":{"txs":2,"uniq":2,"trade":0,"nft":0,"gas":0.000126,"bal":0.142414,"days":1,"spread":0.033333,"streak":0,"rank_m":118324,"pct_m":0.125803,"gas_method":"exact"},"2023-10":{"txs":0,"uniq":0,"trade":0,"nft":0,"gas":0,"bal":0.142414,"days":0,"spread":0,"streak":0,"rank_m":150083,"pct_m":0.15957},"2023-11":{"txs":22,"uniq":10,"trade":3,"nft":0,"gas":0.00015,"bal":0.087766,"days":8,"spread":0.266667,"streak":0,"rank_m":31582,"pct_m":0.033577,"gas_method":"estimated"},"2023-12":{"txs":2,"uniq":2,"trade":0,"nft":0,"gas":0.000026,"bal":0.112516,"days":1,"spread":0.032258,"streak":0,"rank_m":133904,"pct_m":0.142368,"gas_method":"estimated"},"2024-01":{"txs":12,"uniq":5,"trade":7,"nft":0,"gas":0.000024,"bal":0.145005,"days":6,"spread":0.193548,"streak":0,"rank_m":57196,"pct_m":0.060811,"gas_method":"exact"},"2024-02":{"txs":9,"uniq":6,"trade":1,"nft":0,"gas":0.00006,"bal":0.23645,"days":4,"spread":0.137931,"streak":0,"rank_m":91768,"pct_m":0.097568,"gas_method":"estimated"},"2024-03":{"txs":20,"uniq":9,"trade":1,"nft":0,"gas":0.000201,"bal":0.209591,"days":6,"spread":0.193548,"streak":0,"rank_m":113391,"pct_m":0.120558,"gas_method":"estimated"},"2024-04":{"txs":15,"uniq":5,"trade":0,"nft":0,"gas":0.000016,"bal":0.140999,"days":5,"spread":0.166667,"streak":0,"rank_m":258097,"pct_m":0.274412,"gas_method":"exact"},"2024-05":{"txs":4,"uniq":3,"trade":0,"nft":0,"gas":0.000002,"bal":0.131067,"days":2,"spread":0.064516,"streak":0,"rank_m":331644,"pct_m":0.352609,"gas_method":"estimated"},"2024-06":{"txs":2,"uniq":1,"trade":0,"nft":0,"gas":0,"bal":0.113104,"days":2,"spread":0.066667,"streak":0,"rank_m":355435,"pct_m":0.377904,"gas_method":"estimated"},"2024-07":{"txs":2,"uniq":2,"trade":0,"nft":0,"gas":0,"bal":0.157715,"days":1,"spread":0.032258,"streak":0,"rank_m":350046,"pct_m":0.372174,"gas_method":"estimated"},"2024-08":{"txs":1,"uniq":0,"trade":0,"nft":0,"gas":0,"bal":0.173668,"days":1,"spread":0.032258,"streak":0,"rank_m":380763,"pct_m":0.404833,"gas_method":"estimated"},"2024-09":{"txs":1,"uniq":1,"trade":0,"nft":0,"gas":0,"bal":0.162667,"days":1,"spread":0.033333,"streak":0,"rank_m":322703,"pct_m":0.343103,"gas_method":"estimated"},"2024-10":{"txs":45,"uniq":14,"trade":0,"nft":1,"gas":0.000007,"bal":0.143431,"days":11,"spread":0.354839,"streak":0,"rank_m":72374,"pct_m":0.076948,"gas_method":"exact"},"2024-11":{"txs":82,"uniq":24,"trade":0,"nft":0,"gas":0.000189,"bal":0.173525,"days":18,"spread":0.6,"streak":0,"rank_m":58731,"pct_m":0.062443,"gas_method":"exact"},"2024-12":{"txs":71,"uniq":21,"trade":0,"nft":0,"gas":0.000028,"bal":0.20822,"days":22,"spread":0.709677,"streak":0,"rank_m":188509,"pct_m":0.200425,"gas_method":"exact"},"2025-01":{"txs":26,"uniq":6,"trade":0,"nft":0,"gas":0.000675,"bal":0.259724,"days":13,"spread":0.419355,"streak":0,"rank_m":142867,"pct_m":0.151898,"gas_method":"exact"},"2025-02":{"txs":7,"uniq":2,"trade":0,"nft":0,"gas":0.000049,"bal":0.177719,"days":4,"spread":0.142857,"streak":0,"rank_m":266994,"pct_m":0.283872,"gas_method":"exact"},"2025-03":{"txs":0,"uniq":0,"trade":0,"nft":0,"gas":0,"bal":0.177719,"days":0,"spread":0,"streak":0,"rank_m":465492,"pct_m":0.494918},"2025-04":{"txs":3,"uniq":3,"trade":0,"nft":0,"gas":0.000016,"bal":0.195272,"days":2,"spread":0.066667,"streak":0,"rank_m":366548,"pct_m":0.389719,"gas_method":"exact"},"2025-05":{"txs":11,"uniq":5,"trade":0,"nft":0,"gas":0.000077,"bal":0.185657,"days":7,"spread":0.225806,"streak":0,"rank_m":80907,"pct_m":0.086021,"gas_method":"estimated"},"2025-06":{"txs":10,"uniq":5,"trade":0,"nft":0,"gas":0.00007,"bal":0.241406,"days":5,"spread":0.166667,"streak":0,"rank_m":144268,"pct_m":0.153387,"gas_method":"estimated"},"2025-07":{"txs":2,"uniq":1,"trade":0,"nft":0,"gas":0.000014,"bal":0.2121,"days":2,"spread":0.064516,"streak":0,"rank_m":277025,"pct_m":0.294537,"gas_method":"estimated"},"2025-08":{"txs":11,"uniq":6,"trade":0,"nft":0,"gas":0.000077,"bal":0.010014,"days":6,"spread":0.193548,"streak":0,"rank_m":244092,"pct_m":0.259522,"gas_method":"estimated"},"2025-09":{"txs":18,"uniq":8,"trade":3,"nft":0,"gas":0.000127,"bal":0.009753,"days":8,"spread":0.266667,"streak":0,"rank_m":139579,"pct_m":0.148402,"gas_method":"estimated"},"2025-10":{"txs":11,"uniq":5,"trade":2,"nft":0,"gas":0.000077,"bal":0.009629,"days":6,"spread":0.193548,"streak":0,"rank_m":101949,"pct_m":0.108393,"gas_method":"estimated"}}}