{"wallet":"0xcda2a332abf95a98b35cd717176c2801e036a908","rank":316774,"lifetime":{"months_active":17,"first":"2023-07","last":"2025-10","tx_sum":181,"uniq_sum":117,"trade_sum":5,"nft_sum":55,"gas_sum":0.001874,"avg_balance_eth_mean":0.013899,"streak_best_days":5,"gas_sum_filled":0.001874},"months":{"2023-07":{"txs":0,"uniq":0,"trade":0,"nft":0,"gas":0,"bal":0,"days":0,"spread":0,"streak":0,"rank_m":226556,"pct_m":0.240877},"2023-08":{"txs":0,"uniq":0,"trade":0,"nft":0,"gas":0,"bal":0,"days":0,"spread":0,"streak":0,"rank_m":318429,"pct_m":0.338558},"2023-09":{"txs":0,"uniq":0,"trade":0,"nft":0,"gas":0,"bal":0,"days":0,"spread":0,"streak":0,"rank_m":336009,"pct_m":0.35725},"2023-10":{"txs":0,"uniq":0,"trade":0,"nft":0,"gas":0,"bal":0,"days":0,"spread":0,"streak":0,"rank_m":354370,"pct_m":0.376771},"2023-11":{"txs":27,"uniq":16,"trade":0,"nft":3,"gas":0.00049,"bal":0.006998,"days":4,"spread":0.133333,"streak":3,"rank_m":22754,"pct_m":0.024191,"gas_method":"estimated"},"2023-12":{"txs":26,"uniq":18,"trade":0,"nft":7,"gas":0.000884,"bal":0.013854,"days":6,"spread":0.193548,"streak":2,"rank_m":13954,"pct_m":0.014835,"gas_method":"estimated"},"2024-01":{"txs":12,"uniq":3,"trade":0,"nft":0,"gas":0.000164,"bal":0.005297,"days":6,"spread":0.193548,"streak":5,"rank_m":54615,"pct_m":0.058067,"gas_method":"exact"},"2024-02":{"txs":7,"uniq":5,"trade":0,"nft":2,"gas":0.000125,"bal":0.006439,"days":2,"spread":0.068966,"streak":1,"rank_m":127251,"pct_m":0.135294,"gas_method":"estimated"},"2024-03":{"txs":2,"uniq":1,"trade":0,"nft":0,"gas":0.000053,"bal":0.0189,"days":1,"spread":0.032258,"streak":1,"rank_m":254022,"pct_m":0.27008,"gas_method":"exact"},"2024-04":{"txs":22,"uniq":10,"trade":4,"nft":4,"gas":0.000073,"bal":0.049631,"days":7,"spread":0.233333,"streak":2,"rank_m":105608,"pct_m":0.112283,"gas_method":"estimated"},"2024-05":{"txs":9,"uniq":8,"trade":1,"nft":2,"gas":0.00001,"bal":0.075997,"days":4,"spread":0.129032,"streak":1,"rank_m":151033,"pct_m":0.16058,"gas_method":"estimated"},"2024-06":{"txs":4,"uniq":4,"trade":0,"nft":1,"gas":0,"bal":0.003543,"days":2,"spread":0.066667,"streak":1,"rank_m":349649,"pct_m":0.371752,"gas_method":"estimated"},"2024-07":{"txs":13,"uniq":10,"trade":0,"nft":10,"gas":0.000001,"bal":0.003165,"days":8,"spread":0.258065,"streak":1,"rank_m":127510,"pct_m":0.13557,"gas_method":"exact"},"2024-08":{"txs":38,"uniq":27,"trade":0,"nft":19,"gas":0.000005,"bal":0.003445,"days":6,"spread":0.193548,"streak":1,"rank_m":144228,"pct_m":0.153345,"gas_method":"estimated"},"2024-09":{"txs":13,"uniq":8,"trade":0,"nft":5,"gas":0,"bal":0.006854,"days":7,"spread":0.233333,"streak":2,"rank_m":77920,"pct_m":0.082845,"gas_method":"exact"},"2024-10":{"txs":1,"uniq":1,"trade":0,"nft":1,"gas":0,"bal":0.03072,"days":1,"spread":0.032258,"streak":1,"rank_m":318181,"pct_m":0.338295,"gas_method":"estimated"},"2024-11":{"txs":3,"uniq":2,"trade":0,"nft":1,"gas":0.000007,"bal":0.030698,"days":1,"spread":0.033333,"streak":1,"rank_m":324164,"pct_m":0.344656,"gas_method":"exact"},"2024-12":{"txs":1,"uniq":1,"trade":0,"nft":0,"gas":0.000022,"bal":0.026698,"days":1,"spread":0.032258,"streak":1,"rank_m":466611,"pct_m":0.496108,"gas_method":"exact"},"2025-01":{"txs":1,"uniq":1,"trade":0,"nft":0,"gas":0.000026,"bal":0.010696,"days":1,"spread":0.032258,"streak":1,"rank_m":461903,"pct_m":0.491102,"gas_method":"exact"},"2025-02":{"txs":1,"uniq":1,"trade":0,"nft":0,"gas":0.000007,"bal":0.010694,"days":1,"spread":0.035714,"streak":1,"rank_m":425365,"pct_m":0.452255,"gas_method":"exact"},"2025-03":{"txs":0,"uniq":0,"trade":0,"nft":0,"gas":0,"bal":0.010694,"days":0,"spread":0,"streak":0,"rank_m":527220,"pct_m":0.560549},"2025-04":{"txs":0,"uniq":0,"trade":0,"nft":0,"gas":0,"bal":0.010694,"days":0,"spread":0,"streak":0,"rank_m":567615,"pct_m":0.603497},"2025-05":{"txs":1,"uniq":1,"trade":0,"nft":0,"gas":0.000007,"bal":0.010693,"days":1,"spread":0.032258,"streak":1,"rank_m":302237,"pct_m":0.321343,"gas_method":"estimated"},"2025-06":{"txs":0,"uniq":0,"trade":0,"nft":0,"gas":0,"bal":0.010693,"days":0,"spread":0,"streak":0,"rank_m":464849,"pct_m":0.494235},"2025-07":{"txs":0,"uniq":0,"trade":0,"nft":0,"gas":0,"bal":0.010693,"days":0,"spread":0,"streak":0,"rank_m":489855,"pct_m":0.520822},"2025-08":{"txs":0,"uniq":0,"trade":0,"nft":0,"gas":0,"bal":0.010693,"days":0,"spread":0,"streak":0,"rank_m":459375,"pct_m":0.488415},"2025-09":{"txs":0,"uniq":0,"trade":0,"nft":0,"gas":0,"bal":0.010693,"days":0,"spread":0,"streak":0,"rank_m":453658,"pct_m":0.482336},"2025-10":{"txs":0,"uniq":0,"trade":0,"nft":0,"gas":0,"bal":0.010693,"days":0,"spread":0,"streak":0,"rank_m":346542,"pct_m":0.368449}}}