{"wallet":"0xcd397f972b426204bb98e784b62b9d56be2fc278","rank":18210,"lifetime":{"months_active":26,"first":"2023-07","last":"2025-10","tx_sum":1041,"uniq_sum":377,"trade_sum":113,"nft_sum":135,"gas_sum":0.009353,"avg_balance_eth_mean":0.008284,"streak_best_days":12,"gas_sum_filled":0.009353},"months":{"2023-07":{"txs":0,"uniq":0,"trade":0,"nft":0,"gas":0,"bal":0,"days":0,"spread":0,"streak":0,"rank_m":227973,"pct_m":0.242384},"2023-08":{"txs":25,"uniq":15,"trade":0,"nft":8,"gas":0.004437,"bal":0.000041,"days":6,"spread":0.193548,"streak":2,"rank_m":62667,"pct_m":0.066628,"gas_method":"exact"},"2023-09":{"txs":7,"uniq":4,"trade":0,"nft":3,"gas":0.000112,"bal":0.002538,"days":5,"spread":0.166667,"streak":2,"rank_m":56289,"pct_m":0.059846,"gas_method":"exact"},"2023-10":{"txs":123,"uniq":14,"trade":0,"nft":0,"gas":0.000119,"bal":0.00149,"days":8,"spread":0.258065,"streak":5,"rank_m":31357,"pct_m":0.033338,"gas_method":"exact"},"2023-11":{"txs":34,"uniq":18,"trade":6,"nft":1,"gas":0.000074,"bal":0.000367,"days":8,"spread":0.266667,"streak":4,"rank_m":27296,"pct_m":0.029021,"gas_method":"exact"},"2023-12":{"txs":7,"uniq":4,"trade":0,"nft":2,"gas":0.000126,"bal":0.000646,"days":2,"spread":0.064516,"streak":1,"rank_m":114229,"pct_m":0.121449,"gas_method":"estimated"},"2024-01":{"txs":5,"uniq":4,"trade":3,"nft":0,"gas":0.000189,"bal":0.000462,"days":2,"spread":0.064516,"streak":1,"rank_m":92033,"pct_m":0.09785,"gas_method":"exact"},"2024-02":{"txs":10,"uniq":8,"trade":0,"nft":6,"gas":0.000095,"bal":0.000884,"days":6,"spread":0.206897,"streak":1,"rank_m":126137,"pct_m":0.13411,"gas_method":"estimated"},"2024-03":{"txs":34,"uniq":18,"trade":1,"nft":6,"gas":0.000483,"bal":0.002519,"days":12,"spread":0.387097,"streak":9,"rank_m":71483,"pct_m":0.076001,"gas_method":"estimated"},"2024-04":{"txs":49,"uniq":29,"trade":1,"nft":18,"gas":0.000086,"bal":0.026351,"days":13,"spread":0.433333,"streak":4,"rank_m":48002,"pct_m":0.051036,"gas_method":"estimated"},"2024-05":{"txs":110,"uniq":42,"trade":0,"nft":22,"gas":0.000064,"bal":0.004745,"days":15,"spread":0.483871,"streak":6,"rank_m":59226,"pct_m":0.062969,"gas_method":"estimated"},"2024-06":{"txs":31,"uniq":12,"trade":0,"nft":18,"gas":0.000002,"bal":0.002043,"days":6,"spread":0.2,"streak":2,"rank_m":106274,"pct_m":0.112991,"gas_method":"exact"},"2024-07":{"txs":87,"uniq":34,"trade":0,"nft":22,"gas":0.000006,"bal":0.002773,"days":22,"spread":0.709677,"streak":7,"rank_m":23441,"pct_m":0.024922,"gas_method":"exact"},"2024-08":{"txs":19,"uniq":10,"trade":0,"nft":10,"gas":0.00001,"bal":0.001201,"days":7,"spread":0.225806,"streak":2,"rank_m":144333,"pct_m":0.153456,"gas_method":"exact"},"2024-09":{"txs":2,"uniq":2,"trade":0,"nft":5,"gas":0,"bal":0.000535,"days":1,"spread":0.033333,"streak":1,"rank_m":377612,"pct_m":0.401483,"gas_method":"estimated"},"2024-10":{"txs":24,"uniq":11,"trade":5,"nft":7,"gas":0.000001,"bal":0.004803,"days":12,"spread":0.387097,"streak":2,"rank_m":98288,"pct_m":0.1045,"gas_method":"estimated"},"2024-11":{"txs":22,"uniq":10,"trade":2,"nft":4,"gas":0.000051,"bal":0.015472,"days":10,"spread":0.333333,"streak":4,"rank_m":72169,"pct_m":0.07673,"gas_method":"exact"},"2024-12":{"txs":18,"uniq":15,"trade":0,"nft":0,"gas":0.000397,"bal":0.006185,"days":7,"spread":0.225806,"streak":3,"rank_m":179469,"pct_m":0.190814,"gas_method":"exact"},"2025-01":{"txs":4,"uniq":3,"trade":0,"nft":0,"gas":0.000104,"bal":0.004442,"days":2,"spread":0.064516,"streak":1,"rank_m":401602,"pct_m":0.426989,"gas_method":"exact"},"2025-02":{"txs":7,"uniq":5,"trade":6,"nft":0,"gas":0.000042,"bal":0.002621,"days":2,"spread":0.071429,"streak":1,"rank_m":255163,"pct_m":0.271293,"gas_method":"exact"},"2025-03":{"txs":1,"uniq":1,"trade":1,"nft":0,"gas":0.000008,"bal":0.001308,"days":1,"spread":0.032258,"streak":1,"rank_m":395691,"pct_m":0.420705,"gas_method":"exact"},"2025-04":{"txs":11,"uniq":5,"trade":0,"nft":0,"gas":0.000054,"bal":0.00062,"days":2,"spread":0.066667,"streak":1,"rank_m":324950,"pct_m":0.345492,"gas_method":"exact"},"2025-05":{"txs":0,"uniq":0,"trade":0,"nft":0,"gas":0,"bal":0.00062,"days":0,"spread":0,"streak":0,"rank_m":693552,"pct_m":0.737396},"2025-06":{"txs":99,"uniq":37,"trade":5,"nft":0,"gas":0.000697,"bal":0.006728,"days":19,"spread":0.633333,"streak":7,"rank_m":22928,"pct_m":0.024376,"gas_method":"estimated"},"2025-07":{"txs":88,"uniq":20,"trade":54,"nft":1,"gas":0.000619,"bal":0.008064,"days":21,"spread":0.677419,"streak":5,"rank_m":21605,"pct_m":0.02297,"gas_method":"estimated"},"2025-08":{"txs":38,"uniq":15,"trade":8,"nft":2,"gas":0.000267,"bal":0.008074,"days":16,"spread":0.516129,"streak":12,"rank_m":31333,"pct_m":0.033313,"gas_method":"estimated"},"2025-09":{"txs":67,"uniq":21,"trade":18,"nft":0,"gas":0.000472,"bal":0.040189,"days":18,"spread":0.6,"streak":6,"rank_m":7274,"pct_m":0.007733,"gas_method":"estimated"},"2025-10":{"txs":119,"uniq":20,"trade":3,"nft":0,"gas":0.000838,"bal":0.08623,"days":13,"spread":0.419355,"streak":10,"rank_m":1645,"pct_m":0.001748,"gas_method":"estimated"}}}