{"wallet":"0xcd17c1948d2779ce880a20d33681ed417f2c74c5","rank":583883,"lifetime":{"months_active":8,"first":"2023-07","last":"2025-10","tx_sum":163,"uniq_sum":94,"trade_sum":42,"nft_sum":28,"gas_sum":0.001658,"avg_balance_eth_mean":0.000926,"streak_best_days":2,"gas_sum_filled":0.001658},"months":{"2023-07":{"txs":0,"uniq":0,"trade":0,"nft":0,"gas":0,"bal":0,"days":0,"spread":0,"streak":0,"rank_m":228409,"pct_m":0.242847},"2023-08":{"txs":0,"uniq":0,"trade":0,"nft":0,"gas":0,"bal":0,"days":0,"spread":0,"streak":0,"rank_m":320061,"pct_m":0.340294},"2023-09":{"txs":0,"uniq":0,"trade":0,"nft":0,"gas":0,"bal":0,"days":0,"spread":0,"streak":0,"rank_m":337916,"pct_m":0.359277},"2023-10":{"txs":0,"uniq":0,"trade":0,"nft":0,"gas":0,"bal":0,"days":0,"spread":0,"streak":0,"rank_m":356238,"pct_m":0.378758},"2023-11":{"txs":0,"uniq":0,"trade":0,"nft":0,"gas":0,"bal":0,"days":0,"spread":0,"streak":0,"rank_m":372904,"pct_m":0.396477},"2023-12":{"txs":0,"uniq":0,"trade":0,"nft":0,"gas":0,"bal":0,"days":0,"spread":0,"streak":0,"rank_m":394610,"pct_m":0.419555},"2024-01":{"txs":0,"uniq":0,"trade":0,"nft":0,"gas":0,"bal":0,"days":0,"spread":0,"streak":0,"rank_m":411900,"pct_m":0.437938},"2024-02":{"txs":30,"uniq":17,"trade":1,"nft":6,"gas":0.000608,"bal":0.005313,"days":5,"spread":0.172414,"streak":2,"rank_m":40937,"pct_m":0.043524,"gas_method":"estimated"},"2024-03":{"txs":37,"uniq":18,"trade":10,"nft":9,"gas":0.000821,"bal":0.001066,"days":9,"spread":0.290323,"streak":1,"rank_m":77405,"pct_m":0.082297,"gas_method":"exact"},"2024-04":{"txs":19,"uniq":9,"trade":3,"nft":4,"gas":0.000071,"bal":0.000526,"days":5,"spread":0.166667,"streak":1,"rank_m":294509,"pct_m":0.313126,"gas_method":"estimated"},"2024-05":{"txs":31,"uniq":15,"trade":9,"nft":5,"gas":0.000043,"bal":0.001139,"days":7,"spread":0.225806,"streak":2,"rank_m":103733,"pct_m":0.11029,"gas_method":"exact"},"2024-06":{"txs":17,"uniq":14,"trade":5,"nft":2,"gas":0.000001,"bal":0.004813,"days":4,"spread":0.133333,"streak":1,"rank_m":114777,"pct_m":0.122032,"gas_method":"exact"},"2024-07":{"txs":11,"uniq":8,"trade":2,"nft":1,"gas":0.000002,"bal":0.005176,"days":3,"spread":0.096774,"streak":1,"rank_m":191441,"pct_m":0.203542,"gas_method":"estimated"},"2024-08":{"txs":13,"uniq":9,"trade":12,"nft":1,"gas":0.000002,"bal":0.001976,"days":2,"spread":0.064516,"streak":2,"rank_m":225872,"pct_m":0.24015,"gas_method":"estimated"},"2024-09":{"txs":0,"uniq":0,"trade":0,"nft":0,"gas":0,"bal":0.001976,"days":0,"spread":0,"streak":0,"rank_m":509955,"pct_m":0.542192},"2024-10":{"txs":0,"uniq":0,"trade":0,"nft":0,"gas":0,"bal":0.001976,"days":0,"spread":0,"streak":0,"rank_m":558495,"pct_m":0.593801},"2024-11":{"txs":0,"uniq":0,"trade":0,"nft":0,"gas":0,"bal":0.001976,"days":0,"spread":0,"streak":0,"rank_m":566518,"pct_m":0.602331},"2024-12":{"txs":5,"uniq":4,"trade":0,"nft":0,"gas":0.00011,"bal":0,"days":1,"spread":0.032258,"streak":1,"rank_m":524032,"pct_m":0.557159,"gas_method":"exact"},"2025-01":{"txs":0,"uniq":0,"trade":0,"nft":0,"gas":0,"bal":0,"days":0,"spread":0,"streak":0,"rank_m":748963,"pct_m":0.79631},"2025-02":{"txs":0,"uniq":0,"trade":0,"nft":0,"gas":0,"bal":0,"days":0,"spread":0,"streak":0,"rank_m":776511,"pct_m":0.825599},"2025-03":{"txs":0,"uniq":0,"trade":0,"nft":0,"gas":0,"bal":0,"days":0,"spread":0,"streak":0,"rank_m":798430,"pct_m":0.848904},"2025-04":{"txs":0,"uniq":0,"trade":0,"nft":0,"gas":0,"bal":0,"days":0,"spread":0,"streak":0,"rank_m":831639,"pct_m":0.884212},"2025-05":{"txs":0,"uniq":0,"trade":0,"nft":0,"gas":0,"bal":0,"days":0,"spread":0,"streak":0,"rank_m":853676,"pct_m":0.907643},"2025-06":{"txs":0,"uniq":0,"trade":0,"nft":0,"gas":0,"bal":0,"days":0,"spread":0,"streak":0,"rank_m":867830,"pct_m":0.922691},"2025-07":{"txs":0,"uniq":0,"trade":0,"nft":0,"gas":0,"bal":0,"days":0,"spread":0,"streak":0,"rank_m":890789,"pct_m":0.947102},"2025-08":{"txs":0,"uniq":0,"trade":0,"nft":0,"gas":0,"bal":0,"days":0,"spread":0,"streak":0,"rank_m":892606,"pct_m":0.949034},"2025-09":{"txs":0,"uniq":0,"trade":0,"nft":0,"gas":0,"bal":0,"days":0,"spread":0,"streak":0,"rank_m":891315,"pct_m":0.947661},"2025-10":{"txs":0,"uniq":0,"trade":0,"nft":0,"gas":0,"bal":0,"days":0,"spread":0,"streak":0,"rank_m":862989,"pct_m":0.917544}}}