{"wallet":"0xcd9307c7c15be395cfaf3480404f1f6dd22cf738","rank":51338,"lifetime":{"months_active":28,"first":"2023-07","last":"2025-10","tx_sum":360,"uniq_sum":187,"trade_sum":15,"nft_sum":63,"gas_sum":0.00504,"avg_balance_eth_mean":0.332925,"streak_best_days":6,"gas_sum_filled":0.00504},"months":{"2023-07":{"txs":3,"uniq":2,"trade":0,"nft":1,"gas":0.000356,"bal":0.000337,"days":1,"spread":0.032258,"streak":1,"rank_m":30826,"pct_m":0.032774,"gas_method":"estimated"},"2023-08":{"txs":10,"uniq":9,"trade":0,"nft":6,"gas":0.002016,"bal":0.003666,"days":8,"spread":0.258065,"streak":2,"rank_m":58801,"pct_m":0.062517,"gas_method":"exact"},"2023-09":{"txs":15,"uniq":8,"trade":0,"nft":2,"gas":0.000158,"bal":0.002919,"days":4,"spread":0.133333,"streak":1,"rank_m":52045,"pct_m":0.055334,"gas_method":"exact"},"2023-10":{"txs":10,"uniq":6,"trade":0,"nft":0,"gas":0.000093,"bal":0.001064,"days":2,"spread":0.064516,"streak":1,"rank_m":102465,"pct_m":0.108942,"gas_method":"estimated"},"2023-11":{"txs":9,"uniq":6,"trade":0,"nft":1,"gas":0.000145,"bal":0.005176,"days":5,"spread":0.166667,"streak":1,"rank_m":50508,"pct_m":0.0537,"gas_method":"estimated"},"2023-12":{"txs":7,"uniq":3,"trade":0,"nft":2,"gas":0.000211,"bal":0.006833,"days":3,"spread":0.096774,"streak":1,"rank_m":63765,"pct_m":0.067795,"gas_method":"estimated"},"2024-01":{"txs":11,"uniq":7,"trade":2,"nft":0,"gas":0.000101,"bal":0.006032,"days":5,"spread":0.16129,"streak":2,"rank_m":33669,"pct_m":0.035796,"gas_method":"exact"},"2024-02":{"txs":12,"uniq":6,"trade":0,"nft":3,"gas":0.00019,"bal":0.010984,"days":7,"spread":0.241379,"streak":2,"rank_m":61409,"pct_m":0.06529,"gas_method":"estimated"},"2024-03":{"txs":21,"uniq":12,"trade":0,"nft":2,"gas":0.0005,"bal":0.014594,"days":5,"spread":0.16129,"streak":2,"rank_m":105255,"pct_m":0.111908,"gas_method":"estimated"},"2024-04":{"txs":10,"uniq":5,"trade":4,"nft":1,"gas":0.000029,"bal":0.019012,"days":2,"spread":0.066667,"streak":1,"rank_m":229211,"pct_m":0.2437,"gas_method":"estimated"},"2024-05":{"txs":21,"uniq":13,"trade":1,"nft":6,"gas":0.00002,"bal":0.015435,"days":5,"spread":0.16129,"streak":1,"rank_m":126466,"pct_m":0.13446,"gas_method":"estimated"},"2024-06":{"txs":34,"uniq":17,"trade":2,"nft":8,"gas":0.000001,"bal":0.012124,"days":9,"spread":0.3,"streak":6,"rank_m":50727,"pct_m":0.053933,"gas_method":"estimated"},"2024-07":{"txs":8,"uniq":7,"trade":0,"nft":6,"gas":0.000001,"bal":0.009119,"days":4,"spread":0.129032,"streak":1,"rank_m":186714,"pct_m":0.198517,"gas_method":"estimated"},"2024-08":{"txs":21,"uniq":20,"trade":0,"nft":20,"gas":0.000002,"bal":0.007375,"days":8,"spread":0.258065,"streak":4,"rank_m":91768,"pct_m":0.097568,"gas_method":"estimated"},"2024-09":{"txs":6,"uniq":4,"trade":0,"nft":2,"gas":0,"bal":0.004928,"days":3,"spread":0.1,"streak":1,"rank_m":236851,"pct_m":0.251823,"gas_method":"estimated"},"2024-10":{"txs":4,"uniq":4,"trade":0,"nft":2,"gas":0,"bal":0.007365,"days":3,"spread":0.096774,"streak":1,"rank_m":279468,"pct_m":0.297134,"gas_method":"estimated"},"2024-11":{"txs":6,"uniq":4,"trade":0,"nft":0,"gas":0.000014,"bal":0.008961,"days":5,"spread":0.166667,"streak":1,"rank_m":298586,"pct_m":0.317461,"gas_method":"exact"},"2024-12":{"txs":8,"uniq":6,"trade":0,"nft":0,"gas":0.000176,"bal":0.006456,"days":5,"spread":0.16129,"streak":1,"rank_m":323763,"pct_m":0.34423,"gas_method":"exact"},"2025-01":{"txs":2,"uniq":1,"trade":0,"nft":0,"gas":0.000052,"bal":0.205306,"days":2,"spread":0.064516,"streak":1,"rank_m":385059,"pct_m":0.409401,"gas_method":"exact"},"2025-02":{"txs":2,"uniq":2,"trade":0,"nft":0,"gas":0.000014,"bal":1.004944,"days":1,"spread":0.035714,"streak":1,"rank_m":340906,"pct_m":0.362456,"gas_method":"exact"},"2025-03":{"txs":1,"uniq":1,"trade":0,"nft":0,"gas":0.000008,"bal":1.003321,"days":1,"spread":0.032258,"streak":1,"rank_m":342218,"pct_m":0.363851,"gas_method":"exact"},"2025-04":{"txs":12,"uniq":6,"trade":0,"nft":0,"gas":0.00006,"bal":1.002374,"days":6,"spread":0.2,"streak":3,"rank_m":79654,"pct_m":0.084688,"gas_method":"exact"},"2025-05":{"txs":5,"uniq":2,"trade":0,"nft":0,"gas":0.000035,"bal":0.983729,"days":3,"spread":0.096774,"streak":1,"rank_m":103131,"pct_m":0.10965,"gas_method":"estimated"},"2025-06":{"txs":64,"uniq":12,"trade":5,"nft":1,"gas":0.00045,"bal":0.986013,"days":16,"spread":0.533333,"streak":5,"rank_m":7494,"pct_m":0.007967,"gas_method":"estimated"},"2025-07":{"txs":20,"uniq":5,"trade":0,"nft":0,"gas":0.000141,"bal":0.984712,"days":9,"spread":0.290323,"streak":2,"rank_m":63545,"pct_m":0.067561,"gas_method":"estimated"},"2025-08":{"txs":22,"uniq":11,"trade":0,"nft":0,"gas":0.000155,"bal":0.997081,"days":6,"spread":0.193548,"streak":2,"rank_m":39809,"pct_m":0.042325,"gas_method":"estimated"},"2025-09":{"txs":9,"uniq":5,"trade":0,"nft":0,"gas":0.000063,"bal":1.006297,"days":4,"spread":0.133333,"streak":2,"rank_m":85706,"pct_m":0.091123,"gas_method":"estimated"},"2025-10":{"txs":7,"uniq":3,"trade":1,"nft":0,"gas":0.000049,"bal":1.005729,"days":2,"spread":0.064516,"streak":1,"rank_m":50047,"pct_m":0.05321,"gas_method":"estimated"}}}