{"wallet":"0xcd45427f7a51d36361900b22d0408b5edd4f721f","rank":641637,"lifetime":{"months_active":14,"first":"2023-07","last":"2025-10","tx_sum":132,"uniq_sum":67,"trade_sum":2,"nft_sum":8,"gas_sum":0.001235,"avg_balance_eth_mean":0.001521,"streak_best_days":4,"gas_sum_filled":0.001235},"months":{"2023-07":{"txs":0,"uniq":0,"trade":0,"nft":0,"gas":0,"bal":0,"days":0,"spread":0,"streak":0,"rank_m":227818,"pct_m":0.242219},"2023-08":{"txs":0,"uniq":0,"trade":0,"nft":0,"gas":0,"bal":0,"days":0,"spread":0,"streak":0,"rank_m":319547,"pct_m":0.339747},"2023-09":{"txs":0,"uniq":0,"trade":0,"nft":0,"gas":0,"bal":0,"days":0,"spread":0,"streak":0,"rank_m":337304,"pct_m":0.358627},"2023-10":{"txs":0,"uniq":0,"trade":0,"nft":0,"gas":0,"bal":0,"days":0,"spread":0,"streak":0,"rank_m":355642,"pct_m":0.378124},"2023-11":{"txs":0,"uniq":0,"trade":0,"nft":0,"gas":0,"bal":0,"days":0,"spread":0,"streak":0,"rank_m":372339,"pct_m":0.395876},"2023-12":{"txs":0,"uniq":0,"trade":0,"nft":0,"gas":0,"bal":0,"days":0,"spread":0,"streak":0,"rank_m":394052,"pct_m":0.418962},"2024-01":{"txs":9,"uniq":7,"trade":0,"nft":0,"gas":0.000115,"bal":0.010983,"days":7,"spread":0.225806,"streak":2,"rank_m":44700,"pct_m":0.047525,"gas_method":"exact"},"2024-02":{"txs":36,"uniq":4,"trade":0,"nft":0,"gas":0.000537,"bal":0.006258,"days":5,"spread":0.172414,"streak":1,"rank_m":80416,"pct_m":0.085499,"gas_method":"exact"},"2024-03":{"txs":6,"uniq":3,"trade":0,"nft":1,"gas":0.000154,"bal":0.006539,"days":4,"spread":0.129032,"streak":1,"rank_m":219308,"pct_m":0.233171,"gas_method":"estimated"},"2024-04":{"txs":9,"uniq":5,"trade":0,"nft":1,"gas":0.000012,"bal":0.005728,"days":6,"spread":0.2,"streak":1,"rank_m":262560,"pct_m":0.279157,"gas_method":"exact"},"2024-05":{"txs":11,"uniq":4,"trade":0,"nft":0,"gas":0.000012,"bal":0.000647,"days":9,"spread":0.290323,"streak":4,"rank_m":338236,"pct_m":0.359617,"gas_method":"estimated"},"2024-06":{"txs":14,"uniq":9,"trade":0,"nft":1,"gas":0.000001,"bal":0.002295,"days":8,"spread":0.266667,"streak":3,"rank_m":216177,"pct_m":0.229842,"gas_method":"estimated"},"2024-07":{"txs":10,"uniq":7,"trade":0,"nft":3,"gas":0.000004,"bal":0.003738,"days":6,"spread":0.193548,"streak":1,"rank_m":161878,"pct_m":0.172111,"gas_method":"exact"},"2024-08":{"txs":8,"uniq":6,"trade":0,"nft":2,"gas":0.000001,"bal":0.000956,"days":1,"spread":0.032258,"streak":1,"rank_m":380881,"pct_m":0.404958,"gas_method":"estimated"},"2024-09":{"txs":1,"uniq":1,"trade":0,"nft":0,"gas":0,"bal":0.000282,"days":1,"spread":0.033333,"streak":1,"rank_m":483030,"pct_m":0.513565,"gas_method":"estimated"},"2024-10":{"txs":0,"uniq":0,"trade":0,"nft":0,"gas":0,"bal":0.000282,"days":0,"spread":0,"streak":0,"rank_m":624618,"pct_m":0.664104},"2024-11":{"txs":9,"uniq":6,"trade":0,"nft":0,"gas":0.000021,"bal":0.000244,"days":3,"spread":0.1,"streak":1,"rank_m":366962,"pct_m":0.390159,"gas_method":"exact"},"2024-12":{"txs":10,"uniq":7,"trade":0,"nft":0,"gas":0.00022,"bal":0.001007,"days":5,"spread":0.16129,"streak":2,"rank_m":329599,"pct_m":0.350434,"gas_method":"exact"},"2025-01":{"txs":5,"uniq":4,"trade":2,"nft":0,"gas":0.00013,"bal":0.000853,"days":2,"spread":0.064516,"streak":2,"rank_m":344529,"pct_m":0.366308,"gas_method":"exact"},"2025-02":{"txs":2,"uniq":2,"trade":0,"nft":0,"gas":0.000014,"bal":0.000463,"days":1,"spread":0.035714,"streak":1,"rank_m":479824,"pct_m":0.510156,"gas_method":"exact"},"2025-03":{"txs":0,"uniq":0,"trade":0,"nft":0,"gas":0,"bal":0.000463,"days":0,"spread":0,"streak":0,"rank_m":682021,"pct_m":0.725136},"2025-04":{"txs":0,"uniq":0,"trade":0,"nft":0,"gas":0,"bal":0.000463,"days":0,"spread":0,"streak":0,"rank_m":709236,"pct_m":0.754071},"2025-05":{"txs":0,"uniq":0,"trade":0,"nft":0,"gas":0,"bal":0.000463,"days":0,"spread":0,"streak":0,"rank_m":716599,"pct_m":0.7619},"2025-06":{"txs":2,"uniq":2,"trade":0,"nft":0,"gas":0.000014,"bal":0.000187,"days":1,"spread":0.033333,"streak":1,"rank_m":604553,"pct_m":0.64277,"gas_method":"estimated"},"2025-07":{"txs":0,"uniq":0,"trade":0,"nft":0,"gas":0,"bal":0.000187,"days":0,"spread":0,"streak":0,"rank_m":785796,"pct_m":0.835471},"2025-08":{"txs":0,"uniq":0,"trade":0,"nft":0,"gas":0,"bal":0.000187,"days":0,"spread":0,"streak":0,"rank_m":767624,"pct_m":0.81615},"2025-09":{"txs":0,"uniq":0,"trade":0,"nft":0,"gas":0,"bal":0.000187,"days":0,"spread":0,"streak":0,"rank_m":758488,"pct_m":0.806437},"2025-10":{"txs":0,"uniq":0,"trade":0,"nft":0,"gas":0,"bal":0.000187,"days":0,"spread":0,"streak":0,"rank_m":693787,"pct_m":0.737646}}}