{"wallet":"0xcd183d7bc0d3d4268562806ba7fffd23ab6a620d","rank":13576,"lifetime":{"months_active":22,"first":"2023-07","last":"2025-10","tx_sum":2739,"uniq_sum":933,"trade_sum":83,"nft_sum":387,"gas_sum":0.016451,"avg_balance_eth_mean":0.003716,"streak_best_days":115,"gas_sum_filled":0.016451},"months":{"2023-07":{"txs":0,"uniq":0,"trade":0,"nft":0,"gas":0,"bal":0,"days":0,"spread":0,"streak":0,"rank_m":228402,"pct_m":0.24284},"2023-08":{"txs":0,"uniq":0,"trade":0,"nft":0,"gas":0,"bal":0,"days":0,"spread":0,"streak":0,"rank_m":320056,"pct_m":0.340288},"2023-09":{"txs":0,"uniq":0,"trade":0,"nft":0,"gas":0,"bal":0,"days":0,"spread":0,"streak":0,"rank_m":337909,"pct_m":0.35927},"2023-10":{"txs":0,"uniq":0,"trade":0,"nft":0,"gas":0,"bal":0,"days":0,"spread":0,"streak":0,"rank_m":356229,"pct_m":0.378748},"2023-11":{"txs":0,"uniq":0,"trade":0,"nft":0,"gas":0,"bal":0,"days":0,"spread":0,"streak":0,"rank_m":372897,"pct_m":0.39647},"2023-12":{"txs":0,"uniq":0,"trade":0,"nft":0,"gas":0,"bal":0,"days":0,"spread":0,"streak":0,"rank_m":394603,"pct_m":0.419548},"2024-01":{"txs":15,"uniq":9,"trade":0,"nft":7,"gas":0.000058,"bal":0.001018,"days":13,"spread":0.419355,"streak":5,"rank_m":43906,"pct_m":0.046681,"gas_method":"exact"},"2024-02":{"txs":32,"uniq":17,"trade":9,"nft":16,"gas":0.000041,"bal":0.002594,"days":13,"spread":0.448276,"streak":3,"rank_m":21951,"pct_m":0.023338,"gas_method":"exact"},"2024-03":{"txs":36,"uniq":23,"trade":0,"nft":17,"gas":0.000072,"bal":0.001548,"days":13,"spread":0.419355,"streak":6,"rank_m":85544,"pct_m":0.090951,"gas_method":"estimated"},"2024-04":{"txs":91,"uniq":40,"trade":2,"nft":29,"gas":0.000148,"bal":0.004884,"days":23,"spread":0.766667,"streak":6,"rank_m":31226,"pct_m":0.033199,"gas_method":"exact"},"2024-05":{"txs":119,"uniq":56,"trade":8,"nft":38,"gas":0.000031,"bal":0.000679,"days":29,"spread":0.935484,"streak":16,"rank_m":36323,"pct_m":0.038618,"gas_method":"exact"},"2024-06":{"txs":153,"uniq":53,"trade":7,"nft":40,"gas":0.000004,"bal":0.001624,"days":26,"spread":0.866667,"streak":13,"rank_m":21484,"pct_m":0.022841,"gas_method":"exact"},"2024-07":{"txs":97,"uniq":46,"trade":0,"nft":40,"gas":0.000009,"bal":0.000867,"days":22,"spread":0.709677,"streak":5,"rank_m":36347,"pct_m":0.038644,"gas_method":"exact"},"2024-08":{"txs":110,"uniq":73,"trade":3,"nft":65,"gas":0.000003,"bal":0.002794,"days":24,"spread":0.774194,"streak":8,"rank_m":14397,"pct_m":0.015306,"gas_method":"exact"},"2024-09":{"txs":78,"uniq":51,"trade":2,"nft":40,"gas":0.000001,"bal":0.004574,"days":19,"spread":0.633333,"streak":4,"rank_m":15424,"pct_m":0.016398,"gas_method":"exact"},"2024-10":{"txs":223,"uniq":82,"trade":1,"nft":68,"gas":0.000002,"bal":0.004001,"days":29,"spread":0.935484,"streak":26,"rank_m":34333,"pct_m":0.036502,"gas_method":"estimated"},"2024-11":{"txs":265,"uniq":66,"trade":0,"nft":6,"gas":0.000609,"bal":0.002137,"days":30,"spread":1,"streak":30,"rank_m":28266,"pct_m":0.030052,"gas_method":"exact"},"2024-12":{"txs":340,"uniq":71,"trade":5,"nft":6,"gas":0.007497,"bal":0.02566,"days":31,"spread":1,"streak":31,"rank_m":2308,"pct_m":0.002453,"gas_method":"exact"},"2025-01":{"txs":129,"uniq":34,"trade":1,"nft":1,"gas":0.003117,"bal":0.019337,"days":30,"spread":0.967742,"streak":17,"rank_m":7693,"pct_m":0.008178,"gas_method":"exact"},"2025-02":{"txs":131,"uniq":30,"trade":9,"nft":0,"gas":0.000001,"bal":0.003754,"days":27,"spread":0.964286,"streak":22,"rank_m":61564,"pct_m":0.065455,"gas_method":"exact"},"2025-03":{"txs":112,"uniq":39,"trade":5,"nft":1,"gas":0.000869,"bal":0.002709,"days":31,"spread":1,"streak":31,"rank_m":18502,"pct_m":0.019671,"gas_method":"exact"},"2025-04":{"txs":242,"uniq":59,"trade":17,"nft":2,"gas":0.000005,"bal":0.003435,"days":30,"spread":1,"streak":30,"rank_m":35576,"pct_m":0.037824,"gas_method":"exact"},"2025-05":{"txs":135,"uniq":43,"trade":0,"nft":1,"gas":0.00095,"bal":0.001181,"days":31,"spread":1,"streak":31,"rank_m":64965,"pct_m":0.069071,"gas_method":"estimated"},"2025-06":{"txs":66,"uniq":14,"trade":0,"nft":1,"gas":0.000465,"bal":0.000793,"days":28,"spread":0.933333,"streak":18,"rank_m":136891,"pct_m":0.145544,"gas_method":"estimated"},"2025-07":{"txs":140,"uniq":51,"trade":1,"nft":4,"gas":0.000985,"bal":0.000484,"days":31,"spread":1,"streak":31,"rank_m":109324,"pct_m":0.116234,"gas_method":"estimated"},"2025-08":{"txs":47,"uniq":8,"trade":2,"nft":2,"gas":0.000331,"bal":0.000508,"days":30,"spread":0.967742,"streak":30,"rank_m":156715,"pct_m":0.166621,"gas_method":"estimated"},"2025-09":{"txs":136,"uniq":54,"trade":6,"nft":2,"gas":0.000957,"bal":0.013323,"days":17,"spread":0.566667,"streak":5,"rank_m":11533,"pct_m":0.012261,"gas_method":"estimated"},"2025-10":{"txs":42,"uniq":14,"trade":5,"nft":1,"gas":0.000296,"bal":0.006135,"days":9,"spread":0.290323,"streak":5,"rank_m":35062,"pct_m":0.037277,"gas_method":"estimated"}}}