{"wallet":"0xcd8426c659dabc627e384d39e6879b7c6bad3738","rank":642952,"lifetime":{"months_active":13,"first":"2023-07","last":"2025-10","tx_sum":201,"uniq_sum":70,"trade_sum":4,"nft_sum":24,"gas_sum":0.004207,"avg_balance_eth_mean":0.000797,"streak_best_days":2,"gas_sum_filled":0.004207},"months":{"2023-07":{"txs":0,"uniq":0,"trade":0,"nft":0,"gas":0,"bal":0,"days":0,"spread":0,"streak":0,"rank_m":226954,"pct_m":0.2413},"2023-08":{"txs":0,"uniq":0,"trade":0,"nft":0,"gas":0,"bal":0,"days":0,"spread":0,"streak":0,"rank_m":318781,"pct_m":0.338933},"2023-09":{"txs":0,"uniq":0,"trade":0,"nft":0,"gas":0,"bal":0,"days":0,"spread":0,"streak":0,"rank_m":336418,"pct_m":0.357685},"2023-10":{"txs":0,"uniq":0,"trade":0,"nft":0,"gas":0,"bal":0,"days":0,"spread":0,"streak":0,"rank_m":354766,"pct_m":0.377192},"2023-11":{"txs":0,"uniq":0,"trade":0,"nft":0,"gas":0,"bal":0,"days":0,"spread":0,"streak":0,"rank_m":371439,"pct_m":0.39492},"2023-12":{"txs":3,"uniq":2,"trade":0,"nft":0,"gas":0.000209,"bal":0.000054,"days":3,"spread":0.096774,"streak":2,"rank_m":167654,"pct_m":0.178252,"gas_method":"estimated"},"2024-01":{"txs":2,"uniq":1,"trade":0,"nft":0,"gas":0.000042,"bal":0.00018,"days":2,"spread":0.064516,"streak":1,"rank_m":158684,"pct_m":0.168715,"gas_method":"exact"},"2024-02":{"txs":1,"uniq":1,"trade":0,"nft":0,"gas":0.00005,"bal":0.000024,"days":1,"spread":0.034483,"streak":1,"rank_m":242749,"pct_m":0.258094,"gas_method":"exact"},"2024-03":{"txs":58,"uniq":17,"trade":1,"nft":7,"gas":0.003181,"bal":0.002365,"days":2,"spread":0.064516,"streak":1,"rank_m":145140,"pct_m":0.154314,"gas_method":"estimated"},"2024-04":{"txs":38,"uniq":17,"trade":1,"nft":4,"gas":0.000257,"bal":0.005331,"days":4,"spread":0.133333,"streak":2,"rank_m":167852,"pct_m":0.178462,"gas_method":"estimated"},"2024-05":{"txs":15,"uniq":7,"trade":2,"nft":2,"gas":0.000034,"bal":0.005219,"days":4,"spread":0.129032,"streak":1,"rank_m":220616,"pct_m":0.234562,"gas_method":"estimated"},"2024-06":{"txs":24,"uniq":5,"trade":0,"nft":3,"gas":0.000002,"bal":0.005161,"days":9,"spread":0.3,"streak":2,"rank_m":119907,"pct_m":0.127486,"gas_method":"exact"},"2024-07":{"txs":7,"uniq":4,"trade":0,"nft":1,"gas":0.000002,"bal":0.003146,"days":3,"spread":0.096774,"streak":1,"rank_m":310657,"pct_m":0.330295,"gas_method":"estimated"},"2024-08":{"txs":2,"uniq":1,"trade":0,"nft":1,"gas":0.000002,"bal":0.000138,"days":1,"spread":0.032258,"streak":1,"rank_m":407466,"pct_m":0.433224,"gas_method":"exact"},"2024-09":{"txs":18,"uniq":5,"trade":0,"nft":3,"gas":0.000002,"bal":0.000127,"days":6,"spread":0.2,"streak":2,"rank_m":281354,"pct_m":0.29914,"gas_method":"estimated"},"2024-10":{"txs":16,"uniq":5,"trade":0,"nft":3,"gas":0.000003,"bal":0.000104,"days":4,"spread":0.129032,"streak":1,"rank_m":376604,"pct_m":0.400411,"gas_method":"estimated"},"2024-11":{"txs":0,"uniq":0,"trade":0,"nft":0,"gas":0,"bal":0.000104,"days":0,"spread":0,"streak":0,"rank_m":647190,"pct_m":0.688103},"2024-12":{"txs":0,"uniq":0,"trade":0,"nft":0,"gas":0,"bal":0.000104,"days":0,"spread":0,"streak":0,"rank_m":690242,"pct_m":0.733877},"2025-01":{"txs":16,"uniq":4,"trade":0,"nft":0,"gas":0.000416,"bal":0.000035,"days":4,"spread":0.129032,"streak":2,"rank_m":356375,"pct_m":0.378903,"gas_method":"exact"},"2025-02":{"txs":0,"uniq":0,"trade":0,"nft":0,"gas":0,"bal":0.000035,"days":0,"spread":0,"streak":0,"rank_m":738680,"pct_m":0.785377},"2025-03":{"txs":0,"uniq":0,"trade":0,"nft":0,"gas":0,"bal":0.000035,"days":0,"spread":0,"streak":0,"rank_m":755583,"pct_m":0.803348},"2025-04":{"txs":0,"uniq":0,"trade":0,"nft":0,"gas":0,"bal":0.000035,"days":0,"spread":0,"streak":0,"rank_m":789831,"pct_m":0.839761},"2025-05":{"txs":0,"uniq":0,"trade":0,"nft":0,"gas":0,"bal":0.000035,"days":0,"spread":0,"streak":0,"rank_m":810404,"pct_m":0.861635},"2025-06":{"txs":0,"uniq":0,"trade":0,"nft":0,"gas":0,"bal":0.000035,"days":0,"spread":0,"streak":0,"rank_m":822165,"pct_m":0.874139},"2025-07":{"txs":1,"uniq":1,"trade":0,"nft":0,"gas":0.000007,"bal":0.000009,"days":1,"spread":0.032258,"streak":1,"rank_m":697323,"pct_m":0.741405,"gas_method":"estimated"},"2025-08":{"txs":0,"uniq":0,"trade":0,"nft":0,"gas":0,"bal":0.000009,"days":0,"spread":0,"streak":0,"rank_m":859725,"pct_m":0.914074},"2025-09":{"txs":0,"uniq":0,"trade":0,"nft":0,"gas":0,"bal":0.000009,"days":0,"spread":0,"streak":0,"rank_m":856354,"pct_m":0.91049},"2025-10":{"txs":0,"uniq":0,"trade":0,"nft":0,"gas":0,"bal":0.000009,"days":0,"spread":0,"streak":0,"rank_m":817965,"pct_m":0.869674}}}