{"wallet":"0xcdf27f68479de6a7b03f8bf7d2c67a39906a1949","rank":59920,"lifetime":{"months_active":23,"first":"2023-07","last":"2025-10","tx_sum":633,"uniq_sum":238,"trade_sum":16,"nft_sum":142,"gas_sum":0.009502,"avg_balance_eth_mean":0.001194,"streak_best_days":33,"gas_sum_filled":0.009502},"months":{"2023-07":{"txs":3,"uniq":2,"trade":0,"nft":1,"gas":0.000256,"bal":0.001936,"days":1,"spread":0.032258,"streak":1,"rank_m":21245,"pct_m":0.022587,"gas_method":"estimated"},"2023-08":{"txs":20,"uniq":13,"trade":0,"nft":10,"gas":0.003835,"bal":0.003825,"days":4,"spread":0.129032,"streak":2,"rank_m":49764,"pct_m":0.052909,"gas_method":"exact"},"2023-09":{"txs":3,"uniq":2,"trade":0,"nft":4,"gas":0.000189,"bal":0.003489,"days":2,"spread":0.066667,"streak":1,"rank_m":74524,"pct_m":0.079234,"gas_method":"exact"},"2023-10":{"txs":3,"uniq":2,"trade":0,"nft":0,"gas":0.000161,"bal":0.000043,"days":1,"spread":0.032258,"streak":1,"rank_m":114132,"pct_m":0.121346,"gas_method":"exact"},"2023-11":{"txs":2,"uniq":1,"trade":0,"nft":0,"gas":0.000023,"bal":0.000141,"days":1,"spread":0.033333,"streak":1,"rank_m":160627,"pct_m":0.17078,"gas_method":"estimated"},"2023-12":{"txs":0,"uniq":0,"trade":0,"nft":0,"gas":0,"bal":0.000141,"days":0,"spread":0,"streak":0,"rank_m":241084,"pct_m":0.256324},"2024-01":{"txs":1,"uniq":1,"trade":0,"nft":2,"gas":0.00002,"bal":0.000559,"days":1,"spread":0.032258,"streak":1,"rank_m":161295,"pct_m":0.171491,"gas_method":"estimated"},"2024-02":{"txs":28,"uniq":11,"trade":1,"nft":5,"gas":0.000417,"bal":0.000614,"days":5,"spread":0.172414,"streak":2,"rank_m":59472,"pct_m":0.063231,"gas_method":"exact"},"2024-03":{"txs":43,"uniq":12,"trade":2,"nft":8,"gas":0.000736,"bal":0.00071,"days":3,"spread":0.096774,"streak":3,"rank_m":157121,"pct_m":0.167053,"gas_method":"estimated"},"2024-04":{"txs":57,"uniq":22,"trade":1,"nft":12,"gas":0.00012,"bal":0.001224,"days":13,"spread":0.433333,"streak":6,"rank_m":132648,"pct_m":0.141033,"gas_method":"estimated"},"2024-05":{"txs":9,"uniq":6,"trade":0,"nft":3,"gas":0.000008,"bal":0.000708,"days":5,"spread":0.16129,"streak":2,"rank_m":253002,"pct_m":0.268995,"gas_method":"exact"},"2024-06":{"txs":62,"uniq":27,"trade":3,"nft":19,"gas":0.000002,"bal":0.000767,"days":11,"spread":0.366667,"streak":7,"rank_m":123533,"pct_m":0.131341,"gas_method":"estimated"},"2024-07":{"txs":23,"uniq":8,"trade":0,"nft":18,"gas":0.000001,"bal":0.000339,"days":9,"spread":0.290323,"streak":2,"rank_m":144857,"pct_m":0.154013,"gas_method":"exact"},"2024-08":{"txs":68,"uniq":30,"trade":0,"nft":30,"gas":0.000002,"bal":0.000363,"days":15,"spread":0.483871,"streak":3,"rank_m":79902,"pct_m":0.084952,"gas_method":"exact"},"2024-09":{"txs":23,"uniq":10,"trade":0,"nft":9,"gas":0.000001,"bal":0.000248,"days":10,"spread":0.333333,"streak":5,"rank_m":199489,"pct_m":0.212099,"gas_method":"estimated"},"2024-10":{"txs":42,"uniq":20,"trade":0,"nft":18,"gas":0.000001,"bal":0.000144,"days":18,"spread":0.580645,"streak":5,"rank_m":103369,"pct_m":0.109903,"gas_method":"exact"},"2024-11":{"txs":48,"uniq":13,"trade":3,"nft":0,"gas":0.000108,"bal":0.00051,"days":16,"spread":0.533333,"streak":12,"rank_m":94854,"pct_m":0.100849,"gas_method":"exact"},"2024-12":{"txs":121,"uniq":24,"trade":4,"nft":0,"gas":0.002624,"bal":0.000502,"days":31,"spread":1,"streak":31,"rank_m":53749,"pct_m":0.057146,"gas_method":"exact"},"2025-01":{"txs":26,"uniq":12,"trade":0,"nft":1,"gas":0.000675,"bal":0.001856,"days":7,"spread":0.225806,"streak":3,"rank_m":148537,"pct_m":0.157926,"gas_method":"exact"},"2025-02":{"txs":5,"uniq":2,"trade":0,"nft":0,"gas":0.000028,"bal":0.000537,"days":3,"spread":0.107143,"streak":1,"rank_m":402671,"pct_m":0.428126,"gas_method":"exact"},"2025-03":{"txs":11,"uniq":2,"trade":0,"nft":0,"gas":0.000079,"bal":0.000722,"days":1,"spread":0.032258,"streak":1,"rank_m":351736,"pct_m":0.373971,"gas_method":"exact"},"2025-04":{"txs":30,"uniq":16,"trade":2,"nft":1,"gas":0.000181,"bal":0.000777,"days":8,"spread":0.266667,"streak":4,"rank_m":90510,"pct_m":0.096231,"gas_method":"exact"},"2025-05":{"txs":3,"uniq":2,"trade":0,"nft":1,"gas":0.000021,"bal":0.002655,"days":3,"spread":0.096774,"streak":1,"rank_m":281706,"pct_m":0.299514,"gas_method":"estimated"},"2025-06":{"txs":0,"uniq":0,"trade":0,"nft":0,"gas":0,"bal":0.002655,"days":0,"spread":0,"streak":0,"rank_m":592419,"pct_m":0.629869},"2025-07":{"txs":0,"uniq":0,"trade":0,"nft":0,"gas":0,"bal":0.002655,"days":0,"spread":0,"streak":0,"rank_m":611336,"pct_m":0.649982},"2025-08":{"txs":0,"uniq":0,"trade":0,"nft":0,"gas":0,"bal":0.002655,"days":0,"spread":0,"streak":0,"rank_m":589170,"pct_m":0.626415},"2025-09":{"txs":2,"uniq":0,"trade":0,"nft":0,"gas":0.000014,"bal":0,"days":1,"spread":0.033333,"streak":1,"rank_m":766952,"pct_m":0.815436,"gas_method":"estimated"},"2025-10":{"txs":0,"uniq":0,"trade":0,"nft":0,"gas":0,"bal":0.002655,"days":0,"spread":0,"streak":0,"rank_m":478730,"pct_m":0.508993}}}