{"wallet":"0xcd69ae51b2ec8be7a078f2574d2f45e1419f3547","rank":483949,"lifetime":{"months_active":15,"first":"2023-07","last":"2025-10","tx_sum":155,"uniq_sum":80,"trade_sum":8,"nft_sum":35,"gas_sum":0.000744,"avg_balance_eth_mean":0.001294,"streak_best_days":10,"gas_sum_filled":0.000744},"months":{"2023-07":{"txs":0,"uniq":0,"trade":0,"nft":0,"gas":0,"bal":0,"days":0,"spread":0,"streak":0,"rank_m":227312,"pct_m":0.241681},"2023-08":{"txs":0,"uniq":0,"trade":0,"nft":0,"gas":0,"bal":0,"days":0,"spread":0,"streak":0,"rank_m":319100,"pct_m":0.339272},"2023-09":{"txs":2,"uniq":2,"trade":0,"nft":1,"gas":0.000046,"bal":0.000037,"days":1,"spread":0.033333,"streak":1,"rank_m":136222,"pct_m":0.144833,"gas_method":"estimated"},"2023-10":{"txs":0,"uniq":0,"trade":0,"nft":0,"gas":0,"bal":0.000037,"days":0,"spread":0,"streak":0,"rank_m":213555,"pct_m":0.227054},"2023-11":{"txs":0,"uniq":0,"trade":0,"nft":0,"gas":0,"bal":0.000037,"days":0,"spread":0,"streak":0,"rank_m":227177,"pct_m":0.241538},"2023-12":{"txs":0,"uniq":0,"trade":0,"nft":0,"gas":0,"bal":0.000037,"days":0,"spread":0,"streak":0,"rank_m":254533,"pct_m":0.270623},"2024-01":{"txs":1,"uniq":1,"trade":0,"nft":1,"gas":0.000018,"bal":0.000213,"days":1,"spread":0.032258,"streak":1,"rank_m":180426,"pct_m":0.191831,"gas_method":"estimated"},"2024-02":{"txs":0,"uniq":0,"trade":0,"nft":0,"gas":0,"bal":0.000213,"days":0,"spread":0,"streak":0,"rank_m":311376,"pct_m":0.331059},"2024-03":{"txs":17,"uniq":12,"trade":2,"nft":2,"gas":0.000266,"bal":0.0012,"days":6,"spread":0.193548,"streak":3,"rank_m":145821,"pct_m":0.155038,"gas_method":"estimated"},"2024-04":{"txs":71,"uniq":14,"trade":4,"nft":1,"gas":0.000117,"bal":0.005011,"days":22,"spread":0.733333,"streak":9,"rank_m":46274,"pct_m":0.049198,"gas_method":"exact"},"2024-05":{"txs":12,"uniq":8,"trade":0,"nft":0,"gas":0.000008,"bal":0.002954,"days":4,"spread":0.129032,"streak":2,"rank_m":297009,"pct_m":0.315784,"gas_method":"estimated"},"2024-06":{"txs":1,"uniq":1,"trade":0,"nft":1,"gas":0,"bal":0.00564,"days":1,"spread":0.033333,"streak":1,"rank_m":387545,"pct_m":0.412044,"gas_method":"estimated"},"2024-07":{"txs":2,"uniq":2,"trade":0,"nft":2,"gas":0,"bal":0.005288,"days":1,"spread":0.032258,"streak":1,"rank_m":348304,"pct_m":0.370322,"gas_method":"estimated"},"2024-08":{"txs":28,"uniq":21,"trade":0,"nft":24,"gas":0.000002,"bal":0.004011,"days":8,"spread":0.258065,"streak":4,"rank_m":105979,"pct_m":0.112678,"gas_method":"estimated"},"2024-09":{"txs":2,"uniq":2,"trade":0,"nft":2,"gas":0,"bal":0.002374,"days":1,"spread":0.033333,"streak":1,"rank_m":335360,"pct_m":0.35656,"gas_method":"estimated"},"2024-10":{"txs":1,"uniq":1,"trade":0,"nft":1,"gas":0,"bal":0.002313,"days":1,"spread":0.032258,"streak":1,"rank_m":423881,"pct_m":0.450677,"gas_method":"estimated"},"2024-11":{"txs":1,"uniq":1,"trade":0,"nft":0,"gas":0.000002,"bal":0.002308,"days":1,"spread":0.033333,"streak":1,"rank_m":460521,"pct_m":0.489633,"gas_method":"exact"},"2024-12":{"txs":9,"uniq":7,"trade":1,"nft":0,"gas":0.000176,"bal":0.000933,"days":6,"spread":0.193548,"streak":3,"rank_m":279908,"pct_m":0.297602,"gas_method":"exact"},"2025-01":{"txs":3,"uniq":3,"trade":0,"nft":0,"gas":0.000078,"bal":0.000642,"days":1,"spread":0.032258,"streak":1,"rank_m":481455,"pct_m":0.51189,"gas_method":"exact"},"2025-02":{"txs":0,"uniq":0,"trade":0,"nft":0,"gas":0,"bal":0.000642,"days":0,"spread":0,"streak":0,"rank_m":663736,"pct_m":0.705695},"2025-03":{"txs":0,"uniq":0,"trade":0,"nft":0,"gas":0,"bal":0.000642,"days":0,"spread":0,"streak":0,"rank_m":662300,"pct_m":0.704168},"2025-04":{"txs":4,"uniq":4,"trade":1,"nft":0,"gas":0.000024,"bal":0.000476,"days":3,"spread":0.1,"streak":2,"rank_m":325459,"pct_m":0.346033,"gas_method":"exact"},"2025-05":{"txs":0,"uniq":0,"trade":0,"nft":0,"gas":0,"bal":0.000476,"days":0,"spread":0,"streak":0,"rank_m":714995,"pct_m":0.760194},"2025-06":{"txs":1,"uniq":1,"trade":0,"nft":0,"gas":0.000007,"bal":0.000149,"days":1,"spread":0.033333,"streak":1,"rank_m":627905,"pct_m":0.667599,"gas_method":"estimated"},"2025-07":{"txs":0,"uniq":0,"trade":0,"nft":0,"gas":0,"bal":0.000149,"days":0,"spread":0,"streak":0,"rank_m":797865,"pct_m":0.848303},"2025-08":{"txs":0,"uniq":0,"trade":0,"nft":0,"gas":0,"bal":0.000149,"days":0,"spread":0,"streak":0,"rank_m":786020,"pct_m":0.835709},"2025-09":{"txs":0,"uniq":0,"trade":0,"nft":0,"gas":0,"bal":0.000149,"days":0,"spread":0,"streak":0,"rank_m":779137,"pct_m":0.828391},"2025-10":{"txs":0,"uniq":0,"trade":0,"nft":0,"gas":0,"bal":0.000149,"days":0,"spread":0,"streak":0,"rank_m":721767,"pct_m":0.767395}}}