{"wallet":"0xcdc07bc2bd080ef2a6973e8509a64e7de05718c3","rank":18623,"lifetime":{"months_active":28,"first":"2023-07","last":"2025-10","tx_sum":1712,"uniq_sum":491,"trade_sum":22,"nft_sum":280,"gas_sum":0.015239,"avg_balance_eth_mean":0.002739,"streak_best_days":163,"gas_sum_filled":0.015239},"months":{"2023-07":{"txs":10,"uniq":5,"trade":0,"nft":2,"gas":0.001148,"bal":0.000668,"days":3,"spread":0.096774,"streak":1,"rank_m":5807,"pct_m":0.006173,"gas_method":"exact"},"2023-08":{"txs":29,"uniq":25,"trade":0,"nft":11,"gas":0.004261,"bal":0.006546,"days":14,"spread":0.451613,"streak":3,"rank_m":24425,"pct_m":0.025968,"gas_method":"exact"},"2023-09":{"txs":26,"uniq":9,"trade":0,"nft":5,"gas":0.00041,"bal":0.003925,"days":21,"spread":0.7,"streak":6,"rank_m":22331,"pct_m":0.023742,"gas_method":"exact"},"2023-10":{"txs":19,"uniq":11,"trade":0,"nft":9,"gas":0.00004,"bal":0.003001,"days":15,"spread":0.483871,"streak":4,"rank_m":22542,"pct_m":0.023966,"gas_method":"exact"},"2023-11":{"txs":32,"uniq":21,"trade":0,"nft":17,"gas":0.000054,"bal":0.004815,"days":27,"spread":0.9,"streak":19,"rank_m":8407,"pct_m":0.008937,"gas_method":"exact"},"2023-12":{"txs":26,"uniq":15,"trade":0,"nft":8,"gas":0.000246,"bal":0.003508,"days":18,"spread":0.580645,"streak":10,"rank_m":10740,"pct_m":0.011418,"gas_method":"exact"},"2024-01":{"txs":27,"uniq":15,"trade":0,"nft":8,"gas":0.000482,"bal":0.006322,"days":26,"spread":0.83871,"streak":19,"rank_m":8858,"pct_m":0.009417,"gas_method":"exact"},"2024-02":{"txs":32,"uniq":20,"trade":0,"nft":14,"gas":0.000533,"bal":0.004458,"days":27,"spread":0.931034,"streak":21,"rank_m":13352,"pct_m":0.014195,"gas_method":"exact"},"2024-03":{"txs":51,"uniq":22,"trade":4,"nft":14,"gas":0.000858,"bal":0.005397,"days":30,"spread":0.967742,"streak":18,"rank_m":15494,"pct_m":0.016472,"gas_method":"exact"},"2024-04":{"txs":96,"uniq":27,"trade":3,"nft":21,"gas":0.000325,"bal":0.008656,"days":30,"spread":1,"streak":30,"rank_m":13965,"pct_m":0.014847,"gas_method":"exact"},"2024-05":{"txs":49,"uniq":15,"trade":0,"nft":13,"gas":0.000012,"bal":0.003355,"days":30,"spread":0.967742,"streak":22,"rank_m":47372,"pct_m":0.050366,"gas_method":"exact"},"2024-06":{"txs":43,"uniq":18,"trade":0,"nft":9,"gas":0.000001,"bal":0.00143,"days":30,"spread":1,"streak":30,"rank_m":52287,"pct_m":0.055591,"gas_method":"exact"},"2024-07":{"txs":62,"uniq":18,"trade":0,"nft":13,"gas":0,"bal":0.000347,"days":31,"spread":1,"streak":31,"rank_m":63733,"pct_m":0.067761,"gas_method":"exact"},"2024-08":{"txs":156,"uniq":61,"trade":5,"nft":58,"gas":0,"bal":0.002904,"days":31,"spread":1,"streak":31,"rank_m":12536,"pct_m":0.013327,"gas_method":"exact"},"2024-09":{"txs":115,"uniq":35,"trade":1,"nft":32,"gas":0.00001,"bal":0.003318,"days":30,"spread":1,"streak":30,"rank_m":9709,"pct_m":0.010322,"gas_method":"exact"},"2024-10":{"txs":203,"uniq":32,"trade":6,"nft":30,"gas":0.000017,"bal":0.00102,"days":26,"spread":0.83871,"streak":19,"rank_m":25123,"pct_m":0.02671,"gas_method":"exact"},"2024-11":{"txs":115,"uniq":23,"trade":1,"nft":5,"gas":0.000152,"bal":0.007211,"days":24,"spread":0.8,"streak":17,"rank_m":23603,"pct_m":0.025094,"gas_method":"exact"},"2024-12":{"txs":157,"uniq":29,"trade":1,"nft":3,"gas":0.002668,"bal":0.003991,"days":31,"spread":1,"streak":31,"rank_m":24727,"pct_m":0.026289,"gas_method":"exact"},"2025-01":{"txs":63,"uniq":13,"trade":0,"nft":1,"gas":0.001247,"bal":0.000887,"days":23,"spread":0.741935,"streak":9,"rank_m":80962,"pct_m":0.086079,"gas_method":"exact"},"2025-02":{"txs":33,"uniq":10,"trade":0,"nft":0,"gas":0.000204,"bal":0.000989,"days":22,"spread":0.785714,"streak":6,"rank_m":102549,"pct_m":0.109031,"gas_method":"exact"},"2025-03":{"txs":46,"uniq":13,"trade":1,"nft":1,"gas":0.000356,"bal":0.001175,"days":25,"spread":0.806452,"streak":8,"rank_m":64550,"pct_m":0.06863,"gas_method":"exact"},"2025-04":{"txs":44,"uniq":12,"trade":0,"nft":1,"gas":0.00026,"bal":0.000983,"days":23,"spread":0.766667,"streak":8,"rank_m":60545,"pct_m":0.064371,"gas_method":"exact"},"2025-05":{"txs":36,"uniq":10,"trade":0,"nft":2,"gas":0.000253,"bal":0.000312,"days":26,"spread":0.83871,"streak":15,"rank_m":167216,"pct_m":0.177786,"gas_method":"estimated"},"2025-06":{"txs":42,"uniq":13,"trade":0,"nft":1,"gas":0.000296,"bal":0.000306,"days":25,"spread":0.833333,"streak":14,"rank_m":205888,"pct_m":0.218903,"gas_method":"estimated"},"2025-07":{"txs":34,"uniq":7,"trade":0,"nft":1,"gas":0.000239,"bal":0.0003,"days":23,"spread":0.741935,"streak":8,"rank_m":251486,"pct_m":0.267383,"gas_method":"estimated"},"2025-08":{"txs":64,"uniq":4,"trade":0,"nft":0,"gas":0.00045,"bal":0.0003,"days":29,"spread":0.935484,"streak":20,"rank_m":318288,"pct_m":0.338408,"gas_method":"estimated"},"2025-09":{"txs":64,"uniq":4,"trade":0,"nft":1,"gas":0.00045,"bal":0.000294,"days":27,"spread":0.9,"streak":9,"rank_m":228605,"pct_m":0.243056,"gas_method":"estimated"},"2025-10":{"txs":38,"uniq":4,"trade":0,"nft":0,"gas":0.000267,"bal":0.000272,"days":13,"spread":0.419355,"streak":5,"rank_m":270684,"pct_m":0.287795,"gas_method":"estimated"}}}