{"wallet":"0xcdc7a97339fb8f28ec586faa3c5f702c4a86445b","rank":806089,"lifetime":{"months_active":17,"first":"2023-07","last":"2025-10","tx_sum":141,"uniq_sum":64,"trade_sum":0,"nft_sum":16,"gas_sum":0.003018,"avg_balance_eth_mean":0.000192,"streak_best_days":0,"gas_sum_filled":0.003018},"months":{"2023-07":{"txs":0,"uniq":0,"trade":0,"nft":0,"gas":0,"bal":0,"days":0,"spread":0,"streak":0,"rank_m":226040,"pct_m":0.240329},"2023-08":{"txs":0,"uniq":0,"trade":0,"nft":0,"gas":0,"bal":0,"days":0,"spread":0,"streak":0,"rank_m":317971,"pct_m":0.338071},"2023-09":{"txs":6,"uniq":4,"trade":0,"nft":3,"gas":0.00043,"bal":0.000003,"days":2,"spread":0.066667,"streak":0,"rank_m":139373,"pct_m":0.148183,"gas_method":"estimated"},"2023-10":{"txs":3,"uniq":3,"trade":0,"nft":2,"gas":0.000109,"bal":0.000251,"days":3,"spread":0.096774,"streak":0,"rank_m":117189,"pct_m":0.124596,"gas_method":"exact"},"2023-11":{"txs":40,"uniq":9,"trade":0,"nft":2,"gas":0.001313,"bal":0.002496,"days":9,"spread":0.3,"streak":0,"rank_m":69810,"pct_m":0.074222,"gas_method":"estimated"},"2023-12":{"txs":12,"uniq":7,"trade":0,"nft":1,"gas":0.000105,"bal":0.000906,"days":6,"spread":0.193548,"streak":0,"rank_m":89166,"pct_m":0.094802,"gas_method":"exact"},"2024-01":{"txs":2,"uniq":1,"trade":0,"nft":0,"gas":0.000031,"bal":0.000498,"days":1,"spread":0.032258,"streak":0,"rank_m":191911,"pct_m":0.204042,"gas_method":"exact"},"2024-02":{"txs":6,"uniq":5,"trade":0,"nft":4,"gas":0.000194,"bal":0.000182,"days":4,"spread":0.137931,"streak":0,"rank_m":218638,"pct_m":0.232459,"gas_method":"estimated"},"2024-03":{"txs":8,"uniq":7,"trade":0,"nft":2,"gas":0.000388,"bal":0.000048,"days":5,"spread":0.16129,"streak":0,"rank_m":310800,"pct_m":0.330447,"gas_method":"estimated"},"2024-04":{"txs":11,"uniq":7,"trade":0,"nft":1,"gas":0.000066,"bal":0.000237,"days":5,"spread":0.166667,"streak":0,"rank_m":398951,"pct_m":0.424171,"gas_method":"estimated"},"2024-05":{"txs":0,"uniq":0,"trade":0,"nft":0,"gas":0,"bal":0.000237,"days":0,"spread":0,"streak":0,"rank_m":515986,"pct_m":0.548604},"2024-06":{"txs":1,"uniq":1,"trade":0,"nft":1,"gas":0,"bal":0.000314,"days":1,"spread":0.033333,"streak":0,"rank_m":498016,"pct_m":0.529498,"gas_method":"estimated"},"2024-07":{"txs":12,"uniq":10,"trade":0,"nft":0,"gas":0.000004,"bal":0.000126,"days":2,"spread":0.064516,"streak":0,"rank_m":447537,"pct_m":0.475828,"gas_method":"estimated"},"2024-08":{"txs":6,"uniq":3,"trade":0,"nft":0,"gas":0,"bal":0.000019,"days":2,"spread":0.064516,"streak":0,"rank_m":436007,"pct_m":0.463569,"gas_method":"exact"},"2024-09":{"txs":0,"uniq":0,"trade":0,"nft":0,"gas":0,"bal":0.000019,"days":0,"spread":0,"streak":0,"rank_m":624415,"pct_m":0.663888},"2024-10":{"txs":0,"uniq":0,"trade":0,"nft":0,"gas":0,"bal":0.000019,"days":0,"spread":0,"streak":0,"rank_m":660746,"pct_m":0.702516},"2024-11":{"txs":0,"uniq":0,"trade":0,"nft":0,"gas":0,"bal":0.000019,"days":0,"spread":0,"streak":0,"rank_m":670217,"pct_m":0.712586},"2024-12":{"txs":8,"uniq":6,"trade":0,"nft":0,"gas":0.000176,"bal":0,"days":2,"spread":0.064516,"streak":0,"rank_m":511798,"pct_m":0.544152,"gas_method":"exact"},"2025-01":{"txs":1,"uniq":1,"trade":0,"nft":0,"gas":0.000026,"bal":0,"days":1,"spread":0.032258,"streak":0,"rank_m":614096,"pct_m":0.652917,"gas_method":"exact"},"2025-02":{"txs":0,"uniq":0,"trade":0,"nft":0,"gas":0,"bal":0,"days":0,"spread":0,"streak":0,"rank_m":778271,"pct_m":0.827471},"2025-03":{"txs":0,"uniq":0,"trade":0,"nft":0,"gas":0,"bal":0,"days":0,"spread":0,"streak":0,"rank_m":800109,"pct_m":0.850689},"2025-04":{"txs":0,"uniq":0,"trade":0,"nft":0,"gas":0,"bal":0,"days":0,"spread":0,"streak":0,"rank_m":833314,"pct_m":0.885993},"2025-05":{"txs":0,"uniq":0,"trade":0,"nft":0,"gas":0,"bal":0,"days":0,"spread":0,"streak":0,"rank_m":855405,"pct_m":0.909481},"2025-06":{"txs":3,"uniq":0,"trade":0,"nft":0,"gas":0.000021,"bal":0,"days":1,"spread":0.033333,"streak":0,"rank_m":781104,"pct_m":0.830483,"gas_method":"estimated"},"2025-07":{"txs":1,"uniq":0,"trade":0,"nft":0,"gas":0.000007,"bal":0,"days":1,"spread":0.032258,"streak":0,"rank_m":825116,"pct_m":0.877277,"gas_method":"estimated"},"2025-08":{"txs":1,"uniq":0,"trade":0,"nft":0,"gas":0.000007,"bal":0,"days":1,"spread":0.032258,"streak":0,"rank_m":816478,"pct_m":0.868093,"gas_method":"estimated"},"2025-09":{"txs":20,"uniq":0,"trade":0,"nft":0,"gas":0.000141,"bal":0,"days":1,"spread":0.033333,"streak":0,"rank_m":769801,"pct_m":0.818465,"gas_method":"estimated"},"2025-10":{"txs":0,"uniq":0,"trade":0,"nft":0,"gas":0,"bal":0,"days":0,"spread":0,"streak":0,"rank_m":881432,"pct_m":0.937153}}}