{"wallet":"0xcdfd8f042db8b90cf3e51ad888fbcaa8d3896285","rank":785751,"lifetime":{"months_active":12,"first":"2023-07","last":"2025-10","tx_sum":149,"uniq_sum":55,"trade_sum":2,"nft_sum":20,"gas_sum":0.000669,"avg_balance_eth_mean":0.000136,"streak_best_days":4,"gas_sum_filled":0.000669},"months":{"2023-07":{"txs":0,"uniq":0,"trade":0,"nft":0,"gas":0,"bal":0,"days":0,"spread":0,"streak":0,"rank_m":225265,"pct_m":0.239505},"2023-08":{"txs":0,"uniq":0,"trade":0,"nft":0,"gas":0,"bal":0,"days":0,"spread":0,"streak":0,"rank_m":317279,"pct_m":0.337336},"2023-09":{"txs":0,"uniq":0,"trade":0,"nft":0,"gas":0,"bal":0,"days":0,"spread":0,"streak":0,"rank_m":334680,"pct_m":0.355837},"2023-10":{"txs":0,"uniq":0,"trade":0,"nft":0,"gas":0,"bal":0,"days":0,"spread":0,"streak":0,"rank_m":353082,"pct_m":0.375402},"2023-11":{"txs":0,"uniq":0,"trade":0,"nft":0,"gas":0,"bal":0,"days":0,"spread":0,"streak":0,"rank_m":369763,"pct_m":0.393138},"2023-12":{"txs":1,"uniq":1,"trade":0,"nft":0,"gas":0.000009,"bal":0.000117,"days":1,"spread":0.032258,"streak":1,"rank_m":191185,"pct_m":0.20327,"gas_method":"estimated"},"2024-01":{"txs":1,"uniq":1,"trade":0,"nft":0,"gas":0.000051,"bal":0.000505,"days":1,"spread":0.032258,"streak":1,"rank_m":161532,"pct_m":0.171743,"gas_method":"exact"},"2024-02":{"txs":0,"uniq":0,"trade":0,"nft":0,"gas":0,"bal":0.000505,"days":0,"spread":0,"streak":0,"rank_m":296349,"pct_m":0.315082},"2024-03":{"txs":0,"uniq":0,"trade":0,"nft":0,"gas":0,"bal":0.000505,"days":0,"spread":0,"streak":0,"rank_m":389954,"pct_m":0.414605},"2024-04":{"txs":53,"uniq":17,"trade":1,"nft":4,"gas":0.000152,"bal":0.000205,"days":2,"spread":0.066667,"streak":1,"rank_m":221544,"pct_m":0.235548,"gas_method":"exact"},"2024-05":{"txs":25,"uniq":11,"trade":0,"nft":3,"gas":0.000008,"bal":0.000293,"days":6,"spread":0.193548,"streak":2,"rank_m":277223,"pct_m":0.294747,"gas_method":"estimated"},"2024-06":{"txs":16,"uniq":5,"trade":0,"nft":3,"gas":0.000001,"bal":0.000175,"days":7,"spread":0.233333,"streak":2,"rank_m":216362,"pct_m":0.230039,"gas_method":"exact"},"2024-07":{"txs":6,"uniq":2,"trade":0,"nft":2,"gas":0,"bal":0.000158,"days":2,"spread":0.064516,"streak":1,"rank_m":418998,"pct_m":0.445485,"gas_method":"estimated"},"2024-08":{"txs":7,"uniq":5,"trade":1,"nft":3,"gas":0.000003,"bal":0.000191,"days":3,"spread":0.096774,"streak":1,"rank_m":277200,"pct_m":0.294723,"gas_method":"exact"},"2024-09":{"txs":10,"uniq":4,"trade":0,"nft":2,"gas":0,"bal":0.000213,"days":5,"spread":0.166667,"streak":2,"rank_m":309004,"pct_m":0.328538,"gas_method":"estimated"},"2024-10":{"txs":10,"uniq":3,"trade":0,"nft":3,"gas":0.000002,"bal":0.000184,"days":4,"spread":0.129032,"streak":2,"rank_m":272467,"pct_m":0.289691,"gas_method":"exact"},"2024-11":{"txs":0,"uniq":0,"trade":0,"nft":0,"gas":0,"bal":0.000184,"days":0,"spread":0,"streak":0,"rank_m":636714,"pct_m":0.676965},"2024-12":{"txs":0,"uniq":0,"trade":0,"nft":0,"gas":0,"bal":0.000184,"days":0,"spread":0,"streak":0,"rank_m":682850,"pct_m":0.726017},"2025-01":{"txs":16,"uniq":3,"trade":0,"nft":0,"gas":0.000416,"bal":0.000097,"days":7,"spread":0.225806,"streak":4,"rank_m":321649,"pct_m":0.341982,"gas_method":"exact"},"2025-02":{"txs":0,"uniq":0,"trade":0,"nft":0,"gas":0,"bal":0.000097,"days":0,"spread":0,"streak":0,"rank_m":721273,"pct_m":0.766869},"2025-03":{"txs":0,"uniq":0,"trade":0,"nft":0,"gas":0,"bal":0.000097,"days":0,"spread":0,"streak":0,"rank_m":732832,"pct_m":0.779159},"2025-04":{"txs":1,"uniq":1,"trade":0,"nft":0,"gas":0.000006,"bal":0.000033,"days":1,"spread":0.033333,"streak":1,"rank_m":565350,"pct_m":0.601089,"gas_method":"exact"},"2025-05":{"txs":0,"uniq":0,"trade":0,"nft":0,"gas":0,"bal":0.000033,"days":0,"spread":0,"streak":0,"rank_m":810800,"pct_m":0.862056},"2025-06":{"txs":0,"uniq":0,"trade":0,"nft":0,"gas":0,"bal":0.000033,"days":0,"spread":0,"streak":0,"rank_m":822625,"pct_m":0.874629},"2025-07":{"txs":3,"uniq":2,"trade":0,"nft":0,"gas":0.000021,"bal":0,"days":1,"spread":0.032258,"streak":1,"rank_m":691903,"pct_m":0.735643,"gas_method":"estimated"},"2025-08":{"txs":0,"uniq":0,"trade":0,"nft":0,"gas":0,"bal":0,"days":0,"spread":0,"streak":0,"rank_m":888047,"pct_m":0.944186},"2025-09":{"txs":0,"uniq":0,"trade":0,"nft":0,"gas":0,"bal":0,"days":0,"spread":0,"streak":0,"rank_m":886305,"pct_m":0.942334},"2025-10":{"txs":0,"uniq":0,"trade":0,"nft":0,"gas":0,"bal":0,"days":0,"spread":0,"streak":0,"rank_m":856631,"pct_m":0.910784}}}