{"wallet":"0xcd27a03a0179a4a3680bc84614ff06c6b4756d62","rank":377333,"lifetime":{"months_active":16,"first":"2023-07","last":"2025-10","tx_sum":213,"uniq_sum":108,"trade_sum":0,"nft_sum":6,"gas_sum":0.001619,"avg_balance_eth_mean":0.01433,"streak_best_days":2,"gas_sum_filled":0.001619},"months":{"2023-07":{"txs":0,"uniq":0,"trade":0,"nft":0,"gas":0,"bal":0,"days":0,"spread":0,"streak":0,"rank_m":228193,"pct_m":0.242618},"2023-08":{"txs":15,"uniq":11,"trade":0,"nft":0,"gas":0.000421,"bal":0.010296,"days":2,"spread":0.064516,"streak":1,"rank_m":85726,"pct_m":0.091144,"gas_method":"exact"},"2023-09":{"txs":0,"uniq":0,"trade":0,"nft":0,"gas":0,"bal":0.010296,"days":0,"spread":0,"streak":0,"rank_m":152729,"pct_m":0.162383},"2023-10":{"txs":0,"uniq":0,"trade":0,"nft":0,"gas":0,"bal":0.010296,"days":0,"spread":0,"streak":0,"rank_m":156807,"pct_m":0.166719},"2023-11":{"txs":0,"uniq":0,"trade":0,"nft":0,"gas":0,"bal":0.010296,"days":0,"spread":0,"streak":0,"rank_m":166388,"pct_m":0.176906},"2023-12":{"txs":0,"uniq":0,"trade":0,"nft":0,"gas":0,"bal":0.010296,"days":0,"spread":0,"streak":0,"rank_m":191976,"pct_m":0.204111},"2024-01":{"txs":0,"uniq":0,"trade":0,"nft":0,"gas":0,"bal":0.010296,"days":0,"spread":0,"streak":0,"rank_m":201556,"pct_m":0.214297},"2024-02":{"txs":3,"uniq":1,"trade":0,"nft":0,"gas":0.000053,"bal":0.000567,"days":1,"spread":0.034483,"streak":1,"rank_m":253408,"pct_m":0.269427,"gas_method":"estimated"},"2024-03":{"txs":15,"uniq":12,"trade":0,"nft":1,"gas":0.000227,"bal":0.003651,"days":3,"spread":0.096774,"streak":1,"rank_m":159741,"pct_m":0.169838,"gas_method":"exact"},"2024-04":{"txs":1,"uniq":1,"trade":0,"nft":1,"gas":0.000003,"bal":0.002463,"days":1,"spread":0.033333,"streak":1,"rank_m":402788,"pct_m":0.42825,"gas_method":"estimated"},"2024-05":{"txs":29,"uniq":20,"trade":0,"nft":2,"gas":0.000032,"bal":0.002728,"days":4,"spread":0.129032,"streak":2,"rank_m":206773,"pct_m":0.219844,"gas_method":"estimated"},"2024-06":{"txs":16,"uniq":6,"trade":0,"nft":0,"gas":0.000001,"bal":0.001688,"days":3,"spread":0.1,"streak":1,"rank_m":341482,"pct_m":0.363069,"gas_method":"estimated"},"2024-07":{"txs":0,"uniq":0,"trade":0,"nft":0,"gas":0,"bal":0.001688,"days":0,"spread":0,"streak":0,"rank_m":526204,"pct_m":0.559468},"2024-08":{"txs":2,"uniq":1,"trade":0,"nft":0,"gas":0,"bal":0.004941,"days":2,"spread":0.064516,"streak":1,"rank_m":396456,"pct_m":0.421518,"gas_method":"estimated"},"2024-09":{"txs":4,"uniq":4,"trade":0,"nft":0,"gas":0,"bal":0.002219,"days":1,"spread":0.033333,"streak":1,"rank_m":355980,"pct_m":0.378483,"gas_method":"estimated"},"2024-10":{"txs":0,"uniq":0,"trade":0,"nft":0,"gas":0,"bal":0.002219,"days":0,"spread":0,"streak":0,"rank_m":553844,"pct_m":0.588856},"2024-11":{"txs":2,"uniq":2,"trade":0,"nft":0,"gas":0.000005,"bal":0.001434,"days":2,"spread":0.066667,"streak":2,"rank_m":419073,"pct_m":0.445565,"gas_method":"exact"},"2024-12":{"txs":6,"uniq":3,"trade":0,"nft":0,"gas":0.000088,"bal":0.00031,"days":1,"spread":0.032258,"streak":1,"rank_m":501259,"pct_m":0.532946,"gas_method":"exact"},"2025-01":{"txs":0,"uniq":0,"trade":0,"nft":0,"gas":0,"bal":0.00031,"days":0,"spread":0,"streak":0,"rank_m":672460,"pct_m":0.71497},"2025-02":{"txs":0,"uniq":0,"trade":0,"nft":0,"gas":0,"bal":0.00031,"days":0,"spread":0,"streak":0,"rank_m":692841,"pct_m":0.73664},"2025-03":{"txs":4,"uniq":2,"trade":0,"nft":0,"gas":0.000024,"bal":0.000047,"days":1,"spread":0.032258,"streak":1,"rank_m":461353,"pct_m":0.490518,"gas_method":"exact"},"2025-04":{"txs":39,"uniq":37,"trade":0,"nft":0,"gas":0.000223,"bal":0.063083,"days":1,"spread":0.033333,"streak":1,"rank_m":87612,"pct_m":0.09315,"gas_method":"exact"},"2025-05":{"txs":0,"uniq":0,"trade":0,"nft":0,"gas":0,"bal":0.063083,"days":0,"spread":0,"streak":0,"rank_m":350831,"pct_m":0.373009},"2025-06":{"txs":1,"uniq":1,"trade":0,"nft":0,"gas":0.000007,"bal":0.107343,"days":1,"spread":0.033333,"streak":1,"rank_m":228724,"pct_m":0.243182,"gas_method":"estimated"},"2025-07":{"txs":66,"uniq":3,"trade":0,"nft":0,"gas":0.000465,"bal":0.064806,"days":3,"spread":0.096774,"streak":1,"rank_m":117040,"pct_m":0.124438,"gas_method":"estimated"},"2025-08":{"txs":1,"uniq":0,"trade":0,"nft":1,"gas":0.000007,"bal":0.006004,"days":1,"spread":0.032258,"streak":1,"rank_m":352109,"pct_m":0.374368,"gas_method":"estimated"},"2025-09":{"txs":9,"uniq":4,"trade":0,"nft":1,"gas":0.000063,"bal":0.005282,"days":3,"spread":0.1,"streak":2,"rank_m":230378,"pct_m":0.244941,"gas_method":"estimated"},"2025-10":{"txs":0,"uniq":0,"trade":0,"nft":0,"gas":0,"bal":0.005282,"days":0,"spread":0,"streak":0,"rank_m":420289,"pct_m":0.446858}}}