{"wallet":"0xcd71352df4247eb6d837fee95ad33298e9b02194","rank":460986,"lifetime":{"months_active":13,"first":"2023-07","last":"2025-10","tx_sum":119,"uniq_sum":76,"trade_sum":8,"nft_sum":40,"gas_sum":0.00626,"avg_balance_eth_mean":0.00399,"streak_best_days":4,"gas_sum_filled":0.00626},"months":{"2023-07":{"txs":0,"uniq":0,"trade":0,"nft":0,"gas":0,"bal":0,"days":0,"spread":0,"streak":0,"rank_m":227198,"pct_m":0.24156},"2023-08":{"txs":48,"uniq":24,"trade":0,"nft":16,"gas":0.003164,"bal":0.016568,"days":13,"spread":0.419355,"streak":4,"rank_m":16640,"pct_m":0.017691,"gas_method":"exact"},"2023-09":{"txs":11,"uniq":10,"trade":0,"nft":7,"gas":0.000554,"bal":0.012541,"days":2,"spread":0.066667,"streak":1,"rank_m":37709,"pct_m":0.040092,"gas_method":"exact"},"2023-10":{"txs":3,"uniq":3,"trade":0,"nft":0,"gas":0.000194,"bal":0.006209,"days":1,"spread":0.032258,"streak":1,"rank_m":75744,"pct_m":0.080531,"gas_method":"exact"},"2023-11":{"txs":0,"uniq":0,"trade":0,"nft":0,"gas":0,"bal":0.006209,"days":0,"spread":0,"streak":0,"rank_m":169877,"pct_m":0.180615},"2023-12":{"txs":12,"uniq":9,"trade":0,"nft":1,"gas":0.001666,"bal":0.002412,"days":4,"spread":0.129032,"streak":2,"rank_m":58985,"pct_m":0.062713,"gas_method":"estimated"},"2024-01":{"txs":0,"uniq":0,"trade":0,"nft":0,"gas":0,"bal":0.002412,"days":0,"spread":0,"streak":0,"rank_m":211988,"pct_m":0.225388},"2024-02":{"txs":2,"uniq":1,"trade":0,"nft":1,"gas":0.000146,"bal":0.000987,"days":1,"spread":0.034483,"streak":1,"rank_m":232464,"pct_m":0.247159,"gas_method":"estimated"},"2024-03":{"txs":14,"uniq":7,"trade":7,"nft":0,"gas":0.000478,"bal":0.001305,"days":5,"spread":0.16129,"streak":2,"rank_m":124898,"pct_m":0.132793,"gas_method":"exact"},"2024-04":{"txs":3,"uniq":3,"trade":1,"nft":0,"gas":0.000041,"bal":0.000644,"days":1,"spread":0.033333,"streak":1,"rank_m":390484,"pct_m":0.415169,"gas_method":"estimated"},"2024-05":{"txs":0,"uniq":0,"trade":0,"nft":0,"gas":0,"bal":0.000644,"days":0,"spread":0,"streak":0,"rank_m":507884,"pct_m":0.53999},"2024-06":{"txs":10,"uniq":7,"trade":0,"nft":0,"gas":0.000002,"bal":0.00088,"days":5,"spread":0.166667,"streak":2,"rank_m":338577,"pct_m":0.35998,"gas_method":"estimated"},"2024-07":{"txs":6,"uniq":2,"trade":0,"nft":7,"gas":0.000004,"bal":0.001886,"days":1,"spread":0.032258,"streak":1,"rank_m":349122,"pct_m":0.371192,"gas_method":"estimated"},"2024-08":{"txs":7,"uniq":7,"trade":0,"nft":8,"gas":0.000003,"bal":0.006848,"days":7,"spread":0.225806,"streak":2,"rank_m":189374,"pct_m":0.201345,"gas_method":"estimated"},"2024-09":{"txs":1,"uniq":1,"trade":0,"nft":0,"gas":0,"bal":0.005128,"days":1,"spread":0.033333,"streak":1,"rank_m":369210,"pct_m":0.39255,"gas_method":"estimated"},"2024-10":{"txs":0,"uniq":0,"trade":0,"nft":0,"gas":0,"bal":0.005128,"days":0,"spread":0,"streak":0,"rank_m":515176,"pct_m":0.547743},"2024-11":{"txs":1,"uniq":1,"trade":0,"nft":0,"gas":0.000002,"bal":0.005968,"days":1,"spread":0.033333,"streak":1,"rank_m":439192,"pct_m":0.466956,"gas_method":"exact"},"2024-12":{"txs":0,"uniq":0,"trade":0,"nft":0,"gas":0,"bal":0.005968,"days":0,"spread":0,"streak":0,"rank_m":592968,"pct_m":0.630453},"2025-01":{"txs":0,"uniq":0,"trade":0,"nft":0,"gas":0,"bal":0.005968,"days":0,"spread":0,"streak":0,"rank_m":578952,"pct_m":0.615551},"2025-02":{"txs":0,"uniq":0,"trade":0,"nft":0,"gas":0,"bal":0.005968,"days":0,"spread":0,"streak":0,"rank_m":576571,"pct_m":0.61302},"2025-03":{"txs":0,"uniq":0,"trade":0,"nft":0,"gas":0,"bal":0.005968,"days":0,"spread":0,"streak":0,"rank_m":559423,"pct_m":0.594787},"2025-04":{"txs":1,"uniq":1,"trade":0,"nft":0,"gas":0.000006,"bal":0.001725,"days":1,"spread":0.033333,"streak":1,"rank_m":484290,"pct_m":0.514905,"gas_method":"exact"},"2025-05":{"txs":0,"uniq":0,"trade":0,"nft":0,"gas":0,"bal":0.001725,"days":0,"spread":0,"streak":0,"rank_m":616357,"pct_m":0.655321},"2025-06":{"txs":0,"uniq":0,"trade":0,"nft":0,"gas":0,"bal":0.001725,"days":0,"spread":0,"streak":0,"rank_m":621174,"pct_m":0.660442},"2025-07":{"txs":0,"uniq":0,"trade":0,"nft":0,"gas":0,"bal":0.001725,"days":0,"spread":0,"streak":0,"rank_m":638808,"pct_m":0.679191},"2025-08":{"txs":0,"uniq":0,"trade":0,"nft":0,"gas":0,"bal":0.001725,"days":0,"spread":0,"streak":0,"rank_m":617923,"pct_m":0.656986},"2025-09":{"txs":0,"uniq":0,"trade":0,"nft":0,"gas":0,"bal":0.001725,"days":0,"spread":0,"streak":0,"rank_m":604267,"pct_m":0.642466},"2025-10":{"txs":0,"uniq":0,"trade":0,"nft":0,"gas":0,"bal":0.001725,"days":0,"spread":0,"streak":0,"rank_m":511774,"pct_m":0.544126}}}