{"wallet":"0xcd35a2448f459b7f00b3540a74b0c788bb1546a4","rank":123471,"lifetime":{"months_active":22,"first":"2023-07","last":"2025-10","tx_sum":580,"uniq_sum":133,"trade_sum":4,"nft_sum":17,"gas_sum":0.005587,"avg_balance_eth_mean":0.00199,"streak_best_days":15,"gas_sum_filled":0.005587},"months":{"2023-07":{"txs":2,"uniq":1,"trade":0,"nft":1,"gas":0.000156,"bal":0.000351,"days":1,"spread":0.032258,"streak":1,"rank_m":34245,"pct_m":0.036409,"gas_method":"estimated"},"2023-08":{"txs":15,"uniq":6,"trade":0,"nft":3,"gas":0.001878,"bal":0.000432,"days":4,"spread":0.129032,"streak":3,"rank_m":80950,"pct_m":0.086066,"gas_method":"exact"},"2023-09":{"txs":0,"uniq":0,"trade":0,"nft":0,"gas":0,"bal":0.000432,"days":0,"spread":0,"streak":0,"rank_m":185638,"pct_m":0.197373},"2023-10":{"txs":3,"uniq":1,"trade":0,"nft":1,"gas":0.000018,"bal":0.000163,"days":1,"spread":0.032258,"streak":1,"rank_m":137783,"pct_m":0.146492,"gas_method":"estimated"},"2023-11":{"txs":0,"uniq":0,"trade":0,"nft":0,"gas":0,"bal":0.000163,"days":0,"spread":0,"streak":0,"rank_m":214748,"pct_m":0.228323},"2023-12":{"txs":2,"uniq":1,"trade":0,"nft":0,"gas":0.00004,"bal":0.000274,"days":1,"spread":0.032258,"streak":1,"rank_m":183503,"pct_m":0.195103,"gas_method":"estimated"},"2024-01":{"txs":0,"uniq":0,"trade":0,"nft":0,"gas":0,"bal":0.000274,"days":0,"spread":0,"streak":0,"rank_m":241607,"pct_m":0.25688},"2024-02":{"txs":2,"uniq":1,"trade":0,"nft":0,"gas":0.000021,"bal":0.00155,"days":1,"spread":0.034483,"streak":1,"rank_m":237637,"pct_m":0.252659,"gas_method":"estimated"},"2024-03":{"txs":4,"uniq":3,"trade":0,"nft":1,"gas":0.000063,"bal":0.006954,"days":2,"spread":0.064516,"streak":2,"rank_m":223739,"pct_m":0.237882,"gas_method":"estimated"},"2024-04":{"txs":5,"uniq":4,"trade":0,"nft":3,"gas":0.00001,"bal":0.008349,"days":3,"spread":0.1,"streak":1,"rank_m":304926,"pct_m":0.324202,"gas_method":"estimated"},"2024-05":{"txs":2,"uniq":2,"trade":0,"nft":1,"gas":0.000001,"bal":0.001423,"days":2,"spread":0.064516,"streak":1,"rank_m":366072,"pct_m":0.389213,"gas_method":"exact"},"2024-06":{"txs":12,"uniq":7,"trade":0,"nft":3,"gas":0,"bal":0.001837,"days":6,"spread":0.2,"streak":1,"rank_m":196535,"pct_m":0.208958,"gas_method":"exact"},"2024-07":{"txs":17,"uniq":7,"trade":0,"nft":2,"gas":0.000002,"bal":0.002376,"days":4,"spread":0.129032,"streak":2,"rank_m":222758,"pct_m":0.236839,"gas_method":"estimated"},"2024-08":{"txs":1,"uniq":1,"trade":0,"nft":1,"gas":0.000003,"bal":0.000493,"days":1,"spread":0.032258,"streak":1,"rank_m":392660,"pct_m":0.417482,"gas_method":"exact"},"2024-09":{"txs":0,"uniq":0,"trade":0,"nft":0,"gas":0,"bal":0.000493,"days":0,"spread":0,"streak":0,"rank_m":566962,"pct_m":0.602803},"2024-10":{"txs":0,"uniq":0,"trade":0,"nft":0,"gas":0,"bal":0.000493,"days":0,"spread":0,"streak":0,"rank_m":612011,"pct_m":0.6507},"2024-11":{"txs":71,"uniq":9,"trade":0,"nft":0,"gas":0.000143,"bal":0.000132,"days":13,"spread":0.433333,"streak":4,"rank_m":172480,"pct_m":0.183383,"gas_method":"exact"},"2024-12":{"txs":9,"uniq":4,"trade":0,"nft":0,"gas":0.000176,"bal":0.000432,"days":3,"spread":0.096774,"streak":1,"rank_m":420646,"pct_m":0.447237,"gas_method":"exact"},"2025-01":{"txs":1,"uniq":1,"trade":0,"nft":0,"gas":0.000026,"bal":0.00119,"days":1,"spread":0.032258,"streak":1,"rank_m":518179,"pct_m":0.550936,"gas_method":"exact"},"2025-02":{"txs":0,"uniq":0,"trade":0,"nft":0,"gas":0,"bal":0.00119,"days":0,"spread":0,"streak":0,"rank_m":639912,"pct_m":0.680365},"2025-03":{"txs":7,"uniq":5,"trade":0,"nft":0,"gas":0.000047,"bal":0.000722,"days":2,"spread":0.064516,"streak":1,"rank_m":341220,"pct_m":0.36279,"gas_method":"exact"},"2025-04":{"txs":2,"uniq":2,"trade":0,"nft":0,"gas":0.000012,"bal":0.002058,"days":2,"spread":0.066667,"streak":2,"rank_m":406039,"pct_m":0.431707,"gas_method":"exact"},"2025-05":{"txs":13,"uniq":5,"trade":0,"nft":1,"gas":0.000091,"bal":0.000361,"days":3,"spread":0.096774,"streak":1,"rank_m":325109,"pct_m":0.345661,"gas_method":"estimated"},"2025-06":{"txs":145,"uniq":27,"trade":2,"nft":0,"gas":0.001021,"bal":0.008173,"days":24,"spread":0.8,"streak":15,"rank_m":17973,"pct_m":0.019108,"gas_method":"estimated"},"2025-07":{"txs":135,"uniq":17,"trade":0,"nft":0,"gas":0.00095,"bal":0.010195,"days":26,"spread":0.83871,"streak":13,"rank_m":35749,"pct_m":0.038008,"gas_method":"estimated"},"2025-08":{"txs":99,"uniq":17,"trade":2,"nft":0,"gas":0.000697,"bal":0.002656,"days":18,"spread":0.580645,"streak":6,"rank_m":61898,"pct_m":0.06581,"gas_method":"estimated"},"2025-09":{"txs":28,"uniq":8,"trade":0,"nft":0,"gas":0.000197,"bal":0.00185,"days":5,"spread":0.166667,"streak":2,"rank_m":279476,"pct_m":0.297143,"gas_method":"estimated"},"2025-10":{"txs":5,"uniq":4,"trade":0,"nft":0,"gas":0.000035,"bal":0.000714,"days":1,"spread":0.032258,"streak":1,"rank_m":340856,"pct_m":0.362403,"gas_method":"estimated"}}}