{"wallet":"0xcd0d83d9e840f8e27d5c2e365fd365ff1c05b248","rank":41180,"lifetime":{"months_active":20,"first":"2023-07","last":"2025-10","tx_sum":935,"uniq_sum":288,"trade_sum":27,"nft_sum":52,"gas_sum":0.007778,"avg_balance_eth_mean":0.017421,"streak_best_days":5,"gas_sum_filled":0.007778},"months":{"2023-07":{"txs":0,"uniq":0,"trade":0,"nft":0,"gas":0,"bal":0,"days":0,"spread":0,"streak":0,"rank_m":228554,"pct_m":0.243002},"2023-08":{"txs":12,"uniq":6,"trade":0,"nft":2,"gas":0.000828,"bal":0.002621,"days":2,"spread":0.064516,"streak":1,"rank_m":93617,"pct_m":0.099534,"gas_method":"exact"},"2023-09":{"txs":11,"uniq":8,"trade":0,"nft":2,"gas":0.001358,"bal":0.001527,"days":2,"spread":0.066667,"streak":1,"rank_m":57308,"pct_m":0.06093,"gas_method":"exact"},"2023-10":{"txs":0,"uniq":0,"trade":0,"nft":0,"gas":0,"bal":0.001527,"days":0,"spread":0,"streak":0,"rank_m":166393,"pct_m":0.176911},"2023-11":{"txs":0,"uniq":0,"trade":0,"nft":0,"gas":0,"bal":0.001527,"days":0,"spread":0,"streak":0,"rank_m":179001,"pct_m":0.190316},"2023-12":{"txs":4,"uniq":2,"trade":1,"nft":1,"gas":0.00085,"bal":0.003192,"days":1,"spread":0.032258,"streak":1,"rank_m":72471,"pct_m":0.077051,"gas_method":"exact"},"2024-01":{"txs":0,"uniq":0,"trade":0,"nft":0,"gas":0,"bal":0.003192,"days":0,"spread":0,"streak":0,"rank_m":210196,"pct_m":0.223483},"2024-02":{"txs":16,"uniq":15,"trade":3,"nft":4,"gas":0.000205,"bal":0.003348,"days":5,"spread":0.172414,"streak":3,"rank_m":52823,"pct_m":0.056161,"gas_method":"estimated"},"2024-03":{"txs":24,"uniq":12,"trade":0,"nft":3,"gas":0.000461,"bal":0.03895,"days":10,"spread":0.322581,"streak":3,"rank_m":59253,"pct_m":0.062998,"gas_method":"estimated"},"2024-04":{"txs":61,"uniq":17,"trade":2,"nft":2,"gas":0.000188,"bal":0.005586,"days":15,"spread":0.5,"streak":4,"rank_m":57766,"pct_m":0.061417,"gas_method":"exact"},"2024-05":{"txs":16,"uniq":6,"trade":0,"nft":4,"gas":0.000154,"bal":0.004227,"days":8,"spread":0.258065,"streak":2,"rank_m":147595,"pct_m":0.156925,"gas_method":"exact"},"2024-06":{"txs":91,"uniq":30,"trade":4,"nft":13,"gas":0.000003,"bal":0.003946,"days":15,"spread":0.5,"streak":3,"rank_m":67654,"pct_m":0.07193,"gas_method":"estimated"},"2024-07":{"txs":38,"uniq":20,"trade":0,"nft":5,"gas":0.000005,"bal":0.001603,"days":8,"spread":0.258065,"streak":2,"rank_m":143855,"pct_m":0.152948,"gas_method":"estimated"},"2024-08":{"txs":46,"uniq":16,"trade":6,"nft":3,"gas":0.000004,"bal":0.001177,"days":10,"spread":0.322581,"streak":2,"rank_m":136427,"pct_m":0.145051,"gas_method":"estimated"},"2024-09":{"txs":102,"uniq":17,"trade":0,"nft":4,"gas":0.000004,"bal":0.000835,"days":8,"spread":0.266667,"streak":4,"rank_m":142283,"pct_m":0.151277,"gas_method":"estimated"},"2024-10":{"txs":49,"uniq":16,"trade":0,"nft":4,"gas":0.000003,"bal":0.00082,"days":10,"spread":0.322581,"streak":4,"rank_m":168608,"pct_m":0.179266,"gas_method":"estimated"},"2024-11":{"txs":28,"uniq":11,"trade":0,"nft":2,"gas":0.000062,"bal":0.000931,"days":5,"spread":0.166667,"streak":2,"rank_m":187306,"pct_m":0.199146,"gas_method":"exact"},"2024-12":{"txs":112,"uniq":34,"trade":2,"nft":0,"gas":0.002447,"bal":0.000917,"days":13,"spread":0.419355,"streak":5,"rank_m":74308,"pct_m":0.079005,"gas_method":"exact"},"2025-01":{"txs":151,"uniq":35,"trade":8,"nft":0,"gas":0.00002,"bal":0.201117,"days":18,"spread":0.580645,"streak":5,"rank_m":31792,"pct_m":0.033801,"gas_method":"exact"},"2025-02":{"txs":117,"uniq":22,"trade":0,"nft":0,"gas":0.000816,"bal":0.201193,"days":16,"spread":0.571429,"streak":4,"rank_m":8729,"pct_m":0.00928,"gas_method":"exact"},"2025-03":{"txs":16,"uniq":5,"trade":0,"nft":0,"gas":0.000119,"bal":0.001026,"days":4,"spread":0.129032,"streak":2,"rank_m":232182,"pct_m":0.246859,"gas_method":"exact"},"2025-04":{"txs":37,"uniq":12,"trade":1,"nft":3,"gas":0.000223,"bal":0.001102,"days":7,"spread":0.233333,"streak":4,"rank_m":86278,"pct_m":0.091731,"gas_method":"exact"},"2025-05":{"txs":3,"uniq":3,"trade":0,"nft":0,"gas":0.000021,"bal":0.001239,"days":1,"spread":0.032258,"streak":1,"rank_m":429749,"pct_m":0.456916,"gas_method":"estimated"},"2025-06":{"txs":0,"uniq":0,"trade":0,"nft":0,"gas":0,"bal":0.001239,"days":0,"spread":0,"streak":0,"rank_m":644421,"pct_m":0.685159},"2025-07":{"txs":0,"uniq":0,"trade":0,"nft":0,"gas":0,"bal":0.001239,"days":0,"spread":0,"streak":0,"rank_m":662983,"pct_m":0.704894},"2025-08":{"txs":0,"uniq":0,"trade":0,"nft":0,"gas":0,"bal":0.001239,"days":0,"spread":0,"streak":0,"rank_m":641328,"pct_m":0.68187},"2025-09":{"txs":1,"uniq":1,"trade":0,"nft":0,"gas":0.000007,"bal":0.001235,"days":1,"spread":0.033333,"streak":1,"rank_m":486937,"pct_m":0.517719,"gas_method":"estimated"},"2025-10":{"txs":0,"uniq":0,"trade":0,"nft":0,"gas":0,"bal":0.001235,"days":0,"spread":0,"streak":0,"rank_m":540447,"pct_m":0.574612}}}