{"wallet":"0xcd7152c3bcc134e5fcb00a975a196c9e603631e8","rank":280463,"lifetime":{"months_active":15,"first":"2023-07","last":"2025-10","tx_sum":1254,"uniq_sum":49,"trade_sum":1,"nft_sum":12,"gas_sum":0.01413,"avg_balance_eth_mean":0.000541,"streak_best_days":19,"gas_sum_filled":0.01413},"months":{"2023-07":{"txs":2,"uniq":1,"trade":0,"nft":1,"gas":0.000154,"bal":0.000069,"days":1,"spread":0.032258,"streak":1,"rank_m":34128,"pct_m":0.036284,"gas_method":"exact"},"2023-08":{"txs":0,"uniq":1,"trade":0,"nft":0,"gas":0.000158,"bal":0.000346,"days":0,"spread":0,"streak":0,"rank_m":193909,"pct_m":0.206166},"2023-09":{"txs":0,"uniq":0,"trade":0,"nft":0,"gas":0,"bal":0.000346,"days":0,"spread":0,"streak":0,"rank_m":187863,"pct_m":0.199738},"2023-10":{"txs":0,"uniq":0,"trade":0,"nft":0,"gas":0,"bal":0.000346,"days":0,"spread":0,"streak":0,"rank_m":194804,"pct_m":0.207118},"2023-11":{"txs":0,"uniq":0,"trade":0,"nft":0,"gas":0,"bal":0.000346,"days":0,"spread":0,"streak":0,"rank_m":203816,"pct_m":0.2167},"2023-12":{"txs":0,"uniq":0,"trade":0,"nft":0,"gas":0,"bal":0.000346,"days":0,"spread":0,"streak":0,"rank_m":227900,"pct_m":0.242306},"2024-01":{"txs":0,"uniq":0,"trade":0,"nft":0,"gas":0,"bal":0.000346,"days":0,"spread":0,"streak":0,"rank_m":236654,"pct_m":0.251614},"2024-02":{"txs":0,"uniq":0,"trade":0,"nft":0,"gas":0,"bal":0.000346,"days":0,"spread":0,"streak":0,"rank_m":302179,"pct_m":0.321281},"2024-03":{"txs":3,"uniq":2,"trade":0,"nft":1,"gas":0.000044,"bal":0.000334,"days":2,"spread":0.064516,"streak":1,"rank_m":325704,"pct_m":0.346293,"gas_method":"estimated"},"2024-04":{"txs":0,"uniq":0,"trade":0,"nft":0,"gas":0,"bal":0.000334,"days":0,"spread":0,"streak":0,"rank_m":481354,"pct_m":0.511783},"2024-05":{"txs":0,"uniq":0,"trade":0,"nft":0,"gas":0,"bal":0.000334,"days":0,"spread":0,"streak":0,"rank_m":513857,"pct_m":0.546341},"2024-06":{"txs":5,"uniq":3,"trade":0,"nft":2,"gas":0,"bal":0.000272,"days":3,"spread":0.1,"streak":1,"rank_m":404716,"pct_m":0.4303,"gas_method":"estimated"},"2024-07":{"txs":0,"uniq":0,"trade":0,"nft":0,"gas":0,"bal":0.000272,"days":0,"spread":0,"streak":0,"rank_m":564290,"pct_m":0.599962},"2024-08":{"txs":1,"uniq":1,"trade":0,"nft":1,"gas":0,"bal":0.001029,"days":1,"spread":0.032258,"streak":1,"rank_m":443340,"pct_m":0.471366,"gas_method":"estimated"},"2024-09":{"txs":0,"uniq":0,"trade":0,"nft":0,"gas":0,"bal":0.001029,"days":0,"spread":0,"streak":0,"rank_m":538287,"pct_m":0.572315},"2024-10":{"txs":2,"uniq":2,"trade":0,"nft":0,"gas":0,"bal":0.001028,"days":1,"spread":0.032258,"streak":1,"rank_m":475297,"pct_m":0.505343,"gas_method":"estimated"},"2024-11":{"txs":455,"uniq":5,"trade":1,"nft":1,"gas":0.001046,"bal":0.001505,"days":11,"spread":0.366667,"streak":10,"rank_m":82964,"pct_m":0.088208,"gas_method":"exact"},"2024-12":{"txs":483,"uniq":4,"trade":0,"nft":0,"gas":0.010628,"bal":0.000221,"days":12,"spread":0.387097,"streak":8,"rank_m":167819,"pct_m":0.178427,"gas_method":"exact"},"2025-01":{"txs":0,"uniq":0,"trade":0,"nft":0,"gas":0,"bal":0.000221,"days":0,"spread":0,"streak":0,"rank_m":680025,"pct_m":0.723014},"2025-02":{"txs":4,"uniq":2,"trade":0,"nft":1,"gas":0.000014,"bal":0.000201,"days":2,"spread":0.071429,"streak":1,"rank_m":418010,"pct_m":0.444435,"gas_method":"exact"},"2025-03":{"txs":11,"uniq":3,"trade":0,"nft":1,"gas":0.000071,"bal":0.000402,"days":5,"spread":0.16129,"streak":2,"rank_m":271994,"pct_m":0.289188,"gas_method":"exact"},"2025-04":{"txs":5,"uniq":4,"trade":0,"nft":1,"gas":0.000024,"bal":0.001087,"days":2,"spread":0.066667,"streak":1,"rank_m":339436,"pct_m":0.360893,"gas_method":"exact"},"2025-05":{"txs":1,"uniq":1,"trade":0,"nft":0,"gas":0.000007,"bal":0.001458,"days":1,"spread":0.032258,"streak":1,"rank_m":470430,"pct_m":0.500169,"gas_method":"estimated"},"2025-06":{"txs":1,"uniq":1,"trade":0,"nft":0,"gas":0.000007,"bal":0.001396,"days":1,"spread":0.033333,"streak":1,"rank_m":506189,"pct_m":0.538188,"gas_method":"estimated"},"2025-07":{"txs":115,"uniq":6,"trade":0,"nft":1,"gas":0.000809,"bal":0.000782,"days":19,"spread":0.612903,"streak":19,"rank_m":177440,"pct_m":0.188656,"gas_method":"estimated"},"2025-08":{"txs":39,"uniq":9,"trade":0,"nft":1,"gas":0.000274,"bal":0.000292,"days":9,"spread":0.290323,"streak":3,"rank_m":267815,"pct_m":0.284745,"gas_method":"estimated"},"2025-09":{"txs":127,"uniq":4,"trade":0,"nft":1,"gas":0.000894,"bal":0.000226,"days":23,"spread":0.766667,"streak":19,"rank_m":227628,"pct_m":0.242017,"gas_method":"estimated"},"2025-10":{"txs":0,"uniq":0,"trade":0,"nft":0,"gas":0,"bal":0.000226,"days":0,"spread":0,"streak":0,"rank_m":665790,"pct_m":0.707879}}}