{"wallet":"0xc3481db3075f320b7cc0564be38d18432f8549bb","rank":743995,"lifetime":{"months_active":15,"first":"2023-07","last":"2025-10","tx_sum":163,"uniq_sum":50,"trade_sum":0,"nft_sum":11,"gas_sum":0.001255,"avg_balance_eth_mean":0.001295,"streak_best_days":4,"gas_sum_filled":0.001255},"months":{"2023-07":{"txs":0,"uniq":0,"trade":0,"nft":0,"gas":0,"bal":0,"days":0,"spread":0,"streak":0,"rank_m":262196,"pct_m":0.27877},"2023-08":{"txs":4,"uniq":3,"trade":0,"nft":3,"gas":0.000147,"bal":0.000526,"days":1,"spread":0.032258,"streak":1,"rank_m":128127,"pct_m":0.136226,"gas_method":"exact"},"2023-09":{"txs":3,"uniq":1,"trade":0,"nft":1,"gas":0.000081,"bal":0.001043,"days":2,"spread":0.066667,"streak":1,"rank_m":118111,"pct_m":0.125577,"gas_method":"estimated"},"2023-10":{"txs":0,"uniq":0,"trade":0,"nft":0,"gas":0,"bal":0.001043,"days":0,"spread":0,"streak":0,"rank_m":183926,"pct_m":0.195552},"2023-11":{"txs":0,"uniq":0,"trade":0,"nft":0,"gas":0,"bal":0.001043,"days":0,"spread":0,"streak":0,"rank_m":189281,"pct_m":0.201246},"2023-12":{"txs":0,"uniq":0,"trade":0,"nft":0,"gas":0,"bal":0.001043,"days":0,"spread":0,"streak":0,"rank_m":211277,"pct_m":0.224632},"2024-01":{"txs":0,"uniq":0,"trade":0,"nft":0,"gas":0,"bal":0.001043,"days":0,"spread":0,"streak":0,"rank_m":222090,"pct_m":0.236129},"2024-02":{"txs":0,"uniq":0,"trade":0,"nft":0,"gas":0,"bal":0.001043,"days":0,"spread":0,"streak":0,"rank_m":293067,"pct_m":0.311593},"2024-03":{"txs":0,"uniq":0,"trade":0,"nft":0,"gas":0,"bal":0.001043,"days":0,"spread":0,"streak":0,"rank_m":386553,"pct_m":0.410989},"2024-04":{"txs":0,"uniq":0,"trade":0,"nft":0,"gas":0,"bal":0.001043,"days":0,"spread":0,"streak":0,"rank_m":476127,"pct_m":0.506226},"2024-05":{"txs":0,"uniq":0,"trade":0,"nft":0,"gas":0,"bal":0.001043,"days":0,"spread":0,"streak":0,"rank_m":504721,"pct_m":0.536627},"2024-06":{"txs":0,"uniq":0,"trade":0,"nft":0,"gas":0,"bal":0.001043,"days":0,"spread":0,"streak":0,"rank_m":527137,"pct_m":0.56046},"2024-07":{"txs":0,"uniq":0,"trade":0,"nft":0,"gas":0,"bal":0.001043,"days":0,"spread":0,"streak":0,"rank_m":541922,"pct_m":0.57618},"2024-08":{"txs":3,"uniq":3,"trade":0,"nft":3,"gas":0,"bal":0.000524,"days":3,"spread":0.096774,"streak":1,"rank_m":402962,"pct_m":0.428435,"gas_method":"estimated"},"2024-09":{"txs":5,"uniq":3,"trade":0,"nft":2,"gas":0,"bal":0.000098,"days":3,"spread":0.1,"streak":1,"rank_m":381311,"pct_m":0.405416,"gas_method":"estimated"},"2024-10":{"txs":2,"uniq":1,"trade":0,"nft":1,"gas":0,"bal":0.000077,"days":1,"spread":0.032258,"streak":1,"rank_m":515193,"pct_m":0.547761,"gas_method":"estimated"},"2024-11":{"txs":3,"uniq":3,"trade":0,"nft":1,"gas":0.000007,"bal":0.000055,"days":2,"spread":0.066667,"streak":1,"rank_m":431699,"pct_m":0.458989,"gas_method":"exact"},"2024-12":{"txs":1,"uniq":1,"trade":0,"nft":0,"gas":0.000022,"bal":0.000046,"days":1,"spread":0.032258,"streak":1,"rank_m":588280,"pct_m":0.625469,"gas_method":"exact"},"2025-01":{"txs":0,"uniq":0,"trade":0,"nft":0,"gas":0,"bal":0.000046,"days":0,"spread":0,"streak":0,"rank_m":712286,"pct_m":0.757314},"2025-02":{"txs":1,"uniq":1,"trade":0,"nft":0,"gas":0.000007,"bal":0.000044,"days":1,"spread":0.035714,"streak":1,"rank_m":550960,"pct_m":0.585789,"gas_method":"exact"},"2025-03":{"txs":0,"uniq":0,"trade":0,"nft":0,"gas":0,"bal":0.000044,"days":0,"spread":0,"streak":0,"rank_m":754772,"pct_m":0.802486},"2025-04":{"txs":1,"uniq":1,"trade":0,"nft":0,"gas":0.000006,"bal":0,"days":1,"spread":0.033333,"streak":1,"rank_m":584237,"pct_m":0.62117,"gas_method":"exact"},"2025-05":{"txs":7,"uniq":3,"trade":0,"nft":0,"gas":0.000049,"bal":0.000172,"days":1,"spread":0.032258,"streak":1,"rank_m":555324,"pct_m":0.590429,"gas_method":"estimated"},"2025-06":{"txs":48,"uniq":12,"trade":0,"nft":0,"gas":0.000338,"bal":0.003747,"days":11,"spread":0.366667,"streak":2,"rank_m":186355,"pct_m":0.198135,"gas_method":"estimated"},"2025-07":{"txs":27,"uniq":8,"trade":0,"nft":0,"gas":0.00019,"bal":0.00544,"days":10,"spread":0.322581,"streak":4,"rank_m":185139,"pct_m":0.196842,"gas_method":"estimated"},"2025-08":{"txs":24,"uniq":4,"trade":0,"nft":0,"gas":0.000169,"bal":0.004491,"days":8,"spread":0.258065,"streak":1,"rank_m":259135,"pct_m":0.275516,"gas_method":"estimated"},"2025-09":{"txs":27,"uniq":4,"trade":0,"nft":0,"gas":0.00019,"bal":0.003569,"days":7,"spread":0.233333,"streak":2,"rank_m":257591,"pct_m":0.273874,"gas_method":"estimated"},"2025-10":{"txs":7,"uniq":2,"trade":0,"nft":0,"gas":0.000049,"bal":0.005894,"days":3,"spread":0.096774,"streak":2,"rank_m":186319,"pct_m":0.198097,"gas_method":"estimated"}}}