{"wallet":"0xc3c5388d4220970a65aa0c36908ee0e608e308ad","rank":349811,"lifetime":{"months_active":21,"first":"2023-07","last":"2025-10","tx_sum":334,"uniq_sum":106,"trade_sum":3,"nft_sum":22,"gas_sum":0.003963,"avg_balance_eth_mean":0.000129,"streak_best_days":4,"gas_sum_filled":0.003963},"months":{"2023-07":{"txs":0,"uniq":0,"trade":0,"nft":0,"gas":0,"bal":0,"days":0,"spread":0,"streak":0,"rank_m":260524,"pct_m":0.276993},"2023-08":{"txs":0,"uniq":0,"trade":0,"nft":0,"gas":0,"bal":0,"days":0,"spread":0,"streak":0,"rank_m":348413,"pct_m":0.370438},"2023-09":{"txs":11,"uniq":4,"trade":0,"nft":1,"gas":0.000357,"bal":0,"days":4,"spread":0.133333,"streak":3,"rank_m":105215,"pct_m":0.111865,"gas_method":"estimated"},"2023-10":{"txs":10,"uniq":6,"trade":1,"nft":3,"gas":0.00009,"bal":0.000155,"days":3,"spread":0.096774,"streak":1,"rank_m":64501,"pct_m":0.068578,"gas_method":"exact"},"2023-11":{"txs":9,"uniq":7,"trade":0,"nft":2,"gas":0.00038,"bal":0.000379,"days":6,"spread":0.2,"streak":2,"rank_m":47858,"pct_m":0.050882,"gas_method":"exact"},"2023-12":{"txs":2,"uniq":1,"trade":0,"nft":0,"gas":0.000056,"bal":0.000096,"days":1,"spread":0.032258,"streak":1,"rank_m":189403,"pct_m":0.201376,"gas_method":"estimated"},"2024-01":{"txs":13,"uniq":10,"trade":0,"nft":1,"gas":0.000337,"bal":0.000219,"days":3,"spread":0.096774,"streak":3,"rank_m":111139,"pct_m":0.118164,"gas_method":"estimated"},"2024-02":{"txs":0,"uniq":0,"trade":0,"nft":0,"gas":0,"bal":0.000219,"days":0,"spread":0,"streak":0,"rank_m":320000,"pct_m":0.340229},"2024-03":{"txs":4,"uniq":2,"trade":0,"nft":0,"gas":0.000088,"bal":0.000492,"days":3,"spread":0.096774,"streak":1,"rank_m":326005,"pct_m":0.346613,"gas_method":"estimated"},"2024-04":{"txs":6,"uniq":3,"trade":0,"nft":2,"gas":0.000016,"bal":0.000414,"days":4,"spread":0.133333,"streak":1,"rank_m":390421,"pct_m":0.415102,"gas_method":"estimated"},"2024-05":{"txs":5,"uniq":3,"trade":0,"nft":0,"gas":0.000004,"bal":0.000098,"days":2,"spread":0.064516,"streak":2,"rank_m":442876,"pct_m":0.470873,"gas_method":"estimated"},"2024-06":{"txs":2,"uniq":1,"trade":0,"nft":0,"gas":0,"bal":0.000091,"days":1,"spread":0.033333,"streak":1,"rank_m":500233,"pct_m":0.531856,"gas_method":"estimated"},"2024-07":{"txs":5,"uniq":5,"trade":0,"nft":2,"gas":0.000001,"bal":0.000145,"days":2,"spread":0.064516,"streak":1,"rank_m":404374,"pct_m":0.429937,"gas_method":"estimated"},"2024-08":{"txs":1,"uniq":1,"trade":0,"nft":0,"gas":0,"bal":0.000204,"days":1,"spread":0.032258,"streak":1,"rank_m":518470,"pct_m":0.551246,"gas_method":"estimated"},"2024-09":{"txs":0,"uniq":0,"trade":0,"nft":0,"gas":0,"bal":0.000204,"days":0,"spread":0,"streak":0,"rank_m":591242,"pct_m":0.628618},"2024-10":{"txs":3,"uniq":2,"trade":0,"nft":1,"gas":0,"bal":0.000081,"days":2,"spread":0.064516,"streak":1,"rank_m":487734,"pct_m":0.518566,"gas_method":"estimated"},"2024-11":{"txs":1,"uniq":1,"trade":0,"nft":0,"gas":0.000002,"bal":0.000078,"days":1,"spread":0.033333,"streak":1,"rank_m":514645,"pct_m":0.547179,"gas_method":"exact"},"2024-12":{"txs":23,"uniq":10,"trade":0,"nft":1,"gas":0.000463,"bal":0.000059,"days":13,"spread":0.419355,"streak":3,"rank_m":245010,"pct_m":0.260498,"gas_method":"exact"},"2025-01":{"txs":34,"uniq":12,"trade":0,"nft":0,"gas":0.000753,"bal":0.000055,"days":8,"spread":0.258065,"streak":4,"rank_m":228674,"pct_m":0.243129,"gas_method":"exact"},"2025-02":{"txs":10,"uniq":5,"trade":0,"nft":0,"gas":0.000042,"bal":0.000095,"days":4,"spread":0.142857,"streak":2,"rank_m":335982,"pct_m":0.357221,"gas_method":"exact"},"2025-03":{"txs":5,"uniq":3,"trade":2,"nft":0,"gas":0.00004,"bal":0.000049,"days":2,"spread":0.064516,"streak":1,"rank_m":376869,"pct_m":0.400693,"gas_method":"exact"},"2025-04":{"txs":2,"uniq":2,"trade":0,"nft":0,"gas":0.000012,"bal":0.000036,"days":1,"spread":0.033333,"streak":1,"rank_m":528199,"pct_m":0.56159,"gas_method":"exact"},"2025-05":{"txs":0,"uniq":0,"trade":0,"nft":0,"gas":0,"bal":0.000036,"days":0,"spread":0,"streak":0,"rank_m":813721,"pct_m":0.865162},"2025-06":{"txs":0,"uniq":0,"trade":0,"nft":0,"gas":0,"bal":0.000036,"days":0,"spread":0,"streak":0,"rank_m":826198,"pct_m":0.878427},"2025-07":{"txs":12,"uniq":5,"trade":0,"nft":0,"gas":0.000084,"bal":0.000026,"days":2,"spread":0.064516,"streak":2,"rank_m":582914,"pct_m":0.619764,"gas_method":"estimated"},"2025-08":{"txs":0,"uniq":0,"trade":0,"nft":0,"gas":0,"bal":0.000026,"days":0,"spread":0,"streak":0,"rank_m":848825,"pct_m":0.902485},"2025-09":{"txs":116,"uniq":14,"trade":0,"nft":0,"gas":0.000816,"bal":0.000011,"days":5,"spread":0.166667,"streak":4,"rank_m":434745,"pct_m":0.462228,"gas_method":"estimated"},"2025-10":{"txs":60,"uniq":9,"trade":0,"nft":9,"gas":0.000422,"bal":0.000304,"days":5,"spread":0.16129,"streak":3,"rank_m":173830,"pct_m":0.184818,"gas_method":"estimated"}}}