{"wallet":"0xc34c26530dd2323a3c75d1c3b2769c87d0709081","rank":21418,"lifetime":{"months_active":18,"first":"2023-07","last":"2025-10","tx_sum":2535,"uniq_sum":476,"trade_sum":275,"nft_sum":57,"gas_sum":0.011997,"avg_balance_eth_mean":0.003409,"streak_best_days":53,"gas_sum_filled":0.011997},"months":{"2023-07":{"txs":0,"uniq":0,"trade":0,"nft":0,"gas":0,"bal":0,"days":0,"spread":0,"streak":0,"rank_m":262142,"pct_m":0.278713},"2023-08":{"txs":0,"uniq":0,"trade":0,"nft":0,"gas":0,"bal":0,"days":0,"spread":0,"streak":0,"rank_m":349855,"pct_m":0.371971},"2023-09":{"txs":0,"uniq":0,"trade":0,"nft":0,"gas":0,"bal":0,"days":0,"spread":0,"streak":0,"rank_m":370920,"pct_m":0.394368},"2023-10":{"txs":0,"uniq":0,"trade":0,"nft":0,"gas":0,"bal":0,"days":0,"spread":0,"streak":0,"rank_m":389020,"pct_m":0.413612},"2023-11":{"txs":0,"uniq":0,"trade":0,"nft":0,"gas":0,"bal":0,"days":0,"spread":0,"streak":0,"rank_m":405273,"pct_m":0.430892},"2023-12":{"txs":0,"uniq":0,"trade":0,"nft":0,"gas":0,"bal":0,"days":0,"spread":0,"streak":0,"rank_m":425418,"pct_m":0.452311},"2024-01":{"txs":0,"uniq":0,"trade":0,"nft":0,"gas":0,"bal":0,"days":0,"spread":0,"streak":0,"rank_m":442578,"pct_m":0.470556},"2024-02":{"txs":0,"uniq":0,"trade":0,"nft":0,"gas":0,"bal":0,"days":0,"spread":0,"streak":0,"rank_m":483062,"pct_m":0.513599},"2024-03":{"txs":0,"uniq":0,"trade":0,"nft":0,"gas":0,"bal":0,"days":0,"spread":0,"streak":0,"rank_m":547104,"pct_m":0.58169},"2024-04":{"txs":650,"uniq":72,"trade":142,"nft":17,"gas":0.000271,"bal":0.006942,"days":25,"spread":0.833333,"streak":24,"rank_m":22392,"pct_m":0.023807,"gas_method":"estimated"},"2024-05":{"txs":457,"uniq":48,"trade":49,"nft":6,"gas":0.000066,"bal":0.001652,"days":30,"spread":0.967742,"streak":29,"rank_m":18589,"pct_m":0.019763,"gas_method":"exact"},"2024-06":{"txs":239,"uniq":35,"trade":13,"nft":6,"gas":0.000046,"bal":0.001049,"days":24,"spread":0.8,"streak":12,"rank_m":25002,"pct_m":0.026582,"gas_method":"exact"},"2024-07":{"txs":58,"uniq":28,"trade":0,"nft":9,"gas":0.000005,"bal":0.000814,"days":15,"spread":0.483871,"streak":4,"rank_m":57128,"pct_m":0.060738,"gas_method":"exact"},"2024-08":{"txs":131,"uniq":35,"trade":12,"nft":7,"gas":0.000056,"bal":0.001228,"days":15,"spread":0.483871,"streak":5,"rank_m":26422,"pct_m":0.028091,"gas_method":"exact"},"2024-09":{"txs":6,"uniq":1,"trade":0,"nft":0,"gas":0,"bal":0.002849,"days":2,"spread":0.066667,"streak":2,"rank_m":333697,"pct_m":0.354792,"gas_method":"estimated"},"2024-10":{"txs":9,"uniq":7,"trade":1,"nft":1,"gas":0,"bal":0.001205,"days":4,"spread":0.129032,"streak":2,"rank_m":254415,"pct_m":0.270498,"gas_method":"estimated"},"2024-11":{"txs":195,"uniq":26,"trade":0,"nft":0,"gas":0.000425,"bal":0.003474,"days":18,"spread":0.6,"streak":8,"rank_m":47698,"pct_m":0.050712,"gas_method":"exact"},"2024-12":{"txs":172,"uniq":52,"trade":2,"nft":1,"gas":0.003528,"bal":0.010564,"days":23,"spread":0.741935,"streak":8,"rank_m":15533,"pct_m":0.016514,"gas_method":"exact"},"2025-01":{"txs":208,"uniq":51,"trade":50,"nft":1,"gas":0.005196,"bal":0.005638,"days":21,"spread":0.677419,"streak":6,"rank_m":15264,"pct_m":0.016228,"gas_method":"exact"},"2025-02":{"txs":184,"uniq":42,"trade":1,"nft":1,"gas":0.001204,"bal":0.04042,"days":26,"spread":0.928571,"streak":14,"rank_m":3387,"pct_m":0.0036,"gas_method":"exact"},"2025-03":{"txs":40,"uniq":11,"trade":2,"nft":0,"gas":0.000001,"bal":0.004296,"days":11,"spread":0.354839,"streak":5,"rank_m":117548,"pct_m":0.124978,"gas_method":"exact"},"2025-04":{"txs":56,"uniq":13,"trade":3,"nft":0,"gas":0.000284,"bal":0.007288,"days":11,"spread":0.366667,"streak":5,"rank_m":21863,"pct_m":0.023244,"gas_method":"exact"},"2025-05":{"txs":68,"uniq":19,"trade":0,"nft":1,"gas":0.000479,"bal":0.00242,"days":15,"spread":0.483871,"streak":4,"rank_m":72703,"pct_m":0.077298,"gas_method":"estimated"},"2025-06":{"txs":15,"uniq":8,"trade":0,"nft":0,"gas":0.000106,"bal":0.000973,"days":4,"spread":0.133333,"streak":1,"rank_m":402180,"pct_m":0.427604,"gas_method":"estimated"},"2025-07":{"txs":28,"uniq":12,"trade":0,"nft":7,"gas":0.000197,"bal":0.000859,"days":13,"spread":0.419355,"streak":4,"rank_m":194866,"pct_m":0.207184,"gas_method":"estimated"},"2025-08":{"txs":9,"uniq":7,"trade":0,"nft":0,"gas":0.000063,"bal":0.000816,"days":2,"spread":0.064516,"streak":1,"rank_m":419920,"pct_m":0.446465,"gas_method":"estimated"},"2025-09":{"txs":10,"uniq":9,"trade":0,"nft":0,"gas":0.00007,"bal":0.001475,"days":2,"spread":0.066667,"streak":1,"rank_m":356407,"pct_m":0.378937,"gas_method":"estimated"},"2025-10":{"txs":0,"uniq":0,"trade":0,"nft":0,"gas":0,"bal":0.001475,"days":0,"spread":0,"streak":0,"rank_m":532430,"pct_m":0.566088}}}