{"wallet":"0xc354c02551c3e9787e8aa662543d23e8ea355e1e","rank":600234,"lifetime":{"months_active":15,"first":"2023-07","last":"2025-10","tx_sum":144,"uniq_sum":61,"trade_sum":0,"nft_sum":33,"gas_sum":0.002232,"avg_balance_eth_mean":0.002703,"streak_best_days":5,"gas_sum_filled":0.002232},"months":{"2023-07":{"txs":0,"uniq":0,"trade":0,"nft":0,"gas":0,"bal":0,"days":0,"spread":0,"streak":0,"rank_m":262026,"pct_m":0.27859},"2023-08":{"txs":3,"uniq":1,"trade":0,"nft":1,"gas":0.000115,"bal":0.000009,"days":1,"spread":0.032258,"streak":1,"rank_m":148158,"pct_m":0.157523,"gas_method":"exact"},"2023-09":{"txs":3,"uniq":1,"trade":0,"nft":0,"gas":0.000268,"bal":0.000012,"days":1,"spread":0.033333,"streak":1,"rank_m":144958,"pct_m":0.154121,"gas_method":"estimated"},"2023-10":{"txs":0,"uniq":0,"trade":0,"nft":0,"gas":0,"bal":0.000012,"days":0,"spread":0,"streak":0,"rank_m":229175,"pct_m":0.243662},"2023-11":{"txs":4,"uniq":2,"trade":0,"nft":0,"gas":0.000164,"bal":0.050164,"days":2,"spread":0.066667,"streak":2,"rank_m":57389,"pct_m":0.061016,"gas_method":"estimated"},"2023-12":{"txs":4,"uniq":1,"trade":0,"nft":0,"gas":0.000307,"bal":0.000915,"days":2,"spread":0.064516,"streak":1,"rank_m":155214,"pct_m":0.165025,"gas_method":"estimated"},"2024-01":{"txs":1,"uniq":1,"trade":0,"nft":0,"gas":0.000071,"bal":0.000477,"days":1,"spread":0.032258,"streak":1,"rank_m":192364,"pct_m":0.204524,"gas_method":"estimated"},"2024-02":{"txs":5,"uniq":3,"trade":0,"nft":2,"gas":0.000202,"bal":0.000041,"days":2,"spread":0.068966,"streak":1,"rank_m":232020,"pct_m":0.246687,"gas_method":"estimated"},"2024-03":{"txs":0,"uniq":0,"trade":0,"nft":0,"gas":0,"bal":0.000041,"days":0,"spread":0,"streak":0,"rank_m":428769,"pct_m":0.455874},"2024-04":{"txs":1,"uniq":1,"trade":0,"nft":1,"gas":0.000007,"bal":0.000086,"days":1,"spread":0.033333,"streak":1,"rank_m":448603,"pct_m":0.476962,"gas_method":"estimated"},"2024-05":{"txs":9,"uniq":4,"trade":0,"nft":2,"gas":0.000022,"bal":0.000155,"days":2,"spread":0.064516,"streak":2,"rank_m":393266,"pct_m":0.418126,"gas_method":"estimated"},"2024-06":{"txs":0,"uniq":0,"trade":0,"nft":0,"gas":0,"bal":0.000155,"days":0,"spread":0,"streak":0,"rank_m":550957,"pct_m":0.585786},"2024-07":{"txs":0,"uniq":0,"trade":0,"nft":0,"gas":0,"bal":0.000155,"days":0,"spread":0,"streak":0,"rank_m":573865,"pct_m":0.610142},"2024-08":{"txs":0,"uniq":0,"trade":0,"nft":0,"gas":0,"bal":0.000155,"days":0,"spread":0,"streak":0,"rank_m":594563,"pct_m":0.632149},"2024-09":{"txs":1,"uniq":1,"trade":0,"nft":1,"gas":0,"bal":0.000417,"days":1,"spread":0.033333,"streak":1,"rank_m":429344,"pct_m":0.456485,"gas_method":"estimated"},"2024-10":{"txs":59,"uniq":12,"trade":0,"nft":22,"gas":0.000012,"bal":0.000815,"days":7,"spread":0.225806,"streak":5,"rank_m":167280,"pct_m":0.177854,"gas_method":"estimated"},"2024-11":{"txs":10,"uniq":7,"trade":0,"nft":1,"gas":0.000023,"bal":0.000393,"days":2,"spread":0.066667,"streak":1,"rank_m":332286,"pct_m":0.353291,"gas_method":"exact"},"2024-12":{"txs":3,"uniq":3,"trade":0,"nft":0,"gas":0.000066,"bal":0.000541,"days":2,"spread":0.064516,"streak":1,"rank_m":500907,"pct_m":0.532572,"gas_method":"exact"},"2025-01":{"txs":39,"uniq":22,"trade":0,"nft":3,"gas":0.000961,"bal":0.002404,"days":6,"spread":0.193548,"streak":2,"rank_m":119950,"pct_m":0.127532,"gas_method":"exact"},"2025-02":{"txs":0,"uniq":0,"trade":0,"nft":0,"gas":0,"bal":0.002404,"days":0,"spread":0,"streak":0,"rank_m":617274,"pct_m":0.656296},"2025-03":{"txs":0,"uniq":0,"trade":0,"nft":0,"gas":0,"bal":0.002404,"days":0,"spread":0,"streak":0,"rank_m":604450,"pct_m":0.642661},"2025-04":{"txs":0,"uniq":0,"trade":0,"nft":0,"gas":0,"bal":0.002404,"days":0,"spread":0,"streak":0,"rank_m":636722,"pct_m":0.676973},"2025-05":{"txs":1,"uniq":1,"trade":0,"nft":0,"gas":0.000007,"bal":0.002603,"days":1,"spread":0.032258,"streak":1,"rank_m":425120,"pct_m":0.451994,"gas_method":"estimated"},"2025-06":{"txs":0,"uniq":0,"trade":0,"nft":0,"gas":0,"bal":0.002603,"days":0,"spread":0,"streak":0,"rank_m":599076,"pct_m":0.636947},"2025-07":{"txs":1,"uniq":1,"trade":0,"nft":0,"gas":0.000007,"bal":0.001582,"days":1,"spread":0.032258,"streak":1,"rank_m":511090,"pct_m":0.543399,"gas_method":"estimated"},"2025-08":{"txs":0,"uniq":0,"trade":0,"nft":0,"gas":0,"bal":0.001582,"days":0,"spread":0,"streak":0,"rank_m":628942,"pct_m":0.668701},"2025-09":{"txs":0,"uniq":0,"trade":0,"nft":0,"gas":0,"bal":0.001582,"days":0,"spread":0,"streak":0,"rank_m":614604,"pct_m":0.653457},"2025-10":{"txs":0,"uniq":0,"trade":0,"nft":0,"gas":0,"bal":0.001582,"days":0,"spread":0,"streak":0,"rank_m":526498,"pct_m":0.559781}}}