{"wallet":"0xc3547c9c23355b1fe5a90b885338c969c90e249d","rank":341861,"lifetime":{"months_active":20,"first":"2023-07","last":"2025-10","tx_sum":146,"uniq_sum":91,"trade_sum":12,"nft_sum":7,"gas_sum":0.001283,"avg_balance_eth_mean":0.015911,"streak_best_days":2,"gas_sum_filled":0.001283},"months":{"2023-07":{"txs":0,"uniq":0,"trade":0,"nft":0,"gas":0,"bal":0,"days":0,"spread":0,"streak":0,"rank_m":262030,"pct_m":0.278594},"2023-08":{"txs":0,"uniq":0,"trade":0,"nft":0,"gas":0,"bal":0,"days":0,"spread":0,"streak":0,"rank_m":349753,"pct_m":0.371863},"2023-09":{"txs":0,"uniq":0,"trade":0,"nft":0,"gas":0,"bal":0,"days":0,"spread":0,"streak":0,"rank_m":370808,"pct_m":0.394249},"2023-10":{"txs":4,"uniq":3,"trade":0,"nft":0,"gas":0.000029,"bal":0.000864,"days":1,"spread":0.032258,"streak":1,"rank_m":126663,"pct_m":0.134669,"gas_method":"estimated"},"2023-11":{"txs":11,"uniq":4,"trade":0,"nft":0,"gas":0.000137,"bal":0.004253,"days":4,"spread":0.133333,"streak":1,"rank_m":70287,"pct_m":0.074729,"gas_method":"estimated"},"2023-12":{"txs":7,"uniq":4,"trade":0,"nft":0,"gas":0.000133,"bal":0.003417,"days":3,"spread":0.096774,"streak":1,"rank_m":68559,"pct_m":0.072892,"gas_method":"exact"},"2024-01":{"txs":33,"uniq":14,"trade":5,"nft":5,"gas":0.000234,"bal":0.004635,"days":4,"spread":0.129032,"streak":1,"rank_m":25936,"pct_m":0.027575,"gas_method":"exact"},"2024-02":{"txs":12,"uniq":8,"trade":2,"nft":0,"gas":0.000147,"bal":0.006894,"days":3,"spread":0.103448,"streak":2,"rank_m":66867,"pct_m":0.071093,"gas_method":"estimated"},"2024-03":{"txs":5,"uniq":3,"trade":0,"nft":0,"gas":0.000092,"bal":0.010916,"days":1,"spread":0.032258,"streak":1,"rank_m":249813,"pct_m":0.265605,"gas_method":"estimated"},"2024-04":{"txs":7,"uniq":5,"trade":0,"nft":0,"gas":0.000016,"bal":0.011382,"days":3,"spread":0.1,"streak":1,"rank_m":312330,"pct_m":0.332074,"gas_method":"estimated"},"2024-05":{"txs":3,"uniq":2,"trade":0,"nft":0,"gas":0.000002,"bal":0.012254,"days":1,"spread":0.032258,"streak":1,"rank_m":361576,"pct_m":0.384433,"gas_method":"estimated"},"2024-06":{"txs":8,"uniq":5,"trade":0,"nft":1,"gas":0,"bal":0.016369,"days":3,"spread":0.1,"streak":1,"rank_m":228884,"pct_m":0.243352,"gas_method":"estimated"},"2024-07":{"txs":2,"uniq":2,"trade":0,"nft":0,"gas":0,"bal":0.022719,"days":1,"spread":0.032258,"streak":1,"rank_m":323389,"pct_m":0.343832,"gas_method":"estimated"},"2024-08":{"txs":4,"uniq":3,"trade":1,"nft":0,"gas":0,"bal":0.02067,"days":2,"spread":0.064516,"streak":1,"rank_m":224681,"pct_m":0.238884,"gas_method":"estimated"},"2024-09":{"txs":0,"uniq":0,"trade":0,"nft":0,"gas":0,"bal":0.02067,"days":0,"spread":0,"streak":0,"rank_m":404230,"pct_m":0.429783},"2024-10":{"txs":0,"uniq":0,"trade":0,"nft":0,"gas":0,"bal":0.02067,"days":0,"spread":0,"streak":0,"rank_m":453707,"pct_m":0.482388},"2024-11":{"txs":7,"uniq":5,"trade":4,"nft":0,"gas":0.000016,"bal":0.00954,"days":1,"spread":0.033333,"streak":1,"rank_m":267062,"pct_m":0.283944,"gas_method":"exact"},"2024-12":{"txs":6,"uniq":5,"trade":0,"nft":0,"gas":0.000132,"bal":0.009115,"days":2,"spread":0.064516,"streak":1,"rank_m":373969,"pct_m":0.397609,"gas_method":"exact"},"2025-01":{"txs":5,"uniq":4,"trade":0,"nft":0,"gas":0.00013,"bal":0.014699,"days":1,"spread":0.032258,"streak":1,"rank_m":361417,"pct_m":0.384264,"gas_method":"exact"},"2025-02":{"txs":3,"uniq":3,"trade":0,"nft":0,"gas":0.000021,"bal":0.008502,"days":1,"spread":0.035714,"streak":1,"rank_m":368513,"pct_m":0.391809,"gas_method":"exact"},"2025-03":{"txs":0,"uniq":0,"trade":0,"nft":0,"gas":0,"bal":0.008502,"days":0,"spread":0,"streak":0,"rank_m":546846,"pct_m":0.581415},"2025-04":{"txs":9,"uniq":6,"trade":0,"nft":0,"gas":0.000054,"bal":0.008289,"days":1,"spread":0.033333,"streak":1,"rank_m":257876,"pct_m":0.274177,"gas_method":"exact"},"2025-05":{"txs":2,"uniq":2,"trade":0,"nft":0,"gas":0.000014,"bal":0.071237,"days":1,"spread":0.032258,"streak":1,"rank_m":183269,"pct_m":0.194854,"gas_method":"estimated"},"2025-06":{"txs":0,"uniq":0,"trade":0,"nft":0,"gas":0,"bal":0.071237,"days":0,"spread":0,"streak":0,"rank_m":357560,"pct_m":0.380163},"2025-07":{"txs":7,"uniq":5,"trade":0,"nft":1,"gas":0.000049,"bal":0.053463,"days":2,"spread":0.064516,"streak":1,"rank_m":168827,"pct_m":0.179499,"gas_method":"estimated"},"2025-08":{"txs":3,"uniq":2,"trade":0,"nft":0,"gas":0.000021,"bal":0.014197,"days":1,"spread":0.032258,"streak":1,"rank_m":288652,"pct_m":0.306899,"gas_method":"estimated"},"2025-09":{"txs":8,"uniq":6,"trade":0,"nft":0,"gas":0.000056,"bal":0.010501,"days":1,"spread":0.033333,"streak":1,"rank_m":260543,"pct_m":0.277013,"gas_method":"estimated"},"2025-10":{"txs":0,"uniq":0,"trade":0,"nft":0,"gas":0,"bal":0.010501,"days":0,"spread":0,"streak":0,"rank_m":357389,"pct_m":0.379981}}}