{"wallet":"0xc32f06dfd0e45e718ffb073729b9348d2a3efb0f","rank":173832,"lifetime":{"months_active":16,"first":"2023-07","last":"2025-10","tx_sum":390,"uniq_sum":87,"trade_sum":6,"nft_sum":6,"gas_sum":0.004206,"avg_balance_eth_mean":0.003749,"streak_best_days":18,"gas_sum_filled":0.004206},"months":{"2023-07":{"txs":2,"uniq":1,"trade":0,"nft":0,"gas":0.000064,"bal":0.000007,"days":1,"spread":0.032258,"streak":1,"rank_m":42274,"pct_m":0.044945,"gas_method":"exact"},"2023-08":{"txs":0,"uniq":1,"trade":0,"nft":0,"gas":0.000158,"bal":0.000036,"days":0,"spread":0,"streak":0,"rank_m":206982,"pct_m":0.220066},"2023-09":{"txs":0,"uniq":0,"trade":0,"nft":0,"gas":0,"bal":0.000036,"days":0,"spread":0,"streak":0,"rank_m":212060,"pct_m":0.225465},"2023-10":{"txs":0,"uniq":0,"trade":0,"nft":0,"gas":0,"bal":0.000036,"days":0,"spread":0,"streak":0,"rank_m":224607,"pct_m":0.238805},"2023-11":{"txs":0,"uniq":0,"trade":0,"nft":0,"gas":0,"bal":0.000036,"days":0,"spread":0,"streak":0,"rank_m":238413,"pct_m":0.253484},"2023-12":{"txs":0,"uniq":0,"trade":0,"nft":0,"gas":0,"bal":0.000036,"days":0,"spread":0,"streak":0,"rank_m":265390,"pct_m":0.282166},"2024-01":{"txs":0,"uniq":0,"trade":0,"nft":0,"gas":0,"bal":0.000036,"days":0,"spread":0,"streak":0,"rank_m":279793,"pct_m":0.29748},"2024-02":{"txs":0,"uniq":0,"trade":0,"nft":0,"gas":0,"bal":0.000036,"days":0,"spread":0,"streak":0,"rank_m":342660,"pct_m":0.364321},"2024-03":{"txs":0,"uniq":0,"trade":0,"nft":0,"gas":0,"bal":0.000036,"days":0,"spread":0,"streak":0,"rank_m":429809,"pct_m":0.45698},"2024-04":{"txs":12,"uniq":4,"trade":0,"nft":1,"gas":0.000059,"bal":0.006811,"days":6,"spread":0.2,"streak":4,"rank_m":215019,"pct_m":0.228611,"gas_method":"exact"},"2024-05":{"txs":1,"uniq":1,"trade":0,"nft":1,"gas":0.000001,"bal":0.005152,"days":1,"spread":0.032258,"streak":1,"rank_m":397713,"pct_m":0.422855,"gas_method":"estimated"},"2024-06":{"txs":2,"uniq":2,"trade":0,"nft":2,"gas":0,"bal":0.004539,"days":2,"spread":0.066667,"streak":2,"rank_m":332576,"pct_m":0.3536,"gas_method":"estimated"},"2024-07":{"txs":0,"uniq":0,"trade":0,"nft":0,"gas":0,"bal":0.004539,"days":0,"spread":0,"streak":0,"rank_m":499774,"pct_m":0.531368},"2024-08":{"txs":0,"uniq":0,"trade":0,"nft":0,"gas":0,"bal":0.004539,"days":0,"spread":0,"streak":0,"rank_m":507969,"pct_m":0.540081},"2024-09":{"txs":1,"uniq":0,"trade":0,"nft":0,"gas":0,"bal":0.008972,"days":1,"spread":0.033333,"streak":1,"rank_m":359792,"pct_m":0.382536,"gas_method":"estimated"},"2024-10":{"txs":10,"uniq":10,"trade":1,"nft":2,"gas":0.000001,"bal":0.017177,"days":5,"spread":0.16129,"streak":2,"rank_m":108123,"pct_m":0.114957,"gas_method":"estimated"},"2024-11":{"txs":4,"uniq":4,"trade":1,"nft":0,"gas":0.000009,"bal":0.000394,"days":2,"spread":0.066667,"streak":2,"rank_m":354896,"pct_m":0.377331,"gas_method":"exact"},"2024-12":{"txs":2,"uniq":2,"trade":0,"nft":0,"gas":0.000044,"bal":0.001945,"days":2,"spread":0.064516,"streak":1,"rank_m":495165,"pct_m":0.526467,"gas_method":"exact"},"2025-01":{"txs":72,"uniq":2,"trade":0,"nft":0,"gas":0.00187,"bal":0.00337,"days":6,"spread":0.193548,"streak":5,"rank_m":160277,"pct_m":0.170408,"gas_method":"exact"},"2025-02":{"txs":29,"uniq":8,"trade":1,"nft":0,"gas":0.000204,"bal":0.00581,"days":7,"spread":0.25,"streak":2,"rank_m":84495,"pct_m":0.089836,"gas_method":"exact"},"2025-03":{"txs":11,"uniq":5,"trade":0,"nft":0,"gas":0.000087,"bal":0.001598,"days":4,"spread":0.129032,"streak":1,"rank_m":260442,"pct_m":0.276906,"gas_method":"exact"},"2025-04":{"txs":8,"uniq":3,"trade":0,"nft":0,"gas":0.000048,"bal":0.00167,"days":5,"spread":0.166667,"streak":5,"rank_m":242734,"pct_m":0.258078,"gas_method":"exact"},"2025-05":{"txs":24,"uniq":2,"trade":0,"nft":0,"gas":0.000169,"bal":0.001234,"days":13,"spread":0.419355,"streak":13,"rank_m":252739,"pct_m":0.268716,"gas_method":"estimated"},"2025-06":{"txs":70,"uniq":13,"trade":3,"nft":0,"gas":0.000493,"bal":0.004178,"days":13,"spread":0.433333,"streak":4,"rank_m":74322,"pct_m":0.079019,"gas_method":"estimated"},"2025-07":{"txs":82,"uniq":16,"trade":0,"nft":0,"gas":0.000577,"bal":0.006402,"days":17,"spread":0.548387,"streak":9,"rank_m":74996,"pct_m":0.079736,"gas_method":"estimated"},"2025-08":{"txs":60,"uniq":13,"trade":0,"nft":0,"gas":0.000422,"bal":0.008778,"days":10,"spread":0.322581,"streak":8,"rank_m":72332,"pct_m":0.076904,"gas_method":"estimated"},"2025-09":{"txs":0,"uniq":0,"trade":0,"nft":0,"gas":0,"bal":0.008778,"days":0,"spread":0,"streak":0,"rank_m":481463,"pct_m":0.511899},"2025-10":{"txs":0,"uniq":0,"trade":0,"nft":0,"gas":0,"bal":0.008778,"days":0,"spread":0,"streak":0,"rank_m":376252,"pct_m":0.400037}}}