{"wallet":"0xc375bdbbdc9ad606871086d3fd4a601f85245e21","rank":288961,"lifetime":{"months_active":16,"first":"2023-07","last":"2025-10","tx_sum":215,"uniq_sum":143,"trade_sum":5,"nft_sum":103,"gas_sum":0.000761,"avg_balance_eth_mean":0.005722,"streak_best_days":5,"gas_sum_filled":0.000761},"months":{"2023-07":{"txs":0,"uniq":0,"trade":0,"nft":0,"gas":0,"bal":0,"days":0,"spread":0,"streak":0,"rank_m":261592,"pct_m":0.278128},"2023-08":{"txs":0,"uniq":0,"trade":0,"nft":0,"gas":0,"bal":0,"days":0,"spread":0,"streak":0,"rank_m":349356,"pct_m":0.37144},"2023-09":{"txs":0,"uniq":0,"trade":0,"nft":0,"gas":0,"bal":0,"days":0,"spread":0,"streak":0,"rank_m":370404,"pct_m":0.393819},"2023-10":{"txs":0,"uniq":0,"trade":0,"nft":0,"gas":0,"bal":0,"days":0,"spread":0,"streak":0,"rank_m":388507,"pct_m":0.413067},"2023-11":{"txs":0,"uniq":0,"trade":0,"nft":0,"gas":0,"bal":0,"days":0,"spread":0,"streak":0,"rank_m":404742,"pct_m":0.430328},"2023-12":{"txs":0,"uniq":0,"trade":0,"nft":0,"gas":0,"bal":0,"days":0,"spread":0,"streak":0,"rank_m":424932,"pct_m":0.451794},"2024-01":{"txs":0,"uniq":0,"trade":0,"nft":0,"gas":0,"bal":0,"days":0,"spread":0,"streak":0,"rank_m":442088,"pct_m":0.470035},"2024-02":{"txs":0,"uniq":0,"trade":0,"nft":0,"gas":0,"bal":0,"days":0,"spread":0,"streak":0,"rank_m":482640,"pct_m":0.51315},"2024-03":{"txs":2,"uniq":1,"trade":0,"nft":0,"gas":0.000018,"bal":0.000184,"days":1,"spread":0.032258,"streak":1,"rank_m":364391,"pct_m":0.387426,"gas_method":"estimated"},"2024-04":{"txs":17,"uniq":9,"trade":0,"nft":39,"gas":0.000018,"bal":0.001637,"days":8,"spread":0.266667,"streak":4,"rank_m":224089,"pct_m":0.238254,"gas_method":"estimated"},"2024-05":{"txs":40,"uniq":23,"trade":2,"nft":13,"gas":0.000048,"bal":0.074283,"days":16,"spread":0.516129,"streak":5,"rank_m":13050,"pct_m":0.013874,"gas_method":"exact"},"2024-06":{"txs":24,"uniq":16,"trade":0,"nft":15,"gas":0.000001,"bal":0.027261,"days":13,"spread":0.433333,"streak":4,"rank_m":30532,"pct_m":0.032461,"gas_method":"exact"},"2024-07":{"txs":15,"uniq":10,"trade":0,"nft":3,"gas":0.000001,"bal":0.005559,"days":3,"spread":0.096774,"streak":1,"rank_m":201539,"pct_m":0.214279,"gas_method":"estimated"},"2024-08":{"txs":13,"uniq":10,"trade":0,"nft":12,"gas":0.000001,"bal":0.004465,"days":6,"spread":0.193548,"streak":1,"rank_m":203542,"pct_m":0.216408,"gas_method":"estimated"},"2024-09":{"txs":21,"uniq":19,"trade":0,"nft":14,"gas":0,"bal":0.000573,"days":5,"spread":0.166667,"streak":2,"rank_m":119671,"pct_m":0.127235,"gas_method":"exact"},"2024-10":{"txs":13,"uniq":11,"trade":1,"nft":6,"gas":0,"bal":0.001091,"days":8,"spread":0.258065,"streak":2,"rank_m":202696,"pct_m":0.215509,"gas_method":"estimated"},"2024-11":{"txs":16,"uniq":10,"trade":0,"nft":0,"gas":0.00003,"bal":0.000954,"days":7,"spread":0.233333,"streak":4,"rank_m":230822,"pct_m":0.245413,"gas_method":"exact"},"2024-12":{"txs":5,"uniq":5,"trade":0,"nft":0,"gas":0.00011,"bal":0.000184,"days":3,"spread":0.096774,"streak":1,"rank_m":467441,"pct_m":0.496991,"gas_method":"exact"},"2025-01":{"txs":12,"uniq":5,"trade":0,"nft":0,"gas":0.000312,"bal":0.001713,"days":5,"spread":0.16129,"streak":2,"rank_m":284054,"pct_m":0.30201,"gas_method":"exact"},"2025-02":{"txs":10,"uniq":6,"trade":2,"nft":0,"gas":0.000049,"bal":0.010689,"days":3,"spread":0.107143,"streak":1,"rank_m":183499,"pct_m":0.195098,"gas_method":"exact"},"2025-03":{"txs":0,"uniq":0,"trade":0,"nft":0,"gas":0,"bal":0.010689,"days":0,"spread":0,"streak":0,"rank_m":533163,"pct_m":0.566867},"2025-04":{"txs":10,"uniq":6,"trade":0,"nft":0,"gas":0.000054,"bal":0.004457,"days":4,"spread":0.133333,"streak":2,"rank_m":195857,"pct_m":0.208238,"gas_method":"exact"},"2025-05":{"txs":6,"uniq":5,"trade":0,"nft":0,"gas":0.000042,"bal":0.002367,"days":4,"spread":0.129032,"streak":2,"rank_m":268949,"pct_m":0.28595,"gas_method":"estimated"},"2025-06":{"txs":0,"uniq":0,"trade":0,"nft":0,"gas":0,"bal":0.002367,"days":0,"spread":0,"streak":0,"rank_m":605266,"pct_m":0.643529},"2025-07":{"txs":0,"uniq":0,"trade":0,"nft":0,"gas":0,"bal":0.002367,"days":0,"spread":0,"streak":0,"rank_m":623277,"pct_m":0.662678},"2025-08":{"txs":5,"uniq":4,"trade":0,"nft":0,"gas":0.000035,"bal":0.005624,"days":3,"spread":0.096774,"streak":1,"rank_m":308781,"pct_m":0.3283,"gas_method":"estimated"},"2025-09":{"txs":6,"uniq":3,"trade":0,"nft":1,"gas":0.000042,"bal":0.001882,"days":2,"spread":0.066667,"streak":1,"rank_m":334920,"pct_m":0.356092,"gas_method":"estimated"},"2025-10":{"txs":0,"uniq":0,"trade":0,"nft":0,"gas":0,"bal":0.001882,"days":0,"spread":0,"streak":0,"rank_m":512561,"pct_m":0.544963}}}