{"wallet":"0xc382331362eda90a4747f128ae46965182f8c277","rank":233440,"lifetime":{"months_active":17,"first":"2023-07","last":"2025-10","tx_sum":305,"uniq_sum":95,"trade_sum":40,"nft_sum":12,"gas_sum":0.002154,"avg_balance_eth_mean":0.003554,"streak_best_days":5,"gas_sum_filled":0.002154},"months":{"2023-07":{"txs":0,"uniq":0,"trade":0,"nft":0,"gas":0,"bal":0,"days":0,"spread":0,"streak":0,"rank_m":261424,"pct_m":0.27795},"2023-08":{"txs":0,"uniq":0,"trade":0,"nft":0,"gas":0,"bal":0,"days":0,"spread":0,"streak":0,"rank_m":349204,"pct_m":0.371279},"2023-09":{"txs":0,"uniq":0,"trade":0,"nft":0,"gas":0,"bal":0,"days":0,"spread":0,"streak":0,"rank_m":370245,"pct_m":0.39365},"2023-10":{"txs":0,"uniq":0,"trade":0,"nft":0,"gas":0,"bal":0,"days":0,"spread":0,"streak":0,"rank_m":388342,"pct_m":0.412891},"2023-11":{"txs":2,"uniq":1,"trade":0,"nft":0,"gas":0.000025,"bal":0.001074,"days":2,"spread":0.066667,"streak":2,"rank_m":98673,"pct_m":0.10491,"gas_method":"exact"},"2023-12":{"txs":2,"uniq":2,"trade":0,"nft":0,"gas":0.000046,"bal":0.000025,"days":1,"spread":0.032258,"streak":1,"rank_m":187868,"pct_m":0.199744,"gas_method":"estimated"},"2024-01":{"txs":0,"uniq":0,"trade":0,"nft":0,"gas":0,"bal":0.000025,"days":0,"spread":0,"streak":0,"rank_m":282073,"pct_m":0.299904},"2024-02":{"txs":3,"uniq":2,"trade":0,"nft":1,"gas":0.000036,"bal":0.000079,"days":2,"spread":0.068966,"streak":2,"rank_m":237024,"pct_m":0.252007,"gas_method":"estimated"},"2024-03":{"txs":0,"uniq":0,"trade":0,"nft":0,"gas":0,"bal":0.000079,"days":0,"spread":0,"streak":0,"rank_m":422204,"pct_m":0.448894},"2024-04":{"txs":25,"uniq":19,"trade":2,"nft":5,"gas":0.000056,"bal":0.001253,"days":3,"spread":0.1,"streak":3,"rank_m":226598,"pct_m":0.240922,"gas_method":"estimated"},"2024-05":{"txs":9,"uniq":7,"trade":0,"nft":2,"gas":0.000021,"bal":0.005688,"days":4,"spread":0.129032,"streak":2,"rank_m":205642,"pct_m":0.218641,"gas_method":"exact"},"2024-06":{"txs":3,"uniq":3,"trade":0,"nft":1,"gas":0,"bal":0.005717,"days":2,"spread":0.066667,"streak":1,"rank_m":343123,"pct_m":0.364813,"gas_method":"estimated"},"2024-07":{"txs":0,"uniq":0,"trade":0,"nft":0,"gas":0,"bal":0.005717,"days":0,"spread":0,"streak":0,"rank_m":490006,"pct_m":0.520982},"2024-08":{"txs":0,"uniq":0,"trade":0,"nft":0,"gas":0,"bal":0.005717,"days":0,"spread":0,"streak":0,"rank_m":497644,"pct_m":0.529103},"2024-09":{"txs":0,"uniq":0,"trade":0,"nft":0,"gas":0,"bal":0.005717,"days":0,"spread":0,"streak":0,"rank_m":467222,"pct_m":0.496758},"2024-10":{"txs":2,"uniq":2,"trade":0,"nft":1,"gas":0,"bal":0.002784,"days":2,"spread":0.064516,"streak":1,"rank_m":388852,"pct_m":0.413433,"gas_method":"estimated"},"2024-11":{"txs":2,"uniq":1,"trade":0,"nft":1,"gas":0.000002,"bal":0.00097,"days":2,"spread":0.066667,"streak":1,"rank_m":423360,"pct_m":0.450123,"gas_method":"exact"},"2024-12":{"txs":0,"uniq":0,"trade":0,"nft":0,"gas":0,"bal":0.00097,"days":0,"spread":0,"streak":0,"rank_m":647083,"pct_m":0.687989},"2025-01":{"txs":11,"uniq":3,"trade":0,"nft":1,"gas":0.00026,"bal":0.001862,"days":10,"spread":0.322581,"streak":5,"rank_m":231923,"pct_m":0.246584,"gas_method":"exact"},"2025-02":{"txs":3,"uniq":1,"trade":0,"nft":0,"gas":0.000021,"bal":0.000443,"days":3,"spread":0.107143,"streak":1,"rank_m":444917,"pct_m":0.473043,"gas_method":"exact"},"2025-03":{"txs":33,"uniq":12,"trade":19,"nft":0,"gas":0.000245,"bal":0.00052,"days":8,"spread":0.258065,"streak":3,"rank_m":122086,"pct_m":0.129803,"gas_method":"exact"},"2025-04":{"txs":29,"uniq":9,"trade":19,"nft":0,"gas":0.000169,"bal":0.009259,"days":9,"spread":0.3,"streak":3,"rank_m":33787,"pct_m":0.035922,"gas_method":"exact"},"2025-05":{"txs":0,"uniq":0,"trade":0,"nft":0,"gas":0,"bal":0.009259,"days":0,"spread":0,"streak":0,"rank_m":486354,"pct_m":0.517099},"2025-06":{"txs":48,"uniq":13,"trade":0,"nft":0,"gas":0.000338,"bal":0.008739,"days":13,"spread":0.433333,"streak":4,"rank_m":87760,"pct_m":0.093307,"gas_method":"estimated"},"2025-07":{"txs":39,"uniq":6,"trade":0,"nft":0,"gas":0.000274,"bal":0.009656,"days":14,"spread":0.451613,"streak":3,"rank_m":123875,"pct_m":0.131705,"gas_method":"estimated"},"2025-08":{"txs":37,"uniq":7,"trade":0,"nft":0,"gas":0.00026,"bal":0.008818,"days":9,"spread":0.290323,"streak":1,"rank_m":157342,"pct_m":0.167288,"gas_method":"estimated"},"2025-09":{"txs":31,"uniq":6,"trade":0,"nft":0,"gas":0.000218,"bal":0.008089,"days":11,"spread":0.366667,"streak":2,"rank_m":138744,"pct_m":0.147514,"gas_method":"estimated"},"2025-10":{"txs":26,"uniq":1,"trade":0,"nft":0,"gas":0.000183,"bal":0.007054,"days":9,"spread":0.290323,"streak":3,"rank_m":118740,"pct_m":0.126245,"gas_method":"estimated"}}}