{"wallet":"0xc33d33b36452a483e63c4af63b5b38e921aaf432","rank":219016,"lifetime":{"months_active":9,"first":"2023-07","last":"2025-10","tx_sum":691,"uniq_sum":38,"trade_sum":178,"nft_sum":0,"gas_sum":0.001766,"avg_balance_eth_mean":0.00432,"streak_best_days":36,"gas_sum_filled":0.001766},"months":{"2023-07":{"txs":0,"uniq":0,"trade":0,"nft":0,"gas":0,"bal":0,"days":0,"spread":0,"streak":0,"rank_m":262350,"pct_m":0.278934},"2023-08":{"txs":0,"uniq":0,"trade":0,"nft":0,"gas":0,"bal":0,"days":0,"spread":0,"streak":0,"rank_m":350041,"pct_m":0.372169},"2023-09":{"txs":0,"uniq":0,"trade":0,"nft":0,"gas":0,"bal":0,"days":0,"spread":0,"streak":0,"rank_m":371121,"pct_m":0.394581},"2023-10":{"txs":0,"uniq":0,"trade":0,"nft":0,"gas":0,"bal":0,"days":0,"spread":0,"streak":0,"rank_m":389215,"pct_m":0.413819},"2023-11":{"txs":6,"uniq":2,"trade":0,"nft":0,"gas":0.000011,"bal":0.000022,"days":3,"spread":0.1,"streak":2,"rank_m":141320,"pct_m":0.150253,"gas_method":"estimated"},"2023-12":{"txs":26,"uniq":1,"trade":0,"nft":0,"gas":0.000089,"bal":0.005809,"days":3,"spread":0.096774,"streak":2,"rank_m":74519,"pct_m":0.079229,"gas_method":"estimated"},"2024-01":{"txs":1,"uniq":1,"trade":0,"nft":0,"gas":0.000018,"bal":0.005794,"days":1,"spread":0.032258,"streak":1,"rank_m":141665,"pct_m":0.15062,"gas_method":"exact"},"2024-02":{"txs":32,"uniq":4,"trade":0,"nft":0,"gas":0.000058,"bal":0.005549,"days":5,"spread":0.172414,"streak":4,"rank_m":90818,"pct_m":0.096558,"gas_method":"estimated"},"2024-03":{"txs":115,"uniq":5,"trade":12,"nft":0,"gas":0.001212,"bal":0.006886,"days":15,"spread":0.483871,"streak":5,"rank_m":28971,"pct_m":0.030801,"gas_method":"exact"},"2024-04":{"txs":242,"uniq":9,"trade":66,"nft":0,"gas":0.000252,"bal":0.010992,"days":28,"spread":0.933333,"streak":18,"rank_m":18975,"pct_m":0.020173,"gas_method":"exact"},"2024-05":{"txs":180,"uniq":5,"trade":100,"nft":0,"gas":0.000122,"bal":0.015038,"days":28,"spread":0.903226,"streak":18,"rank_m":17034,"pct_m":0.01811,"gas_method":"exact"},"2024-06":{"txs":36,"uniq":5,"trade":0,"nft":0,"gas":0.000003,"bal":0.004236,"days":7,"spread":0.233333,"streak":4,"rank_m":139311,"pct_m":0.148117,"gas_method":"exact"},"2024-07":{"txs":53,"uniq":6,"trade":0,"nft":0,"gas":0.000001,"bal":0.004165,"days":12,"spread":0.387097,"streak":5,"rank_m":167039,"pct_m":0.177598,"gas_method":"estimated"},"2024-08":{"txs":0,"uniq":0,"trade":0,"nft":0,"gas":0,"bal":0.004165,"days":0,"spread":0,"streak":0,"rank_m":511328,"pct_m":0.543652},"2024-09":{"txs":0,"uniq":0,"trade":0,"nft":0,"gas":0,"bal":0.004165,"days":0,"spread":0,"streak":0,"rank_m":482825,"pct_m":0.513347},"2024-10":{"txs":0,"uniq":0,"trade":0,"nft":0,"gas":0,"bal":0.004165,"days":0,"spread":0,"streak":0,"rank_m":530883,"pct_m":0.564443},"2024-11":{"txs":0,"uniq":0,"trade":0,"nft":0,"gas":0,"bal":0.004165,"days":0,"spread":0,"streak":0,"rank_m":548833,"pct_m":0.583528},"2024-12":{"txs":0,"uniq":0,"trade":0,"nft":0,"gas":0,"bal":0.004165,"days":0,"spread":0,"streak":0,"rank_m":607961,"pct_m":0.646394},"2025-01":{"txs":0,"uniq":0,"trade":0,"nft":0,"gas":0,"bal":0.004165,"days":0,"spread":0,"streak":0,"rank_m":594010,"pct_m":0.631561},"2025-02":{"txs":0,"uniq":0,"trade":0,"nft":0,"gas":0,"bal":0.004165,"days":0,"spread":0,"streak":0,"rank_m":597628,"pct_m":0.635408},"2025-03":{"txs":0,"uniq":0,"trade":0,"nft":0,"gas":0,"bal":0.004165,"days":0,"spread":0,"streak":0,"rank_m":581455,"pct_m":0.618212},"2025-04":{"txs":0,"uniq":0,"trade":0,"nft":0,"gas":0,"bal":0.004165,"days":0,"spread":0,"streak":0,"rank_m":616070,"pct_m":0.655016},"2025-05":{"txs":0,"uniq":0,"trade":0,"nft":0,"gas":0,"bal":0.004165,"days":0,"spread":0,"streak":0,"rank_m":556947,"pct_m":0.592155},"2025-06":{"txs":0,"uniq":0,"trade":0,"nft":0,"gas":0,"bal":0.004165,"days":0,"spread":0,"streak":0,"rank_m":562948,"pct_m":0.598535},"2025-07":{"txs":0,"uniq":0,"trade":0,"nft":0,"gas":0,"bal":0.004165,"days":0,"spread":0,"streak":0,"rank_m":584083,"pct_m":0.621006},"2025-08":{"txs":0,"uniq":0,"trade":0,"nft":0,"gas":0,"bal":0.004165,"days":0,"spread":0,"streak":0,"rank_m":559355,"pct_m":0.594715},"2025-09":{"txs":0,"uniq":0,"trade":0,"nft":0,"gas":0,"bal":0.004165,"days":0,"spread":0,"streak":0,"rank_m":549283,"pct_m":0.584006},"2025-10":{"txs":0,"uniq":0,"trade":0,"nft":0,"gas":0,"bal":0.004165,"days":0,"spread":0,"streak":0,"rank_m":449414,"pct_m":0.477824}}}