{"wallet":"0xc38ed18ebbab470534e387891226542c8c772222","rank":673733,"lifetime":{"months_active":9,"first":"2023-07","last":"2025-10","tx_sum":130,"uniq_sum":50,"trade_sum":0,"nft_sum":19,"gas_sum":0.000796,"avg_balance_eth_mean":0.002933,"streak_best_days":28,"gas_sum_filled":0.000796},"months":{"2023-07":{"txs":0,"uniq":0,"trade":0,"nft":0,"gas":0,"bal":0,"days":0,"spread":0,"streak":0,"rank_m":261259,"pct_m":0.277774},"2023-08":{"txs":12,"uniq":4,"trade":0,"nft":2,"gas":0.000254,"bal":0.003309,"days":4,"spread":0.129032,"streak":1,"rank_m":96484,"pct_m":0.102582,"gas_method":"exact"},"2023-09":{"txs":47,"uniq":14,"trade":0,"nft":6,"gas":0.000207,"bal":0.007073,"days":25,"spread":0.833333,"streak":25,"rank_m":13965,"pct_m":0.014847,"gas_method":"exact"},"2023-10":{"txs":13,"uniq":7,"trade":0,"nft":4,"gas":0.000021,"bal":0.002936,"days":8,"spread":0.258065,"streak":3,"rank_m":34393,"pct_m":0.036566,"gas_method":"exact"},"2023-11":{"txs":4,"uniq":4,"trade":0,"nft":1,"gas":0.000022,"bal":0.002799,"days":4,"spread":0.133333,"streak":2,"rank_m":68177,"pct_m":0.072486,"gas_method":"estimated"},"2023-12":{"txs":7,"uniq":6,"trade":0,"nft":2,"gas":0.000071,"bal":0.002709,"days":4,"spread":0.129032,"streak":2,"rank_m":61291,"pct_m":0.065165,"gas_method":"estimated"},"2024-01":{"txs":9,"uniq":5,"trade":0,"nft":2,"gas":0.000023,"bal":0.002443,"days":8,"spread":0.258065,"streak":3,"rank_m":57106,"pct_m":0.060715,"gas_method":"exact"},"2024-02":{"txs":15,"uniq":8,"trade":0,"nft":0,"gas":0.000046,"bal":0.003037,"days":10,"spread":0.344828,"streak":3,"rank_m":71489,"pct_m":0.076007,"gas_method":"exact"},"2024-03":{"txs":19,"uniq":1,"trade":0,"nft":2,"gas":0.000152,"bal":0.003438,"days":1,"spread":0.032258,"streak":1,"rank_m":243819,"pct_m":0.259232,"gas_method":"estimated"},"2024-04":{"txs":0,"uniq":0,"trade":0,"nft":0,"gas":0,"bal":0.003438,"days":0,"spread":0,"streak":0,"rank_m":458955,"pct_m":0.487968},"2024-05":{"txs":0,"uniq":0,"trade":0,"nft":0,"gas":0,"bal":0.003438,"days":0,"spread":0,"streak":0,"rank_m":484699,"pct_m":0.51534},"2024-06":{"txs":0,"uniq":0,"trade":0,"nft":0,"gas":0,"bal":0.003438,"days":0,"spread":0,"streak":0,"rank_m":502044,"pct_m":0.533781},"2024-07":{"txs":4,"uniq":1,"trade":0,"nft":0,"gas":0,"bal":0.002754,"days":1,"spread":0.032258,"streak":1,"rank_m":418043,"pct_m":0.44447,"gas_method":"estimated"},"2024-08":{"txs":0,"uniq":0,"trade":0,"nft":0,"gas":0,"bal":0.002754,"days":0,"spread":0,"streak":0,"rank_m":527635,"pct_m":0.56099},"2024-09":{"txs":0,"uniq":0,"trade":0,"nft":0,"gas":0,"bal":0.002754,"days":0,"spread":0,"streak":0,"rank_m":501437,"pct_m":0.533136},"2024-10":{"txs":0,"uniq":0,"trade":0,"nft":0,"gas":0,"bal":0.002754,"days":0,"spread":0,"streak":0,"rank_m":550134,"pct_m":0.584911},"2024-11":{"txs":0,"uniq":0,"trade":0,"nft":0,"gas":0,"bal":0.002754,"days":0,"spread":0,"streak":0,"rank_m":561249,"pct_m":0.596729},"2024-12":{"txs":0,"uniq":0,"trade":0,"nft":0,"gas":0,"bal":0.002754,"days":0,"spread":0,"streak":0,"rank_m":620005,"pct_m":0.659199},"2025-01":{"txs":0,"uniq":0,"trade":0,"nft":0,"gas":0,"bal":0.002754,"days":0,"spread":0,"streak":0,"rank_m":605493,"pct_m":0.64377},"2025-02":{"txs":0,"uniq":0,"trade":0,"nft":0,"gas":0,"bal":0.002754,"days":0,"spread":0,"streak":0,"rank_m":612821,"pct_m":0.651561},"2025-03":{"txs":0,"uniq":0,"trade":0,"nft":0,"gas":0,"bal":0.002754,"days":0,"spread":0,"streak":0,"rank_m":599054,"pct_m":0.636924},"2025-04":{"txs":0,"uniq":0,"trade":0,"nft":0,"gas":0,"bal":0.002754,"days":0,"spread":0,"streak":0,"rank_m":631780,"pct_m":0.671719},"2025-05":{"txs":0,"uniq":0,"trade":0,"nft":0,"gas":0,"bal":0.002754,"days":0,"spread":0,"streak":0,"rank_m":588622,"pct_m":0.625832},"2025-06":{"txs":0,"uniq":0,"trade":0,"nft":0,"gas":0,"bal":0.002754,"days":0,"spread":0,"streak":0,"rank_m":595220,"pct_m":0.632847},"2025-07":{"txs":0,"uniq":0,"trade":0,"nft":0,"gas":0,"bal":0.002754,"days":0,"spread":0,"streak":0,"rank_m":613976,"pct_m":0.652789},"2025-08":{"txs":0,"uniq":0,"trade":0,"nft":0,"gas":0,"bal":0.002754,"days":0,"spread":0,"streak":0,"rank_m":592412,"pct_m":0.629862},"2025-09":{"txs":0,"uniq":0,"trade":0,"nft":0,"gas":0,"bal":0.002754,"days":0,"spread":0,"streak":0,"rank_m":579391,"pct_m":0.616018},"2025-10":{"txs":0,"uniq":0,"trade":0,"nft":0,"gas":0,"bal":0.002754,"days":0,"spread":0,"streak":0,"rank_m":483631,"pct_m":0.514204}}}