{"wallet":"0xc30b67a08e962b40f1fa0a4c1052c118ac0a61c6","rank":46274,"lifetime":{"months_active":21,"first":"2023-07","last":"2025-10","tx_sum":743,"uniq_sum":137,"trade_sum":60,"nft_sum":20,"gas_sum":0.005449,"avg_balance_eth_mean":0.015935,"streak_best_days":7,"gas_sum_filled":0.005449},"months":{"2023-07":{"txs":0,"uniq":0,"trade":0,"nft":0,"gas":0,"bal":0,"days":0,"spread":0,"streak":0,"rank_m":262967,"pct_m":0.27959},"2023-08":{"txs":2,"uniq":2,"trade":0,"nft":0,"gas":0.000217,"bal":0.001479,"days":1,"spread":0.032258,"streak":1,"rank_m":136130,"pct_m":0.144735,"gas_method":"exact"},"2023-09":{"txs":3,"uniq":2,"trade":0,"nft":1,"gas":0.000152,"bal":0.006918,"days":1,"spread":0.033333,"streak":1,"rank_m":85500,"pct_m":0.090904,"gas_method":"exact"},"2023-10":{"txs":0,"uniq":0,"trade":0,"nft":0,"gas":0,"bal":0.006918,"days":0,"spread":0,"streak":0,"rank_m":161045,"pct_m":0.171225},"2023-11":{"txs":0,"uniq":0,"trade":0,"nft":0,"gas":0,"bal":0.006918,"days":0,"spread":0,"streak":0,"rank_m":172161,"pct_m":0.183044},"2023-12":{"txs":0,"uniq":0,"trade":0,"nft":0,"gas":0,"bal":0.006918,"days":0,"spread":0,"streak":0,"rank_m":198349,"pct_m":0.210887},"2024-01":{"txs":0,"uniq":0,"trade":0,"nft":0,"gas":0,"bal":0.006918,"days":0,"spread":0,"streak":0,"rank_m":207883,"pct_m":0.221024},"2024-02":{"txs":8,"uniq":5,"trade":0,"nft":1,"gas":0.000096,"bal":0.006527,"days":2,"spread":0.068966,"streak":2,"rank_m":119342,"pct_m":0.126885,"gas_method":"estimated"},"2024-03":{"txs":21,"uniq":6,"trade":0,"nft":1,"gas":0.001571,"bal":0.003705,"days":6,"spread":0.193548,"streak":2,"rank_m":125904,"pct_m":0.133862,"gas_method":"exact"},"2024-04":{"txs":2,"uniq":2,"trade":0,"nft":1,"gas":0.000004,"bal":0.010237,"days":1,"spread":0.033333,"streak":1,"rank_m":354538,"pct_m":0.37695,"gas_method":"estimated"},"2024-05":{"txs":176,"uniq":12,"trade":0,"nft":1,"gas":0.00013,"bal":0.010106,"days":6,"spread":0.193548,"streak":6,"rank_m":106087,"pct_m":0.112793,"gas_method":"estimated"},"2024-06":{"txs":149,"uniq":19,"trade":15,"nft":6,"gas":0.000013,"bal":0.010029,"days":11,"spread":0.366667,"streak":3,"rank_m":16616,"pct_m":0.017665,"gas_method":"exact"},"2024-07":{"txs":41,"uniq":6,"trade":13,"nft":2,"gas":0.000003,"bal":0.007811,"days":8,"spread":0.258065,"streak":3,"rank_m":46462,"pct_m":0.049398,"gas_method":"exact"},"2024-08":{"txs":11,"uniq":4,"trade":5,"nft":1,"gas":0.000016,"bal":0.008371,"days":4,"spread":0.129032,"streak":1,"rank_m":147703,"pct_m":0.157039,"gas_method":"exact"},"2024-09":{"txs":11,"uniq":3,"trade":5,"nft":1,"gas":0,"bal":0.011924,"days":4,"spread":0.133333,"streak":2,"rank_m":113919,"pct_m":0.12112,"gas_method":"estimated"},"2024-10":{"txs":8,"uniq":5,"trade":2,"nft":1,"gas":0,"bal":0.011684,"days":3,"spread":0.096774,"streak":1,"rank_m":190377,"pct_m":0.202411,"gas_method":"estimated"},"2024-11":{"txs":33,"uniq":6,"trade":13,"nft":0,"gas":0.000074,"bal":0.009027,"days":12,"spread":0.4,"streak":6,"rank_m":70012,"pct_m":0.074437,"gas_method":"exact"},"2024-12":{"txs":33,"uniq":12,"trade":3,"nft":0,"gas":0.000684,"bal":0.005101,"days":9,"spread":0.290323,"streak":4,"rank_m":106645,"pct_m":0.113386,"gas_method":"exact"},"2025-01":{"txs":44,"uniq":6,"trade":1,"nft":0,"gas":0.001117,"bal":0.021168,"days":11,"spread":0.354839,"streak":7,"rank_m":54775,"pct_m":0.058237,"gas_method":"exact"},"2025-02":{"txs":27,"uniq":8,"trade":0,"nft":0,"gas":0.000162,"bal":0.044165,"days":6,"spread":0.214286,"streak":2,"rank_m":74416,"pct_m":0.079119,"gas_method":"exact"},"2025-03":{"txs":12,"uniq":6,"trade":1,"nft":0,"gas":0.000095,"bal":0.046716,"days":2,"spread":0.064516,"streak":1,"rank_m":146026,"pct_m":0.155256,"gas_method":"exact"},"2025-04":{"txs":26,"uniq":6,"trade":0,"nft":0,"gas":0.000157,"bal":0.040492,"days":5,"spread":0.166667,"streak":2,"rank_m":68718,"pct_m":0.073061,"gas_method":"exact"},"2025-05":{"txs":20,"uniq":6,"trade":2,"nft":0,"gas":0.000141,"bal":0.03396,"days":4,"spread":0.129032,"streak":2,"rank_m":50922,"pct_m":0.05414,"gas_method":"estimated"},"2025-06":{"txs":84,"uniq":9,"trade":0,"nft":0,"gas":0.000591,"bal":0.030392,"days":5,"spread":0.166667,"streak":1,"rank_m":80317,"pct_m":0.085393,"gas_method":"estimated"},"2025-07":{"txs":14,"uniq":7,"trade":0,"nft":3,"gas":0.000099,"bal":0.025136,"days":2,"spread":0.064516,"streak":1,"rank_m":151237,"pct_m":0.160797,"gas_method":"estimated"},"2025-08":{"txs":0,"uniq":0,"trade":0,"nft":0,"gas":0,"bal":0.025136,"days":0,"spread":0,"streak":0,"rank_m":400595,"pct_m":0.425919},"2025-09":{"txs":18,"uniq":5,"trade":0,"nft":1,"gas":0.000127,"bal":0.024218,"days":1,"spread":0.033333,"streak":1,"rank_m":160398,"pct_m":0.170537,"gas_method":"estimated"},"2025-10":{"txs":0,"uniq":0,"trade":0,"nft":0,"gas":0,"bal":0.024218,"days":0,"spread":0,"streak":0,"rank_m":293019,"pct_m":0.311542}}}