{"wallet":"0xc38374fea3e047b8fa06b8b980ce95bf6baa4ad7","rank":298057,"lifetime":{"months_active":23,"first":"2023-07","last":"2025-10","tx_sum":290,"uniq_sum":102,"trade_sum":0,"nft_sum":16,"gas_sum":0.00133,"avg_balance_eth_mean":0.009397,"streak_best_days":0,"gas_sum_filled":0.00133},"months":{"2023-07":{"txs":0,"uniq":0,"trade":0,"nft":0,"gas":0,"bal":0,"days":0,"spread":0,"streak":0,"rank_m":261410,"pct_m":0.277935},"2023-08":{"txs":0,"uniq":0,"trade":0,"nft":0,"gas":0,"bal":0,"days":0,"spread":0,"streak":0,"rank_m":349190,"pct_m":0.371264},"2023-09":{"txs":0,"uniq":0,"trade":0,"nft":0,"gas":0,"bal":0,"days":0,"spread":0,"streak":0,"rank_m":370228,"pct_m":0.393632},"2023-10":{"txs":5,"uniq":4,"trade":0,"nft":0,"gas":0.000033,"bal":0.008183,"days":3,"spread":0.096774,"streak":0,"rank_m":110234,"pct_m":0.117202,"gas_method":"estimated"},"2023-11":{"txs":2,"uniq":1,"trade":0,"nft":0,"gas":0.000023,"bal":0.00519,"days":1,"spread":0.033333,"streak":0,"rank_m":148919,"pct_m":0.158332,"gas_method":"estimated"},"2023-12":{"txs":1,"uniq":1,"trade":0,"nft":1,"gas":0.000021,"bal":0.005471,"days":1,"spread":0.032258,"streak":0,"rank_m":165155,"pct_m":0.175595,"gas_method":"estimated"},"2024-01":{"txs":127,"uniq":3,"trade":0,"nft":3,"gas":0.000552,"bal":0.002561,"days":3,"spread":0.096774,"streak":0,"rank_m":84527,"pct_m":0.08987,"gas_method":"exact"},"2024-02":{"txs":5,"uniq":4,"trade":0,"nft":1,"gas":0.000056,"bal":0.002925,"days":2,"spread":0.068966,"streak":0,"rank_m":209487,"pct_m":0.222729,"gas_method":"estimated"},"2024-03":{"txs":3,"uniq":2,"trade":0,"nft":0,"gas":0.000051,"bal":0.006284,"days":2,"spread":0.064516,"streak":0,"rank_m":308243,"pct_m":0.327728,"gas_method":"estimated"},"2024-04":{"txs":9,"uniq":6,"trade":0,"nft":0,"gas":0.000019,"bal":0.0331,"days":5,"spread":0.166667,"streak":0,"rank_m":293923,"pct_m":0.312503,"gas_method":"estimated"},"2024-05":{"txs":6,"uniq":5,"trade":0,"nft":2,"gas":0.000004,"bal":0.022475,"days":4,"spread":0.129032,"streak":0,"rank_m":281613,"pct_m":0.299415,"gas_method":"estimated"},"2024-06":{"txs":3,"uniq":3,"trade":0,"nft":0,"gas":0,"bal":0.013019,"days":2,"spread":0.066667,"streak":0,"rank_m":375144,"pct_m":0.398859,"gas_method":"estimated"},"2024-07":{"txs":0,"uniq":0,"trade":0,"nft":0,"gas":0,"bal":0.013019,"days":0,"spread":0,"streak":0,"rank_m":452073,"pct_m":0.480651},"2024-08":{"txs":5,"uniq":2,"trade":0,"nft":0,"gas":0,"bal":0.012812,"days":2,"spread":0.064516,"streak":0,"rank_m":369301,"pct_m":0.392646,"gas_method":"estimated"},"2024-09":{"txs":36,"uniq":16,"trade":0,"nft":6,"gas":0.000001,"bal":0.025359,"days":7,"spread":0.233333,"streak":0,"rank_m":79476,"pct_m":0.084499,"gas_method":"estimated"},"2024-10":{"txs":34,"uniq":17,"trade":0,"nft":3,"gas":0,"bal":0.01683,"days":10,"spread":0.322581,"streak":0,"rank_m":98428,"pct_m":0.104649,"gas_method":"exact"},"2024-11":{"txs":6,"uniq":4,"trade":0,"nft":0,"gas":0.000014,"bal":0.023255,"days":2,"spread":0.066667,"streak":0,"rank_m":350319,"pct_m":0.372464,"gas_method":"exact"},"2024-12":{"txs":8,"uniq":6,"trade":0,"nft":0,"gas":0.000176,"bal":0.010205,"days":3,"spread":0.096774,"streak":0,"rank_m":373649,"pct_m":0.397269,"gas_method":"exact"},"2025-01":{"txs":5,"uniq":4,"trade":0,"nft":0,"gas":0.00013,"bal":0.006086,"days":3,"spread":0.096774,"streak":0,"rank_m":401925,"pct_m":0.427333,"gas_method":"exact"},"2025-02":{"txs":1,"uniq":1,"trade":0,"nft":0,"gas":0.000007,"bal":0.002867,"days":1,"spread":0.035714,"streak":0,"rank_m":512316,"pct_m":0.544702,"gas_method":"exact"},"2025-03":{"txs":12,"uniq":9,"trade":0,"nft":0,"gas":0.000095,"bal":0.004925,"days":3,"spread":0.096774,"streak":0,"rank_m":259636,"pct_m":0.276049,"gas_method":"exact"},"2025-04":{"txs":6,"uniq":3,"trade":0,"nft":0,"gas":0.000036,"bal":0.002676,"days":2,"spread":0.066667,"streak":0,"rank_m":391961,"pct_m":0.416739,"gas_method":"exact"},"2025-05":{"txs":3,"uniq":2,"trade":0,"nft":0,"gas":0.000021,"bal":0.000646,"days":2,"spread":0.064516,"streak":0,"rank_m":536778,"pct_m":0.570711,"gas_method":"estimated"},"2025-06":{"txs":3,"uniq":3,"trade":0,"nft":0,"gas":0.000021,"bal":0.005198,"days":1,"spread":0.033333,"streak":0,"rank_m":420044,"pct_m":0.446597,"gas_method":"estimated"},"2025-07":{"txs":4,"uniq":1,"trade":0,"nft":0,"gas":0.000028,"bal":0.000176,"days":1,"spread":0.032258,"streak":0,"rank_m":659719,"pct_m":0.701424,"gas_method":"estimated"},"2025-08":{"txs":0,"uniq":0,"trade":0,"nft":0,"gas":0,"bal":0.000176,"days":0,"spread":0,"streak":0,"rank_m":774827,"pct_m":0.823809},"2025-09":{"txs":5,"uniq":4,"trade":0,"nft":0,"gas":0.000035,"bal":0.003481,"days":2,"spread":0.066667,"streak":0,"rank_m":396744,"pct_m":0.421824,"gas_method":"estimated"},"2025-10":{"txs":1,"uniq":1,"trade":0,"nft":0,"gas":0.000007,"bal":0.036195,"days":1,"spread":0.032258,"streak":0,"rank_m":209293,"pct_m":0.222523,"gas_method":"estimated"}}}