{"wallet":"0xc33ed1759257c9b0b90a0093065878ff7306a788","rank":334831,"lifetime":{"months_active":19,"first":"2023-07","last":"2025-10","tx_sum":231,"uniq_sum":103,"trade_sum":9,"nft_sum":34,"gas_sum":0.001331,"avg_balance_eth_mean":0.000896,"streak_best_days":5,"gas_sum_filled":0.001331},"months":{"2023-07":{"txs":1,"uniq":1,"trade":0,"nft":1,"gas":0.000168,"bal":0.000007,"days":1,"spread":0.032258,"streak":1,"rank_m":44705,"pct_m":0.04753,"gas_method":"estimated"},"2023-08":{"txs":0,"uniq":1,"trade":0,"nft":0,"gas":0.000158,"bal":0.000034,"days":0,"spread":0,"streak":0,"rank_m":206994,"pct_m":0.220079},"2023-09":{"txs":0,"uniq":0,"trade":0,"nft":0,"gas":0,"bal":0.000034,"days":0,"spread":0,"streak":0,"rank_m":212218,"pct_m":0.225633},"2023-10":{"txs":0,"uniq":0,"trade":0,"nft":0,"gas":0,"bal":0.000034,"days":0,"spread":0,"streak":0,"rank_m":224844,"pct_m":0.239057},"2023-11":{"txs":0,"uniq":0,"trade":0,"nft":0,"gas":0,"bal":0.000034,"days":0,"spread":0,"streak":0,"rank_m":238724,"pct_m":0.253815},"2023-12":{"txs":0,"uniq":0,"trade":0,"nft":0,"gas":0,"bal":0.000034,"days":0,"spread":0,"streak":0,"rank_m":265751,"pct_m":0.28255},"2024-01":{"txs":1,"uniq":1,"trade":0,"nft":0,"gas":0.000029,"bal":0.000045,"days":1,"spread":0.032258,"streak":1,"rank_m":178280,"pct_m":0.189549,"gas_method":"exact"},"2024-02":{"txs":0,"uniq":0,"trade":0,"nft":0,"gas":0,"bal":0.000045,"days":0,"spread":0,"streak":0,"rank_m":340891,"pct_m":0.36244},"2024-03":{"txs":2,"uniq":1,"trade":0,"nft":0,"gas":0.000067,"bal":0.000036,"days":1,"spread":0.032258,"streak":1,"rank_m":373270,"pct_m":0.396866,"gas_method":"estimated"},"2024-04":{"txs":0,"uniq":0,"trade":0,"nft":0,"gas":0,"bal":0.000036,"days":0,"spread":0,"streak":0,"rank_m":509889,"pct_m":0.542122},"2024-05":{"txs":5,"uniq":4,"trade":0,"nft":3,"gas":0.000007,"bal":0.00156,"days":1,"spread":0.032258,"streak":1,"rank_m":379000,"pct_m":0.402959,"gas_method":"estimated"},"2024-06":{"txs":7,"uniq":5,"trade":0,"nft":2,"gas":0,"bal":0.00276,"days":3,"spread":0.1,"streak":1,"rank_m":310822,"pct_m":0.33047,"gas_method":"estimated"},"2024-07":{"txs":1,"uniq":1,"trade":0,"nft":0,"gas":0,"bal":0.000527,"days":1,"spread":0.032258,"streak":1,"rank_m":484957,"pct_m":0.515614,"gas_method":"estimated"},"2024-08":{"txs":27,"uniq":24,"trade":0,"nft":25,"gas":0.000004,"bal":0.004623,"days":3,"spread":0.096774,"streak":1,"rank_m":168890,"pct_m":0.179566,"gas_method":"estimated"},"2024-09":{"txs":4,"uniq":3,"trade":0,"nft":0,"gas":0,"bal":0.003023,"days":2,"spread":0.066667,"streak":1,"rank_m":338671,"pct_m":0.36008,"gas_method":"estimated"},"2024-10":{"txs":7,"uniq":6,"trade":0,"nft":3,"gas":0.000001,"bal":0.000891,"days":4,"spread":0.129032,"streak":2,"rank_m":312588,"pct_m":0.332348,"gas_method":"estimated"},"2024-11":{"txs":112,"uniq":17,"trade":7,"nft":0,"gas":0.000143,"bal":0.002693,"days":5,"spread":0.166667,"streak":1,"rank_m":103840,"pct_m":0.110403,"gas_method":"exact"},"2024-12":{"txs":14,"uniq":5,"trade":0,"nft":0,"gas":0.000287,"bal":0.000235,"days":7,"spread":0.225806,"streak":1,"rank_m":363353,"pct_m":0.386322,"gas_method":"exact"},"2025-01":{"txs":9,"uniq":5,"trade":0,"nft":0,"gas":0.000208,"bal":0.000331,"days":4,"spread":0.129032,"streak":1,"rank_m":385520,"pct_m":0.409891,"gas_method":"exact"},"2025-02":{"txs":9,"uniq":6,"trade":0,"nft":0,"gas":0.000049,"bal":0.000995,"days":4,"spread":0.142857,"streak":3,"rank_m":259559,"pct_m":0.275967,"gas_method":"exact"},"2025-03":{"txs":0,"uniq":0,"trade":0,"nft":0,"gas":0,"bal":0.000995,"days":0,"spread":0,"streak":0,"rank_m":645867,"pct_m":0.686696},"2025-04":{"txs":8,"uniq":2,"trade":0,"nft":0,"gas":0.000042,"bal":0.001756,"days":5,"spread":0.166667,"streak":5,"rank_m":260499,"pct_m":0.276966,"gas_method":"exact"},"2025-05":{"txs":1,"uniq":1,"trade":0,"nft":0,"gas":0.000007,"bal":0.001678,"days":1,"spread":0.032258,"streak":1,"rank_m":461456,"pct_m":0.490627,"gas_method":"estimated"},"2025-06":{"txs":0,"uniq":0,"trade":0,"nft":0,"gas":0,"bal":0.001678,"days":0,"spread":0,"streak":0,"rank_m":628039,"pct_m":0.667741},"2025-07":{"txs":12,"uniq":10,"trade":2,"nft":0,"gas":0.000084,"bal":0.000762,"days":3,"spread":0.096774,"streak":1,"rank_m":319251,"pct_m":0.339432,"gas_method":"estimated"},"2025-08":{"txs":3,"uniq":3,"trade":0,"nft":0,"gas":0.000021,"bal":0.00003,"days":2,"spread":0.064516,"streak":1,"rank_m":624584,"pct_m":0.664068,"gas_method":"estimated"},"2025-09":{"txs":6,"uniq":5,"trade":0,"nft":0,"gas":0.000042,"bal":0.000035,"days":2,"spread":0.066667,"streak":1,"rank_m":582488,"pct_m":0.619311,"gas_method":"estimated"},"2025-10":{"txs":2,"uniq":2,"trade":0,"nft":0,"gas":0.000014,"bal":0.00017,"days":1,"spread":0.032258,"streak":1,"rank_m":463011,"pct_m":0.492281,"gas_method":"estimated"}}}