{"wallet":"0xc3cb1919da5a2baa2e565233fd22d48bcbdef685","rank":73773,"lifetime":{"months_active":25,"first":"2023-07","last":"2025-10","tx_sum":303,"uniq_sum":184,"trade_sum":43,"nft_sum":43,"gas_sum":0.004268,"avg_balance_eth_mean":0.129681,"streak_best_days":2,"gas_sum_filled":0.004268},"months":{"2023-07":{"txs":0,"uniq":0,"trade":0,"nft":0,"gas":0,"bal":0,"days":0,"spread":0,"streak":0,"rank_m":260447,"pct_m":0.276911},"2023-08":{"txs":0,"uniq":0,"trade":0,"nft":0,"gas":0,"bal":0,"days":0,"spread":0,"streak":0,"rank_m":348342,"pct_m":0.370362},"2023-09":{"txs":0,"uniq":0,"trade":0,"nft":0,"gas":0,"bal":0,"days":0,"spread":0,"streak":0,"rank_m":369316,"pct_m":0.392662},"2023-10":{"txs":1,"uniq":1,"trade":0,"nft":1,"gas":0.000006,"bal":0.000642,"days":1,"spread":0.032258,"streak":1,"rank_m":134135,"pct_m":0.142614,"gas_method":"estimated"},"2023-11":{"txs":5,"uniq":3,"trade":0,"nft":1,"gas":0.000049,"bal":0.001479,"days":2,"spread":0.066667,"streak":1,"rank_m":97134,"pct_m":0.103274,"gas_method":"estimated"},"2023-12":{"txs":19,"uniq":13,"trade":3,"nft":5,"gas":0.002196,"bal":0.248325,"days":7,"spread":0.225806,"streak":1,"rank_m":5545,"pct_m":0.005894,"gas_method":"exact"},"2024-01":{"txs":20,"uniq":11,"trade":1,"nft":3,"gas":0.000979,"bal":0.246527,"days":6,"spread":0.193548,"streak":1,"rank_m":10270,"pct_m":0.010918,"gas_method":"exact"},"2024-02":{"txs":21,"uniq":13,"trade":0,"nft":3,"gas":0.000095,"bal":0.094159,"days":8,"spread":0.275862,"streak":2,"rank_m":23159,"pct_m":0.024622,"gas_method":"exact"},"2024-03":{"txs":16,"uniq":12,"trade":0,"nft":5,"gas":0.000083,"bal":0.100825,"days":9,"spread":0.290323,"streak":2,"rank_m":60777,"pct_m":0.064618,"gas_method":"exact"},"2024-04":{"txs":25,"uniq":12,"trade":9,"nft":1,"gas":0.000045,"bal":0.240984,"days":6,"spread":0.2,"streak":2,"rank_m":85868,"pct_m":0.091295,"gas_method":"estimated"},"2024-05":{"txs":10,"uniq":8,"trade":6,"nft":1,"gas":0.000042,"bal":0.139715,"days":6,"spread":0.193548,"streak":1,"rank_m":95935,"pct_m":0.101999,"gas_method":"exact"},"2024-06":{"txs":27,"uniq":15,"trade":0,"nft":2,"gas":0.000004,"bal":0.217669,"days":7,"spread":0.233333,"streak":1,"rank_m":59337,"pct_m":0.063087,"gas_method":"exact"},"2024-07":{"txs":22,"uniq":14,"trade":1,"nft":3,"gas":0.000002,"bal":0.173566,"days":9,"spread":0.290323,"streak":1,"rank_m":40354,"pct_m":0.042904,"gas_method":"estimated"},"2024-08":{"txs":22,"uniq":18,"trade":4,"nft":11,"gas":0.000002,"bal":0.191945,"days":11,"spread":0.354839,"streak":2,"rank_m":21870,"pct_m":0.023252,"gas_method":"exact"},"2024-09":{"txs":19,"uniq":11,"trade":0,"nft":1,"gas":0.000006,"bal":0.14422,"days":9,"spread":0.3,"streak":1,"rank_m":38262,"pct_m":0.04068,"gas_method":"exact"},"2024-10":{"txs":17,"uniq":10,"trade":4,"nft":3,"gas":0.000001,"bal":0.131194,"days":7,"spread":0.225806,"streak":1,"rank_m":63767,"pct_m":0.067797,"gas_method":"estimated"},"2024-11":{"txs":19,"uniq":10,"trade":5,"nft":1,"gas":0.000044,"bal":0.11031,"days":9,"spread":0.3,"streak":1,"rank_m":81234,"pct_m":0.086368,"gas_method":"exact"},"2024-12":{"txs":8,"uniq":5,"trade":4,"nft":0,"gas":0.000176,"bal":0.191023,"days":3,"spread":0.096774,"streak":1,"rank_m":237646,"pct_m":0.252668,"gas_method":"exact"},"2025-01":{"txs":9,"uniq":5,"trade":2,"nft":0,"gas":0.000234,"bal":0.153691,"days":4,"spread":0.129032,"streak":1,"rank_m":185460,"pct_m":0.197183,"gas_method":"exact"},"2025-02":{"txs":11,"uniq":5,"trade":0,"nft":0,"gas":0.000077,"bal":0.116831,"days":3,"spread":0.107143,"streak":1,"rank_m":175730,"pct_m":0.186838,"gas_method":"exact"},"2025-03":{"txs":9,"uniq":5,"trade":3,"nft":0,"gas":0.000071,"bal":0.228802,"days":2,"spread":0.064516,"streak":1,"rank_m":143110,"pct_m":0.152156,"gas_method":"exact"},"2025-04":{"txs":5,"uniq":3,"trade":0,"nft":0,"gas":0.00003,"bal":0.103822,"days":2,"spread":0.066667,"streak":1,"rank_m":258303,"pct_m":0.274631,"gas_method":"exact"},"2025-05":{"txs":1,"uniq":1,"trade":0,"nft":0,"gas":0.000007,"bal":0.187067,"days":1,"spread":0.032258,"streak":1,"rank_m":187997,"pct_m":0.199881,"gas_method":"estimated"},"2025-06":{"txs":1,"uniq":1,"trade":0,"nft":0,"gas":0.000007,"bal":0.103864,"days":1,"spread":0.033333,"streak":1,"rank_m":231088,"pct_m":0.245696,"gas_method":"estimated"},"2025-07":{"txs":1,"uniq":1,"trade":0,"nft":1,"gas":0.000007,"bal":0.062363,"days":1,"spread":0.032258,"streak":1,"rank_m":249465,"pct_m":0.265235,"gas_method":"estimated"},"2025-08":{"txs":9,"uniq":3,"trade":1,"nft":0,"gas":0.000063,"bal":0.188083,"days":4,"spread":0.129032,"streak":1,"rank_m":107820,"pct_m":0.114635,"gas_method":"estimated"},"2025-09":{"txs":4,"uniq":3,"trade":0,"nft":1,"gas":0.000028,"bal":0.148702,"days":3,"spread":0.1,"streak":1,"rank_m":147282,"pct_m":0.156592,"gas_method":"estimated"},"2025-10":{"txs":2,"uniq":1,"trade":0,"nft":0,"gas":0.000014,"bal":0.105259,"days":2,"spread":0.064516,"streak":1,"rank_m":109033,"pct_m":0.115925,"gas_method":"estimated"}}}