{"wallet":"0xc39c924c74588d34e7c6668413a34d96609ef1c4","rank":123911,"lifetime":{"months_active":21,"first":"2023-07","last":"2025-10","tx_sum":298,"uniq_sum":94,"trade_sum":1,"nft_sum":10,"gas_sum":0.02007,"avg_balance_eth_mean":0.149802,"streak_best_days":7,"gas_sum_filled":0.02007},"months":{"2023-07":{"txs":0,"uniq":0,"trade":0,"nft":0,"gas":0,"bal":0,"days":0,"spread":0,"streak":0,"rank_m":261088,"pct_m":0.277592},"2023-08":{"txs":83,"uniq":12,"trade":0,"nft":3,"gas":0.014658,"bal":0.018659,"days":16,"spread":0.516129,"streak":7,"rank_m":18444,"pct_m":0.019609,"gas_method":"exact"},"2023-09":{"txs":15,"uniq":3,"trade":0,"nft":1,"gas":0.000348,"bal":0.004935,"days":4,"spread":0.133333,"streak":1,"rank_m":55041,"pct_m":0.05852,"gas_method":"exact"},"2023-10":{"txs":10,"uniq":4,"trade":0,"nft":1,"gas":0.003363,"bal":0.004327,"days":2,"spread":0.064516,"streak":1,"rank_m":53195,"pct_m":0.056557,"gas_method":"exact"},"2023-11":{"txs":10,"uniq":3,"trade":0,"nft":0,"gas":0.000386,"bal":0.149481,"days":2,"spread":0.066667,"streak":1,"rank_m":48720,"pct_m":0.051799,"gas_method":"estimated"},"2023-12":{"txs":1,"uniq":1,"trade":0,"nft":0,"gas":0.000052,"bal":0.017443,"days":1,"spread":0.032258,"streak":1,"rank_m":109990,"pct_m":0.116942,"gas_method":"exact"},"2024-01":{"txs":0,"uniq":0,"trade":0,"nft":0,"gas":0,"bal":0.017443,"days":0,"spread":0,"streak":0,"rank_m":202339,"pct_m":0.215129},"2024-02":{"txs":0,"uniq":0,"trade":0,"nft":0,"gas":0,"bal":0.017443,"days":0,"spread":0,"streak":0,"rank_m":266226,"pct_m":0.283055},"2024-03":{"txs":0,"uniq":0,"trade":0,"nft":0,"gas":0,"bal":0.017443,"days":0,"spread":0,"streak":0,"rank_m":343203,"pct_m":0.364898},"2024-04":{"txs":0,"uniq":0,"trade":0,"nft":0,"gas":0,"bal":0.017443,"days":0,"spread":0,"streak":0,"rank_m":420825,"pct_m":0.447428},"2024-05":{"txs":0,"uniq":0,"trade":0,"nft":0,"gas":0,"bal":0.017443,"days":0,"spread":0,"streak":0,"rank_m":439047,"pct_m":0.466802},"2024-06":{"txs":26,"uniq":7,"trade":0,"nft":1,"gas":0.000002,"bal":0.095845,"days":3,"spread":0.1,"streak":1,"rank_m":145684,"pct_m":0.154893,"gas_method":"estimated"},"2024-07":{"txs":20,"uniq":6,"trade":0,"nft":0,"gas":0.000002,"bal":0.374073,"days":5,"spread":0.16129,"streak":2,"rank_m":99505,"pct_m":0.105794,"gas_method":"exact"},"2024-08":{"txs":5,"uniq":5,"trade":0,"nft":0,"gas":0.000001,"bal":0.16243,"days":1,"spread":0.032258,"streak":1,"rank_m":256836,"pct_m":0.273072,"gas_method":"estimated"},"2024-09":{"txs":0,"uniq":0,"trade":0,"nft":0,"gas":0,"bal":0.16243,"days":0,"spread":0,"streak":0,"rank_m":366484,"pct_m":0.389651},"2024-10":{"txs":10,"uniq":5,"trade":0,"nft":3,"gas":0.000002,"bal":0.070142,"days":2,"spread":0.064516,"streak":1,"rank_m":179830,"pct_m":0.191197,"gas_method":"estimated"},"2024-11":{"txs":15,"uniq":7,"trade":0,"nft":0,"gas":0.000032,"bal":0.048108,"days":4,"spread":0.133333,"streak":3,"rank_m":167773,"pct_m":0.178378,"gas_method":"exact"},"2024-12":{"txs":11,"uniq":4,"trade":0,"nft":0,"gas":0.000243,"bal":0.105208,"days":4,"spread":0.129032,"streak":1,"rank_m":274866,"pct_m":0.292241,"gas_method":"exact"},"2025-01":{"txs":22,"uniq":5,"trade":0,"nft":1,"gas":0.000572,"bal":0.084145,"days":5,"spread":0.16129,"streak":1,"rank_m":146546,"pct_m":0.155809,"gas_method":"exact"},"2025-02":{"txs":18,"uniq":5,"trade":0,"nft":0,"gas":0.000127,"bal":0.520267,"days":4,"spread":0.142857,"streak":1,"rank_m":126278,"pct_m":0.13426,"gas_method":"exact"},"2025-03":{"txs":11,"uniq":4,"trade":0,"nft":0,"gas":0.000002,"bal":0.290461,"days":3,"spread":0.096774,"streak":1,"rank_m":260996,"pct_m":0.277495,"gas_method":"exact"},"2025-04":{"txs":7,"uniq":4,"trade":0,"nft":0,"gas":0.000042,"bal":0.908965,"days":2,"spread":0.066667,"streak":1,"rank_m":207299,"pct_m":0.220403,"gas_method":"exact"},"2025-05":{"txs":11,"uniq":4,"trade":0,"nft":0,"gas":0.000077,"bal":0.841098,"days":3,"spread":0.096774,"streak":1,"rank_m":72067,"pct_m":0.076622,"gas_method":"estimated"},"2025-06":{"txs":3,"uniq":3,"trade":0,"nft":0,"gas":0.000021,"bal":0.049865,"days":1,"spread":0.033333,"streak":1,"rank_m":215614,"pct_m":0.229244,"gas_method":"estimated"},"2025-07":{"txs":3,"uniq":3,"trade":0,"nft":0,"gas":0.000021,"bal":0.049863,"days":1,"spread":0.032258,"streak":1,"rank_m":242154,"pct_m":0.257461,"gas_method":"estimated"},"2025-08":{"txs":10,"uniq":5,"trade":1,"nft":0,"gas":0.00007,"bal":0.049846,"days":3,"spread":0.096774,"streak":1,"rank_m":117033,"pct_m":0.124431,"gas_method":"estimated"},"2025-09":{"txs":5,"uniq":2,"trade":0,"nft":0,"gas":0.000035,"bal":0.049824,"days":3,"spread":0.1,"streak":1,"rank_m":197186,"pct_m":0.209651,"gas_method":"estimated"},"2025-10":{"txs":2,"uniq":2,"trade":0,"nft":0,"gas":0.000014,"bal":0.049814,"days":1,"spread":0.032258,"streak":1,"rank_m":124027,"pct_m":0.131867,"gas_method":"estimated"}}}