{"wallet":"0xc3eb6ca1c89ef974ca505f2fa140c2c93aed21bb","rank":118042,"lifetime":{"months_active":25,"first":"2023-07","last":"2025-10","tx_sum":540,"uniq_sum":276,"trade_sum":8,"nft_sum":73,"gas_sum":0.002556,"avg_balance_eth_mean":0.003084,"streak_best_days":5,"gas_sum_filled":0.002556},"months":{"2023-07":{"txs":0,"uniq":0,"trade":0,"nft":0,"gas":0,"bal":0,"days":0,"spread":0,"streak":0,"rank_m":260005,"pct_m":0.276441},"2023-08":{"txs":0,"uniq":0,"trade":0,"nft":0,"gas":0,"bal":0,"days":0,"spread":0,"streak":0,"rank_m":347952,"pct_m":0.369948},"2023-09":{"txs":5,"uniq":4,"trade":0,"nft":0,"gas":0.000114,"bal":0.000909,"days":2,"spread":0.066667,"streak":2,"rank_m":106751,"pct_m":0.113499,"gas_method":"estimated"},"2023-10":{"txs":43,"uniq":25,"trade":2,"nft":6,"gas":0.000677,"bal":0.003746,"days":2,"spread":0.064516,"streak":1,"rank_m":24825,"pct_m":0.026393,"gas_method":"exact"},"2023-11":{"txs":2,"uniq":2,"trade":0,"nft":0,"gas":0.000021,"bal":0.002856,"days":2,"spread":0.066667,"streak":1,"rank_m":110232,"pct_m":0.1172,"gas_method":"estimated"},"2023-12":{"txs":5,"uniq":4,"trade":0,"nft":2,"gas":0.000097,"bal":0.00241,"days":2,"spread":0.064516,"streak":1,"rank_m":90986,"pct_m":0.096737,"gas_method":"estimated"},"2024-01":{"txs":1,"uniq":1,"trade":0,"nft":0,"gas":0.000057,"bal":0.00198,"days":1,"spread":0.032258,"streak":1,"rank_m":145489,"pct_m":0.154685,"gas_method":"exact"},"2024-02":{"txs":3,"uniq":3,"trade":0,"nft":0,"gas":0.000031,"bal":0.002813,"days":2,"spread":0.068966,"streak":1,"rank_m":192648,"pct_m":0.204826,"gas_method":"estimated"},"2024-03":{"txs":3,"uniq":2,"trade":0,"nft":0,"gas":0.000046,"bal":0.011121,"days":1,"spread":0.032258,"streak":1,"rank_m":263811,"pct_m":0.280488,"gas_method":"estimated"},"2024-04":{"txs":48,"uniq":24,"trade":2,"nft":5,"gas":0.000091,"bal":0.012181,"days":7,"spread":0.233333,"streak":2,"rank_m":91165,"pct_m":0.096927,"gas_method":"estimated"},"2024-05":{"txs":60,"uniq":16,"trade":0,"nft":5,"gas":0.000038,"bal":0.003742,"days":5,"spread":0.16129,"streak":3,"rank_m":143878,"pct_m":0.152973,"gas_method":"estimated"},"2024-06":{"txs":8,"uniq":5,"trade":0,"nft":1,"gas":0,"bal":0.000539,"days":3,"spread":0.1,"streak":1,"rank_m":380922,"pct_m":0.405002,"gas_method":"estimated"},"2024-07":{"txs":13,"uniq":10,"trade":0,"nft":11,"gas":0.000001,"bal":0.000627,"days":6,"spread":0.193548,"streak":2,"rank_m":230376,"pct_m":0.244939,"gas_method":"estimated"},"2024-08":{"txs":57,"uniq":46,"trade":0,"nft":42,"gas":0.000004,"bal":0.003887,"days":13,"spread":0.419355,"streak":3,"rank_m":69548,"pct_m":0.073944,"gas_method":"estimated"},"2024-09":{"txs":29,"uniq":17,"trade":0,"nft":1,"gas":0.000001,"bal":0.007556,"days":7,"spread":0.233333,"streak":2,"rank_m":52957,"pct_m":0.056304,"gas_method":"exact"},"2024-10":{"txs":11,"uniq":6,"trade":0,"nft":0,"gas":0.000001,"bal":0.004949,"days":4,"spread":0.129032,"streak":1,"rank_m":227260,"pct_m":0.241626,"gas_method":"exact"},"2024-11":{"txs":78,"uniq":20,"trade":0,"nft":0,"gas":0.000097,"bal":0.000363,"days":5,"spread":0.166667,"streak":1,"rank_m":208626,"pct_m":0.221814,"gas_method":"exact"},"2024-12":{"txs":4,"uniq":3,"trade":0,"nft":0,"gas":0.000066,"bal":0.000303,"days":2,"spread":0.064516,"streak":1,"rank_m":509375,"pct_m":0.541576,"gas_method":"exact"},"2025-01":{"txs":4,"uniq":3,"trade":0,"nft":0,"gas":0.000104,"bal":0.000274,"days":2,"spread":0.064516,"streak":1,"rank_m":473923,"pct_m":0.503882,"gas_method":"exact"},"2025-02":{"txs":0,"uniq":0,"trade":0,"nft":0,"gas":0,"bal":0.000274,"days":0,"spread":0,"streak":0,"rank_m":699348,"pct_m":0.743558},"2025-03":{"txs":12,"uniq":5,"trade":0,"nft":0,"gas":0.000071,"bal":0.000186,"days":3,"spread":0.096774,"streak":1,"rank_m":334411,"pct_m":0.355551,"gas_method":"exact"},"2025-04":{"txs":38,"uniq":18,"trade":2,"nft":0,"gas":0.000223,"bal":0.000455,"days":10,"spread":0.333333,"streak":5,"rank_m":90059,"pct_m":0.095751,"gas_method":"exact"},"2025-05":{"txs":12,"uniq":8,"trade":0,"nft":0,"gas":0.000084,"bal":0.001514,"days":5,"spread":0.16129,"streak":2,"rank_m":257208,"pct_m":0.273467,"gas_method":"estimated"},"2025-06":{"txs":20,"uniq":10,"trade":2,"nft":0,"gas":0.000141,"bal":0.004863,"days":4,"spread":0.133333,"streak":2,"rank_m":170860,"pct_m":0.18166,"gas_method":"estimated"},"2025-07":{"txs":17,"uniq":6,"trade":0,"nft":0,"gas":0.00012,"bal":0.005453,"days":4,"spread":0.129032,"streak":2,"rank_m":264450,"pct_m":0.281167,"gas_method":"estimated"},"2025-08":{"txs":23,"uniq":15,"trade":0,"nft":0,"gas":0.000162,"bal":0.002628,"days":5,"spread":0.16129,"streak":2,"rank_m":244187,"pct_m":0.259623,"gas_method":"estimated"},"2025-09":{"txs":36,"uniq":19,"trade":0,"nft":0,"gas":0.000253,"bal":0.003882,"days":6,"spread":0.2,"streak":3,"rank_m":176942,"pct_m":0.188127,"gas_method":"estimated"},"2025-10":{"txs":8,"uniq":4,"trade":0,"nft":0,"gas":0.000056,"bal":0.006833,"days":1,"spread":0.032258,"streak":1,"rank_m":193778,"pct_m":0.206027,"gas_method":"estimated"}}}