{"wallet":"0xc3ad0ca804196eb5e21f269d53feed8a3f1171f3","rank":446941,"lifetime":{"months_active":18,"first":"2023-07","last":"2025-10","tx_sum":177,"uniq_sum":77,"trade_sum":7,"nft_sum":26,"gas_sum":0.001887,"avg_balance_eth_mean":0.000827,"streak_best_days":5,"gas_sum_filled":0.001887},"months":{"2023-07":{"txs":0,"uniq":0,"trade":0,"nft":0,"gas":0,"bal":0,"days":0,"spread":0,"streak":0,"rank_m":260846,"pct_m":0.277335},"2023-08":{"txs":0,"uniq":0,"trade":0,"nft":0,"gas":0,"bal":0,"days":0,"spread":0,"streak":0,"rank_m":348690,"pct_m":0.370732},"2023-09":{"txs":4,"uniq":3,"trade":0,"nft":0,"gas":0.000109,"bal":0.0001,"days":1,"spread":0.033333,"streak":1,"rank_m":136569,"pct_m":0.145202,"gas_method":"estimated"},"2023-10":{"txs":0,"uniq":0,"trade":0,"nft":0,"gas":0,"bal":0.0001,"days":0,"spread":0,"streak":0,"rank_m":218234,"pct_m":0.232029},"2023-11":{"txs":0,"uniq":0,"trade":0,"nft":0,"gas":0,"bal":0.0001,"days":0,"spread":0,"streak":0,"rank_m":230232,"pct_m":0.244786},"2023-12":{"txs":18,"uniq":14,"trade":0,"nft":12,"gas":0.000421,"bal":0.00299,"days":6,"spread":0.193548,"streak":2,"rank_m":32960,"pct_m":0.035043,"gas_method":"estimated"},"2024-01":{"txs":10,"uniq":10,"trade":0,"nft":10,"gas":0.000195,"bal":0.003343,"days":2,"spread":0.064516,"streak":1,"rank_m":56043,"pct_m":0.059585,"gas_method":"exact"},"2024-02":{"txs":6,"uniq":4,"trade":0,"nft":1,"gas":0.000074,"bal":0.002555,"days":2,"spread":0.068966,"streak":1,"rank_m":167777,"pct_m":0.178382,"gas_method":"estimated"},"2024-03":{"txs":0,"uniq":0,"trade":0,"nft":0,"gas":0,"bal":0.002555,"days":0,"spread":0,"streak":0,"rank_m":376221,"pct_m":0.400004},"2024-04":{"txs":11,"uniq":5,"trade":1,"nft":0,"gas":0.000025,"bal":0.003106,"days":4,"spread":0.133333,"streak":1,"rank_m":290969,"pct_m":0.309362,"gas_method":"estimated"},"2024-05":{"txs":1,"uniq":1,"trade":0,"nft":0,"gas":0.000001,"bal":0.001301,"days":1,"spread":0.032258,"streak":1,"rank_m":452282,"pct_m":0.480873,"gas_method":"estimated"},"2024-06":{"txs":2,"uniq":1,"trade":0,"nft":1,"gas":0,"bal":0.00122,"days":1,"spread":0.033333,"streak":1,"rank_m":435583,"pct_m":0.463119,"gas_method":"estimated"},"2024-07":{"txs":3,"uniq":2,"trade":0,"nft":0,"gas":0,"bal":0.000554,"days":2,"spread":0.064516,"streak":1,"rank_m":452336,"pct_m":0.480931,"gas_method":"estimated"},"2024-08":{"txs":4,"uniq":2,"trade":0,"nft":0,"gas":0,"bal":0.000193,"days":3,"spread":0.096774,"streak":3,"rank_m":453253,"pct_m":0.481906,"gas_method":"estimated"},"2024-09":{"txs":14,"uniq":3,"trade":0,"nft":1,"gas":0.000001,"bal":0.000378,"days":7,"spread":0.233333,"streak":2,"rank_m":297609,"pct_m":0.316422,"gas_method":"estimated"},"2024-10":{"txs":14,"uniq":3,"trade":0,"nft":1,"gas":0.000001,"bal":0.00107,"days":5,"spread":0.16129,"streak":2,"rank_m":240789,"pct_m":0.25601,"gas_method":"exact"},"2024-11":{"txs":3,"uniq":3,"trade":0,"nft":0,"gas":0.000007,"bal":0.000583,"days":2,"spread":0.066667,"streak":1,"rank_m":436373,"pct_m":0.463959,"gas_method":"exact"},"2024-12":{"txs":6,"uniq":3,"trade":0,"nft":0,"gas":0.000132,"bal":0.000405,"days":5,"spread":0.16129,"streak":2,"rank_m":413347,"pct_m":0.439477,"gas_method":"exact"},"2025-01":{"txs":25,"uniq":6,"trade":0,"nft":0,"gas":0.000546,"bal":0.000121,"days":7,"spread":0.225806,"streak":2,"rank_m":286233,"pct_m":0.304327,"gas_method":"exact"},"2025-02":{"txs":1,"uniq":1,"trade":0,"nft":0,"gas":0.000007,"bal":0.000128,"days":1,"spread":0.035714,"streak":1,"rank_m":539205,"pct_m":0.573291,"gas_method":"exact"},"2025-03":{"txs":23,"uniq":8,"trade":6,"nft":0,"gas":0.000166,"bal":0.000232,"days":13,"spread":0.419355,"streak":5,"rank_m":150313,"pct_m":0.159814,"gas_method":"exact"},"2025-04":{"txs":18,"uniq":5,"trade":0,"nft":0,"gas":0.000103,"bal":0.000224,"days":12,"spread":0.4,"streak":3,"rank_m":208546,"pct_m":0.221729,"gas_method":"exact"},"2025-05":{"txs":14,"uniq":3,"trade":0,"nft":0,"gas":0.000099,"bal":0.000315,"days":9,"spread":0.290323,"streak":5,"rank_m":380784,"pct_m":0.404855,"gas_method":"estimated"},"2025-06":{"txs":0,"uniq":0,"trade":0,"nft":0,"gas":0,"bal":0.000315,"days":0,"spread":0,"streak":0,"rank_m":735755,"pct_m":0.782267},"2025-07":{"txs":0,"uniq":0,"trade":0,"nft":0,"gas":0,"bal":0.000315,"days":0,"spread":0,"streak":0,"rank_m":758425,"pct_m":0.80637},"2025-08":{"txs":0,"uniq":0,"trade":0,"nft":0,"gas":0,"bal":0.000315,"days":0,"spread":0,"streak":0,"rank_m":736026,"pct_m":0.782555},"2025-09":{"txs":0,"uniq":0,"trade":0,"nft":0,"gas":0,"bal":0.000315,"days":0,"spread":0,"streak":0,"rank_m":724291,"pct_m":0.770078},"2025-10":{"txs":0,"uniq":0,"trade":0,"nft":0,"gas":0,"bal":0.000315,"days":0,"spread":0,"streak":0,"rank_m":648330,"pct_m":0.689315}}}