{"wallet":"0xc37a677ecde57edcb7e145a86e6d402851f40ec2","rank":135380,"lifetime":{"months_active":27,"first":"2023-07","last":"2025-10","tx_sum":196,"uniq_sum":124,"trade_sum":24,"nft_sum":33,"gas_sum":0.002499,"avg_balance_eth_mean":0.037713,"streak_best_days":4,"gas_sum_filled":0.002499},"months":{"2023-07":{"txs":0,"uniq":0,"trade":0,"nft":0,"gas":0,"bal":0,"days":0,"spread":0,"streak":0,"rank_m":261523,"pct_m":0.278055},"2023-08":{"txs":8,"uniq":6,"trade":0,"nft":1,"gas":0.000718,"bal":0.003721,"days":5,"spread":0.16129,"streak":2,"rank_m":84811,"pct_m":0.090172,"gas_method":"exact"},"2023-09":{"txs":12,"uniq":4,"trade":0,"nft":3,"gas":0.000334,"bal":0.005243,"days":5,"spread":0.166667,"streak":2,"rank_m":42047,"pct_m":0.044704,"gas_method":"exact"},"2023-10":{"txs":4,"uniq":3,"trade":0,"nft":0,"gas":0.000097,"bal":0.004648,"days":2,"spread":0.064516,"streak":1,"rank_m":93048,"pct_m":0.098929,"gas_method":"estimated"},"2023-11":{"txs":4,"uniq":4,"trade":0,"nft":1,"gas":0.000207,"bal":0.003621,"days":2,"spread":0.066667,"streak":1,"rank_m":60682,"pct_m":0.064517,"gas_method":"exact"},"2023-12":{"txs":2,"uniq":1,"trade":0,"nft":0,"gas":0.000158,"bal":0.003389,"days":2,"spread":0.064516,"streak":1,"rank_m":133485,"pct_m":0.141923,"gas_method":"estimated"},"2024-01":{"txs":4,"uniq":4,"trade":0,"nft":1,"gas":0.000108,"bal":0.02604,"days":3,"spread":0.096774,"streak":1,"rank_m":62932,"pct_m":0.066909,"gas_method":"exact"},"2024-02":{"txs":2,"uniq":2,"trade":0,"nft":1,"gas":0.000083,"bal":0.034439,"days":2,"spread":0.068966,"streak":1,"rank_m":144683,"pct_m":0.153828,"gas_method":"estimated"},"2024-03":{"txs":2,"uniq":2,"trade":0,"nft":1,"gas":0.000124,"bal":0.026383,"days":1,"spread":0.032258,"streak":1,"rank_m":236859,"pct_m":0.251832,"gas_method":"estimated"},"2024-04":{"txs":2,"uniq":2,"trade":0,"nft":0,"gas":0.000015,"bal":0.035167,"days":1,"spread":0.033333,"streak":1,"rank_m":340159,"pct_m":0.361662,"gas_method":"estimated"},"2024-05":{"txs":8,"uniq":5,"trade":0,"nft":0,"gas":0.00002,"bal":0.026144,"days":2,"spread":0.064516,"streak":1,"rank_m":278225,"pct_m":0.295813,"gas_method":"estimated"},"2024-06":{"txs":3,"uniq":2,"trade":0,"nft":0,"gas":0,"bal":0.012018,"days":2,"spread":0.066667,"streak":1,"rank_m":338979,"pct_m":0.360407,"gas_method":"estimated"},"2024-07":{"txs":6,"uniq":4,"trade":0,"nft":4,"gas":0.000002,"bal":0.004663,"days":3,"spread":0.096774,"streak":2,"rank_m":244795,"pct_m":0.260269,"gas_method":"estimated"},"2024-08":{"txs":22,"uniq":19,"trade":0,"nft":19,"gas":0.000006,"bal":0.010046,"days":3,"spread":0.096774,"streak":2,"rank_m":123331,"pct_m":0.131127,"gas_method":"estimated"},"2024-09":{"txs":12,"uniq":7,"trade":0,"nft":0,"gas":0.000002,"bal":0.032641,"days":4,"spread":0.133333,"streak":1,"rank_m":143143,"pct_m":0.152191,"gas_method":"estimated"},"2024-10":{"txs":13,"uniq":11,"trade":4,"nft":1,"gas":0.000003,"bal":0.037904,"days":5,"spread":0.16129,"streak":2,"rank_m":74578,"pct_m":0.079292,"gas_method":"estimated"},"2024-11":{"txs":7,"uniq":3,"trade":0,"nft":1,"gas":0.000016,"bal":0.159719,"days":3,"spread":0.1,"streak":1,"rank_m":240818,"pct_m":0.256041,"gas_method":"exact"},"2024-12":{"txs":1,"uniq":1,"trade":0,"nft":0,"gas":0.000022,"bal":0.19407,"days":1,"spread":0.032258,"streak":1,"rank_m":448611,"pct_m":0.47697,"gas_method":"exact"},"2025-01":{"txs":2,"uniq":2,"trade":0,"nft":0,"gas":0.000052,"bal":0.085982,"days":2,"spread":0.064516,"streak":1,"rank_m":381053,"pct_m":0.405141,"gas_method":"exact"},"2025-02":{"txs":9,"uniq":7,"trade":0,"nft":0,"gas":0.000001,"bal":0.007451,"days":6,"spread":0.214286,"streak":2,"rank_m":266006,"pct_m":0.282821,"gas_method":"exact"},"2025-03":{"txs":25,"uniq":11,"trade":18,"nft":0,"gas":0.000198,"bal":0.012903,"days":5,"spread":0.16129,"streak":2,"rank_m":60747,"pct_m":0.064586,"gas_method":"exact"},"2025-04":{"txs":4,"uniq":3,"trade":0,"nft":0,"gas":0.000024,"bal":0.023204,"days":4,"spread":0.133333,"streak":3,"rank_m":228732,"pct_m":0.243191,"gas_method":"exact"},"2025-05":{"txs":10,"uniq":5,"trade":0,"nft":0,"gas":0.00007,"bal":0.085169,"days":4,"spread":0.129032,"streak":1,"rank_m":77917,"pct_m":0.082842,"gas_method":"estimated"},"2025-06":{"txs":10,"uniq":3,"trade":0,"nft":0,"gas":0.00007,"bal":0.067569,"days":5,"spread":0.166667,"streak":4,"rank_m":107303,"pct_m":0.114085,"gas_method":"estimated"},"2025-07":{"txs":1,"uniq":1,"trade":0,"nft":0,"gas":0.000007,"bal":0.025539,"days":1,"spread":0.032258,"streak":1,"rank_m":303529,"pct_m":0.322716,"gas_method":"estimated"},"2025-08":{"txs":2,"uniq":1,"trade":0,"nft":0,"gas":0.000014,"bal":0.048315,"days":2,"spread":0.064516,"streak":1,"rank_m":235832,"pct_m":0.25074,"gas_method":"estimated"},"2025-09":{"txs":6,"uniq":4,"trade":0,"nft":0,"gas":0.000042,"bal":0.042228,"days":6,"spread":0.2,"streak":2,"rank_m":126787,"pct_m":0.134801,"gas_method":"estimated"},"2025-10":{"txs":15,"uniq":7,"trade":2,"nft":0,"gas":0.000106,"bal":0.037752,"days":6,"spread":0.193548,"streak":4,"rank_m":19886,"pct_m":0.021142,"gas_method":"estimated"}}}