{"wallet":"0xc351a7311d830890e829cdcc458e6266b408fcb6","rank":493083,"lifetime":{"months_active":16,"first":"2023-07","last":"2025-10","tx_sum":336,"uniq_sum":82,"trade_sum":10,"nft_sum":19,"gas_sum":0.001828,"avg_balance_eth_mean":0.000043,"streak_best_days":0,"gas_sum_filled":0.001828},"months":{"2023-07":{"txs":0,"uniq":0,"trade":0,"nft":0,"gas":0,"bal":0,"days":0,"spread":0,"streak":0,"rank_m":262065,"pct_m":0.278631},"2023-08":{"txs":0,"uniq":0,"trade":0,"nft":0,"gas":0,"bal":0,"days":0,"spread":0,"streak":0,"rank_m":349785,"pct_m":0.371897},"2023-09":{"txs":0,"uniq":0,"trade":0,"nft":0,"gas":0,"bal":0,"days":0,"spread":0,"streak":0,"rank_m":370843,"pct_m":0.394286},"2023-10":{"txs":4,"uniq":2,"trade":0,"nft":0,"gas":0.000027,"bal":0.000014,"days":1,"spread":0.032258,"streak":0,"rank_m":160548,"pct_m":0.170696,"gas_method":"estimated"},"2023-11":{"txs":0,"uniq":0,"trade":0,"nft":0,"gas":0,"bal":0.000014,"days":0,"spread":0,"streak":0,"rank_m":243385,"pct_m":0.25877},"2023-12":{"txs":0,"uniq":0,"trade":0,"nft":0,"gas":0,"bal":0.000014,"days":0,"spread":0,"streak":0,"rank_m":270642,"pct_m":0.28775},"2024-01":{"txs":0,"uniq":0,"trade":0,"nft":0,"gas":0,"bal":0.000014,"days":0,"spread":0,"streak":0,"rank_m":285599,"pct_m":0.303653},"2024-02":{"txs":0,"uniq":0,"trade":0,"nft":0,"gas":0,"bal":0.000014,"days":0,"spread":0,"streak":0,"rank_m":348034,"pct_m":0.370035},"2024-03":{"txs":0,"uniq":0,"trade":0,"nft":0,"gas":0,"bal":0.000014,"days":0,"spread":0,"streak":0,"rank_m":434931,"pct_m":0.462425},"2024-04":{"txs":1,"uniq":1,"trade":0,"nft":1,"gas":0.000002,"bal":0.000065,"days":1,"spread":0.033333,"streak":0,"rank_m":472039,"pct_m":0.501879,"gas_method":"estimated"},"2024-05":{"txs":0,"uniq":0,"trade":0,"nft":0,"gas":0,"bal":0.000065,"days":0,"spread":0,"streak":0,"rank_m":538993,"pct_m":0.573066},"2024-06":{"txs":0,"uniq":0,"trade":0,"nft":0,"gas":0,"bal":0.000065,"days":0,"spread":0,"streak":0,"rank_m":564356,"pct_m":0.600032},"2024-07":{"txs":63,"uniq":17,"trade":0,"nft":7,"gas":0.000019,"bal":0.000289,"days":11,"spread":0.354839,"streak":0,"rank_m":150859,"pct_m":0.160395,"gas_method":"exact"},"2024-08":{"txs":4,"uniq":3,"trade":0,"nft":1,"gas":0,"bal":0.000066,"days":1,"spread":0.032258,"streak":0,"rank_m":512194,"pct_m":0.544573,"gas_method":"estimated"},"2024-09":{"txs":0,"uniq":0,"trade":0,"nft":0,"gas":0,"bal":0.000066,"days":0,"spread":0,"streak":0,"rank_m":610267,"pct_m":0.648846},"2024-10":{"txs":6,"uniq":4,"trade":0,"nft":3,"gas":0,"bal":0.000055,"days":4,"spread":0.129032,"streak":0,"rank_m":458931,"pct_m":0.487943,"gas_method":"estimated"},"2024-11":{"txs":25,"uniq":11,"trade":8,"nft":3,"gas":0.000041,"bal":0.000079,"days":8,"spread":0.266667,"streak":0,"rank_m":265759,"pct_m":0.282559,"gas_method":"exact"},"2024-12":{"txs":12,"uniq":9,"trade":0,"nft":2,"gas":0.000198,"bal":0.000122,"days":7,"spread":0.225806,"streak":0,"rank_m":365974,"pct_m":0.389109,"gas_method":"exact"},"2025-01":{"txs":1,"uniq":1,"trade":0,"nft":0,"gas":0.000026,"bal":0.000063,"days":1,"spread":0.032258,"streak":0,"rank_m":602256,"pct_m":0.640328,"gas_method":"exact"},"2025-02":{"txs":155,"uniq":3,"trade":0,"nft":0,"gas":0.00107,"bal":0.000002,"days":1,"spread":0.035714,"streak":0,"rank_m":370670,"pct_m":0.394102,"gas_method":"exact"},"2025-03":{"txs":7,"uniq":6,"trade":0,"nft":1,"gas":0.000047,"bal":0.000159,"days":1,"spread":0.032258,"streak":0,"rank_m":413894,"pct_m":0.440058,"gas_method":"exact"},"2025-04":{"txs":3,"uniq":2,"trade":0,"nft":0,"gas":0.000012,"bal":0.000001,"days":2,"spread":0.066667,"streak":0,"rank_m":561218,"pct_m":0.596696,"gas_method":"exact"},"2025-05":{"txs":10,"uniq":6,"trade":0,"nft":0,"gas":0.00007,"bal":0,"days":1,"spread":0.032258,"streak":0,"rank_m":658644,"pct_m":0.700281,"gas_method":"estimated"},"2025-06":{"txs":1,"uniq":0,"trade":0,"nft":0,"gas":0.000007,"bal":0,"days":1,"spread":0.033333,"streak":0,"rank_m":796420,"pct_m":0.846767,"gas_method":"estimated"},"2025-07":{"txs":9,"uniq":4,"trade":0,"nft":0,"gas":0.000063,"bal":0,"days":2,"spread":0.064516,"streak":0,"rank_m":684938,"pct_m":0.728237,"gas_method":"estimated"},"2025-08":{"txs":23,"uniq":9,"trade":0,"nft":1,"gas":0.000162,"bal":0.00002,"days":3,"spread":0.096774,"streak":0,"rank_m":479026,"pct_m":0.509308,"gas_method":"estimated"},"2025-09":{"txs":12,"uniq":4,"trade":2,"nft":0,"gas":0.000084,"bal":0.000001,"days":2,"spread":0.066667,"streak":0,"rank_m":528453,"pct_m":0.56186,"gas_method":"estimated"},"2025-10":{"txs":0,"uniq":0,"trade":0,"nft":0,"gas":0,"bal":0.000001,"days":0,"spread":0,"streak":0,"rank_m":855386,"pct_m":0.909461}}}