{"wallet":"0xc3f94a20414c34a9c3b7c16ad4d1126c9f3f25f5","rank":275321,"lifetime":{"months_active":23,"first":"2023-07","last":"2025-10","tx_sum":274,"uniq_sum":111,"trade_sum":2,"nft_sum":43,"gas_sum":0.002849,"avg_balance_eth_mean":0.001916,"streak_best_days":5,"gas_sum_filled":0.002849},"months":{"2023-07":{"txs":4,"uniq":2,"trade":0,"nft":1,"gas":0.0001,"bal":0.0001,"days":2,"spread":0.064516,"streak":1,"rank_m":22752,"pct_m":0.024189,"gas_method":"exact"},"2023-08":{"txs":4,"uniq":4,"trade":0,"nft":2,"gas":0.000358,"bal":0.002002,"days":3,"spread":0.096774,"streak":2,"rank_m":103058,"pct_m":0.109572,"gas_method":"exact"},"2023-09":{"txs":8,"uniq":7,"trade":0,"nft":4,"gas":0.000182,"bal":0.006418,"days":6,"spread":0.2,"streak":3,"rank_m":37736,"pct_m":0.040121,"gas_method":"exact"},"2023-10":{"txs":0,"uniq":0,"trade":0,"nft":0,"gas":0,"bal":0.006418,"days":0,"spread":0,"streak":0,"rank_m":161143,"pct_m":0.171329},"2023-11":{"txs":1,"uniq":1,"trade":0,"nft":1,"gas":0.000039,"bal":0.001916,"days":1,"spread":0.033333,"streak":1,"rank_m":119440,"pct_m":0.12699,"gas_method":"estimated"},"2023-12":{"txs":2,"uniq":1,"trade":0,"nft":0,"gas":0.000145,"bal":0.00089,"days":2,"spread":0.064516,"streak":1,"rank_m":163576,"pct_m":0.173916,"gas_method":"estimated"},"2024-01":{"txs":2,"uniq":1,"trade":0,"nft":1,"gas":0.000135,"bal":0.000914,"days":1,"spread":0.032258,"streak":1,"rank_m":159917,"pct_m":0.170026,"gas_method":"estimated"},"2024-02":{"txs":3,"uniq":2,"trade":0,"nft":3,"gas":0.000114,"bal":0.00274,"days":2,"spread":0.068966,"streak":1,"rank_m":171917,"pct_m":0.182784,"gas_method":"estimated"},"2024-03":{"txs":1,"uniq":1,"trade":0,"nft":1,"gas":0.000057,"bal":0.001944,"days":1,"spread":0.032258,"streak":1,"rank_m":313335,"pct_m":0.333142,"gas_method":"estimated"},"2024-04":{"txs":70,"uniq":20,"trade":0,"nft":13,"gas":0.000493,"bal":0.001881,"days":9,"spread":0.3,"streak":5,"rank_m":140495,"pct_m":0.149376,"gas_method":"estimated"},"2024-05":{"txs":17,"uniq":12,"trade":1,"nft":7,"gas":0.000015,"bal":0.003628,"days":8,"spread":0.258065,"streak":3,"rank_m":107685,"pct_m":0.114492,"gas_method":"exact"},"2024-06":{"txs":9,"uniq":5,"trade":0,"nft":2,"gas":0.000001,"bal":0.000464,"days":4,"spread":0.133333,"streak":1,"rank_m":357441,"pct_m":0.380037,"gas_method":"estimated"},"2024-07":{"txs":7,"uniq":4,"trade":0,"nft":3,"gas":0.000002,"bal":0.001597,"days":4,"spread":0.129032,"streak":1,"rank_m":307102,"pct_m":0.326515,"gas_method":"estimated"},"2024-08":{"txs":1,"uniq":1,"trade":0,"nft":1,"gas":0,"bal":0.001782,"days":1,"spread":0.032258,"streak":1,"rank_m":425958,"pct_m":0.452885,"gas_method":"estimated"},"2024-09":{"txs":3,"uniq":3,"trade":0,"nft":0,"gas":0,"bal":0.00175,"days":1,"spread":0.033333,"streak":1,"rank_m":383333,"pct_m":0.407565,"gas_method":"estimated"},"2024-10":{"txs":3,"uniq":3,"trade":0,"nft":2,"gas":0.000001,"bal":0.001447,"days":3,"spread":0.096774,"streak":1,"rank_m":372482,"pct_m":0.396028,"gas_method":"estimated"},"2024-11":{"txs":8,"uniq":6,"trade":1,"nft":0,"gas":0.000018,"bal":0.000724,"days":1,"spread":0.033333,"streak":1,"rank_m":335890,"pct_m":0.357123,"gas_method":"exact"},"2024-12":{"txs":7,"uniq":7,"trade":0,"nft":0,"gas":0.000154,"bal":0.001072,"days":4,"spread":0.129032,"streak":1,"rank_m":382309,"pct_m":0.406477,"gas_method":"exact"},"2025-01":{"txs":10,"uniq":7,"trade":0,"nft":0,"gas":0.000234,"bal":0.000537,"days":4,"spread":0.129032,"streak":1,"rank_m":351462,"pct_m":0.37368,"gas_method":"exact"},"2025-02":{"txs":1,"uniq":1,"trade":0,"nft":0,"gas":0.000007,"bal":0.000997,"days":1,"spread":0.035714,"streak":1,"rank_m":493220,"pct_m":0.524399,"gas_method":"exact"},"2025-03":{"txs":0,"uniq":0,"trade":0,"nft":0,"gas":0,"bal":0.000997,"days":0,"spread":0,"streak":0,"rank_m":645289,"pct_m":0.686082},"2025-04":{"txs":1,"uniq":1,"trade":0,"nft":0,"gas":0.000006,"bal":0.000837,"days":1,"spread":0.033333,"streak":1,"rank_m":506114,"pct_m":0.538108,"gas_method":"exact"},"2025-05":{"txs":2,"uniq":2,"trade":0,"nft":0,"gas":0.000014,"bal":0.000825,"days":1,"spread":0.032258,"streak":1,"rank_m":493017,"pct_m":0.524183,"gas_method":"estimated"},"2025-06":{"txs":0,"uniq":0,"trade":0,"nft":0,"gas":0,"bal":0.000825,"days":0,"spread":0,"streak":0,"rank_m":679295,"pct_m":0.722238},"2025-07":{"txs":0,"uniq":0,"trade":0,"nft":0,"gas":0,"bal":0.000825,"days":0,"spread":0,"streak":0,"rank_m":697846,"pct_m":0.741961},"2025-08":{"txs":0,"uniq":0,"trade":0,"nft":0,"gas":0,"bal":0.000825,"days":0,"spread":0,"streak":0,"rank_m":677820,"pct_m":0.720669},"2025-09":{"txs":51,"uniq":10,"trade":0,"nft":1,"gas":0.000359,"bal":0.00159,"days":4,"spread":0.133333,"streak":1,"rank_m":222349,"pct_m":0.236404,"gas_method":"estimated"},"2025-10":{"txs":59,"uniq":10,"trade":0,"nft":1,"gas":0.000415,"bal":0.007696,"days":5,"spread":0.16129,"streak":1,"rank_m":61097,"pct_m":0.064958,"gas_method":"estimated"}}}