{"wallet":"0xc3b87a5e71dfe3ed9443918a3dbebbe8deb835d6","rank":98801,"lifetime":{"months_active":22,"first":"2023-07","last":"2025-10","tx_sum":452,"uniq_sum":148,"trade_sum":63,"nft_sum":43,"gas_sum":0.0034,"avg_balance_eth_mean":0.006292,"streak_best_days":5,"gas_sum_filled":0.0034},"months":{"2023-07":{"txs":0,"uniq":0,"trade":0,"nft":0,"gas":0,"bal":0,"days":0,"spread":0,"streak":0,"rank_m":260693,"pct_m":0.277172},"2023-08":{"txs":0,"uniq":0,"trade":0,"nft":0,"gas":0,"bal":0,"days":0,"spread":0,"streak":0,"rank_m":348556,"pct_m":0.37059},"2023-09":{"txs":7,"uniq":3,"trade":0,"nft":1,"gas":0.000399,"bal":0.009101,"days":2,"spread":0.066667,"streak":1,"rank_m":62365,"pct_m":0.066307,"gas_method":"exact"},"2023-10":{"txs":1,"uniq":1,"trade":0,"nft":1,"gas":0.000015,"bal":0.014183,"days":1,"spread":0.032258,"streak":1,"rank_m":91213,"pct_m":0.096978,"gas_method":"estimated"},"2023-11":{"txs":0,"uniq":0,"trade":0,"nft":0,"gas":0,"bal":0.014183,"days":0,"spread":0,"streak":0,"rank_m":168160,"pct_m":0.17879},"2023-12":{"txs":7,"uniq":4,"trade":0,"nft":0,"gas":0.000337,"bal":0.011749,"days":1,"spread":0.032258,"streak":1,"rank_m":83001,"pct_m":0.088247,"gas_method":"estimated"},"2024-01":{"txs":0,"uniq":0,"trade":0,"nft":0,"gas":0,"bal":0.011749,"days":0,"spread":0,"streak":0,"rank_m":204247,"pct_m":0.217158},"2024-02":{"txs":5,"uniq":5,"trade":0,"nft":3,"gas":0.000073,"bal":0.003834,"days":5,"spread":0.172414,"streak":2,"rank_m":88403,"pct_m":0.093991,"gas_method":"exact"},"2024-03":{"txs":0,"uniq":0,"trade":0,"nft":0,"gas":0,"bal":0.003834,"days":0,"spread":0,"streak":0,"rank_m":370132,"pct_m":0.39353},"2024-04":{"txs":2,"uniq":2,"trade":0,"nft":0,"gas":0.000009,"bal":0.002605,"days":1,"spread":0.033333,"streak":1,"rank_m":408119,"pct_m":0.433918,"gas_method":"estimated"},"2024-05":{"txs":1,"uniq":1,"trade":0,"nft":1,"gas":0.000022,"bal":0.002437,"days":1,"spread":0.032258,"streak":1,"rank_m":371407,"pct_m":0.394885,"gas_method":"exact"},"2024-06":{"txs":17,"uniq":9,"trade":0,"nft":3,"gas":0.000001,"bal":0.001405,"days":4,"spread":0.133333,"streak":1,"rank_m":263924,"pct_m":0.280608,"gas_method":"estimated"},"2024-07":{"txs":10,"uniq":5,"trade":0,"nft":2,"gas":0.000003,"bal":0.000315,"days":4,"spread":0.129032,"streak":2,"rank_m":239361,"pct_m":0.254492,"gas_method":"exact"},"2024-08":{"txs":15,"uniq":12,"trade":0,"nft":11,"gas":0.000003,"bal":0.000553,"days":6,"spread":0.193548,"streak":2,"rank_m":264069,"pct_m":0.280762,"gas_method":"estimated"},"2024-09":{"txs":4,"uniq":2,"trade":0,"nft":1,"gas":0,"bal":0.000101,"days":2,"spread":0.066667,"streak":1,"rank_m":415058,"pct_m":0.441296,"gas_method":"estimated"},"2024-10":{"txs":20,"uniq":20,"trade":0,"nft":19,"gas":0.000003,"bal":0.008113,"days":3,"spread":0.096774,"streak":1,"rank_m":146253,"pct_m":0.155498,"gas_method":"estimated"},"2024-11":{"txs":0,"uniq":0,"trade":0,"nft":0,"gas":0,"bal":0.008113,"days":0,"spread":0,"streak":0,"rank_m":526830,"pct_m":0.560134},"2024-12":{"txs":4,"uniq":4,"trade":0,"nft":0,"gas":0.000088,"bal":0.010189,"days":2,"spread":0.064516,"streak":1,"rank_m":401770,"pct_m":0.427168,"gas_method":"exact"},"2025-01":{"txs":2,"uniq":2,"trade":0,"nft":0,"gas":0.000052,"bal":0.007587,"days":1,"spread":0.032258,"streak":1,"rank_m":444407,"pct_m":0.4725,"gas_method":"exact"},"2025-02":{"txs":13,"uniq":5,"trade":0,"nft":0,"gas":0.000084,"bal":0.00432,"days":6,"spread":0.214286,"streak":2,"rank_m":182610,"pct_m":0.194153,"gas_method":"exact"},"2025-03":{"txs":17,"uniq":1,"trade":0,"nft":0,"gas":0.000126,"bal":0.00015,"days":3,"spread":0.096774,"streak":1,"rank_m":345851,"pct_m":0.367714,"gas_method":"exact"},"2025-04":{"txs":97,"uniq":23,"trade":57,"nft":0,"gas":0.000567,"bal":0.006264,"days":14,"spread":0.466667,"streak":4,"rank_m":11082,"pct_m":0.011782,"gas_method":"exact"},"2025-05":{"txs":15,"uniq":3,"trade":0,"nft":0,"gas":0.000106,"bal":0.006255,"days":6,"spread":0.193548,"streak":2,"rank_m":166237,"pct_m":0.176745,"gas_method":"estimated"},"2025-06":{"txs":63,"uniq":13,"trade":1,"nft":0,"gas":0.000443,"bal":0.006602,"days":15,"spread":0.5,"streak":5,"rank_m":53894,"pct_m":0.0573,"gas_method":"estimated"},"2025-07":{"txs":76,"uniq":13,"trade":0,"nft":0,"gas":0.000535,"bal":0.011265,"days":11,"spread":0.354839,"streak":2,"rank_m":78273,"pct_m":0.08322,"gas_method":"estimated"},"2025-08":{"txs":36,"uniq":11,"trade":3,"nft":0,"gas":0.000253,"bal":0.010421,"days":10,"spread":0.322581,"streak":4,"rank_m":45033,"pct_m":0.047879,"gas_method":"estimated"},"2025-09":{"txs":27,"uniq":7,"trade":2,"nft":0,"gas":0.00019,"bal":0.01089,"days":9,"spread":0.3,"streak":1,"rank_m":86626,"pct_m":0.092101,"gas_method":"estimated"},"2025-10":{"txs":13,"uniq":2,"trade":0,"nft":1,"gas":0.000091,"bal":0.009959,"days":5,"spread":0.16129,"streak":1,"rank_m":98289,"pct_m":0.104502,"gas_method":"estimated"}}}