{"wallet":"0xc3ee77ee3d3e027f6c3ead4af8a9b2561e3fd96d","rank":587189,"lifetime":{"months_active":17,"first":"2023-07","last":"2025-10","tx_sum":139,"uniq_sum":47,"trade_sum":1,"nft_sum":6,"gas_sum":0.002778,"avg_balance_eth_mean":0.002936,"streak_best_days":7,"gas_sum_filled":0.002778},"months":{"2023-07":{"txs":3,"uniq":2,"trade":0,"nft":1,"gas":0.000121,"bal":0.000196,"days":1,"spread":0.032258,"streak":1,"rank_m":24925,"pct_m":0.0265,"gas_method":"exact"},"2023-08":{"txs":0,"uniq":2,"trade":0,"nft":0,"gas":0.000316,"bal":0.000979,"days":0,"spread":0,"streak":0,"rank_m":191631,"pct_m":0.203744},"2023-09":{"txs":0,"uniq":0,"trade":0,"nft":0,"gas":0,"bal":0.000979,"days":0,"spread":0,"streak":0,"rank_m":183497,"pct_m":0.195096},"2023-10":{"txs":54,"uniq":14,"trade":1,"nft":0,"gas":0.00142,"bal":0.001638,"days":5,"spread":0.16129,"streak":4,"rank_m":38235,"pct_m":0.040651,"gas_method":"estimated"},"2023-11":{"txs":1,"uniq":1,"trade":0,"nft":0,"gas":0.000046,"bal":0.001066,"days":1,"spread":0.033333,"streak":1,"rank_m":146568,"pct_m":0.155833,"gas_method":"estimated"},"2023-12":{"txs":1,"uniq":1,"trade":0,"nft":0,"gas":0.000085,"bal":0.000946,"days":1,"spread":0.032258,"streak":1,"rank_m":173547,"pct_m":0.184517,"gas_method":"estimated"},"2024-01":{"txs":7,"uniq":2,"trade":0,"nft":0,"gas":0.0003,"bal":0.000606,"days":7,"spread":0.225806,"streak":7,"rank_m":85796,"pct_m":0.091219,"gas_method":"exact"},"2024-02":{"txs":3,"uniq":2,"trade":0,"nft":0,"gas":0.000135,"bal":0.001036,"days":1,"spread":0.034483,"streak":1,"rank_m":235514,"pct_m":0.250402,"gas_method":"estimated"},"2024-03":{"txs":3,"uniq":2,"trade":0,"nft":1,"gas":0.000202,"bal":0.001403,"days":2,"spread":0.064516,"streak":1,"rank_m":297708,"pct_m":0.316527,"gas_method":"estimated"},"2024-04":{"txs":47,"uniq":6,"trade":0,"nft":1,"gas":0.000005,"bal":0.004426,"days":5,"spread":0.166667,"streak":1,"rank_m":226341,"pct_m":0.240649,"gas_method":"exact"},"2024-05":{"txs":2,"uniq":2,"trade":0,"nft":2,"gas":0.000006,"bal":0.005824,"days":1,"spread":0.032258,"streak":1,"rank_m":368365,"pct_m":0.391651,"gas_method":"estimated"},"2024-06":{"txs":5,"uniq":1,"trade":0,"nft":0,"gas":0.000001,"bal":0.005757,"days":1,"spread":0.033333,"streak":1,"rank_m":392282,"pct_m":0.41708,"gas_method":"estimated"},"2024-07":{"txs":1,"uniq":1,"trade":0,"nft":1,"gas":0,"bal":0.005546,"days":1,"spread":0.032258,"streak":1,"rank_m":377283,"pct_m":0.401133,"gas_method":"estimated"},"2024-08":{"txs":0,"uniq":0,"trade":0,"nft":0,"gas":0,"bal":0.005546,"days":0,"spread":0,"streak":0,"rank_m":498794,"pct_m":0.530326},"2024-09":{"txs":0,"uniq":0,"trade":0,"nft":0,"gas":0,"bal":0.005546,"days":0,"spread":0,"streak":0,"rank_m":468562,"pct_m":0.498182},"2024-10":{"txs":1,"uniq":1,"trade":0,"nft":0,"gas":0,"bal":0.005191,"days":1,"spread":0.032258,"streak":1,"rank_m":426541,"pct_m":0.453505,"gas_method":"estimated"},"2024-11":{"txs":0,"uniq":0,"trade":0,"nft":0,"gas":0,"bal":0.005191,"days":0,"spread":0,"streak":0,"rank_m":541435,"pct_m":0.575662},"2024-12":{"txs":3,"uniq":2,"trade":0,"nft":0,"gas":0.000066,"bal":0.004881,"days":3,"spread":0.096774,"streak":3,"rank_m":410195,"pct_m":0.436126,"gas_method":"exact"},"2025-01":{"txs":1,"uniq":1,"trade":0,"nft":0,"gas":0.000026,"bal":0.004832,"days":1,"spread":0.032258,"streak":1,"rank_m":488297,"pct_m":0.519165,"gas_method":"exact"},"2025-02":{"txs":0,"uniq":0,"trade":0,"nft":0,"gas":0,"bal":0.004832,"days":0,"spread":0,"streak":0,"rank_m":591434,"pct_m":0.628822},"2025-03":{"txs":0,"uniq":0,"trade":0,"nft":0,"gas":0,"bal":0.004832,"days":0,"spread":0,"streak":0,"rank_m":574572,"pct_m":0.610894},"2025-04":{"txs":0,"uniq":0,"trade":0,"nft":0,"gas":0,"bal":0.004832,"days":0,"spread":0,"streak":0,"rank_m":609874,"pct_m":0.648428},"2025-05":{"txs":1,"uniq":1,"trade":0,"nft":0,"gas":0.000007,"bal":0.004243,"days":1,"spread":0.032258,"streak":1,"rank_m":384854,"pct_m":0.409183,"gas_method":"estimated"},"2025-06":{"txs":1,"uniq":1,"trade":0,"nft":0,"gas":0.000007,"bal":0.000852,"days":1,"spread":0.033333,"streak":1,"rank_m":543365,"pct_m":0.577714,"gas_method":"estimated"},"2025-07":{"txs":0,"uniq":0,"trade":0,"nft":0,"gas":0,"bal":0.000852,"days":0,"spread":0,"streak":0,"rank_m":695964,"pct_m":0.73996},"2025-08":{"txs":5,"uniq":5,"trade":0,"nft":0,"gas":0.000035,"bal":0.000063,"days":2,"spread":0.064516,"streak":2,"rank_m":567494,"pct_m":0.603369,"gas_method":"estimated"},"2025-09":{"txs":0,"uniq":0,"trade":0,"nft":0,"gas":0,"bal":0.000063,"days":0,"spread":0,"streak":0,"rank_m":823645,"pct_m":0.875713},"2025-10":{"txs":0,"uniq":0,"trade":0,"nft":0,"gas":0,"bal":0.000063,"days":0,"spread":0,"streak":0,"rank_m":777110,"pct_m":0.826236}}}