{"wallet":"0xc336154c28fa7a86115217e9bf838a8ed9612391","rank":162997,"lifetime":{"months_active":14,"first":"2023-07","last":"2025-10","tx_sum":474,"uniq_sum":169,"trade_sum":2,"nft_sum":128,"gas_sum":0.000499,"avg_balance_eth_mean":0.231896,"streak_best_days":9,"gas_sum_filled":0.000499},"months":{"2023-07":{"txs":0,"uniq":0,"trade":0,"nft":0,"gas":0,"bal":0,"days":0,"spread":0,"streak":0,"rank_m":262434,"pct_m":0.279023},"2023-08":{"txs":0,"uniq":0,"trade":0,"nft":0,"gas":0,"bal":0,"days":0,"spread":0,"streak":0,"rank_m":350112,"pct_m":0.372244},"2023-09":{"txs":0,"uniq":0,"trade":0,"nft":0,"gas":0,"bal":0,"days":0,"spread":0,"streak":0,"rank_m":371204,"pct_m":0.39467},"2023-10":{"txs":0,"uniq":0,"trade":0,"nft":0,"gas":0,"bal":0,"days":0,"spread":0,"streak":0,"rank_m":389295,"pct_m":0.413904},"2023-11":{"txs":0,"uniq":0,"trade":0,"nft":0,"gas":0,"bal":0,"days":0,"spread":0,"streak":0,"rank_m":405535,"pct_m":0.431171},"2023-12":{"txs":0,"uniq":0,"trade":0,"nft":0,"gas":0,"bal":0,"days":0,"spread":0,"streak":0,"rank_m":425674,"pct_m":0.452583},"2024-01":{"txs":0,"uniq":0,"trade":0,"nft":0,"gas":0,"bal":0,"days":0,"spread":0,"streak":0,"rank_m":442832,"pct_m":0.470826},"2024-02":{"txs":0,"uniq":0,"trade":0,"nft":0,"gas":0,"bal":0,"days":0,"spread":0,"streak":0,"rank_m":483279,"pct_m":0.51383},"2024-03":{"txs":3,"uniq":2,"trade":0,"nft":1,"gas":0.000016,"bal":0.042932,"days":2,"spread":0.064516,"streak":1,"rank_m":216441,"pct_m":0.230123,"gas_method":"estimated"},"2024-04":{"txs":197,"uniq":59,"trade":0,"nft":73,"gas":0.000134,"bal":0.800232,"days":10,"spread":0.333333,"streak":6,"rank_m":17721,"pct_m":0.01884,"gas_method":"estimated"},"2024-05":{"txs":60,"uniq":28,"trade":0,"nft":13,"gas":0.000006,"bal":2.137513,"days":17,"spread":0.548387,"streak":4,"rank_m":13565,"pct_m":0.014421,"gas_method":"exact"},"2024-06":{"txs":14,"uniq":10,"trade":1,"nft":6,"gas":0,"bal":1.021073,"days":8,"spread":0.266667,"streak":4,"rank_m":47882,"pct_m":0.050908,"gas_method":"estimated"},"2024-07":{"txs":23,"uniq":6,"trade":0,"nft":4,"gas":0.000001,"bal":0.727448,"days":6,"spread":0.193548,"streak":2,"rank_m":66513,"pct_m":0.070717,"gas_method":"estimated"},"2024-08":{"txs":12,"uniq":5,"trade":0,"nft":2,"gas":0.000008,"bal":0.418753,"days":7,"spread":0.225806,"streak":1,"rank_m":117273,"pct_m":0.124686,"gas_method":"exact"},"2024-09":{"txs":106,"uniq":20,"trade":0,"nft":22,"gas":0.000001,"bal":0.562642,"days":11,"spread":0.366667,"streak":5,"rank_m":4362,"pct_m":0.004637,"gas_method":"exact"},"2024-10":{"txs":21,"uniq":8,"trade":0,"nft":4,"gas":0,"bal":0.472523,"days":7,"spread":0.225806,"streak":4,"rank_m":56107,"pct_m":0.059653,"gas_method":"estimated"},"2024-11":{"txs":13,"uniq":12,"trade":0,"nft":2,"gas":0.000028,"bal":0.070933,"days":8,"spread":0.266667,"streak":3,"rank_m":97735,"pct_m":0.103913,"gas_method":"exact"},"2024-12":{"txs":7,"uniq":5,"trade":1,"nft":1,"gas":0.00011,"bal":0.049249,"days":3,"spread":0.096774,"streak":1,"rank_m":272052,"pct_m":0.289249,"gas_method":"exact"},"2025-01":{"txs":5,"uniq":4,"trade":0,"nft":0,"gas":0.000104,"bal":0.035003,"days":3,"spread":0.096774,"streak":2,"rank_m":301747,"pct_m":0.320822,"gas_method":"exact"},"2025-02":{"txs":5,"uniq":4,"trade":0,"nft":0,"gas":0.000035,"bal":0.015122,"days":1,"spread":0.035714,"streak":1,"rank_m":307051,"pct_m":0.326461,"gas_method":"exact"},"2025-03":{"txs":0,"uniq":0,"trade":0,"nft":0,"gas":0,"bal":0.015122,"days":0,"spread":0,"streak":0,"rank_m":516129,"pct_m":0.548757},"2025-04":{"txs":0,"uniq":0,"trade":0,"nft":0,"gas":0,"bal":0.015122,"days":0,"spread":0,"streak":0,"rank_m":557317,"pct_m":0.592548},"2025-05":{"txs":4,"uniq":3,"trade":0,"nft":0,"gas":0.000028,"bal":0.016585,"days":1,"spread":0.032258,"streak":1,"rank_m":214522,"pct_m":0.228083,"gas_method":"estimated"},"2025-06":{"txs":0,"uniq":0,"trade":0,"nft":0,"gas":0,"bal":0.016585,"days":0,"spread":0,"streak":0,"rank_m":431795,"pct_m":0.459091},"2025-07":{"txs":0,"uniq":0,"trade":0,"nft":0,"gas":0,"bal":0.016585,"days":0,"spread":0,"streak":0,"rank_m":455623,"pct_m":0.484425},"2025-08":{"txs":0,"uniq":0,"trade":0,"nft":0,"gas":0,"bal":0.016585,"days":0,"spread":0,"streak":0,"rank_m":427842,"pct_m":0.454888},"2025-09":{"txs":4,"uniq":3,"trade":0,"nft":0,"gas":0.000028,"bal":0.021536,"days":1,"spread":0.033333,"streak":1,"rank_m":253863,"pct_m":0.269911,"gas_method":"estimated"},"2025-10":{"txs":0,"uniq":0,"trade":0,"nft":0,"gas":0,"bal":0.021536,"days":0,"spread":0,"streak":0,"rank_m":299223,"pct_m":0.318138}}}