{"wallet":"0xc3bfb78f35c889014bbbc6181d571bc4b6cd636b","rank":198794,"lifetime":{"months_active":19,"first":"2023-07","last":"2025-10","tx_sum":322,"uniq_sum":135,"trade_sum":5,"nft_sum":41,"gas_sum":0.001575,"avg_balance_eth_mean":0.005886,"streak_best_days":6,"gas_sum_filled":0.001575},"months":{"2023-07":{"txs":0,"uniq":0,"trade":0,"nft":0,"gas":0,"bal":0,"days":0,"spread":0,"streak":0,"rank_m":260607,"pct_m":0.277081},"2023-08":{"txs":0,"uniq":0,"trade":0,"nft":0,"gas":0,"bal":0,"days":0,"spread":0,"streak":0,"rank_m":348489,"pct_m":0.370519},"2023-09":{"txs":0,"uniq":0,"trade":0,"nft":0,"gas":0,"bal":0,"days":0,"spread":0,"streak":0,"rank_m":369473,"pct_m":0.392829},"2023-10":{"txs":0,"uniq":0,"trade":0,"nft":0,"gas":0,"bal":0,"days":0,"spread":0,"streak":0,"rank_m":387593,"pct_m":0.412095},"2023-11":{"txs":0,"uniq":0,"trade":0,"nft":0,"gas":0,"bal":0,"days":0,"spread":0,"streak":0,"rank_m":403832,"pct_m":0.42936},"2023-12":{"txs":0,"uniq":0,"trade":0,"nft":0,"gas":0,"bal":0,"days":0,"spread":0,"streak":0,"rank_m":424064,"pct_m":0.450871},"2024-01":{"txs":2,"uniq":1,"trade":0,"nft":0,"gas":0.000037,"bal":0.000767,"days":1,"spread":0.032258,"streak":1,"rank_m":183527,"pct_m":0.195128,"gas_method":"estimated"},"2024-02":{"txs":1,"uniq":1,"trade":0,"nft":3,"gas":0.00001,"bal":0.000478,"days":1,"spread":0.034483,"streak":1,"rank_m":235841,"pct_m":0.250749,"gas_method":"estimated"},"2024-03":{"txs":8,"uniq":3,"trade":0,"nft":3,"gas":0.000125,"bal":0.000761,"days":1,"spread":0.032258,"streak":1,"rank_m":288768,"pct_m":0.307022,"gas_method":"estimated"},"2024-04":{"txs":65,"uniq":17,"trade":0,"nft":9,"gas":0.000125,"bal":0.001525,"days":10,"spread":0.333333,"streak":4,"rank_m":158977,"pct_m":0.169026,"gas_method":"estimated"},"2024-05":{"txs":17,"uniq":9,"trade":0,"nft":5,"gas":0.000024,"bal":0.00542,"days":9,"spread":0.290323,"streak":3,"rank_m":118455,"pct_m":0.125942,"gas_method":"exact"},"2024-06":{"txs":62,"uniq":28,"trade":5,"nft":9,"gas":0.000001,"bal":0.003995,"days":11,"spread":0.366667,"streak":3,"rank_m":77397,"pct_m":0.082289,"gas_method":"estimated"},"2024-07":{"txs":9,"uniq":7,"trade":0,"nft":3,"gas":0.000001,"bal":0.002789,"days":4,"spread":0.129032,"streak":1,"rank_m":197923,"pct_m":0.210434,"gas_method":"exact"},"2024-08":{"txs":9,"uniq":9,"trade":0,"nft":8,"gas":0.000001,"bal":0.003552,"days":4,"spread":0.129032,"streak":2,"rank_m":227691,"pct_m":0.242084,"gas_method":"estimated"},"2024-09":{"txs":1,"uniq":1,"trade":0,"nft":0,"gas":0,"bal":0.005184,"days":1,"spread":0.033333,"streak":1,"rank_m":370476,"pct_m":0.393896,"gas_method":"estimated"},"2024-10":{"txs":0,"uniq":0,"trade":0,"nft":0,"gas":0,"bal":0.005184,"days":0,"spread":0,"streak":0,"rank_m":519700,"pct_m":0.552553},"2024-11":{"txs":0,"uniq":0,"trade":0,"nft":0,"gas":0,"bal":0.005184,"days":0,"spread":0,"streak":0,"rank_m":541561,"pct_m":0.575796},"2024-12":{"txs":2,"uniq":2,"trade":0,"nft":0,"gas":0.000044,"bal":0.005181,"days":2,"spread":0.064516,"streak":1,"rank_m":470131,"pct_m":0.499851,"gas_method":"exact"},"2025-01":{"txs":14,"uniq":7,"trade":0,"nft":0,"gas":0.000312,"bal":0.004624,"days":4,"spread":0.129032,"streak":2,"rank_m":245645,"pct_m":0.261173,"gas_method":"exact"},"2025-02":{"txs":32,"uniq":9,"trade":0,"nft":0,"gas":0.00019,"bal":0.008946,"days":11,"spread":0.392857,"streak":5,"rank_m":64898,"pct_m":0.069,"gas_method":"exact"},"2025-03":{"txs":14,"uniq":3,"trade":0,"nft":0,"gas":0.000103,"bal":0.020419,"days":4,"spread":0.129032,"streak":1,"rank_m":183271,"pct_m":0.194856,"gas_method":"exact"},"2025-04":{"txs":2,"uniq":2,"trade":0,"nft":0,"gas":0.000012,"bal":0.01711,"days":2,"spread":0.066667,"streak":1,"rank_m":361421,"pct_m":0.384268,"gas_method":"exact"},"2025-05":{"txs":11,"uniq":9,"trade":0,"nft":0,"gas":0.000077,"bal":0.015736,"days":6,"spread":0.193548,"streak":1,"rank_m":94745,"pct_m":0.100734,"gas_method":"estimated"},"2025-06":{"txs":7,"uniq":1,"trade":0,"nft":0,"gas":0.000049,"bal":0.007308,"days":2,"spread":0.066667,"streak":1,"rank_m":321733,"pct_m":0.342071,"gas_method":"estimated"},"2025-07":{"txs":0,"uniq":0,"trade":0,"nft":0,"gas":0,"bal":0.007308,"days":0,"spread":0,"streak":0,"rank_m":533361,"pct_m":0.567078},"2025-08":{"txs":13,"uniq":7,"trade":0,"nft":1,"gas":0.000091,"bal":0.004359,"days":6,"spread":0.193548,"streak":2,"rank_m":195260,"pct_m":0.207603,"gas_method":"estimated"},"2025-09":{"txs":28,"uniq":11,"trade":0,"nft":0,"gas":0.000197,"bal":0.018437,"days":7,"spread":0.233333,"streak":1,"rank_m":94156,"pct_m":0.100107,"gas_method":"estimated"},"2025-10":{"txs":25,"uniq":8,"trade":0,"nft":0,"gas":0.000176,"bal":0.020553,"days":8,"spread":0.258065,"streak":6,"rank_m":30855,"pct_m":0.032805,"gas_method":"estimated"}}}