{"wallet":"0xc311a4ccc3577bfcb0879e4b4d89a6415844322b","rank":508652,"lifetime":{"months_active":19,"first":"2023-07","last":"2025-10","tx_sum":142,"uniq_sum":71,"trade_sum":2,"nft_sum":20,"gas_sum":0.001134,"avg_balance_eth_mean":0.003369,"streak_best_days":4,"gas_sum_filled":0.001134},"months":{"2023-07":{"txs":3,"uniq":2,"trade":0,"nft":2,"gas":0.000157,"bal":0.000002,"days":1,"spread":0.032258,"streak":1,"rank_m":24224,"pct_m":0.025754,"gas_method":"exact"},"2023-08":{"txs":0,"uniq":2,"trade":0,"nft":0,"gas":0.000316,"bal":0.000008,"days":0,"spread":0,"streak":0,"rank_m":203847,"pct_m":0.216733},"2023-09":{"txs":4,"uniq":2,"trade":0,"nft":1,"gas":0.000118,"bal":0.000043,"days":1,"spread":0.033333,"streak":1,"rank_m":115220,"pct_m":0.122503,"gas_method":"exact"},"2023-10":{"txs":0,"uniq":0,"trade":0,"nft":0,"gas":0,"bal":0.000043,"days":0,"spread":0,"streak":0,"rank_m":223877,"pct_m":0.238029},"2023-11":{"txs":0,"uniq":0,"trade":0,"nft":0,"gas":0,"bal":0.000043,"days":0,"spread":0,"streak":0,"rank_m":237461,"pct_m":0.252472},"2023-12":{"txs":3,"uniq":2,"trade":0,"nft":0,"gas":0.000069,"bal":0.000178,"days":1,"spread":0.032258,"streak":1,"rank_m":178254,"pct_m":0.189522,"gas_method":"estimated"},"2024-01":{"txs":0,"uniq":0,"trade":0,"nft":0,"gas":0,"bal":0.000178,"days":0,"spread":0,"streak":0,"rank_m":260774,"pct_m":0.277259},"2024-02":{"txs":3,"uniq":2,"trade":0,"nft":0,"gas":0.000036,"bal":0.000295,"days":1,"spread":0.034483,"streak":1,"rank_m":257049,"pct_m":0.273298,"gas_method":"estimated"},"2024-03":{"txs":0,"uniq":0,"trade":0,"nft":0,"gas":0,"bal":0.000295,"days":0,"spread":0,"streak":0,"rank_m":401536,"pct_m":0.426919},"2024-04":{"txs":75,"uniq":24,"trade":1,"nft":7,"gas":0.000169,"bal":0.001339,"days":7,"spread":0.233333,"streak":3,"rank_m":156433,"pct_m":0.166321,"gas_method":"estimated"},"2024-05":{"txs":1,"uniq":1,"trade":0,"nft":1,"gas":0.000001,"bal":0.000033,"days":1,"spread":0.032258,"streak":1,"rank_m":473511,"pct_m":0.503444,"gas_method":"estimated"},"2024-06":{"txs":19,"uniq":11,"trade":1,"nft":3,"gas":0.000001,"bal":0.000132,"days":8,"spread":0.266667,"streak":4,"rank_m":228487,"pct_m":0.24293,"gas_method":"estimated"},"2024-07":{"txs":4,"uniq":4,"trade":0,"nft":3,"gas":0.000004,"bal":0.00008,"days":3,"spread":0.096774,"streak":1,"rank_m":313325,"pct_m":0.333132,"gas_method":"exact"},"2024-08":{"txs":4,"uniq":4,"trade":0,"nft":1,"gas":0,"bal":0.000963,"days":2,"spread":0.064516,"streak":2,"rank_m":380045,"pct_m":0.40407,"gas_method":"estimated"},"2024-09":{"txs":2,"uniq":1,"trade":0,"nft":0,"gas":0,"bal":0.000574,"days":1,"spread":0.033333,"streak":1,"rank_m":364949,"pct_m":0.388019,"gas_method":"exact"},"2024-10":{"txs":3,"uniq":2,"trade":0,"nft":1,"gas":0,"bal":0.000075,"days":2,"spread":0.064516,"streak":1,"rank_m":488989,"pct_m":0.519901,"gas_method":"estimated"},"2024-11":{"txs":3,"uniq":2,"trade":0,"nft":0,"gas":0.000005,"bal":0.007274,"days":2,"spread":0.066667,"streak":1,"rank_m":393054,"pct_m":0.417901,"gas_method":"exact"},"2024-12":{"txs":2,"uniq":1,"trade":0,"nft":0,"gas":0.000044,"bal":0.000655,"days":2,"spread":0.064516,"streak":1,"rank_m":524118,"pct_m":0.557251,"gas_method":"exact"},"2025-01":{"txs":7,"uniq":4,"trade":0,"nft":0,"gas":0.000156,"bal":0.002054,"days":3,"spread":0.096774,"streak":1,"rank_m":373133,"pct_m":0.396721,"gas_method":"exact"},"2025-02":{"txs":3,"uniq":3,"trade":0,"nft":0,"gas":0.000021,"bal":0.008795,"days":1,"spread":0.035714,"streak":1,"rank_m":367548,"pct_m":0.390783,"gas_method":"exact"},"2025-03":{"txs":3,"uniq":1,"trade":0,"nft":0,"gas":0.000016,"bal":0.009905,"days":1,"spread":0.032258,"streak":1,"rank_m":370880,"pct_m":0.394325,"gas_method":"exact"},"2025-04":{"txs":0,"uniq":0,"trade":0,"nft":0,"gas":0,"bal":0.009905,"days":0,"spread":0,"streak":0,"rank_m":577119,"pct_m":0.613602},"2025-05":{"txs":0,"uniq":0,"trade":0,"nft":0,"gas":0,"bal":0.009905,"days":0,"spread":0,"streak":0,"rank_m":480153,"pct_m":0.510506},"2025-06":{"txs":1,"uniq":1,"trade":0,"nft":0,"gas":0.000007,"bal":0.009893,"days":1,"spread":0.033333,"streak":1,"rank_m":341439,"pct_m":0.363023,"gas_method":"estimated"},"2025-07":{"txs":0,"uniq":0,"trade":0,"nft":0,"gas":0,"bal":0.009893,"days":0,"spread":0,"streak":0,"rank_m":505399,"pct_m":0.537348},"2025-08":{"txs":1,"uniq":1,"trade":0,"nft":1,"gas":0.000007,"bal":0.009892,"days":1,"spread":0.032258,"streak":1,"rank_m":299096,"pct_m":0.318003,"gas_method":"estimated"},"2025-09":{"txs":1,"uniq":1,"trade":0,"nft":0,"gas":0.000007,"bal":0.005936,"days":1,"spread":0.033333,"streak":1,"rank_m":375506,"pct_m":0.399244,"gas_method":"estimated"},"2025-10":{"txs":0,"uniq":0,"trade":0,"nft":0,"gas":0,"bal":0.005936,"days":0,"spread":0,"streak":0,"rank_m":415055,"pct_m":0.441293}}}