{"wallet":"0xc3ccaf9b9649b13a073d6bc3699d72666dad7342","rank":5312,"lifetime":{"months_active":20,"first":"2023-07","last":"2025-10","tx_sum":5769,"uniq_sum":373,"trade_sum":20,"nft_sum":65,"gas_sum":0.030931,"avg_balance_eth_mean":0.10087,"streak_best_days":132,"gas_sum_filled":0.030931},"months":{"2023-07":{"txs":0,"uniq":0,"trade":0,"nft":0,"gas":0,"bal":0,"days":0,"spread":0,"streak":0,"rank_m":260427,"pct_m":0.27689},"2023-08":{"txs":0,"uniq":0,"trade":0,"nft":0,"gas":0,"bal":0,"days":0,"spread":0,"streak":0,"rank_m":348328,"pct_m":0.370347},"2023-09":{"txs":15,"uniq":4,"trade":0,"nft":0,"gas":0.000129,"bal":0.044821,"days":2,"spread":0.066667,"streak":1,"rank_m":64929,"pct_m":0.069033,"gas_method":"estimated"},"2023-10":{"txs":67,"uniq":9,"trade":10,"nft":0,"gas":0.000199,"bal":0.099153,"days":13,"spread":0.419355,"streak":4,"rank_m":2027,"pct_m":0.002154,"gas_method":"exact"},"2023-11":{"txs":12,"uniq":4,"trade":0,"nft":0,"gas":0.000047,"bal":0.082965,"days":4,"spread":0.133333,"streak":2,"rank_m":32694,"pct_m":0.03476,"gas_method":"estimated"},"2023-12":{"txs":12,"uniq":7,"trade":2,"nft":0,"gas":0.000476,"bal":0.02644,"days":3,"spread":0.096774,"streak":2,"rank_m":15293,"pct_m":0.016259,"gas_method":"exact"},"2024-01":{"txs":0,"uniq":0,"trade":0,"nft":0,"gas":0,"bal":0.02644,"days":0,"spread":0,"streak":0,"rank_m":200645,"pct_m":0.213328},"2024-02":{"txs":0,"uniq":0,"trade":0,"nft":0,"gas":0,"bal":0.02644,"days":0,"spread":0,"streak":0,"rank_m":263211,"pct_m":0.27985},"2024-03":{"txs":0,"uniq":0,"trade":0,"nft":0,"gas":0,"bal":0.02644,"days":0,"spread":0,"streak":0,"rank_m":338598,"pct_m":0.360002},"2024-04":{"txs":0,"uniq":0,"trade":0,"nft":0,"gas":0,"bal":0.02644,"days":0,"spread":0,"streak":0,"rank_m":415098,"pct_m":0.441339},"2024-05":{"txs":0,"uniq":0,"trade":0,"nft":0,"gas":0,"bal":0.02644,"days":0,"spread":0,"streak":0,"rank_m":431584,"pct_m":0.458867},"2024-06":{"txs":0,"uniq":0,"trade":0,"nft":0,"gas":0,"bal":0.02644,"days":0,"spread":0,"streak":0,"rank_m":436988,"pct_m":0.464612},"2024-07":{"txs":192,"uniq":19,"trade":0,"nft":8,"gas":0.000007,"bal":0.365852,"days":22,"spread":0.709677,"streak":12,"rank_m":5752,"pct_m":0.006115,"gas_method":"estimated"},"2024-08":{"txs":303,"uniq":20,"trade":0,"nft":5,"gas":0.000017,"bal":0.22814,"days":31,"spread":1,"streak":31,"rank_m":3368,"pct_m":0.00358,"gas_method":"exact"},"2024-09":{"txs":315,"uniq":27,"trade":0,"nft":10,"gas":0.000003,"bal":0.305027,"days":28,"spread":0.933333,"streak":13,"rank_m":906,"pct_m":0.000962,"gas_method":"exact"},"2024-10":{"txs":343,"uniq":23,"trade":1,"nft":8,"gas":0.000004,"bal":0.264873,"days":30,"spread":0.967742,"streak":18,"rank_m":1570,"pct_m":0.001668,"gas_method":"exact"},"2024-11":{"txs":213,"uniq":14,"trade":0,"nft":0,"gas":0.000478,"bal":0.112762,"days":30,"spread":1,"streak":30,"rank_m":11491,"pct_m":0.012216,"gas_method":"exact"},"2024-12":{"txs":348,"uniq":15,"trade":0,"nft":1,"gas":0.007453,"bal":0.080455,"days":31,"spread":1,"streak":31,"rank_m":7559,"pct_m":0.008036,"gas_method":"exact"},"2025-01":{"txs":321,"uniq":13,"trade":0,"nft":2,"gas":0.000008,"bal":0.045688,"days":30,"spread":0.967742,"streak":21,"rank_m":44609,"pct_m":0.047428,"gas_method":"exact"},"2025-02":{"txs":337,"uniq":28,"trade":1,"nft":0,"gas":0.002287,"bal":0.064937,"days":28,"spread":1,"streak":28,"rank_m":1934,"pct_m":0.002055,"gas_method":"exact"},"2025-03":{"txs":563,"uniq":30,"trade":0,"nft":0,"gas":0.004156,"bal":0.056983,"days":30,"spread":0.967742,"streak":16,"rank_m":4097,"pct_m":0.004355,"gas_method":"exact"},"2025-04":{"txs":508,"uniq":26,"trade":5,"nft":1,"gas":0.000043,"bal":0.320945,"days":29,"spread":0.966667,"streak":18,"rank_m":2308,"pct_m":0.002453,"gas_method":"exact"},"2025-05":{"txs":520,"uniq":28,"trade":0,"nft":1,"gas":0.00366,"bal":0.095604,"days":30,"spread":0.967742,"streak":25,"rank_m":2821,"pct_m":0.002998,"gas_method":"estimated"},"2025-06":{"txs":423,"uniq":32,"trade":1,"nft":5,"gas":0.002977,"bal":0.100654,"days":30,"spread":1,"streak":30,"rank_m":1286,"pct_m":0.001366,"gas_method":"estimated"},"2025-07":{"txs":347,"uniq":16,"trade":0,"nft":8,"gas":0.002442,"bal":0.087516,"days":31,"spread":1,"streak":31,"rank_m":2816,"pct_m":0.002993,"gas_method":"estimated"},"2025-08":{"txs":541,"uniq":19,"trade":0,"nft":7,"gas":0.003808,"bal":0.080815,"days":31,"spread":1,"streak":31,"rank_m":2625,"pct_m":0.00279,"gas_method":"estimated"},"2025-09":{"txs":298,"uniq":20,"trade":0,"nft":5,"gas":0.002097,"bal":0.095447,"days":30,"spread":1,"streak":30,"rank_m":1828,"pct_m":0.001942,"gas_method":"estimated"},"2025-10":{"txs":91,"uniq":19,"trade":0,"nft":4,"gas":0.00064,"bal":0.106633,"days":7,"spread":0.225806,"streak":5,"rank_m":4315,"pct_m":0.004587,"gas_method":"estimated"}}}