{"wallet":"0xc0d34fd2e26922e6ffb30b5eafaf0f35c062fc12","rank":331189,"lifetime":{"months_active":9,"first":"2023-07","last":"2025-10","tx_sum":191,"uniq_sum":51,"trade_sum":25,"nft_sum":0,"gas_sum":0.033136,"avg_balance_eth_mean":0.095828,"streak_best_days":4,"gas_sum_filled":0.033136},"months":{"2023-07":{"txs":0,"uniq":0,"trade":0,"nft":0,"gas":0,"bal":0,"days":0,"spread":0,"streak":0,"rank_m":270680,"pct_m":0.287791},"2023-08":{"txs":14,"uniq":4,"trade":0,"nft":0,"gas":0.003695,"bal":0.002019,"days":5,"spread":0.16129,"streak":4,"rank_m":76282,"pct_m":0.081103,"gas_method":"exact"},"2023-09":{"txs":0,"uniq":0,"trade":0,"nft":0,"gas":0,"bal":0.002019,"days":0,"spread":0,"streak":0,"rank_m":176158,"pct_m":0.187293},"2023-10":{"txs":2,"uniq":1,"trade":0,"nft":0,"gas":0.000319,"bal":1.734511,"days":2,"spread":0.064516,"streak":1,"rank_m":76377,"pct_m":0.081204,"gas_method":"estimated"},"2023-11":{"txs":3,"uniq":1,"trade":0,"nft":0,"gas":0.00083,"bal":0.006474,"days":1,"spread":0.033333,"streak":1,"rank_m":105057,"pct_m":0.111697,"gas_method":"estimated"},"2023-12":{"txs":0,"uniq":0,"trade":0,"nft":0,"gas":0,"bal":0.006474,"days":0,"spread":0,"streak":0,"rank_m":199364,"pct_m":0.211966},"2024-01":{"txs":7,"uniq":4,"trade":0,"nft":0,"gas":0.001104,"bal":0.000607,"days":2,"spread":0.064516,"streak":2,"rank_m":90870,"pct_m":0.096614,"gas_method":"exact"},"2024-02":{"txs":0,"uniq":0,"trade":0,"nft":0,"gas":0,"bal":0.000607,"days":0,"spread":0,"streak":0,"rank_m":300089,"pct_m":0.319059},"2024-03":{"txs":55,"uniq":11,"trade":0,"nft":0,"gas":0.022477,"bal":0.000947,"days":6,"spread":0.193548,"streak":2,"rank_m":190309,"pct_m":0.202339,"gas_method":"estimated"},"2024-04":{"txs":93,"uniq":20,"trade":25,"nft":0,"gas":0.004688,"bal":0.928741,"days":12,"spread":0.4,"streak":4,"rank_m":19132,"pct_m":0.02034,"gas_method":"estimated"},"2024-05":{"txs":8,"uniq":4,"trade":0,"nft":0,"gas":0.000007,"bal":0.000221,"days":3,"spread":0.096774,"streak":1,"rank_m":357398,"pct_m":0.379991,"gas_method":"exact"},"2024-06":{"txs":4,"uniq":3,"trade":0,"nft":0,"gas":0.000003,"bal":0.000218,"days":1,"spread":0.033333,"streak":1,"rank_m":472487,"pct_m":0.502356,"gas_method":"estimated"},"2024-07":{"txs":5,"uniq":3,"trade":0,"nft":0,"gas":0.000013,"bal":0.000021,"days":1,"spread":0.032258,"streak":1,"rank_m":487569,"pct_m":0.518391,"gas_method":"estimated"},"2024-08":{"txs":0,"uniq":0,"trade":0,"nft":0,"gas":0,"bal":0.000021,"days":0,"spread":0,"streak":0,"rank_m":623915,"pct_m":0.663357},"2024-09":{"txs":0,"uniq":0,"trade":0,"nft":0,"gas":0,"bal":0.000021,"days":0,"spread":0,"streak":0,"rank_m":632824,"pct_m":0.672829},"2024-10":{"txs":0,"uniq":0,"trade":0,"nft":0,"gas":0,"bal":0.000021,"days":0,"spread":0,"streak":0,"rank_m":667898,"pct_m":0.71012},"2024-11":{"txs":0,"uniq":0,"trade":0,"nft":0,"gas":0,"bal":0.000021,"days":0,"spread":0,"streak":0,"rank_m":678377,"pct_m":0.721261},"2024-12":{"txs":0,"uniq":0,"trade":0,"nft":0,"gas":0,"bal":0.000021,"days":0,"spread":0,"streak":0,"rank_m":711429,"pct_m":0.756403},"2025-01":{"txs":0,"uniq":0,"trade":0,"nft":0,"gas":0,"bal":0.000021,"days":0,"spread":0,"streak":0,"rank_m":721875,"pct_m":0.767509},"2025-02":{"txs":0,"uniq":0,"trade":0,"nft":0,"gas":0,"bal":0.000021,"days":0,"spread":0,"streak":0,"rank_m":748698,"pct_m":0.796028},"2025-03":{"txs":0,"uniq":0,"trade":0,"nft":0,"gas":0,"bal":0.000021,"days":0,"spread":0,"streak":0,"rank_m":767156,"pct_m":0.815653},"2025-04":{"txs":0,"uniq":0,"trade":0,"nft":0,"gas":0,"bal":0.000021,"days":0,"spread":0,"streak":0,"rank_m":801339,"pct_m":0.851997},"2025-05":{"txs":0,"uniq":0,"trade":0,"nft":0,"gas":0,"bal":0.000021,"days":0,"spread":0,"streak":0,"rank_m":821806,"pct_m":0.873758},"2025-06":{"txs":0,"uniq":0,"trade":0,"nft":0,"gas":0,"bal":0.000021,"days":0,"spread":0,"streak":0,"rank_m":835099,"pct_m":0.887891},"2025-07":{"txs":0,"uniq":0,"trade":0,"nft":0,"gas":0,"bal":0.000021,"days":0,"spread":0,"streak":0,"rank_m":858983,"pct_m":0.913285},"2025-08":{"txs":0,"uniq":0,"trade":0,"nft":0,"gas":0,"bal":0.000021,"days":0,"spread":0,"streak":0,"rank_m":853984,"pct_m":0.90797},"2025-09":{"txs":0,"uniq":0,"trade":0,"nft":0,"gas":0,"bal":0.000021,"days":0,"spread":0,"streak":0,"rank_m":851026,"pct_m":0.904825},"2025-10":{"txs":0,"uniq":0,"trade":0,"nft":0,"gas":0,"bal":0.000021,"days":0,"spread":0,"streak":0,"rank_m":812337,"pct_m":0.86369}}}