{"wallet":"0xc0f879c2ba4ddd1503c0bffae3a0e42ea11c5d91","rank":38595,"lifetime":{"months_active":27,"first":"2023-07","last":"2025-10","tx_sum":458,"uniq_sum":244,"trade_sum":12,"nft_sum":93,"gas_sum":0.002653,"avg_balance_eth_mean":0.015792,"streak_best_days":60,"gas_sum_filled":0.002653},"months":{"2023-07":{"txs":3,"uniq":2,"trade":0,"nft":1,"gas":0.000256,"bal":0.00007,"days":1,"spread":0.032258,"streak":1,"rank_m":40215,"pct_m":0.042756,"gas_method":"estimated"},"2023-08":{"txs":6,"uniq":5,"trade":0,"nft":1,"gas":0.000147,"bal":0.000199,"days":2,"spread":0.064516,"streak":1,"rank_m":127073,"pct_m":0.135105,"gas_method":"exact"},"2023-09":{"txs":2,"uniq":2,"trade":0,"nft":0,"gas":0.000051,"bal":0.000111,"days":1,"spread":0.033333,"streak":1,"rank_m":140937,"pct_m":0.149846,"gas_method":"estimated"},"2023-10":{"txs":2,"uniq":2,"trade":0,"nft":1,"gas":0.000013,"bal":0.000528,"days":1,"spread":0.032258,"streak":1,"rank_m":129430,"pct_m":0.137611,"gas_method":"estimated"},"2023-11":{"txs":0,"uniq":0,"trade":0,"nft":0,"gas":0,"bal":0.000528,"days":0,"spread":0,"streak":0,"rank_m":209504,"pct_m":0.222747},"2023-12":{"txs":2,"uniq":2,"trade":0,"nft":1,"gas":0.00021,"bal":0.000097,"days":1,"spread":0.032258,"streak":1,"rank_m":130440,"pct_m":0.138685,"gas_method":"exact"},"2024-01":{"txs":2,"uniq":2,"trade":0,"nft":0,"gas":0.00004,"bal":0.000198,"days":1,"spread":0.032258,"streak":1,"rank_m":189849,"pct_m":0.20185,"gas_method":"estimated"},"2024-02":{"txs":2,"uniq":2,"trade":0,"nft":3,"gas":0.000023,"bal":0.000572,"days":1,"spread":0.034483,"streak":1,"rank_m":222524,"pct_m":0.23659,"gas_method":"estimated"},"2024-03":{"txs":11,"uniq":8,"trade":0,"nft":4,"gas":0.000188,"bal":0.000742,"days":2,"spread":0.064516,"streak":1,"rank_m":248661,"pct_m":0.26438,"gas_method":"estimated"},"2024-04":{"txs":17,"uniq":9,"trade":1,"nft":4,"gas":0.000036,"bal":0.000943,"days":2,"spread":0.066667,"streak":1,"rank_m":319745,"pct_m":0.339958,"gas_method":"estimated"},"2024-05":{"txs":14,"uniq":6,"trade":0,"nft":3,"gas":0.00001,"bal":0.003625,"days":5,"spread":0.16129,"streak":2,"rank_m":247309,"pct_m":0.262942,"gas_method":"estimated"},"2024-06":{"txs":17,"uniq":8,"trade":0,"nft":8,"gas":0,"bal":0.007801,"days":4,"spread":0.133333,"streak":2,"rank_m":153536,"pct_m":0.163241,"gas_method":"estimated"},"2024-07":{"txs":25,"uniq":17,"trade":0,"nft":16,"gas":0.000003,"bal":0.014903,"days":8,"spread":0.258065,"streak":2,"rank_m":55845,"pct_m":0.059374,"gas_method":"estimated"},"2024-08":{"txs":40,"uniq":34,"trade":0,"nft":31,"gas":0.000003,"bal":0.015386,"days":9,"spread":0.290323,"streak":2,"rank_m":45774,"pct_m":0.048667,"gas_method":"estimated"},"2024-09":{"txs":40,"uniq":23,"trade":0,"nft":9,"gas":0.000001,"bal":0.005077,"days":25,"spread":0.833333,"streak":17,"rank_m":18468,"pct_m":0.019634,"gas_method":"exact"},"2024-10":{"txs":55,"uniq":26,"trade":1,"nft":9,"gas":0.000002,"bal":0.015623,"days":30,"spread":0.967742,"streak":26,"rank_m":9412,"pct_m":0.010006,"gas_method":"exact"},"2024-11":{"txs":47,"uniq":19,"trade":2,"nft":2,"gas":0.000092,"bal":0.047252,"days":30,"spread":1,"streak":30,"rank_m":12549,"pct_m":0.013341,"gas_method":"exact"},"2024-12":{"txs":26,"uniq":13,"trade":2,"nft":0,"gas":0.000463,"bal":0.030216,"days":12,"spread":0.387097,"streak":5,"rank_m":66431,"pct_m":0.07063,"gas_method":"exact"},"2025-01":{"txs":10,"uniq":2,"trade":0,"nft":0,"gas":0.000182,"bal":0.029906,"days":3,"spread":0.096774,"streak":2,"rank_m":277818,"pct_m":0.29538,"gas_method":"exact"},"2025-02":{"txs":9,"uniq":5,"trade":0,"nft":0,"gas":0.000056,"bal":0.022812,"days":3,"spread":0.107143,"streak":1,"rank_m":215291,"pct_m":0.2289,"gas_method":"exact"},"2025-03":{"txs":17,"uniq":11,"trade":4,"nft":0,"gas":0.000119,"bal":0.040839,"days":5,"spread":0.16129,"streak":1,"rank_m":76070,"pct_m":0.080878,"gas_method":"exact"},"2025-04":{"txs":17,"uniq":8,"trade":1,"nft":0,"gas":0.000097,"bal":0.048729,"days":4,"spread":0.133333,"streak":2,"rank_m":63679,"pct_m":0.067704,"gas_method":"exact"},"2025-05":{"txs":11,"uniq":7,"trade":1,"nft":0,"gas":0.000077,"bal":0.060209,"days":6,"spread":0.193548,"streak":1,"rank_m":55182,"pct_m":0.058669,"gas_method":"estimated"},"2025-06":{"txs":24,"uniq":11,"trade":0,"nft":0,"gas":0.000169,"bal":0.023536,"days":6,"spread":0.2,"streak":2,"rank_m":96497,"pct_m":0.102596,"gas_method":"estimated"},"2025-07":{"txs":5,"uniq":2,"trade":0,"nft":0,"gas":0.000035,"bal":0.014822,"days":4,"spread":0.129032,"streak":1,"rank_m":267444,"pct_m":0.28435,"gas_method":"estimated"},"2025-08":{"txs":8,"uniq":5,"trade":0,"nft":0,"gas":0.000056,"bal":0.00712,"days":5,"spread":0.16129,"streak":1,"rank_m":255561,"pct_m":0.271716,"gas_method":"estimated"},"2025-09":{"txs":28,"uniq":11,"trade":0,"nft":0,"gas":0.000197,"bal":0.011054,"days":8,"spread":0.266667,"streak":2,"rank_m":101890,"pct_m":0.10833,"gas_method":"estimated"},"2025-10":{"txs":18,"uniq":2,"trade":0,"nft":0,"gas":0.000127,"bal":0.03928,"days":6,"spread":0.193548,"streak":2,"rank_m":51034,"pct_m":0.054259,"gas_method":"estimated"}}}