{"wallet":"0xc01716596edc9f0f665fc220557523997cea2c4f","rank":303612,"lifetime":{"months_active":18,"first":"2023-07","last":"2025-10","tx_sum":240,"uniq_sum":108,"trade_sum":2,"nft_sum":55,"gas_sum":0.001437,"avg_balance_eth_mean":0.003079,"streak_best_days":7,"gas_sum_filled":0.001437},"months":{"2023-07":{"txs":0,"uniq":0,"trade":0,"nft":0,"gas":0,"bal":0,"days":0,"spread":0,"streak":0,"rank_m":273205,"pct_m":0.290475},"2023-08":{"txs":0,"uniq":0,"trade":0,"nft":0,"gas":0,"bal":0,"days":0,"spread":0,"streak":0,"rank_m":359551,"pct_m":0.38228},"2023-09":{"txs":0,"uniq":0,"trade":0,"nft":0,"gas":0,"bal":0,"days":0,"spread":0,"streak":0,"rank_m":381248,"pct_m":0.405349},"2023-10":{"txs":68,"uniq":18,"trade":0,"nft":6,"gas":0.000309,"bal":0.002302,"days":1,"spread":0.032258,"streak":1,"rank_m":57126,"pct_m":0.060736,"gas_method":"estimated"},"2023-11":{"txs":4,"uniq":3,"trade":0,"nft":1,"gas":0.000031,"bal":0.005519,"days":1,"spread":0.033333,"streak":1,"rank_m":82135,"pct_m":0.087326,"gas_method":"estimated"},"2023-12":{"txs":3,"uniq":2,"trade":0,"nft":2,"gas":0.000044,"bal":0.005366,"days":1,"spread":0.032258,"streak":1,"rank_m":99213,"pct_m":0.105484,"gas_method":"estimated"},"2024-01":{"txs":4,"uniq":3,"trade":0,"nft":1,"gas":0.000162,"bal":0.005172,"days":1,"spread":0.032258,"streak":1,"rank_m":92352,"pct_m":0.098189,"gas_method":"exact"},"2024-02":{"txs":9,"uniq":6,"trade":0,"nft":4,"gas":0.00007,"bal":0.005505,"days":2,"spread":0.068966,"streak":2,"rank_m":102013,"pct_m":0.108461,"gas_method":"estimated"},"2024-03":{"txs":5,"uniq":3,"trade":0,"nft":3,"gas":0.000058,"bal":0.005408,"days":1,"spread":0.032258,"streak":1,"rank_m":243497,"pct_m":0.258889,"gas_method":"estimated"},"2024-04":{"txs":24,"uniq":10,"trade":0,"nft":5,"gas":0.000034,"bal":0.005026,"days":6,"spread":0.2,"streak":6,"rank_m":186271,"pct_m":0.198046,"gas_method":"estimated"},"2024-05":{"txs":11,"uniq":7,"trade":1,"nft":0,"gas":0.000032,"bal":0.004795,"days":4,"spread":0.129032,"streak":1,"rank_m":192539,"pct_m":0.20471,"gas_method":"exact"},"2024-06":{"txs":23,"uniq":6,"trade":0,"nft":4,"gas":0,"bal":0.004686,"days":9,"spread":0.3,"streak":3,"rank_m":156563,"pct_m":0.16646,"gas_method":"estimated"},"2024-07":{"txs":5,"uniq":3,"trade":0,"nft":1,"gas":0,"bal":0.004657,"days":2,"spread":0.064516,"streak":1,"rank_m":328011,"pct_m":0.348746,"gas_method":"estimated"},"2024-08":{"txs":20,"uniq":20,"trade":0,"nft":22,"gas":0.000001,"bal":0.004289,"days":3,"spread":0.096774,"streak":3,"rank_m":154571,"pct_m":0.164342,"gas_method":"estimated"},"2024-09":{"txs":17,"uniq":6,"trade":0,"nft":4,"gas":0.000001,"bal":0.002654,"days":8,"spread":0.266667,"streak":3,"rank_m":90034,"pct_m":0.095725,"gas_method":"exact"},"2024-10":{"txs":6,"uniq":2,"trade":0,"nft":2,"gas":0,"bal":0.002602,"days":3,"spread":0.096774,"streak":1,"rank_m":344981,"pct_m":0.366789,"gas_method":"estimated"},"2024-11":{"txs":1,"uniq":1,"trade":0,"nft":0,"gas":0.000002,"bal":0.002598,"days":1,"spread":0.033333,"streak":1,"rank_m":459970,"pct_m":0.489047,"gas_method":"exact"},"2024-12":{"txs":0,"uniq":0,"trade":0,"nft":0,"gas":0,"bal":0.002598,"days":0,"spread":0,"streak":0,"rank_m":622460,"pct_m":0.66181},"2025-01":{"txs":22,"uniq":5,"trade":0,"nft":0,"gas":0.000572,"bal":0.002527,"days":9,"spread":0.290323,"streak":7,"rank_m":182898,"pct_m":0.194459,"gas_method":"exact"},"2025-02":{"txs":0,"uniq":0,"trade":0,"nft":0,"gas":0,"bal":0.002527,"days":0,"spread":0,"streak":0,"rank_m":616972,"pct_m":0.655975},"2025-03":{"txs":0,"uniq":0,"trade":0,"nft":0,"gas":0,"bal":0.002527,"days":0,"spread":0,"streak":0,"rank_m":603904,"pct_m":0.64208},"2025-04":{"txs":5,"uniq":5,"trade":0,"nft":0,"gas":0.00003,"bal":0.00306,"days":1,"spread":0.033333,"streak":1,"rank_m":349955,"pct_m":0.372077,"gas_method":"exact"},"2025-05":{"txs":0,"uniq":0,"trade":0,"nft":0,"gas":0,"bal":0.00306,"days":0,"spread":0,"streak":0,"rank_m":583060,"pct_m":0.619919},"2025-06":{"txs":12,"uniq":7,"trade":1,"nft":0,"gas":0.000084,"bal":0.003925,"days":2,"spread":0.066667,"streak":2,"rank_m":238206,"pct_m":0.253264,"gas_method":"estimated"},"2025-07":{"txs":1,"uniq":1,"trade":0,"nft":0,"gas":0.000007,"bal":0.001355,"days":1,"spread":0.032258,"streak":1,"rank_m":521644,"pct_m":0.55462,"gas_method":"estimated"},"2025-08":{"txs":0,"uniq":0,"trade":0,"nft":0,"gas":0,"bal":0.001355,"days":0,"spread":0,"streak":0,"rank_m":641569,"pct_m":0.682127},"2025-09":{"txs":0,"uniq":0,"trade":0,"nft":0,"gas":0,"bal":0.001355,"days":0,"spread":0,"streak":0,"rank_m":627897,"pct_m":0.66759},"2025-10":{"txs":0,"uniq":0,"trade":0,"nft":0,"gas":0,"bal":0.001355,"days":0,"spread":0,"streak":0,"rank_m":542563,"pct_m":0.576862}}}