{"wallet":"0xc0bf621db743d94e0961fb37c7d8c0078fea321a","rank":179432,"lifetime":{"months_active":24,"first":"2023-07","last":"2025-10","tx_sum":164,"uniq_sum":119,"trade_sum":16,"nft_sum":71,"gas_sum":0.00798,"avg_balance_eth_mean":0.005023,"streak_best_days":6,"gas_sum_filled":0.00798},"months":{"2023-07":{"txs":8,"uniq":3,"trade":0,"nft":2,"gas":0.002399,"bal":0.002367,"days":3,"spread":0.096774,"streak":1,"rank_m":8299,"pct_m":0.008823,"gas_method":"estimated"},"2023-08":{"txs":16,"uniq":11,"trade":0,"nft":4,"gas":0.002535,"bal":0.002825,"days":7,"spread":0.225806,"streak":3,"rank_m":54357,"pct_m":0.057792,"gas_method":"exact"},"2023-09":{"txs":10,"uniq":6,"trade":0,"nft":6,"gas":0.000219,"bal":0.002612,"days":6,"spread":0.2,"streak":2,"rank_m":43696,"pct_m":0.046457,"gas_method":"exact"},"2023-10":{"txs":21,"uniq":10,"trade":2,"nft":1,"gas":0.000443,"bal":0.001334,"days":6,"spread":0.193548,"streak":1,"rank_m":32566,"pct_m":0.034624,"gas_method":"exact"},"2023-11":{"txs":4,"uniq":4,"trade":0,"nft":2,"gas":0.000163,"bal":0.002025,"days":4,"spread":0.133333,"streak":2,"rank_m":69116,"pct_m":0.073484,"gas_method":"estimated"},"2023-12":{"txs":4,"uniq":3,"trade":8,"nft":2,"gas":0.000567,"bal":0.000892,"days":4,"spread":0.129032,"streak":1,"rank_m":62532,"pct_m":0.066484,"gas_method":"exact"},"2024-01":{"txs":2,"uniq":2,"trade":0,"nft":1,"gas":0.000049,"bal":0.000623,"days":2,"spread":0.064516,"streak":1,"rank_m":129648,"pct_m":0.137843,"gas_method":"exact"},"2024-02":{"txs":13,"uniq":7,"trade":3,"nft":4,"gas":0.000521,"bal":0.000804,"days":4,"spread":0.137931,"streak":2,"rank_m":111744,"pct_m":0.118807,"gas_method":"estimated"},"2024-03":{"txs":8,"uniq":3,"trade":0,"nft":2,"gas":0.000861,"bal":0.000568,"days":4,"spread":0.129032,"streak":1,"rank_m":220585,"pct_m":0.234529,"gas_method":"exact"},"2024-04":{"txs":3,"uniq":3,"trade":0,"nft":2,"gas":0.000022,"bal":0.000471,"days":2,"spread":0.066667,"streak":1,"rank_m":408135,"pct_m":0.433935,"gas_method":"estimated"},"2024-05":{"txs":5,"uniq":3,"trade":0,"nft":1,"gas":0.000012,"bal":0.000683,"days":2,"spread":0.064516,"streak":1,"rank_m":413584,"pct_m":0.439729,"gas_method":"estimated"},"2024-06":{"txs":3,"uniq":3,"trade":0,"nft":1,"gas":0,"bal":0.001468,"days":2,"spread":0.066667,"streak":1,"rank_m":396320,"pct_m":0.421373,"gas_method":"estimated"},"2024-07":{"txs":2,"uniq":2,"trade":0,"nft":2,"gas":0.000001,"bal":0.001525,"days":2,"spread":0.064516,"streak":1,"rank_m":382005,"pct_m":0.406153,"gas_method":"estimated"},"2024-08":{"txs":31,"uniq":29,"trade":0,"nft":30,"gas":0.000008,"bal":0.001619,"days":13,"spread":0.419355,"streak":5,"rank_m":114142,"pct_m":0.121357,"gas_method":"estimated"},"2024-09":{"txs":10,"uniq":9,"trade":0,"nft":8,"gas":0.000001,"bal":0.002607,"days":6,"spread":0.2,"streak":2,"rank_m":159957,"pct_m":0.170068,"gas_method":"estimated"},"2024-10":{"txs":3,"uniq":3,"trade":0,"nft":3,"gas":0.000001,"bal":0.002322,"days":3,"spread":0.096774,"streak":1,"rank_m":343851,"pct_m":0.365587,"gas_method":"estimated"},"2024-11":{"txs":5,"uniq":4,"trade":0,"nft":0,"gas":0.000011,"bal":0.002314,"days":5,"spread":0.166667,"streak":1,"rank_m":346686,"pct_m":0.368602,"gas_method":"exact"},"2024-12":{"txs":0,"uniq":0,"trade":0,"nft":0,"gas":0,"bal":0.002314,"days":0,"spread":0,"streak":0,"rank_m":625080,"pct_m":0.664595},"2025-01":{"txs":3,"uniq":3,"trade":0,"nft":0,"gas":0.000078,"bal":0.002206,"days":2,"spread":0.064516,"streak":1,"rank_m":437920,"pct_m":0.465603,"gas_method":"exact"},"2025-02":{"txs":4,"uniq":4,"trade":0,"nft":0,"gas":0.000028,"bal":0.002173,"days":3,"spread":0.107143,"streak":2,"rank_m":323297,"pct_m":0.343734,"gas_method":"exact"},"2025-03":{"txs":0,"uniq":0,"trade":0,"nft":0,"gas":0,"bal":0.002173,"days":0,"spread":0,"streak":0,"rank_m":609700,"pct_m":0.648243},"2025-04":{"txs":2,"uniq":2,"trade":1,"nft":0,"gas":0.000012,"bal":0.024167,"days":2,"spread":0.066667,"streak":1,"rank_m":294090,"pct_m":0.312681,"gas_method":"exact"},"2025-05":{"txs":1,"uniq":1,"trade":0,"nft":0,"gas":0.000007,"bal":0.029062,"days":1,"spread":0.032258,"streak":1,"rank_m":244494,"pct_m":0.259949,"gas_method":"estimated"},"2025-06":{"txs":1,"uniq":1,"trade":0,"nft":0,"gas":0.000007,"bal":0.028662,"days":1,"spread":0.033333,"streak":1,"rank_m":270612,"pct_m":0.287718,"gas_method":"estimated"},"2025-07":{"txs":4,"uniq":2,"trade":2,"nft":0,"gas":0.000028,"bal":0.017859,"days":2,"spread":0.064516,"streak":2,"rank_m":202316,"pct_m":0.215105,"gas_method":"estimated"},"2025-08":{"txs":1,"uniq":1,"trade":0,"nft":0,"gas":0.000007,"bal":0.001654,"days":1,"spread":0.032258,"streak":1,"rank_m":478852,"pct_m":0.509123,"gas_method":"estimated"},"2025-09":{"txs":0,"uniq":0,"trade":0,"nft":0,"gas":0,"bal":0.001654,"days":0,"spread":0,"streak":0,"rank_m":613146,"pct_m":0.651907},"2025-10":{"txs":0,"uniq":0,"trade":0,"nft":0,"gas":0,"bal":0.001654,"days":0,"spread":0,"streak":0,"rank_m":524762,"pct_m":0.557935}}}