{"wallet":"0xc0dfb173d1b46ea47d8238556b79ca0c057981ba","rank":586073,"lifetime":{"months_active":12,"first":"2023-07","last":"2025-10","tx_sum":269,"uniq_sum":36,"trade_sum":1,"nft_sum":6,"gas_sum":0.008216,"avg_balance_eth_mean":0.000357,"streak_best_days":5,"gas_sum_filled":0.008216},"months":{"2023-07":{"txs":0,"uniq":0,"trade":0,"nft":0,"gas":0,"bal":0,"days":0,"spread":0,"streak":0,"rank_m":270508,"pct_m":0.287608},"2023-08":{"txs":73,"uniq":2,"trade":0,"nft":0,"gas":0.007401,"bal":0.00155,"days":7,"spread":0.225806,"streak":5,"rank_m":62640,"pct_m":0.066599,"gas_method":"exact"},"2023-09":{"txs":3,"uniq":1,"trade":0,"nft":2,"gas":0.000087,"bal":0.000709,"days":2,"spread":0.066667,"streak":1,"rank_m":102459,"pct_m":0.108935,"gas_method":"exact"},"2023-10":{"txs":16,"uniq":6,"trade":0,"nft":1,"gas":0.000289,"bal":0.000243,"days":5,"spread":0.16129,"streak":3,"rank_m":55669,"pct_m":0.059187,"gas_method":"exact"},"2023-11":{"txs":0,"uniq":0,"trade":0,"nft":0,"gas":0,"bal":0.000243,"days":0,"spread":0,"streak":0,"rank_m":223007,"pct_m":0.237104},"2023-12":{"txs":0,"uniq":0,"trade":0,"nft":0,"gas":0,"bal":0.000243,"days":0,"spread":0,"streak":0,"rank_m":247233,"pct_m":0.262861},"2024-01":{"txs":0,"uniq":0,"trade":0,"nft":0,"gas":0,"bal":0.000243,"days":0,"spread":0,"streak":0,"rank_m":257530,"pct_m":0.273809},"2024-02":{"txs":0,"uniq":0,"trade":0,"nft":0,"gas":0,"bal":0.000243,"days":0,"spread":0,"streak":0,"rank_m":320742,"pct_m":0.341018},"2024-03":{"txs":0,"uniq":0,"trade":0,"nft":0,"gas":0,"bal":0.000243,"days":0,"spread":0,"streak":0,"rank_m":407000,"pct_m":0.432729},"2024-04":{"txs":0,"uniq":0,"trade":0,"nft":0,"gas":0,"bal":0.000243,"days":0,"spread":0,"streak":0,"rank_m":490397,"pct_m":0.521398},"2024-05":{"txs":151,"uniq":11,"trade":1,"nft":2,"gas":0.000285,"bal":0.001628,"days":11,"spread":0.354839,"streak":5,"rank_m":120838,"pct_m":0.128476,"gas_method":"estimated"},"2024-06":{"txs":1,"uniq":1,"trade":0,"nft":1,"gas":0,"bal":0.000673,"days":1,"spread":0.033333,"streak":1,"rank_m":454711,"pct_m":0.483456,"gas_method":"estimated"},"2024-07":{"txs":0,"uniq":0,"trade":0,"nft":0,"gas":0,"bal":0.000673,"days":0,"spread":0,"streak":0,"rank_m":553351,"pct_m":0.588332},"2024-08":{"txs":0,"uniq":0,"trade":0,"nft":0,"gas":0,"bal":0.000673,"days":0,"spread":0,"streak":0,"rank_m":571149,"pct_m":0.607255},"2024-09":{"txs":5,"uniq":2,"trade":0,"nft":0,"gas":0,"bal":0.000698,"days":1,"spread":0.033333,"streak":1,"rank_m":425532,"pct_m":0.452432,"gas_method":"estimated"},"2024-10":{"txs":4,"uniq":3,"trade":0,"nft":0,"gas":0.000001,"bal":0.000321,"days":1,"spread":0.032258,"streak":1,"rank_m":499692,"pct_m":0.53128,"gas_method":"estimated"},"2024-11":{"txs":0,"uniq":0,"trade":0,"nft":0,"gas":0,"bal":0.000321,"days":0,"spread":0,"streak":0,"rank_m":631357,"pct_m":0.671269},"2024-12":{"txs":5,"uniq":4,"trade":0,"nft":0,"gas":0.000088,"bal":0.00003,"days":2,"spread":0.064516,"streak":1,"rank_m":511968,"pct_m":0.544332,"gas_method":"exact"},"2025-01":{"txs":0,"uniq":0,"trade":0,"nft":0,"gas":0,"bal":0.00003,"days":0,"spread":0,"streak":0,"rank_m":718880,"pct_m":0.764325},"2025-02":{"txs":2,"uniq":1,"trade":0,"nft":0,"gas":0.000007,"bal":0.000046,"days":1,"spread":0.035714,"streak":1,"rank_m":542627,"pct_m":0.57693,"gas_method":"exact"},"2025-03":{"txs":3,"uniq":1,"trade":0,"nft":0,"gas":0.000016,"bal":0.000169,"days":1,"spread":0.032258,"streak":1,"rank_m":470966,"pct_m":0.500738,"gas_method":"exact"},"2025-04":{"txs":0,"uniq":0,"trade":0,"nft":0,"gas":0,"bal":0.000169,"days":0,"spread":0,"streak":0,"rank_m":749095,"pct_m":0.79645},"2025-05":{"txs":0,"uniq":0,"trade":0,"nft":0,"gas":0,"bal":0.000169,"days":0,"spread":0,"streak":0,"rank_m":767402,"pct_m":0.815914},"2025-06":{"txs":2,"uniq":1,"trade":0,"nft":0,"gas":0.000014,"bal":0.000129,"days":1,"spread":0.033333,"streak":1,"rank_m":627662,"pct_m":0.66734,"gas_method":"estimated"},"2025-07":{"txs":0,"uniq":0,"trade":0,"nft":0,"gas":0,"bal":0.000129,"days":0,"spread":0,"streak":0,"rank_m":809189,"pct_m":0.860343},"2025-08":{"txs":4,"uniq":3,"trade":0,"nft":0,"gas":0.000028,"bal":0.000058,"days":2,"spread":0.064516,"streak":1,"rank_m":608293,"pct_m":0.646747,"gas_method":"estimated"},"2025-09":{"txs":0,"uniq":0,"trade":0,"nft":0,"gas":0,"bal":0.000058,"days":0,"spread":0,"streak":0,"rank_m":828501,"pct_m":0.880876},"2025-10":{"txs":0,"uniq":0,"trade":0,"nft":0,"gas":0,"bal":0.000058,"days":0,"spread":0,"streak":0,"rank_m":783237,"pct_m":0.832751}}}