{"wallet":"0xc0c85b2bafe6382c93d984112ba2446715426d1d","rank":390309,"lifetime":{"months_active":3,"first":"2023-07","last":"2025-10","tx_sum":217,"uniq_sum":67,"trade_sum":1,"nft_sum":0,"gas_sum":0.013031,"avg_balance_eth_mean":0.037835,"streak_best_days":14,"gas_sum_filled":0.013031},"months":{"2023-07":{"txs":98,"uniq":25,"trade":0,"nft":0,"gas":0.007414,"bal":0.001624,"days":2,"spread":0.064516,"streak":2,"rank_m":4599,"pct_m":0.004889,"gas_method":"exact"},"2023-08":{"txs":110,"uniq":38,"trade":0,"nft":0,"gas":0.005229,"bal":0.026098,"days":21,"spread":0.677419,"streak":14,"rank_m":16040,"pct_m":0.017053,"gas_method":"exact"},"2023-09":{"txs":9,"uniq":4,"trade":1,"nft":0,"gas":0.000388,"bal":0.03968,"days":6,"spread":0.2,"streak":1,"rank_m":31411,"pct_m":0.033396,"gas_method":"exact"},"2023-10":{"txs":0,"uniq":0,"trade":0,"nft":0,"gas":0,"bal":0.03968,"days":0,"spread":0,"streak":0,"rank_m":156775,"pct_m":0.166685},"2023-11":{"txs":0,"uniq":0,"trade":0,"nft":0,"gas":0,"bal":0.03968,"days":0,"spread":0,"streak":0,"rank_m":165593,"pct_m":0.17606},"2023-12":{"txs":0,"uniq":0,"trade":0,"nft":0,"gas":0,"bal":0.03968,"days":0,"spread":0,"streak":0,"rank_m":190641,"pct_m":0.202692},"2024-01":{"txs":0,"uniq":0,"trade":0,"nft":0,"gas":0,"bal":0.03968,"days":0,"spread":0,"streak":0,"rank_m":200630,"pct_m":0.213312},"2024-02":{"txs":0,"uniq":0,"trade":0,"nft":0,"gas":0,"bal":0.03968,"days":0,"spread":0,"streak":0,"rank_m":262853,"pct_m":0.279469},"2024-03":{"txs":0,"uniq":0,"trade":0,"nft":0,"gas":0,"bal":0.03968,"days":0,"spread":0,"streak":0,"rank_m":337054,"pct_m":0.358361},"2024-04":{"txs":0,"uniq":0,"trade":0,"nft":0,"gas":0,"bal":0.03968,"days":0,"spread":0,"streak":0,"rank_m":412427,"pct_m":0.438499},"2024-05":{"txs":0,"uniq":0,"trade":0,"nft":0,"gas":0,"bal":0.03968,"days":0,"spread":0,"streak":0,"rank_m":427805,"pct_m":0.454849},"2024-06":{"txs":0,"uniq":0,"trade":0,"nft":0,"gas":0,"bal":0.03968,"days":0,"spread":0,"streak":0,"rank_m":432287,"pct_m":0.459614},"2024-07":{"txs":0,"uniq":0,"trade":0,"nft":0,"gas":0,"bal":0.03968,"days":0,"spread":0,"streak":0,"rank_m":427409,"pct_m":0.454428},"2024-08":{"txs":0,"uniq":0,"trade":0,"nft":0,"gas":0,"bal":0.03968,"days":0,"spread":0,"streak":0,"rank_m":430261,"pct_m":0.45746},"2024-09":{"txs":0,"uniq":0,"trade":0,"nft":0,"gas":0,"bal":0.03968,"days":0,"spread":0,"streak":0,"rank_m":389705,"pct_m":0.41434},"2024-10":{"txs":0,"uniq":0,"trade":0,"nft":0,"gas":0,"bal":0.03968,"days":0,"spread":0,"streak":0,"rank_m":439350,"pct_m":0.467124},"2024-11":{"txs":0,"uniq":0,"trade":0,"nft":0,"gas":0,"bal":0.03968,"days":0,"spread":0,"streak":0,"rank_m":491956,"pct_m":0.523055},"2024-12":{"txs":0,"uniq":0,"trade":0,"nft":0,"gas":0,"bal":0.03968,"days":0,"spread":0,"streak":0,"rank_m":555206,"pct_m":0.590304},"2025-01":{"txs":0,"uniq":0,"trade":0,"nft":0,"gas":0,"bal":0.03968,"days":0,"spread":0,"streak":0,"rank_m":537313,"pct_m":0.57128},"2025-02":{"txs":0,"uniq":0,"trade":0,"nft":0,"gas":0,"bal":0.03968,"days":0,"spread":0,"streak":0,"rank_m":517633,"pct_m":0.550356},"2025-03":{"txs":0,"uniq":0,"trade":0,"nft":0,"gas":0,"bal":0.03968,"days":0,"spread":0,"streak":0,"rank_m":490639,"pct_m":0.521655},"2025-04":{"txs":0,"uniq":0,"trade":0,"nft":0,"gas":0,"bal":0.03968,"days":0,"spread":0,"streak":0,"rank_m":532297,"pct_m":0.565947},"2025-05":{"txs":0,"uniq":0,"trade":0,"nft":0,"gas":0,"bal":0.03968,"days":0,"spread":0,"streak":0,"rank_m":377758,"pct_m":0.401638},"2025-06":{"txs":0,"uniq":0,"trade":0,"nft":0,"gas":0,"bal":0.03968,"days":0,"spread":0,"streak":0,"rank_m":381757,"pct_m":0.40589},"2025-07":{"txs":0,"uniq":0,"trade":0,"nft":0,"gas":0,"bal":0.03968,"days":0,"spread":0,"streak":0,"rank_m":404769,"pct_m":0.430357},"2025-08":{"txs":0,"uniq":0,"trade":0,"nft":0,"gas":0,"bal":0.03968,"days":0,"spread":0,"streak":0,"rank_m":380743,"pct_m":0.404812},"2025-09":{"txs":0,"uniq":0,"trade":0,"nft":0,"gas":0,"bal":0.03968,"days":0,"spread":0,"streak":0,"rank_m":380279,"pct_m":0.404318},"2025-10":{"txs":0,"uniq":0,"trade":0,"nft":0,"gas":0,"bal":0.03968,"days":0,"spread":0,"streak":0,"rank_m":272426,"pct_m":0.289647}}}