{"wallet":"0xc0d7ae361c447c0e08c7431811219cf9388ed21a","rank":528541,"lifetime":{"months_active":15,"first":"2023-07","last":"2025-10","tx_sum":177,"uniq_sum":100,"trade_sum":3,"nft_sum":34,"gas_sum":0.003252,"avg_balance_eth_mean":0.000504,"streak_best_days":2,"gas_sum_filled":0.003252},"months":{"2023-07":{"txs":0,"uniq":0,"trade":0,"nft":0,"gas":0,"bal":0,"days":0,"spread":0,"streak":0,"rank_m":270622,"pct_m":0.287729},"2023-08":{"txs":0,"uniq":0,"trade":0,"nft":0,"gas":0,"bal":0,"days":0,"spread":0,"streak":0,"rank_m":357276,"pct_m":0.379861},"2023-09":{"txs":0,"uniq":0,"trade":0,"nft":0,"gas":0,"bal":0,"days":0,"spread":0,"streak":0,"rank_m":378841,"pct_m":0.402789},"2023-10":{"txs":0,"uniq":0,"trade":0,"nft":0,"gas":0,"bal":0,"days":0,"spread":0,"streak":0,"rank_m":396898,"pct_m":0.421988},"2023-11":{"txs":26,"uniq":12,"trade":3,"nft":0,"gas":0.000588,"bal":0.000199,"days":2,"spread":0.066667,"streak":2,"rank_m":73886,"pct_m":0.078556,"gas_method":"estimated"},"2023-12":{"txs":15,"uniq":9,"trade":0,"nft":0,"gas":0.000636,"bal":0.000956,"days":1,"spread":0.032258,"streak":1,"rank_m":119802,"pct_m":0.127375,"gas_method":"estimated"},"2024-01":{"txs":20,"uniq":10,"trade":0,"nft":0,"gas":0.00162,"bal":0.000962,"days":4,"spread":0.129032,"streak":2,"rank_m":54336,"pct_m":0.05777,"gas_method":"exact"},"2024-02":{"txs":3,"uniq":3,"trade":0,"nft":0,"gas":0.000082,"bal":0.001591,"days":2,"spread":0.068966,"streak":1,"rank_m":175913,"pct_m":0.187033,"gas_method":"exact"},"2024-03":{"txs":10,"uniq":10,"trade":0,"nft":4,"gas":0.000129,"bal":0.001659,"days":4,"spread":0.129032,"streak":1,"rank_m":171549,"pct_m":0.182393,"gas_method":"exact"},"2024-04":{"txs":13,"uniq":7,"trade":0,"nft":2,"gas":0.000018,"bal":0.002654,"days":5,"spread":0.166667,"streak":1,"rank_m":260502,"pct_m":0.276969,"gas_method":"exact"},"2024-05":{"txs":38,"uniq":30,"trade":0,"nft":27,"gas":0.000052,"bal":0.001785,"days":4,"spread":0.129032,"streak":1,"rank_m":197011,"pct_m":0.209465,"gas_method":"estimated"},"2024-06":{"txs":23,"uniq":5,"trade":0,"nft":1,"gas":0.000001,"bal":0.001221,"days":2,"spread":0.066667,"streak":1,"rank_m":334688,"pct_m":0.355845,"gas_method":"estimated"},"2024-07":{"txs":13,"uniq":5,"trade":0,"nft":0,"gas":0.000003,"bal":0.00118,"days":2,"spread":0.064516,"streak":1,"rank_m":373335,"pct_m":0.396935,"gas_method":"estimated"},"2024-08":{"txs":2,"uniq":1,"trade":0,"nft":0,"gas":0,"bal":0.001043,"days":2,"spread":0.064516,"streak":2,"rank_m":440071,"pct_m":0.46789,"gas_method":"estimated"},"2024-09":{"txs":1,"uniq":1,"trade":0,"nft":0,"gas":0,"bal":0.000612,"days":1,"spread":0.033333,"streak":1,"rank_m":464046,"pct_m":0.493381,"gas_method":"estimated"},"2024-10":{"txs":1,"uniq":1,"trade":0,"nft":0,"gas":0,"bal":0.00001,"days":1,"spread":0.032258,"streak":1,"rank_m":578733,"pct_m":0.615318,"gas_method":"estimated"},"2024-11":{"txs":3,"uniq":1,"trade":0,"nft":0,"gas":0.000005,"bal":0.000027,"days":3,"spread":0.1,"streak":2,"rank_m":464811,"pct_m":0.494194,"gas_method":"exact"},"2024-12":{"txs":8,"uniq":4,"trade":0,"nft":0,"gas":0.00011,"bal":0.000065,"days":6,"spread":0.193548,"streak":2,"rank_m":427540,"pct_m":0.454567,"gas_method":"exact"},"2025-01":{"txs":0,"uniq":0,"trade":0,"nft":0,"gas":0,"bal":0.000065,"days":0,"spread":0,"streak":0,"rank_m":708329,"pct_m":0.753107},"2025-02":{"txs":0,"uniq":0,"trade":0,"nft":0,"gas":0,"bal":0.000065,"days":0,"spread":0,"streak":0,"rank_m":734015,"pct_m":0.780417},"2025-03":{"txs":1,"uniq":1,"trade":0,"nft":0,"gas":0.000008,"bal":0.000002,"days":1,"spread":0.032258,"streak":1,"rank_m":539484,"pct_m":0.573588,"gas_method":"exact"},"2025-04":{"txs":0,"uniq":0,"trade":0,"nft":0,"gas":0,"bal":0.000002,"days":0,"spread":0,"streak":0,"rank_m":823935,"pct_m":0.876021},"2025-05":{"txs":0,"uniq":0,"trade":0,"nft":0,"gas":0,"bal":0.000002,"days":0,"spread":0,"streak":0,"rank_m":845800,"pct_m":0.899269},"2025-06":{"txs":0,"uniq":0,"trade":0,"nft":0,"gas":0,"bal":0.000002,"days":0,"spread":0,"streak":0,"rank_m":860080,"pct_m":0.914451},"2025-07":{"txs":0,"uniq":0,"trade":0,"nft":0,"gas":0,"bal":0.000002,"days":0,"spread":0,"streak":0,"rank_m":881786,"pct_m":0.93753},"2025-08":{"txs":0,"uniq":0,"trade":0,"nft":0,"gas":0,"bal":0.000002,"days":0,"spread":0,"streak":0,"rank_m":881546,"pct_m":0.937274},"2025-09":{"txs":0,"uniq":0,"trade":0,"nft":0,"gas":0,"bal":0.000002,"days":0,"spread":0,"streak":0,"rank_m":879441,"pct_m":0.935036},"2025-10":{"txs":0,"uniq":0,"trade":0,"nft":0,"gas":0,"bal":0.000002,"days":0,"spread":0,"streak":0,"rank_m":849490,"pct_m":0.903192}}}