{"wallet":"0xc07b33ef6e0599c7dde6cdeb6c9320d2ced94504","rank":294067,"lifetime":{"months_active":9,"first":"2023-07","last":"2025-10","tx_sum":735,"uniq_sum":37,"trade_sum":167,"nft_sum":0,"gas_sum":0.000353,"avg_balance_eth_mean":0.003535,"streak_best_days":47,"gas_sum_filled":0.000353},"months":{"2023-07":{"txs":0,"uniq":0,"trade":0,"nft":0,"gas":0,"bal":0,"days":0,"spread":0,"streak":0,"rank_m":271877,"pct_m":0.289063},"2023-08":{"txs":0,"uniq":0,"trade":0,"nft":0,"gas":0,"bal":0,"days":0,"spread":0,"streak":0,"rank_m":358396,"pct_m":0.381052},"2023-09":{"txs":0,"uniq":0,"trade":0,"nft":0,"gas":0,"bal":0,"days":0,"spread":0,"streak":0,"rank_m":380027,"pct_m":0.40405},"2023-10":{"txs":0,"uniq":0,"trade":0,"nft":0,"gas":0,"bal":0,"days":0,"spread":0,"streak":0,"rank_m":398081,"pct_m":0.423246},"2023-11":{"txs":8,"uniq":2,"trade":0,"nft":0,"gas":0.000007,"bal":0.000003,"days":4,"spread":0.133333,"streak":2,"rank_m":139294,"pct_m":0.148099,"gas_method":"estimated"},"2023-12":{"txs":4,"uniq":1,"trade":0,"nft":0,"gas":0.000007,"bal":0.000979,"days":3,"spread":0.096774,"streak":1,"rank_m":147192,"pct_m":0.156496,"gas_method":"estimated"},"2024-01":{"txs":1,"uniq":1,"trade":0,"nft":0,"gas":0.000016,"bal":0.000985,"days":1,"spread":0.032258,"streak":1,"rank_m":163138,"pct_m":0.17345,"gas_method":"exact"},"2024-02":{"txs":7,"uniq":3,"trade":0,"nft":0,"gas":0.000006,"bal":0.000597,"days":3,"spread":0.103448,"streak":2,"rank_m":200262,"pct_m":0.212921,"gas_method":"estimated"},"2024-03":{"txs":44,"uniq":2,"trade":0,"nft":0,"gas":0.000059,"bal":0.002116,"days":7,"spread":0.225806,"streak":4,"rank_m":187596,"pct_m":0.199454,"gas_method":"estimated"},"2024-04":{"txs":318,"uniq":9,"trade":65,"nft":0,"gas":0.000099,"bal":0.009985,"days":30,"spread":1,"streak":30,"rank_m":20899,"pct_m":0.022219,"gas_method":"exact"},"2024-05":{"txs":214,"uniq":10,"trade":94,"nft":0,"gas":0.000156,"bal":0.013131,"days":27,"spread":0.870968,"streak":17,"rank_m":8852,"pct_m":0.009411,"gas_method":"exact"},"2024-06":{"txs":90,"uniq":4,"trade":8,"nft":0,"gas":0,"bal":0.005868,"days":15,"spread":0.5,"streak":7,"rank_m":85933,"pct_m":0.091364,"gas_method":"estimated"},"2024-07":{"txs":49,"uniq":5,"trade":0,"nft":0,"gas":0.000003,"bal":0.004082,"days":12,"spread":0.387097,"streak":5,"rank_m":107737,"pct_m":0.114547,"gas_method":"exact"},"2024-08":{"txs":0,"uniq":0,"trade":0,"nft":0,"gas":0,"bal":0.004082,"days":0,"spread":0,"streak":0,"rank_m":514349,"pct_m":0.546864},"2024-09":{"txs":0,"uniq":0,"trade":0,"nft":0,"gas":0,"bal":0.004082,"days":0,"spread":0,"streak":0,"rank_m":486075,"pct_m":0.516803},"2024-10":{"txs":0,"uniq":0,"trade":0,"nft":0,"gas":0,"bal":0.004082,"days":0,"spread":0,"streak":0,"rank_m":534375,"pct_m":0.568156},"2024-11":{"txs":0,"uniq":0,"trade":0,"nft":0,"gas":0,"bal":0.004082,"days":0,"spread":0,"streak":0,"rank_m":551347,"pct_m":0.586201},"2024-12":{"txs":0,"uniq":0,"trade":0,"nft":0,"gas":0,"bal":0.004082,"days":0,"spread":0,"streak":0,"rank_m":610393,"pct_m":0.64898},"2025-01":{"txs":0,"uniq":0,"trade":0,"nft":0,"gas":0,"bal":0.004082,"days":0,"spread":0,"streak":0,"rank_m":596333,"pct_m":0.634031},"2025-02":{"txs":0,"uniq":0,"trade":0,"nft":0,"gas":0,"bal":0.004082,"days":0,"spread":0,"streak":0,"rank_m":600458,"pct_m":0.638417},"2025-03":{"txs":0,"uniq":0,"trade":0,"nft":0,"gas":0,"bal":0.004082,"days":0,"spread":0,"streak":0,"rank_m":584469,"pct_m":0.621417},"2025-04":{"txs":0,"uniq":0,"trade":0,"nft":0,"gas":0,"bal":0.004082,"days":0,"spread":0,"streak":0,"rank_m":618813,"pct_m":0.657932},"2025-05":{"txs":0,"uniq":0,"trade":0,"nft":0,"gas":0,"bal":0.004082,"days":0,"spread":0,"streak":0,"rank_m":561352,"pct_m":0.596838},"2025-06":{"txs":0,"uniq":0,"trade":0,"nft":0,"gas":0,"bal":0.004082,"days":0,"spread":0,"streak":0,"rank_m":567185,"pct_m":0.60304},"2025-07":{"txs":0,"uniq":0,"trade":0,"nft":0,"gas":0,"bal":0.004082,"days":0,"spread":0,"streak":0,"rank_m":588125,"pct_m":0.625304},"2025-08":{"txs":0,"uniq":0,"trade":0,"nft":0,"gas":0,"bal":0.004082,"days":0,"spread":0,"streak":0,"rank_m":563708,"pct_m":0.599343},"2025-09":{"txs":0,"uniq":0,"trade":0,"nft":0,"gas":0,"bal":0.004082,"days":0,"spread":0,"streak":0,"rank_m":553313,"pct_m":0.588291},"2025-10":{"txs":0,"uniq":0,"trade":0,"nft":0,"gas":0,"bal":0.004082,"days":0,"spread":0,"streak":0,"rank_m":454311,"pct_m":0.483031}}}