{"wallet":"0xc07fbbf7b2a686531192676ea09967ef76a59087","rank":37386,"lifetime":{"months_active":23,"first":"2023-07","last":"2025-10","tx_sum":986,"uniq_sum":182,"trade_sum":11,"nft_sum":54,"gas_sum":0.007911,"avg_balance_eth_mean":0.00758,"streak_best_days":51,"gas_sum_filled":0.007911},"months":{"2023-07":{"txs":4,"uniq":3,"trade":0,"nft":1,"gas":0.000051,"bal":0.000557,"days":2,"spread":0.064516,"streak":1,"rank_m":17166,"pct_m":0.01825,"gas_method":"exact"},"2023-08":{"txs":8,"uniq":9,"trade":0,"nft":4,"gas":0.000622,"bal":0.005352,"days":5,"spread":0.16129,"streak":1,"rank_m":79019,"pct_m":0.084013,"gas_method":"exact"},"2023-09":{"txs":7,"uniq":6,"trade":0,"nft":7,"gas":0.000174,"bal":0.003488,"days":5,"spread":0.166667,"streak":2,"rank_m":45177,"pct_m":0.048032,"gas_method":"exact"},"2023-10":{"txs":0,"uniq":0,"trade":0,"nft":0,"gas":0,"bal":0.003488,"days":0,"spread":0,"streak":0,"rank_m":165313,"pct_m":0.175763},"2023-11":{"txs":0,"uniq":0,"trade":0,"nft":0,"gas":0,"bal":0.003488,"days":0,"spread":0,"streak":0,"rank_m":176966,"pct_m":0.188152},"2023-12":{"txs":1,"uniq":1,"trade":0,"nft":1,"gas":0.000052,"bal":0.003046,"days":1,"spread":0.032258,"streak":1,"rank_m":134206,"pct_m":0.142689,"gas_method":"estimated"},"2024-01":{"txs":1,"uniq":1,"trade":0,"nft":1,"gas":0.000049,"bal":0.002979,"days":1,"spread":0.032258,"streak":1,"rank_m":142742,"pct_m":0.151765,"gas_method":"estimated"},"2024-02":{"txs":4,"uniq":4,"trade":0,"nft":4,"gas":0.000076,"bal":0.001748,"days":4,"spread":0.137931,"streak":2,"rank_m":110724,"pct_m":0.117723,"gas_method":"exact"},"2024-03":{"txs":14,"uniq":10,"trade":0,"nft":9,"gas":0.000575,"bal":0.005838,"days":5,"spread":0.16129,"streak":1,"rank_m":147007,"pct_m":0.156299,"gas_method":"estimated"},"2024-04":{"txs":9,"uniq":6,"trade":0,"nft":0,"gas":0.000046,"bal":0.000465,"days":1,"spread":0.033333,"streak":1,"rank_m":413376,"pct_m":0.439508,"gas_method":"estimated"},"2024-05":{"txs":0,"uniq":0,"trade":0,"nft":0,"gas":0,"bal":0.000465,"days":0,"spread":0,"streak":0,"rank_m":513693,"pct_m":0.546167},"2024-06":{"txs":15,"uniq":10,"trade":0,"nft":3,"gas":0.000001,"bal":0.000442,"days":4,"spread":0.133333,"streak":2,"rank_m":281895,"pct_m":0.299715,"gas_method":"estimated"},"2024-07":{"txs":0,"uniq":0,"trade":0,"nft":0,"gas":0,"bal":0.000442,"days":0,"spread":0,"streak":0,"rank_m":561117,"pct_m":0.596589},"2024-08":{"txs":17,"uniq":7,"trade":0,"nft":3,"gas":0.000003,"bal":0.001251,"days":5,"spread":0.16129,"streak":1,"rank_m":286608,"pct_m":0.304726,"gas_method":"estimated"},"2024-09":{"txs":4,"uniq":3,"trade":0,"nft":1,"gas":0,"bal":0.003968,"days":1,"spread":0.033333,"streak":1,"rank_m":309447,"pct_m":0.329009,"gas_method":"estimated"},"2024-10":{"txs":29,"uniq":18,"trade":0,"nft":15,"gas":0.000001,"bal":0.001637,"days":14,"spread":0.451613,"streak":3,"rank_m":78006,"pct_m":0.082936,"gas_method":"exact"},"2024-11":{"txs":8,"uniq":7,"trade":0,"nft":1,"gas":0.000018,"bal":0.029409,"days":3,"spread":0.1,"streak":1,"rank_m":222569,"pct_m":0.236638,"gas_method":"exact"},"2024-12":{"txs":8,"uniq":7,"trade":0,"nft":1,"gas":0.000176,"bal":0.027945,"days":7,"spread":0.225806,"streak":2,"rank_m":206017,"pct_m":0.21904,"gas_method":"exact"},"2025-01":{"txs":5,"uniq":5,"trade":0,"nft":0,"gas":0.00013,"bal":0.022307,"days":4,"spread":0.129032,"streak":1,"rank_m":303671,"pct_m":0.322867,"gas_method":"exact"},"2025-02":{"txs":166,"uniq":11,"trade":0,"nft":1,"gas":0.001147,"bal":0.006261,"days":13,"spread":0.464286,"streak":5,"rank_m":31609,"pct_m":0.033606,"gas_method":"exact"},"2025-03":{"txs":0,"uniq":0,"trade":0,"nft":0,"gas":0,"bal":0.006261,"days":0,"spread":0,"streak":0,"rank_m":563686,"pct_m":0.59932},"2025-04":{"txs":33,"uniq":2,"trade":0,"nft":0,"gas":0.000193,"bal":0.000475,"days":2,"spread":0.066667,"streak":2,"rank_m":269914,"pct_m":0.286976,"gas_method":"exact"},"2025-05":{"txs":26,"uniq":11,"trade":1,"nft":0,"gas":0.000183,"bal":0.003255,"days":10,"spread":0.322581,"streak":3,"rank_m":85787,"pct_m":0.091209,"gas_method":"estimated"},"2025-06":{"txs":118,"uniq":24,"trade":10,"nft":0,"gas":0.000831,"bal":0.019167,"days":19,"spread":0.633333,"streak":5,"rank_m":9928,"pct_m":0.010555,"gas_method":"estimated"},"2025-07":{"txs":182,"uniq":6,"trade":0,"nft":1,"gas":0.001281,"bal":0.024632,"days":29,"spread":0.935484,"streak":29,"rank_m":16929,"pct_m":0.017998,"gas_method":"estimated"},"2025-08":{"txs":198,"uniq":17,"trade":0,"nft":1,"gas":0.001394,"bal":0.016546,"days":26,"spread":0.83871,"streak":22,"rank_m":12480,"pct_m":0.013268,"gas_method":"estimated"},"2025-09":{"txs":127,"uniq":12,"trade":0,"nft":0,"gas":0.000894,"bal":0.011802,"days":19,"spread":0.633333,"streak":12,"rank_m":33827,"pct_m":0.035964,"gas_method":"estimated"},"2025-10":{"txs":2,"uniq":2,"trade":0,"nft":0,"gas":0.000014,"bal":0.005526,"days":2,"spread":0.064516,"streak":1,"rank_m":234971,"pct_m":0.249824,"gas_method":"estimated"}}}