{"wallet":"0xc0b254a054cad90acbabb3d5b2ffa34a417b5106","rank":445526,"lifetime":{"months_active":15,"first":"2023-07","last":"2025-10","tx_sum":156,"uniq_sum":83,"trade_sum":13,"nft_sum":24,"gas_sum":0.001633,"avg_balance_eth_mean":0.002785,"streak_best_days":3,"gas_sum_filled":0.001633},"months":{"2023-07":{"txs":0,"uniq":0,"trade":0,"nft":0,"gas":0,"bal":0,"days":0,"spread":0,"streak":0,"rank_m":271113,"pct_m":0.288251},"2023-08":{"txs":0,"uniq":0,"trade":0,"nft":0,"gas":0,"bal":0,"days":0,"spread":0,"streak":0,"rank_m":357714,"pct_m":0.380327},"2023-09":{"txs":0,"uniq":0,"trade":0,"nft":0,"gas":0,"bal":0,"days":0,"spread":0,"streak":0,"rank_m":379309,"pct_m":0.403287},"2023-10":{"txs":0,"uniq":0,"trade":0,"nft":0,"gas":0,"bal":0,"days":0,"spread":0,"streak":0,"rank_m":397378,"pct_m":0.422498},"2023-11":{"txs":1,"uniq":1,"trade":0,"nft":0,"gas":0.000016,"bal":0.000003,"days":1,"spread":0.033333,"streak":1,"rank_m":168826,"pct_m":0.179498,"gas_method":"estimated"},"2023-12":{"txs":3,"uniq":3,"trade":1,"nft":0,"gas":0.000088,"bal":0.000273,"days":1,"spread":0.032258,"streak":1,"rank_m":136127,"pct_m":0.144732,"gas_method":"estimated"},"2024-01":{"txs":76,"uniq":23,"trade":12,"nft":6,"gas":0.001175,"bal":0.020817,"days":6,"spread":0.193548,"streak":3,"rank_m":2977,"pct_m":0.003164,"gas_method":"exact"},"2024-02":{"txs":3,"uniq":3,"trade":0,"nft":0,"gas":0.000046,"bal":0.006936,"days":1,"spread":0.034483,"streak":1,"rank_m":180280,"pct_m":0.191676,"gas_method":"estimated"},"2024-03":{"txs":4,"uniq":2,"trade":0,"nft":1,"gas":0.000092,"bal":0.005904,"days":2,"spread":0.064516,"streak":1,"rank_m":253115,"pct_m":0.269115,"gas_method":"estimated"},"2024-04":{"txs":1,"uniq":1,"trade":0,"nft":0,"gas":0.000003,"bal":0.005295,"days":1,"spread":0.033333,"streak":1,"rank_m":399708,"pct_m":0.424976,"gas_method":"estimated"},"2024-05":{"txs":3,"uniq":3,"trade":0,"nft":0,"gas":0.000003,"bal":0.00529,"days":1,"spread":0.032258,"streak":1,"rank_m":391263,"pct_m":0.415997,"gas_method":"estimated"},"2024-06":{"txs":4,"uniq":3,"trade":0,"nft":0,"gas":0,"bal":0.00637,"days":1,"spread":0.033333,"streak":1,"rank_m":375755,"pct_m":0.399508,"gas_method":"estimated"},"2024-07":{"txs":10,"uniq":8,"trade":0,"nft":1,"gas":0.000001,"bal":0.009748,"days":2,"spread":0.064516,"streak":1,"rank_m":228126,"pct_m":0.242547,"gas_method":"estimated"},"2024-08":{"txs":18,"uniq":16,"trade":0,"nft":15,"gas":0.000002,"bal":0.000287,"days":1,"spread":0.032258,"streak":1,"rank_m":344064,"pct_m":0.365814,"gas_method":"estimated"},"2024-09":{"txs":3,"uniq":2,"trade":0,"nft":1,"gas":0,"bal":0.000629,"days":1,"spread":0.033333,"streak":1,"rank_m":398106,"pct_m":0.423272,"gas_method":"estimated"},"2024-10":{"txs":0,"uniq":0,"trade":0,"nft":0,"gas":0,"bal":0.000629,"days":0,"spread":0,"streak":0,"rank_m":608971,"pct_m":0.647468},"2024-11":{"txs":1,"uniq":1,"trade":0,"nft":0,"gas":0.000002,"bal":0.000502,"days":1,"spread":0.033333,"streak":1,"rank_m":493044,"pct_m":0.524212,"gas_method":"exact"},"2024-12":{"txs":0,"uniq":0,"trade":0,"nft":0,"gas":0,"bal":0.000502,"days":0,"spread":0,"streak":0,"rank_m":666146,"pct_m":0.708257},"2025-01":{"txs":0,"uniq":0,"trade":0,"nft":0,"gas":0,"bal":0.000502,"days":0,"spread":0,"streak":0,"rank_m":659888,"pct_m":0.701604},"2025-02":{"txs":0,"uniq":0,"trade":0,"nft":0,"gas":0,"bal":0.000502,"days":0,"spread":0,"streak":0,"rank_m":681786,"pct_m":0.724886},"2025-03":{"txs":0,"uniq":0,"trade":0,"nft":0,"gas":0,"bal":0.000502,"days":0,"spread":0,"streak":0,"rank_m":683841,"pct_m":0.727071},"2025-04":{"txs":0,"uniq":0,"trade":0,"nft":0,"gas":0,"bal":0.000502,"days":0,"spread":0,"streak":0,"rank_m":710481,"pct_m":0.755395},"2025-05":{"txs":1,"uniq":1,"trade":0,"nft":0,"gas":0.000007,"bal":0.001228,"days":1,"spread":0.032258,"streak":1,"rank_m":488206,"pct_m":0.519068,"gas_method":"estimated"},"2025-06":{"txs":14,"uniq":8,"trade":0,"nft":0,"gas":0.000099,"bal":0.002231,"days":3,"spread":0.1,"streak":1,"rank_m":346413,"pct_m":0.368311,"gas_method":"estimated"},"2025-07":{"txs":14,"uniq":8,"trade":0,"nft":0,"gas":0.000099,"bal":0.002333,"days":3,"spread":0.096774,"streak":1,"rank_m":349136,"pct_m":0.371207,"gas_method":"estimated"},"2025-08":{"txs":0,"uniq":0,"trade":0,"nft":0,"gas":0,"bal":0.002333,"days":0,"spread":0,"streak":0,"rank_m":605051,"pct_m":0.6433},"2025-09":{"txs":0,"uniq":0,"trade":0,"nft":0,"gas":0,"bal":0.002333,"days":0,"spread":0,"streak":0,"rank_m":591630,"pct_m":0.629031},"2025-10":{"txs":0,"uniq":0,"trade":0,"nft":0,"gas":0,"bal":0.002333,"days":0,"spread":0,"streak":0,"rank_m":497980,"pct_m":0.52946}}}