{"wallet":"0xc077c55c71e8dadc8f3ff60100c673830dff2aaf","rank":154385,"lifetime":{"months_active":22,"first":"2023-07","last":"2025-10","tx_sum":210,"uniq_sum":138,"trade_sum":51,"nft_sum":27,"gas_sum":0.001402,"avg_balance_eth_mean":0.055356,"streak_best_days":2,"gas_sum_filled":0.001402},"months":{"2023-07":{"txs":0,"uniq":0,"trade":0,"nft":0,"gas":0,"bal":0,"days":0,"spread":0,"streak":0,"rank_m":271922,"pct_m":0.289111},"2023-08":{"txs":0,"uniq":0,"trade":0,"nft":0,"gas":0,"bal":0,"days":0,"spread":0,"streak":0,"rank_m":358436,"pct_m":0.381094},"2023-09":{"txs":0,"uniq":0,"trade":0,"nft":0,"gas":0,"bal":0,"days":0,"spread":0,"streak":0,"rank_m":380064,"pct_m":0.40409},"2023-10":{"txs":0,"uniq":0,"trade":0,"nft":0,"gas":0,"bal":0,"days":0,"spread":0,"streak":0,"rank_m":398118,"pct_m":0.423285},"2023-11":{"txs":0,"uniq":0,"trade":0,"nft":0,"gas":0,"bal":0,"days":0,"spread":0,"streak":0,"rank_m":414228,"pct_m":0.440414},"2023-12":{"txs":0,"uniq":0,"trade":0,"nft":0,"gas":0,"bal":0,"days":0,"spread":0,"streak":0,"rank_m":434000,"pct_m":0.461435},"2024-01":{"txs":9,"uniq":7,"trade":3,"nft":2,"gas":0.000045,"bal":0.074599,"days":3,"spread":0.096774,"streak":1,"rank_m":37137,"pct_m":0.039484,"gas_method":"exact"},"2024-02":{"txs":17,"uniq":9,"trade":2,"nft":2,"gas":0.000339,"bal":0.091777,"days":4,"spread":0.137931,"streak":1,"rank_m":34768,"pct_m":0.036965,"gas_method":"exact"},"2024-03":{"txs":6,"uniq":5,"trade":2,"nft":5,"gas":0.000073,"bal":0.074156,"days":6,"spread":0.193548,"streak":2,"rank_m":98772,"pct_m":0.105015,"gas_method":"exact"},"2024-04":{"txs":13,"uniq":10,"trade":1,"nft":2,"gas":0.000029,"bal":0.059895,"days":4,"spread":0.133333,"streak":1,"rank_m":172092,"pct_m":0.18297,"gas_method":"estimated"},"2024-05":{"txs":8,"uniq":6,"trade":2,"nft":0,"gas":0.000006,"bal":0.075571,"days":3,"spread":0.096774,"streak":1,"rank_m":175383,"pct_m":0.186469,"gas_method":"estimated"},"2024-06":{"txs":13,"uniq":9,"trade":8,"nft":0,"gas":0,"bal":0.075244,"days":4,"spread":0.133333,"streak":1,"rank_m":101780,"pct_m":0.108213,"gas_method":"estimated"},"2024-07":{"txs":14,"uniq":9,"trade":3,"nft":0,"gas":0.000002,"bal":0.087618,"days":4,"spread":0.129032,"streak":1,"rank_m":87603,"pct_m":0.09314,"gas_method":"estimated"},"2024-08":{"txs":23,"uniq":20,"trade":4,"nft":12,"gas":0.000003,"bal":0.086312,"days":6,"spread":0.193548,"streak":1,"rank_m":43409,"pct_m":0.046152,"gas_method":"exact"},"2024-09":{"txs":7,"uniq":5,"trade":2,"nft":2,"gas":0.000001,"bal":0.071515,"days":4,"spread":0.133333,"streak":1,"rank_m":80532,"pct_m":0.085622,"gas_method":"exact"},"2024-10":{"txs":12,"uniq":7,"trade":3,"nft":0,"gas":0.000001,"bal":0.072096,"days":4,"spread":0.129032,"streak":1,"rank_m":108386,"pct_m":0.115237,"gas_method":"estimated"},"2024-11":{"txs":9,"uniq":6,"trade":1,"nft":0,"gas":0.000021,"bal":0.068857,"days":5,"spread":0.166667,"streak":1,"rank_m":176297,"pct_m":0.187441,"gas_method":"exact"},"2024-12":{"txs":17,"uniq":9,"trade":9,"nft":0,"gas":0.000375,"bal":0.083157,"days":4,"spread":0.129032,"streak":1,"rank_m":153425,"pct_m":0.163123,"gas_method":"exact"},"2025-01":{"txs":4,"uniq":1,"trade":4,"nft":0,"gas":0.000104,"bal":0.067149,"days":3,"spread":0.096774,"streak":1,"rank_m":287525,"pct_m":0.305701,"gas_method":"exact"},"2025-02":{"txs":6,"uniq":5,"trade":2,"nft":0,"gas":0.000042,"bal":0.067543,"days":3,"spread":0.107143,"streak":1,"rank_m":177971,"pct_m":0.189221,"gas_method":"exact"},"2025-03":{"txs":3,"uniq":1,"trade":0,"nft":0,"gas":0.000024,"bal":0.023048,"days":2,"spread":0.064516,"streak":1,"rank_m":321127,"pct_m":0.341427,"gas_method":"exact"},"2025-04":{"txs":7,"uniq":4,"trade":3,"nft":0,"gas":0.000042,"bal":0.082474,"days":3,"spread":0.1,"streak":1,"rank_m":157673,"pct_m":0.16764,"gas_method":"exact"},"2025-05":{"txs":6,"uniq":3,"trade":0,"nft":0,"gas":0.000042,"bal":0.082344,"days":1,"spread":0.032258,"streak":1,"rank_m":143669,"pct_m":0.15275,"gas_method":"estimated"},"2025-06":{"txs":4,"uniq":3,"trade":0,"nft":0,"gas":0.000028,"bal":0.046764,"days":1,"spread":0.033333,"streak":1,"rank_m":213713,"pct_m":0.227222,"gas_method":"estimated"},"2025-07":{"txs":4,"uniq":4,"trade":0,"nft":1,"gas":0.000028,"bal":0.02136,"days":1,"spread":0.032258,"streak":1,"rank_m":234280,"pct_m":0.24909,"gas_method":"estimated"},"2025-08":{"txs":14,"uniq":6,"trade":2,"nft":0,"gas":0.000099,"bal":0.082311,"days":4,"spread":0.129032,"streak":1,"rank_m":82247,"pct_m":0.087445,"gas_method":"estimated"},"2025-09":{"txs":10,"uniq":6,"trade":0,"nft":1,"gas":0.00007,"bal":0.074043,"days":4,"spread":0.133333,"streak":1,"rank_m":100485,"pct_m":0.106836,"gas_method":"estimated"},"2025-10":{"txs":4,"uniq":3,"trade":0,"nft":0,"gas":0.000028,"bal":0.082132,"days":2,"spread":0.064516,"streak":1,"rank_m":85400,"pct_m":0.090798,"gas_method":"estimated"}}}