{"wallet":"0xc0fd1cceb0e7912907ef1a6b626ac48a0964acba","rank":690749,"lifetime":{"months_active":15,"first":"2023-07","last":"2025-10","tx_sum":111,"uniq_sum":73,"trade_sum":0,"nft_sum":44,"gas_sum":0.002116,"avg_balance_eth_mean":0.00802,"streak_best_days":2,"gas_sum_filled":0.002116},"months":{"2023-07":{"txs":0,"uniq":0,"trade":0,"nft":0,"gas":0,"bal":0,"days":0,"spread":0,"streak":0,"rank_m":270133,"pct_m":0.287209},"2023-08":{"txs":0,"uniq":0,"trade":0,"nft":0,"gas":0,"bal":0,"days":0,"spread":0,"streak":0,"rank_m":356854,"pct_m":0.379412},"2023-09":{"txs":0,"uniq":0,"trade":0,"nft":0,"gas":0,"bal":0,"days":0,"spread":0,"streak":0,"rank_m":378398,"pct_m":0.402318},"2023-10":{"txs":0,"uniq":0,"trade":0,"nft":0,"gas":0,"bal":0,"days":0,"spread":0,"streak":0,"rank_m":396441,"pct_m":0.421502},"2023-11":{"txs":31,"uniq":11,"trade":0,"nft":0,"gas":0.001222,"bal":0.001636,"days":1,"spread":0.033333,"streak":1,"rank_m":88345,"pct_m":0.093929,"gas_method":"estimated"},"2023-12":{"txs":3,"uniq":1,"trade":0,"nft":0,"gas":0.000222,"bal":0.007355,"days":2,"spread":0.064516,"streak":1,"rank_m":111281,"pct_m":0.118315,"gas_method":"estimated"},"2024-01":{"txs":5,"uniq":5,"trade":0,"nft":0,"gas":0.000095,"bal":0.007304,"days":2,"spread":0.064516,"streak":1,"rank_m":83014,"pct_m":0.088261,"gas_method":"exact"},"2024-02":{"txs":8,"uniq":5,"trade":0,"nft":1,"gas":0.000311,"bal":0.00555,"days":2,"spread":0.068966,"streak":1,"rank_m":138040,"pct_m":0.146766,"gas_method":"estimated"},"2024-03":{"txs":2,"uniq":2,"trade":0,"nft":2,"gas":0.000116,"bal":0.003677,"days":1,"spread":0.032258,"streak":1,"rank_m":275380,"pct_m":0.292788,"gas_method":"estimated"},"2024-04":{"txs":1,"uniq":1,"trade":0,"nft":0,"gas":0.000007,"bal":0.003492,"days":1,"spread":0.033333,"streak":1,"rank_m":410296,"pct_m":0.436233,"gas_method":"estimated"},"2024-05":{"txs":8,"uniq":6,"trade":0,"nft":2,"gas":0.000019,"bal":0.003431,"days":2,"spread":0.064516,"streak":1,"rank_m":325152,"pct_m":0.345706,"gas_method":"estimated"},"2024-06":{"txs":2,"uniq":1,"trade":0,"nft":0,"gas":0,"bal":0.009607,"days":1,"spread":0.033333,"streak":1,"rank_m":385454,"pct_m":0.409821,"gas_method":"estimated"},"2024-07":{"txs":0,"uniq":0,"trade":0,"nft":0,"gas":0,"bal":0.009607,"days":0,"spread":0,"streak":0,"rank_m":468504,"pct_m":0.498121},"2024-08":{"txs":39,"uniq":33,"trade":0,"nft":37,"gas":0.00001,"bal":0.006185,"days":2,"spread":0.064516,"streak":1,"rank_m":148745,"pct_m":0.158147,"gas_method":"estimated"},"2024-09":{"txs":1,"uniq":0,"trade":0,"nft":1,"gas":0,"bal":0.021155,"days":1,"spread":0.033333,"streak":1,"rank_m":289287,"pct_m":0.307574,"gas_method":"estimated"},"2024-10":{"txs":3,"uniq":3,"trade":0,"nft":1,"gas":0.000001,"bal":0.024672,"days":3,"spread":0.096774,"streak":2,"rank_m":233214,"pct_m":0.247956,"gas_method":"estimated"},"2024-11":{"txs":0,"uniq":0,"trade":0,"nft":0,"gas":0,"bal":0.024672,"days":0,"spread":0,"streak":0,"rank_m":498503,"pct_m":0.530016},"2024-12":{"txs":0,"uniq":0,"trade":0,"nft":0,"gas":0,"bal":0.024672,"days":0,"spread":0,"streak":0,"rank_m":561683,"pct_m":0.59719},"2025-01":{"txs":3,"uniq":3,"trade":0,"nft":0,"gas":0.000078,"bal":0.014215,"days":2,"spread":0.064516,"streak":1,"rank_m":383232,"pct_m":0.407458,"gas_method":"exact"},"2025-02":{"txs":0,"uniq":0,"trade":0,"nft":0,"gas":0,"bal":0.014215,"days":0,"spread":0,"streak":0,"rank_m":543007,"pct_m":0.577334},"2025-03":{"txs":0,"uniq":0,"trade":0,"nft":0,"gas":0,"bal":0.014215,"days":0,"spread":0,"streak":0,"rank_m":519892,"pct_m":0.552757},"2025-04":{"txs":0,"uniq":0,"trade":0,"nft":0,"gas":0,"bal":0.014215,"days":0,"spread":0,"streak":0,"rank_m":560712,"pct_m":0.596158},"2025-05":{"txs":2,"uniq":1,"trade":0,"nft":0,"gas":0.000014,"bal":0.003354,"days":2,"spread":0.064516,"streak":1,"rank_m":375316,"pct_m":0.399042,"gas_method":"estimated"},"2025-06":{"txs":0,"uniq":0,"trade":0,"nft":0,"gas":0,"bal":0.003354,"days":0,"spread":0,"streak":0,"rank_m":582398,"pct_m":0.619215},"2025-07":{"txs":1,"uniq":1,"trade":0,"nft":0,"gas":0.000007,"bal":0.002663,"days":1,"spread":0.032258,"streak":1,"rank_m":478440,"pct_m":0.508685,"gas_method":"estimated"},"2025-08":{"txs":0,"uniq":0,"trade":0,"nft":0,"gas":0,"bal":0.002663,"days":0,"spread":0,"streak":0,"rank_m":595895,"pct_m":0.633565},"2025-09":{"txs":2,"uniq":0,"trade":0,"nft":0,"gas":0.000014,"bal":0,"days":1,"spread":0.033333,"streak":1,"rank_m":769299,"pct_m":0.817931,"gas_method":"estimated"},"2025-10":{"txs":0,"uniq":0,"trade":0,"nft":0,"gas":0,"bal":0.002663,"days":0,"spread":0,"streak":0,"rank_m":487872,"pct_m":0.518713}}}