{"wallet":"0xc046244baa0fc887fde5c31bb647debf46760042","rank":103042,"lifetime":{"months_active":22,"first":"2023-07","last":"2025-10","tx_sum":439,"uniq_sum":70,"trade_sum":13,"nft_sum":12,"gas_sum":0.002898,"avg_balance_eth_mean":0.009508,"streak_best_days":163,"gas_sum_filled":0.002898},"months":{"2023-07":{"txs":0,"uniq":0,"trade":0,"nft":0,"gas":0,"bal":0,"days":0,"spread":0,"streak":0,"rank_m":272607,"pct_m":0.28984},"2023-08":{"txs":3,"uniq":1,"trade":0,"nft":0,"gas":0.00005,"bal":0.00157,"days":2,"spread":0.064516,"streak":1,"rank_m":137489,"pct_m":0.14618,"gas_method":"exact"},"2023-09":{"txs":0,"uniq":0,"trade":0,"nft":0,"gas":0,"bal":0.00157,"days":0,"spread":0,"streak":0,"rank_m":180536,"pct_m":0.191948},"2023-10":{"txs":0,"uniq":0,"trade":0,"nft":0,"gas":0,"bal":0.00157,"days":0,"spread":0,"streak":0,"rank_m":178676,"pct_m":0.18997},"2023-11":{"txs":1,"uniq":1,"trade":0,"nft":1,"gas":0.000012,"bal":0.000874,"days":1,"spread":0.033333,"streak":1,"rank_m":132484,"pct_m":0.140858,"gas_method":"estimated"},"2023-12":{"txs":1,"uniq":1,"trade":0,"nft":1,"gas":0.000023,"bal":0.000636,"days":1,"spread":0.032258,"streak":1,"rank_m":165589,"pct_m":0.176056,"gas_method":"estimated"},"2024-01":{"txs":0,"uniq":0,"trade":0,"nft":0,"gas":0,"bal":0.000636,"days":0,"spread":0,"streak":0,"rank_m":235666,"pct_m":0.250563},"2024-02":{"txs":0,"uniq":0,"trade":0,"nft":0,"gas":0,"bal":0.000636,"days":0,"spread":0,"streak":0,"rank_m":299340,"pct_m":0.318263},"2024-03":{"txs":1,"uniq":1,"trade":0,"nft":2,"gas":0.000018,"bal":0.000458,"days":1,"spread":0.032258,"streak":1,"rank_m":334105,"pct_m":0.355225,"gas_method":"estimated"},"2024-04":{"txs":0,"uniq":0,"trade":0,"nft":0,"gas":0,"bal":0.000458,"days":0,"spread":0,"streak":0,"rank_m":481764,"pct_m":0.512219},"2024-05":{"txs":3,"uniq":2,"trade":0,"nft":1,"gas":0.000002,"bal":0.000325,"days":2,"spread":0.064516,"streak":1,"rank_m":437960,"pct_m":0.465646,"gas_method":"estimated"},"2024-06":{"txs":7,"uniq":4,"trade":0,"nft":2,"gas":0,"bal":0.002664,"days":5,"spread":0.166667,"streak":3,"rank_m":268845,"pct_m":0.28584,"gas_method":"estimated"},"2024-07":{"txs":12,"uniq":6,"trade":0,"nft":1,"gas":0.000001,"bal":0.010418,"days":3,"spread":0.096774,"streak":2,"rank_m":191975,"pct_m":0.20411,"gas_method":"estimated"},"2024-08":{"txs":11,"uniq":2,"trade":0,"nft":1,"gas":0.000001,"bal":0.008804,"days":4,"spread":0.129032,"streak":2,"rank_m":246738,"pct_m":0.262335,"gas_method":"estimated"},"2024-09":{"txs":10,"uniq":4,"trade":0,"nft":2,"gas":0,"bal":0.002484,"days":2,"spread":0.066667,"streak":1,"rank_m":267134,"pct_m":0.284021,"gas_method":"estimated"},"2024-10":{"txs":4,"uniq":3,"trade":4,"nft":0,"gas":0,"bal":0.012014,"days":1,"spread":0.032258,"streak":1,"rank_m":250634,"pct_m":0.266477,"gas_method":"estimated"},"2024-11":{"txs":23,"uniq":8,"trade":9,"nft":0,"gas":0.000053,"bal":0.011723,"days":6,"spread":0.2,"streak":4,"rank_m":91142,"pct_m":0.096903,"gas_method":"exact"},"2024-12":{"txs":61,"uniq":10,"trade":0,"nft":0,"gas":0.000069,"bal":0.021842,"days":19,"spread":0.612903,"streak":12,"rank_m":136662,"pct_m":0.1453,"gas_method":"exact"},"2025-01":{"txs":39,"uniq":6,"trade":0,"nft":0,"gas":0.001013,"bal":0.014837,"days":31,"spread":1,"streak":31,"rank_m":53409,"pct_m":0.056784,"gas_method":"exact"},"2025-02":{"txs":25,"uniq":2,"trade":0,"nft":0,"gas":0.000176,"bal":0.030298,"days":24,"spread":0.857143,"streak":24,"rank_m":68840,"pct_m":0.073191,"gas_method":"exact"},"2025-03":{"txs":33,"uniq":3,"trade":0,"nft":0,"gas":0.000261,"bal":0.029954,"days":31,"spread":1,"streak":31,"rank_m":49639,"pct_m":0.052776,"gas_method":"exact"},"2025-04":{"txs":32,"uniq":3,"trade":0,"nft":0,"gas":0.000002,"bal":0.029795,"days":30,"spread":1,"streak":30,"rank_m":154964,"pct_m":0.164759,"gas_method":"exact"},"2025-05":{"txs":32,"uniq":2,"trade":0,"nft":0,"gas":0.000225,"bal":0.025941,"days":31,"spread":1,"streak":31,"rank_m":40800,"pct_m":0.043378,"gas_method":"estimated"},"2025-06":{"txs":31,"uniq":2,"trade":0,"nft":0,"gas":0.000218,"bal":0.010993,"days":30,"spread":1,"streak":30,"rank_m":91361,"pct_m":0.097136,"gas_method":"estimated"},"2025-07":{"txs":31,"uniq":2,"trade":0,"nft":0,"gas":0.000218,"bal":0.011474,"days":30,"spread":0.967742,"streak":17,"rank_m":109471,"pct_m":0.11639,"gas_method":"estimated"},"2025-08":{"txs":35,"uniq":5,"trade":0,"nft":1,"gas":0.000246,"bal":0.012003,"days":31,"spread":1,"streak":31,"rank_m":40743,"pct_m":0.043318,"gas_method":"estimated"},"2025-09":{"txs":29,"uniq":1,"trade":0,"nft":0,"gas":0.000204,"bal":0.011129,"days":29,"spread":0.966667,"streak":25,"rank_m":98394,"pct_m":0.104613,"gas_method":"estimated"},"2025-10":{"txs":15,"uniq":1,"trade":0,"nft":0,"gas":0.000106,"bal":0.01111,"days":15,"spread":0.483871,"streak":15,"rank_m":79639,"pct_m":0.084673,"gas_method":"estimated"}}}