{"wallet":"0xc07d3f8278591400b2b69dbf611af699c7c9adcd","rank":119840,"lifetime":{"months_active":19,"first":"2023-07","last":"2025-10","tx_sum":366,"uniq_sum":168,"trade_sum":23,"nft_sum":107,"gas_sum":0.001554,"avg_balance_eth_mean":0.015417,"streak_best_days":4,"gas_sum_filled":0.001554},"months":{"2023-07":{"txs":0,"uniq":0,"trade":0,"nft":0,"gas":0,"bal":0,"days":0,"spread":0,"streak":0,"rank_m":271847,"pct_m":0.289032},"2023-08":{"txs":5,"uniq":3,"trade":0,"nft":0,"gas":0.000614,"bal":0.014293,"days":1,"spread":0.032258,"streak":1,"rank_m":108275,"pct_m":0.115119,"gas_method":"exact"},"2023-09":{"txs":0,"uniq":0,"trade":0,"nft":0,"gas":0,"bal":0.014293,"days":0,"spread":0,"streak":0,"rank_m":154720,"pct_m":0.1645},"2023-10":{"txs":4,"uniq":3,"trade":0,"nft":0,"gas":0.000028,"bal":0.004824,"days":1,"spread":0.032258,"streak":1,"rank_m":99360,"pct_m":0.10564,"gas_method":"estimated"},"2023-11":{"txs":1,"uniq":1,"trade":0,"nft":0,"gas":0.000012,"bal":0.000453,"days":1,"spread":0.033333,"streak":1,"rank_m":157404,"pct_m":0.167354,"gas_method":"estimated"},"2023-12":{"txs":0,"uniq":0,"trade":0,"nft":0,"gas":0,"bal":0.000453,"days":0,"spread":0,"streak":0,"rank_m":236052,"pct_m":0.250974},"2024-01":{"txs":0,"uniq":0,"trade":0,"nft":0,"gas":0,"bal":0.000453,"days":0,"spread":0,"streak":0,"rank_m":244323,"pct_m":0.259768},"2024-02":{"txs":6,"uniq":4,"trade":0,"nft":4,"gas":0.000073,"bal":0.001995,"days":4,"spread":0.137931,"streak":2,"rank_m":128155,"pct_m":0.136256,"gas_method":"estimated"},"2024-03":{"txs":5,"uniq":5,"trade":0,"nft":5,"gas":0.000091,"bal":0.002207,"days":4,"spread":0.129032,"streak":1,"rank_m":222459,"pct_m":0.236521,"gas_method":"estimated"},"2024-04":{"txs":34,"uniq":13,"trade":0,"nft":11,"gas":0.000078,"bal":0.006487,"days":10,"spread":0.333333,"streak":2,"rank_m":112292,"pct_m":0.11939,"gas_method":"exact"},"2024-05":{"txs":104,"uniq":35,"trade":2,"nft":25,"gas":0.000078,"bal":0.005296,"days":14,"spread":0.451613,"streak":3,"rank_m":58809,"pct_m":0.062526,"gas_method":"estimated"},"2024-06":{"txs":91,"uniq":35,"trade":1,"nft":29,"gas":0.000003,"bal":0.004962,"days":15,"spread":0.5,"streak":4,"rank_m":60220,"pct_m":0.064026,"gas_method":"estimated"},"2024-07":{"txs":44,"uniq":21,"trade":0,"nft":18,"gas":0.000002,"bal":0.116329,"days":12,"spread":0.387097,"streak":3,"rank_m":12205,"pct_m":0.012976,"gas_method":"exact"},"2024-08":{"txs":4,"uniq":4,"trade":2,"nft":8,"gas":0,"bal":0.049361,"days":4,"spread":0.129032,"streak":1,"rank_m":167462,"pct_m":0.178048,"gas_method":"estimated"},"2024-09":{"txs":6,"uniq":4,"trade":4,"nft":4,"gas":0,"bal":0.013337,"days":4,"spread":0.133333,"streak":1,"rank_m":139178,"pct_m":0.147975,"gas_method":"estimated"},"2024-10":{"txs":7,"uniq":5,"trade":0,"nft":2,"gas":0,"bal":0.004582,"days":3,"spread":0.096774,"streak":1,"rank_m":284695,"pct_m":0.302692,"gas_method":"estimated"},"2024-11":{"txs":13,"uniq":7,"trade":8,"nft":1,"gas":0.00003,"bal":0.023105,"days":6,"spread":0.2,"streak":1,"rank_m":142490,"pct_m":0.151497,"gas_method":"exact"},"2024-12":{"txs":7,"uniq":4,"trade":0,"nft":0,"gas":0.000154,"bal":0.001907,"days":3,"spread":0.096774,"streak":1,"rank_m":399323,"pct_m":0.424566,"gas_method":"exact"},"2025-01":{"txs":9,"uniq":6,"trade":2,"nft":0,"gas":0.000208,"bal":0.007985,"days":5,"spread":0.16129,"streak":2,"rank_m":202436,"pct_m":0.215233,"gas_method":"exact"},"2025-02":{"txs":7,"uniq":6,"trade":2,"nft":0,"gas":0.000049,"bal":0.057085,"days":4,"spread":0.142857,"streak":1,"rank_m":151444,"pct_m":0.161017,"gas_method":"exact"},"2025-03":{"txs":13,"uniq":8,"trade":2,"nft":0,"gas":0.000103,"bal":0.025675,"days":3,"spread":0.096774,"streak":2,"rank_m":101798,"pct_m":0.108232,"gas_method":"exact"},"2025-04":{"txs":5,"uniq":3,"trade":0,"nft":0,"gas":0.000024,"bal":0.007382,"days":2,"spread":0.066667,"streak":1,"rank_m":329147,"pct_m":0.349954,"gas_method":"exact"},"2025-05":{"txs":0,"uniq":0,"trade":0,"nft":0,"gas":0,"bal":0.007382,"days":0,"spread":0,"streak":0,"rank_m":507666,"pct_m":0.539759},"2025-06":{"txs":1,"uniq":1,"trade":0,"nft":0,"gas":0.000007,"bal":0.012367,"days":1,"spread":0.033333,"streak":1,"rank_m":322174,"pct_m":0.34254,"gas_method":"estimated"},"2025-07":{"txs":0,"uniq":0,"trade":0,"nft":0,"gas":0,"bal":0.012367,"days":0,"spread":0,"streak":0,"rank_m":482617,"pct_m":0.513126},"2025-08":{"txs":0,"uniq":0,"trade":0,"nft":0,"gas":0,"bal":0.012367,"days":0,"spread":0,"streak":0,"rank_m":453160,"pct_m":0.481807},"2025-09":{"txs":0,"uniq":0,"trade":0,"nft":0,"gas":0,"bal":0.012367,"days":0,"spread":0,"streak":0,"rank_m":447661,"pct_m":0.47596},"2025-10":{"txs":0,"uniq":0,"trade":0,"nft":0,"gas":0,"bal":0.012367,"days":0,"spread":0,"streak":0,"rank_m":342234,"pct_m":0.363868}}}