{"wallet":"0xc0cc7fe46abab55a86120d6993b35a1c1faedfa6","rank":318041,"lifetime":{"months_active":23,"first":"2023-07","last":"2025-10","tx_sum":150,"uniq_sum":107,"trade_sum":4,"nft_sum":33,"gas_sum":0.002338,"avg_balance_eth_mean":0.005199,"streak_best_days":3,"gas_sum_filled":0.002338},"months":{"2023-07":{"txs":0,"uniq":0,"trade":0,"nft":0,"gas":0,"bal":0,"days":0,"spread":0,"streak":0,"rank_m":270764,"pct_m":0.28788},"2023-08":{"txs":10,"uniq":10,"trade":0,"nft":10,"gas":0.001019,"bal":0.002674,"days":7,"spread":0.225806,"streak":2,"rank_m":63019,"pct_m":0.067002,"gas_method":"exact"},"2023-09":{"txs":10,"uniq":4,"trade":0,"nft":3,"gas":0.000058,"bal":0.001165,"days":4,"spread":0.133333,"streak":2,"rank_m":63982,"pct_m":0.068026,"gas_method":"exact"},"2023-10":{"txs":10,"uniq":8,"trade":1,"nft":3,"gas":0.00008,"bal":0.001316,"days":5,"spread":0.16129,"streak":1,"rank_m":43978,"pct_m":0.046757,"gas_method":"exact"},"2023-11":{"txs":4,"uniq":1,"trade":0,"nft":0,"gas":0.000055,"bal":0.003247,"days":2,"spread":0.066667,"streak":1,"rank_m":108935,"pct_m":0.115821,"gas_method":"estimated"},"2023-12":{"txs":2,"uniq":2,"trade":0,"nft":1,"gas":0.000052,"bal":0.001404,"days":2,"spread":0.064516,"streak":1,"rank_m":129433,"pct_m":0.137614,"gas_method":"estimated"},"2024-01":{"txs":0,"uniq":0,"trade":0,"nft":0,"gas":0,"bal":0.001404,"days":0,"spread":0,"streak":0,"rank_m":220205,"pct_m":0.234125},"2024-02":{"txs":4,"uniq":3,"trade":0,"nft":2,"gas":0.000055,"bal":0.000504,"days":1,"spread":0.034483,"streak":1,"rank_m":219963,"pct_m":0.233868,"gas_method":"estimated"},"2024-03":{"txs":8,"uniq":6,"trade":0,"nft":3,"gas":0.000164,"bal":0.004096,"days":2,"spread":0.064516,"streak":1,"rank_m":216706,"pct_m":0.230405,"gas_method":"estimated"},"2024-04":{"txs":3,"uniq":3,"trade":0,"nft":1,"gas":0.000008,"bal":0.005243,"days":2,"spread":0.066667,"streak":1,"rank_m":359998,"pct_m":0.382755,"gas_method":"estimated"},"2024-05":{"txs":3,"uniq":2,"trade":0,"nft":1,"gas":0.000003,"bal":0.006875,"days":2,"spread":0.064516,"streak":2,"rank_m":335226,"pct_m":0.356417,"gas_method":"estimated"},"2024-06":{"txs":0,"uniq":0,"trade":0,"nft":0,"gas":0,"bal":0.006875,"days":0,"spread":0,"streak":0,"rank_m":480853,"pct_m":0.51125},"2024-07":{"txs":1,"uniq":1,"trade":0,"nft":0,"gas":0,"bal":0.006705,"days":1,"spread":0.032258,"streak":1,"rank_m":398953,"pct_m":0.424173,"gas_method":"estimated"},"2024-08":{"txs":10,"uniq":8,"trade":0,"nft":3,"gas":0.000001,"bal":0.012872,"days":4,"spread":0.129032,"streak":1,"rank_m":198933,"pct_m":0.211508,"gas_method":"estimated"},"2024-09":{"txs":5,"uniq":5,"trade":0,"nft":1,"gas":0,"bal":0.007954,"days":2,"spread":0.066667,"streak":2,"rank_m":213080,"pct_m":0.226549,"gas_method":"estimated"},"2024-10":{"txs":3,"uniq":3,"trade":0,"nft":4,"gas":0,"bal":0.003765,"days":3,"spread":0.096774,"streak":2,"rank_m":292652,"pct_m":0.311152,"gas_method":"estimated"},"2024-11":{"txs":3,"uniq":2,"trade":0,"nft":0,"gas":0.000005,"bal":0.009669,"days":3,"spread":0.1,"streak":1,"rank_m":374436,"pct_m":0.398106,"gas_method":"exact"},"2024-12":{"txs":6,"uniq":6,"trade":0,"nft":0,"gas":0.000132,"bal":0.027571,"days":4,"spread":0.129032,"streak":2,"rank_m":294506,"pct_m":0.313123,"gas_method":"exact"},"2025-01":{"txs":12,"uniq":10,"trade":0,"nft":0,"gas":0.000312,"bal":0.004292,"days":3,"spread":0.096774,"streak":1,"rank_m":273615,"pct_m":0.290911,"gas_method":"exact"},"2025-02":{"txs":28,"uniq":14,"trade":1,"nft":0,"gas":0.000197,"bal":0.003057,"days":7,"spread":0.25,"streak":2,"rank_m":89203,"pct_m":0.094841,"gas_method":"exact"},"2025-03":{"txs":2,"uniq":1,"trade":0,"nft":0,"gas":0.000016,"bal":0.002386,"days":2,"spread":0.064516,"streak":1,"rank_m":402417,"pct_m":0.427856,"gas_method":"exact"},"2025-04":{"txs":1,"uniq":1,"trade":0,"nft":0,"gas":0.000006,"bal":0.001145,"days":1,"spread":0.033333,"streak":1,"rank_m":497211,"pct_m":0.528643,"gas_method":"exact"},"2025-05":{"txs":13,"uniq":10,"trade":2,"nft":0,"gas":0.000091,"bal":0.004876,"days":4,"spread":0.129032,"streak":2,"rank_m":109082,"pct_m":0.115977,"gas_method":"estimated"},"2025-06":{"txs":0,"uniq":0,"trade":0,"nft":0,"gas":0,"bal":0.004876,"days":0,"spread":0,"streak":0,"rank_m":550359,"pct_m":0.58515},"2025-07":{"txs":4,"uniq":2,"trade":0,"nft":1,"gas":0.000028,"bal":0.00943,"days":2,"spread":0.064516,"streak":1,"rank_m":287493,"pct_m":0.305667,"gas_method":"estimated"},"2025-08":{"txs":7,"uniq":4,"trade":0,"nft":0,"gas":0.000049,"bal":0.004365,"days":3,"spread":0.096774,"streak":3,"rank_m":292609,"pct_m":0.311106,"gas_method":"estimated"},"2025-09":{"txs":1,"uniq":1,"trade":0,"nft":0,"gas":0.000007,"bal":0.003901,"days":1,"spread":0.033333,"streak":1,"rank_m":410891,"pct_m":0.436866,"gas_method":"estimated"},"2025-10":{"txs":0,"uniq":0,"trade":0,"nft":0,"gas":0,"bal":0.003901,"days":0,"spread":0,"streak":0,"rank_m":458515,"pct_m":0.4875}}}