{"wallet":"0xc0cd310c2ad97bed5756ea4019ec00ac2f6334a7","rank":74264,"lifetime":{"months_active":27,"first":"2023-07","last":"2025-10","tx_sum":439,"uniq_sum":207,"trade_sum":8,"nft_sum":93,"gas_sum":0.006313,"avg_balance_eth_mean":0.008534,"streak_best_days":6,"gas_sum_filled":0.006313},"months":{"2023-07":{"txs":6,"uniq":2,"trade":0,"nft":1,"gas":0.00086,"bal":0.002081,"days":2,"spread":0.064516,"streak":1,"rank_m":15637,"pct_m":0.016624,"gas_method":"estimated"},"2023-08":{"txs":14,"uniq":11,"trade":0,"nft":5,"gas":0.001329,"bal":0.011339,"days":8,"spread":0.258065,"streak":2,"rank_m":50477,"pct_m":0.053667,"gas_method":"exact"},"2023-09":{"txs":17,"uniq":8,"trade":0,"nft":3,"gas":0.000312,"bal":0.005898,"days":7,"spread":0.233333,"streak":2,"rank_m":32626,"pct_m":0.034687,"gas_method":"exact"},"2023-10":{"txs":11,"uniq":9,"trade":0,"nft":2,"gas":0.000122,"bal":0.012226,"days":6,"spread":0.193548,"streak":2,"rank_m":24395,"pct_m":0.025936,"gas_method":"exact"},"2023-11":{"txs":6,"uniq":5,"trade":0,"nft":2,"gas":0.000228,"bal":0.002733,"days":3,"spread":0.1,"streak":2,"rank_m":43861,"pct_m":0.046633,"gas_method":"exact"},"2023-12":{"txs":3,"uniq":3,"trade":0,"nft":0,"gas":0.000109,"bal":0.003377,"days":1,"spread":0.032258,"streak":1,"rank_m":122770,"pct_m":0.13053,"gas_method":"estimated"},"2024-01":{"txs":0,"uniq":0,"trade":0,"nft":0,"gas":0,"bal":0.003377,"days":0,"spread":0,"streak":0,"rank_m":213277,"pct_m":0.226759},"2024-02":{"txs":2,"uniq":2,"trade":0,"nft":2,"gas":0.000038,"bal":0.006661,"days":2,"spread":0.068966,"streak":1,"rank_m":158516,"pct_m":0.168536,"gas_method":"estimated"},"2024-03":{"txs":16,"uniq":10,"trade":0,"nft":3,"gas":0.00046,"bal":0.017245,"days":5,"spread":0.16129,"streak":1,"rank_m":125989,"pct_m":0.133953,"gas_method":"estimated"},"2024-04":{"txs":55,"uniq":16,"trade":2,"nft":6,"gas":0.001145,"bal":0.010455,"days":13,"spread":0.433333,"streak":6,"rank_m":44552,"pct_m":0.047367,"gas_method":"exact"},"2024-05":{"txs":5,"uniq":5,"trade":0,"nft":2,"gas":0.000006,"bal":0.010354,"days":3,"spread":0.096774,"streak":1,"rank_m":281068,"pct_m":0.298835,"gas_method":"estimated"},"2024-06":{"txs":8,"uniq":6,"trade":0,"nft":3,"gas":0.000001,"bal":0.008584,"days":3,"spread":0.1,"streak":2,"rank_m":169837,"pct_m":0.180573,"gas_method":"exact"},"2024-07":{"txs":3,"uniq":2,"trade":0,"nft":3,"gas":0.000001,"bal":0.008313,"days":3,"spread":0.096774,"streak":1,"rank_m":279626,"pct_m":0.297302,"gas_method":"estimated"},"2024-08":{"txs":50,"uniq":43,"trade":0,"nft":42,"gas":0.000007,"bal":0.008147,"days":9,"spread":0.290323,"streak":4,"rank_m":49739,"pct_m":0.052882,"gas_method":"estimated"},"2024-09":{"txs":18,"uniq":13,"trade":0,"nft":11,"gas":0.000001,"bal":0.003707,"days":8,"spread":0.266667,"streak":3,"rank_m":54692,"pct_m":0.058148,"gas_method":"exact"},"2024-10":{"txs":6,"uniq":6,"trade":0,"nft":3,"gas":0.000001,"bal":0.002241,"days":3,"spread":0.096774,"streak":1,"rank_m":305506,"pct_m":0.324818,"gas_method":"estimated"},"2024-11":{"txs":7,"uniq":4,"trade":0,"nft":1,"gas":0.000016,"bal":0.001381,"days":5,"spread":0.166667,"streak":1,"rank_m":310013,"pct_m":0.32961,"gas_method":"exact"},"2024-12":{"txs":2,"uniq":2,"trade":0,"nft":1,"gas":0.000044,"bal":0.001282,"days":2,"spread":0.064516,"streak":2,"rank_m":427902,"pct_m":0.454952,"gas_method":"exact"},"2025-01":{"txs":9,"uniq":6,"trade":0,"nft":3,"gas":0.000234,"bal":0.001538,"days":5,"spread":0.16129,"streak":1,"rank_m":282339,"pct_m":0.300187,"gas_method":"exact"},"2025-02":{"txs":9,"uniq":7,"trade":0,"nft":0,"gas":0.000049,"bal":0.003525,"days":5,"spread":0.178571,"streak":1,"rank_m":239926,"pct_m":0.255093,"gas_method":"exact"},"2025-03":{"txs":2,"uniq":1,"trade":0,"nft":0,"gas":0.000016,"bal":0.002635,"days":1,"spread":0.032258,"streak":1,"rank_m":415323,"pct_m":0.441578,"gas_method":"exact"},"2025-04":{"txs":2,"uniq":2,"trade":0,"nft":0,"gas":0.000012,"bal":0.00462,"days":2,"spread":0.066667,"streak":1,"rank_m":406078,"pct_m":0.431748,"gas_method":"exact"},"2025-05":{"txs":11,"uniq":8,"trade":0,"nft":0,"gas":0.000077,"bal":0.032181,"days":4,"spread":0.129032,"streak":1,"rank_m":84168,"pct_m":0.089488,"gas_method":"estimated"},"2025-06":{"txs":48,"uniq":14,"trade":0,"nft":0,"gas":0.000338,"bal":0.025739,"days":16,"spread":0.533333,"streak":5,"rank_m":31008,"pct_m":0.032967,"gas_method":"estimated"},"2025-07":{"txs":53,"uniq":9,"trade":2,"nft":0,"gas":0.000373,"bal":0.01504,"days":12,"spread":0.387097,"streak":2,"rank_m":44340,"pct_m":0.047142,"gas_method":"estimated"},"2025-08":{"txs":39,"uniq":7,"trade":4,"nft":0,"gas":0.000274,"bal":0.012058,"days":10,"spread":0.322581,"streak":2,"rank_m":56687,"pct_m":0.06027,"gas_method":"estimated"},"2025-09":{"txs":31,"uniq":5,"trade":0,"nft":0,"gas":0.000218,"bal":0.011447,"days":8,"spread":0.266667,"streak":3,"rank_m":118422,"pct_m":0.125907,"gas_method":"estimated"},"2025-10":{"txs":6,"uniq":1,"trade":0,"nft":0,"gas":0.000042,"bal":0.010775,"days":3,"spread":0.096774,"streak":1,"rank_m":169838,"pct_m":0.180574,"gas_method":"estimated"}}}