{"wallet":"0xc07dd6f42faa2df78c26fe244cb8f0231e5089c4","rank":69917,"lifetime":{"months_active":26,"first":"2023-07","last":"2025-10","tx_sum":496,"uniq_sum":375,"trade_sum":12,"nft_sum":159,"gas_sum":0.004331,"avg_balance_eth_mean":0.001587,"streak_best_days":23,"gas_sum_filled":0.004331},"months":{"2023-07":{"txs":0,"uniq":0,"trade":0,"nft":0,"gas":0,"bal":0,"days":0,"spread":0,"streak":0,"rank_m":271834,"pct_m":0.289018},"2023-08":{"txs":8,"uniq":8,"trade":0,"nft":9,"gas":0.000541,"bal":0.00009,"days":2,"spread":0.064516,"streak":1,"rank_m":104972,"pct_m":0.111607,"gas_method":"exact"},"2023-09":{"txs":36,"uniq":13,"trade":0,"nft":5,"gas":0.001053,"bal":0.002053,"days":16,"spread":0.533333,"streak":5,"rank_m":21932,"pct_m":0.023317,"gas_method":"exact"},"2023-10":{"txs":31,"uniq":18,"trade":0,"nft":11,"gas":0.000242,"bal":0.00681,"days":11,"spread":0.354839,"streak":5,"rank_m":9489,"pct_m":0.010088,"gas_method":"exact"},"2023-11":{"txs":8,"uniq":6,"trade":0,"nft":5,"gas":0.000085,"bal":0.002533,"days":6,"spread":0.2,"streak":2,"rank_m":34085,"pct_m":0.036239,"gas_method":"exact"},"2023-12":{"txs":7,"uniq":4,"trade":0,"nft":5,"gas":0.000107,"bal":0.001239,"days":5,"spread":0.16129,"streak":2,"rank_m":49972,"pct_m":0.05313,"gas_method":"exact"},"2024-01":{"txs":9,"uniq":5,"trade":0,"nft":2,"gas":0.000091,"bal":0.002425,"days":4,"spread":0.129032,"streak":1,"rank_m":67828,"pct_m":0.072115,"gas_method":"exact"},"2024-02":{"txs":17,"uniq":9,"trade":0,"nft":2,"gas":0.000159,"bal":0.00311,"days":6,"spread":0.206897,"streak":3,"rank_m":56254,"pct_m":0.059809,"gas_method":"exact"},"2024-03":{"txs":12,"uniq":8,"trade":0,"nft":11,"gas":0.000292,"bal":0.003403,"days":7,"spread":0.225806,"streak":4,"rank_m":131358,"pct_m":0.139661,"gas_method":"estimated"},"2024-04":{"txs":13,"uniq":5,"trade":0,"nft":10,"gas":0.000039,"bal":0.005004,"days":7,"spread":0.233333,"streak":2,"rank_m":234928,"pct_m":0.249779,"gas_method":"estimated"},"2024-05":{"txs":23,"uniq":8,"trade":0,"nft":14,"gas":0.000055,"bal":0.002435,"days":8,"spread":0.258065,"streak":1,"rank_m":150605,"pct_m":0.160125,"gas_method":"exact"},"2024-06":{"txs":6,"uniq":4,"trade":0,"nft":3,"gas":0,"bal":0.00216,"days":4,"spread":0.133333,"streak":1,"rank_m":312127,"pct_m":0.331858,"gas_method":"estimated"},"2024-07":{"txs":11,"uniq":8,"trade":0,"nft":9,"gas":0.000002,"bal":0.001086,"days":7,"spread":0.225806,"streak":2,"rank_m":219410,"pct_m":0.23328,"gas_method":"estimated"},"2024-08":{"txs":61,"uniq":55,"trade":0,"nft":57,"gas":0.000007,"bal":0.001326,"days":20,"spread":0.645161,"streak":9,"rank_m":83802,"pct_m":0.089099,"gas_method":"estimated"},"2024-09":{"txs":10,"uniq":9,"trade":0,"nft":7,"gas":0.000001,"bal":0.000812,"days":5,"spread":0.166667,"streak":1,"rank_m":241806,"pct_m":0.257091,"gas_method":"estimated"},"2024-10":{"txs":17,"uniq":15,"trade":0,"nft":5,"gas":0,"bal":0.000646,"days":9,"spread":0.290323,"streak":3,"rank_m":138484,"pct_m":0.147238,"gas_method":"exact"},"2024-11":{"txs":10,"uniq":6,"trade":0,"nft":4,"gas":0.000021,"bal":0.000878,"days":6,"spread":0.2,"streak":1,"rank_m":277227,"pct_m":0.294752,"gas_method":"exact"},"2024-12":{"txs":7,"uniq":6,"trade":0,"nft":0,"gas":0.000132,"bal":0.001177,"days":5,"spread":0.16129,"streak":1,"rank_m":384196,"pct_m":0.408483,"gas_method":"exact"},"2025-01":{"txs":4,"uniq":3,"trade":0,"nft":0,"gas":0.000078,"bal":0.000941,"days":4,"spread":0.129032,"streak":3,"rank_m":403669,"pct_m":0.429187,"gas_method":"exact"},"2025-02":{"txs":2,"uniq":2,"trade":0,"nft":0,"gas":0.000014,"bal":0.000508,"days":2,"spread":0.071429,"streak":2,"rank_m":444385,"pct_m":0.472477,"gas_method":"exact"},"2025-03":{"txs":22,"uniq":17,"trade":11,"nft":0,"gas":0.000142,"bal":0.000403,"days":12,"spread":0.387097,"streak":3,"rank_m":128815,"pct_m":0.136957,"gas_method":"exact"},"2025-04":{"txs":5,"uniq":4,"trade":1,"nft":0,"gas":0.000024,"bal":0.000969,"days":5,"spread":0.166667,"streak":3,"rank_m":261539,"pct_m":0.278072,"gas_method":"exact"},"2025-05":{"txs":1,"uniq":1,"trade":0,"nft":0,"gas":0.000007,"bal":0.001458,"days":1,"spread":0.032258,"streak":1,"rank_m":473915,"pct_m":0.503874,"gas_method":"estimated"},"2025-06":{"txs":18,"uniq":13,"trade":0,"nft":0,"gas":0.000127,"bal":0.001001,"days":9,"spread":0.3,"streak":3,"rank_m":316786,"pct_m":0.336811,"gas_method":"estimated"},"2025-07":{"txs":66,"uniq":64,"trade":0,"nft":0,"gas":0.000465,"bal":0.000577,"days":28,"spread":0.903226,"streak":23,"rank_m":219099,"pct_m":0.232949,"gas_method":"estimated"},"2025-08":{"txs":64,"uniq":60,"trade":0,"nft":0,"gas":0.00045,"bal":0.000494,"days":25,"spread":0.806452,"streak":11,"rank_m":231261,"pct_m":0.24588,"gas_method":"estimated"},"2025-09":{"txs":28,"uniq":24,"trade":0,"nft":0,"gas":0.000197,"bal":0.000444,"days":13,"spread":0.433333,"streak":6,"rank_m":283169,"pct_m":0.301069,"gas_method":"estimated"},"2025-10":{"txs":0,"uniq":0,"trade":0,"nft":0,"gas":0,"bal":0.000444,"days":0,"spread":0,"streak":0,"rank_m":629370,"pct_m":0.669156}}}