{"wallet":"0xc03c4850d9d01af5c25e73f235d80c3aae120dbb","rank":114573,"lifetime":{"months_active":21,"first":"2023-07","last":"2025-10","tx_sum":490,"uniq_sum":196,"trade_sum":15,"nft_sum":70,"gas_sum":0.004347,"avg_balance_eth_mean":0.00074,"streak_best_days":12,"gas_sum_filled":0.004347},"months":{"2023-07":{"txs":0,"uniq":0,"trade":0,"nft":0,"gas":0,"bal":0,"days":0,"spread":0,"streak":0,"rank_m":272750,"pct_m":0.289992},"2023-08":{"txs":0,"uniq":0,"trade":0,"nft":0,"gas":0,"bal":0,"days":0,"spread":0,"streak":0,"rank_m":359165,"pct_m":0.38187},"2023-09":{"txs":0,"uniq":0,"trade":0,"nft":0,"gas":0,"bal":0,"days":0,"spread":0,"streak":0,"rank_m":380839,"pct_m":0.404914},"2023-10":{"txs":0,"uniq":0,"trade":0,"nft":0,"gas":0,"bal":0,"days":0,"spread":0,"streak":0,"rank_m":398894,"pct_m":0.42411},"2023-11":{"txs":13,"uniq":5,"trade":0,"nft":4,"gas":0.000978,"bal":0.000015,"days":2,"spread":0.066667,"streak":1,"rank_m":72251,"pct_m":0.076817,"gas_method":"exact"},"2023-12":{"txs":0,"uniq":0,"trade":0,"nft":0,"gas":0,"bal":0.000015,"days":0,"spread":0,"streak":0,"rank_m":273575,"pct_m":0.290869},"2024-01":{"txs":0,"uniq":0,"trade":0,"nft":0,"gas":0,"bal":0.000015,"days":0,"spread":0,"streak":0,"rank_m":288645,"pct_m":0.306891},"2024-02":{"txs":7,"uniq":4,"trade":0,"nft":3,"gas":0.000077,"bal":0.000127,"days":4,"spread":0.137931,"streak":1,"rank_m":194494,"pct_m":0.206788,"gas_method":"estimated"},"2024-03":{"txs":4,"uniq":3,"trade":0,"nft":3,"gas":0.000066,"bal":0.000254,"days":3,"spread":0.096774,"streak":2,"rank_m":285033,"pct_m":0.303051,"gas_method":"estimated"},"2024-04":{"txs":64,"uniq":19,"trade":0,"nft":13,"gas":0.000129,"bal":0.00113,"days":5,"spread":0.166667,"streak":2,"rank_m":207195,"pct_m":0.220292,"gas_method":"estimated"},"2024-05":{"txs":58,"uniq":27,"trade":1,"nft":12,"gas":0.000084,"bal":0.001807,"days":13,"spread":0.419355,"streak":10,"rank_m":47387,"pct_m":0.050382,"gas_method":"exact"},"2024-06":{"txs":20,"uniq":13,"trade":0,"nft":8,"gas":0.000001,"bal":0.001374,"days":9,"spread":0.3,"streak":2,"rank_m":179329,"pct_m":0.190665,"gas_method":"estimated"},"2024-07":{"txs":19,"uniq":10,"trade":0,"nft":4,"gas":0.000005,"bal":0.000722,"days":9,"spread":0.290323,"streak":2,"rank_m":135579,"pct_m":0.144149,"gas_method":"exact"},"2024-08":{"txs":16,"uniq":10,"trade":0,"nft":4,"gas":0.000006,"bal":0.000877,"days":8,"spread":0.258065,"streak":2,"rank_m":168747,"pct_m":0.179414,"gas_method":"exact"},"2024-09":{"txs":4,"uniq":4,"trade":0,"nft":1,"gas":0,"bal":0.00008,"days":3,"spread":0.1,"streak":1,"rank_m":393736,"pct_m":0.418626,"gas_method":"estimated"},"2024-10":{"txs":27,"uniq":11,"trade":0,"nft":7,"gas":0.000002,"bal":0.000568,"days":11,"spread":0.354839,"streak":6,"rank_m":194355,"pct_m":0.206641,"gas_method":"estimated"},"2024-11":{"txs":96,"uniq":15,"trade":4,"nft":1,"gas":0.000216,"bal":0.001064,"days":25,"spread":0.833333,"streak":12,"rank_m":51309,"pct_m":0.054552,"gas_method":"exact"},"2024-12":{"txs":86,"uniq":23,"trade":8,"nft":5,"gas":0.001874,"bal":0.00149,"days":21,"spread":0.677419,"streak":11,"rank_m":49845,"pct_m":0.052995,"gas_method":"exact"},"2025-01":{"txs":27,"uniq":14,"trade":2,"nft":2,"gas":0.000572,"bal":0.001552,"days":14,"spread":0.451613,"streak":3,"rank_m":109583,"pct_m":0.11651,"gas_method":"exact"},"2025-02":{"txs":17,"uniq":14,"trade":0,"nft":2,"gas":0.000113,"bal":0.000743,"days":9,"spread":0.321429,"streak":4,"rank_m":134510,"pct_m":0.143012,"gas_method":"exact"},"2025-03":{"txs":13,"uniq":7,"trade":0,"nft":0,"gas":0.000095,"bal":0.001864,"days":5,"spread":0.16129,"streak":2,"rank_m":207893,"pct_m":0.221034,"gas_method":"exact"},"2025-04":{"txs":4,"uniq":4,"trade":0,"nft":0,"gas":0.000024,"bal":0.000159,"days":3,"spread":0.1,"streak":1,"rank_m":425977,"pct_m":0.452905,"gas_method":"exact"},"2025-05":{"txs":5,"uniq":4,"trade":0,"nft":0,"gas":0.000035,"bal":0.002233,"days":2,"spread":0.064516,"streak":2,"rank_m":309592,"pct_m":0.329163,"gas_method":"estimated"},"2025-06":{"txs":6,"uniq":5,"trade":0,"nft":0,"gas":0.000042,"bal":0.002189,"days":2,"spread":0.066667,"streak":1,"rank_m":394658,"pct_m":0.419606,"gas_method":"estimated"},"2025-07":{"txs":2,"uniq":2,"trade":0,"nft":0,"gas":0.000014,"bal":0.00061,"days":1,"spread":0.032258,"streak":1,"rank_m":551358,"pct_m":0.586213,"gas_method":"estimated"},"2025-08":{"txs":0,"uniq":0,"trade":0,"nft":0,"gas":0,"bal":0.00061,"days":0,"spread":0,"streak":0,"rank_m":698094,"pct_m":0.742225},"2025-09":{"txs":1,"uniq":1,"trade":0,"nft":1,"gas":0.000007,"bal":0.000609,"days":1,"spread":0.033333,"streak":1,"rank_m":444425,"pct_m":0.47252,"gas_method":"estimated"},"2025-10":{"txs":1,"uniq":1,"trade":0,"nft":0,"gas":0.000007,"bal":0.000608,"days":1,"spread":0.032258,"streak":1,"rank_m":410213,"pct_m":0.436145,"gas_method":"estimated"}}}