{"wallet":"0xc0bc7bbc9afa9b0577d10bd3eb636c8d3ab841d3","rank":8444,"lifetime":{"months_active":25,"first":"2023-07","last":"2025-10","tx_sum":866,"uniq_sum":251,"trade_sum":45,"nft_sum":48,"gas_sum":0.062762,"avg_balance_eth_mean":0.699162,"streak_best_days":12,"gas_sum_filled":0.062762},"months":{"2023-07":{"txs":134,"uniq":15,"trade":0,"nft":0,"gas":0.028655,"bal":0.302359,"days":2,"spread":0.064516,"streak":2,"rank_m":1794,"pct_m":0.001906,"gas_method":"exact"},"2023-08":{"txs":164,"uniq":45,"trade":31,"nft":20,"gas":0.03011,"bal":1.128354,"days":22,"spread":0.709677,"streak":12,"rank_m":496,"pct_m":0.000526,"gas_method":"exact"},"2023-09":{"txs":5,"uniq":4,"trade":0,"nft":0,"gas":0.000088,"bal":1.945421,"days":3,"spread":0.1,"streak":1,"rank_m":65349,"pct_m":0.069479,"gas_method":"estimated"},"2023-10":{"txs":0,"uniq":0,"trade":0,"nft":0,"gas":0,"bal":1.945421,"days":0,"spread":0,"streak":0,"rank_m":154092,"pct_m":0.163832},"2023-11":{"txs":11,"uniq":8,"trade":0,"nft":0,"gas":0.000019,"bal":0.711035,"days":6,"spread":0.2,"streak":3,"rank_m":20073,"pct_m":0.021341,"gas_method":"exact"},"2023-12":{"txs":0,"uniq":0,"trade":0,"nft":0,"gas":0,"bal":0.711035,"days":0,"spread":0,"streak":0,"rank_m":186066,"pct_m":0.197828},"2024-01":{"txs":31,"uniq":3,"trade":0,"nft":0,"gas":0.000434,"bal":0.164756,"days":2,"spread":0.064516,"streak":1,"rank_m":67295,"pct_m":0.071548,"gas_method":"estimated"},"2024-02":{"txs":24,"uniq":19,"trade":0,"nft":2,"gas":0.00019,"bal":0.717104,"days":7,"spread":0.241379,"streak":4,"rank_m":19687,"pct_m":0.020931,"gas_method":"estimated"},"2024-03":{"txs":71,"uniq":13,"trade":0,"nft":2,"gas":0.000063,"bal":0.511877,"days":10,"spread":0.322581,"streak":2,"rank_m":39164,"pct_m":0.041639,"gas_method":"exact"},"2024-04":{"txs":24,"uniq":11,"trade":0,"nft":3,"gas":0.000077,"bal":0.46336,"days":7,"spread":0.233333,"streak":4,"rank_m":93692,"pct_m":0.099614,"gas_method":"exact"},"2024-05":{"txs":7,"uniq":4,"trade":0,"nft":0,"gas":0.000003,"bal":0.252642,"days":3,"spread":0.096774,"streak":1,"rank_m":248873,"pct_m":0.264605,"gas_method":"estimated"},"2024-06":{"txs":1,"uniq":0,"trade":0,"nft":1,"gas":0,"bal":0.018968,"days":1,"spread":0.033333,"streak":1,"rank_m":350353,"pct_m":0.372501,"gas_method":"estimated"},"2024-07":{"txs":3,"uniq":1,"trade":0,"nft":2,"gas":0,"bal":0.080398,"days":3,"spread":0.096774,"streak":1,"rank_m":233222,"pct_m":0.247965,"gas_method":"estimated"},"2024-08":{"txs":21,"uniq":9,"trade":0,"nft":4,"gas":0.000001,"bal":0.373984,"days":7,"spread":0.225806,"streak":5,"rank_m":63093,"pct_m":0.067081,"gas_method":"estimated"},"2024-09":{"txs":8,"uniq":6,"trade":0,"nft":5,"gas":0,"bal":0.571148,"days":5,"spread":0.166667,"streak":2,"rank_m":64819,"pct_m":0.068916,"gas_method":"estimated"},"2024-10":{"txs":21,"uniq":10,"trade":0,"nft":5,"gas":0.000001,"bal":1.034966,"days":8,"spread":0.258065,"streak":2,"rank_m":54565,"pct_m":0.058013,"gas_method":"estimated"},"2024-11":{"txs":185,"uniq":39,"trade":5,"nft":1,"gas":0.000412,"bal":1.082098,"days":17,"spread":0.566667,"streak":5,"rank_m":3439,"pct_m":0.003655,"gas_method":"exact"},"2024-12":{"txs":29,"uniq":20,"trade":0,"nft":0,"gas":0.000639,"bal":3.382954,"days":9,"spread":0.290323,"streak":2,"rank_m":85242,"pct_m":0.09063,"gas_method":"exact"},"2025-01":{"txs":69,"uniq":18,"trade":6,"nft":0,"gas":0.001715,"bal":2.991485,"days":12,"spread":0.387097,"streak":2,"rank_m":18436,"pct_m":0.0196,"gas_method":"exact"},"2025-02":{"txs":20,"uniq":8,"trade":0,"nft":0,"gas":0.000091,"bal":0.34164,"days":5,"spread":0.178571,"streak":3,"rank_m":79360,"pct_m":0.084376,"gas_method":"exact"},"2025-03":{"txs":1,"uniq":0,"trade":0,"nft":0,"gas":0.000005,"bal":0.078582,"days":1,"spread":0.032258,"streak":1,"rank_m":408968,"pct_m":0.434821,"gas_method":"estimated"},"2025-04":{"txs":0,"uniq":0,"trade":0,"nft":2,"gas":0,"bal":0.078582,"days":0,"spread":0,"streak":0,"rank_m":464143,"pct_m":0.493484},"2025-05":{"txs":6,"uniq":4,"trade":0,"nft":0,"gas":0.000042,"bal":0.147006,"days":1,"spread":0.032258,"streak":1,"rank_m":123214,"pct_m":0.131002,"gas_method":"estimated"},"2025-06":{"txs":1,"uniq":1,"trade":0,"nft":0,"gas":0.000007,"bal":0.146938,"days":1,"spread":0.033333,"streak":1,"rank_m":225686,"pct_m":0.239952,"gas_method":"estimated"},"2025-07":{"txs":10,"uniq":7,"trade":0,"nft":0,"gas":0.00007,"bal":0.146846,"days":4,"spread":0.129032,"streak":2,"rank_m":103263,"pct_m":0.10979,"gas_method":"estimated"},"2025-08":{"txs":11,"uniq":4,"trade":3,"nft":0,"gas":0.000077,"bal":0.169716,"days":6,"spread":0.193548,"streak":1,"rank_m":79312,"pct_m":0.084325,"gas_method":"estimated"},"2025-09":{"txs":1,"uniq":0,"trade":0,"nft":1,"gas":0.000007,"bal":0,"days":1,"spread":0.033333,"streak":1,"rank_m":614139,"pct_m":0.652962,"gas_method":"estimated"},"2025-10":{"txs":8,"uniq":2,"trade":0,"nft":0,"gas":0.000056,"bal":0.077853,"days":1,"spread":0.032258,"streak":1,"rank_m":95318,"pct_m":0.101343,"gas_method":"estimated"}}}